"TokenNumber","TokenPadded","NewWorkID","RepoName","ItemPageExists","ExpectedImagePath","OpenSeaImageURL","DownloadURLUsed","Status","Message","DownloadedBytes"
"0","0000","RE-001811","ron-english-light-cult-0001-1000","NO","D:\github\ron-english-light-cult-0001-1000\images\0001-0100\LCCC-0000.png","https://i2c.seadn.io/ethereum/0xbe85fbd182af91290be7293438ae67549638189f/0833c64e7021b3df79743557579d3214.png?w=350","https://i2c.seadn.io/ethereum/0xbe85fbd182af91290be7293438ae67549638189f/0833c64e7021b3df79743557579d3214.png","READY","Would download.",""
"9001","9001","RE-009746","ron-english-light-cult-9001-10000","YES","D:\github\ron-english-light-cult-9001-10000\images\9001-9100\LCCC-9001.png","https://i2c.seadn.io/ethereum/0xbe85fbd182af91290be7293438ae67549638189f/22f3afbded2d61e4b4380624bdf5e1c0.png?w=350","https://i2c.seadn.io/ethereum/0xbe85fbd182af91290be7293438ae67549638189f/22f3afbded2d61e4b4380624bdf5e1c0.png","READY","Would download.",""
"9002","9002","RE-009747","ron-english-light-cult-9001-10000","YES","D:\github\ron-english-light-cult-9001-10000\images\9001-9100\LCCC-9002.png","https://i2c.seadn.io/ethereum/0xbe85fbd182af91290be7293438ae67549638189f/31d744957d2d9bde59f8bb7ca058237e.png?w=350","https://i2c.seadn.io/ethereum/0xbe85fbd182af91290be7293438ae67549638189f/31d744957d2d9bde59f8bb7ca058237e.png","READY","Would download.",""
"9003","9003","RE-009748","ron-english-light-cult-9001-10000","YES","D:\github\ron-english-light-cult-9001-10000\images\9001-9100\LCCC-9003.png","https://i2c.seadn.io/ethereum/0xbe85fbd182af91290be7293438ae67549638189f/b3608a2dd80e9544c11db481269cb6c1.png?w=350","https://i2c.seadn.io/ethereum/0xbe85fbd182af91290be7293438ae67549638189f/b3608a2dd80e9544c11db481269cb6c1.png","READY","Would download.",""
"9004","9004","RE-009749","ron-english-light-cult-9001-10000","YES","D:\github\ron-english-light-cult-9001-10000\images\9001-9100\LCCC-9004.png","https://i2c.seadn.io/ethereum/0xbe85fbd182af91290be7293438ae67549638189f/d70b4c378c14d809c4a3810b94739a4f.png?w=350","https://i2c.seadn.io/ethereum/0xbe85fbd182af91290be7293438ae67549638189f/d70b4c378c14d809c4a3810b94739a4f.png","READY","Would download.",""
"9005","9005","RE-009750","ron-english-light-cult-9001-10000","YES","D:\github\ron-english-light-cult-9001-10000\images\9001-9100\LCCC-9005.png","https://i2c.seadn.io/ethereum/0xbe85fbd182af91290be7293438ae67549638189f/75ea2b93d9dddaf88c9eb0f4138f8834.png?w=350","https://i2c.seadn.io/ethereum/0xbe85fbd182af91290be7293438ae67549638189f/75ea2b93d9dddaf88c9eb0f4138f8834.png","READY","Would download.",""
"9007","9007","RE-009751","ron-english-light-cult-9001-10000","YES","D:\github\ron-english-light-cult-9001-10000\images\9001-9100\LCCC-9007.png","https://i2c.seadn.io/ethereum/0xbe85fbd182af91290be7293438ae67549638189f/03b18730b1482ce4e4f29d3e1b401b56.png?w=350","https://i2c.seadn.io/ethereum/0xbe85fbd182af91290be7293438ae67549638189f/03b18730b1482ce4e4f29d3e1b401b56.png","READY","Would download.",""
"9008","9008","RE-009752","ron-english-light-cult-9001-10000","YES","D:\github\ron-english-light-cult-9001-10000\images\9001-9100\LCCC-9008.png","https://i2c.seadn.io/ethereum/0xbe85fbd182af91290be7293438ae67549638189f/c32e62f409183e4c5711e4e9cce6f070.png?w=350","https://i2c.seadn.io/ethereum/0xbe85fbd182af91290be7293438ae67549638189f/c32e62f409183e4c5711e4e9cce6f070.png","READY","Would download.",""
"9009","9009","RE-009753","ron-english-light-cult-9001-10000","YES","D:\github\ron-english-light-cult-9001-10000\images\9001-9100\LCCC-9009.png","https://i2c.seadn.io/ethereum/0xbe85fbd182af91290be7293438ae67549638189f/6a6bddfe0fbbd0438b3bbc85ec756f8a.png?w=350","https://i2c.seadn.io/ethereum/0xbe85fbd182af91290be7293438ae67549638189f/6a6bddfe0fbbd0438b3bbc85ec756f8a.png","READY","Would download.",""
"9011","9011","RE-009754","ron-english-light-cult-9001-10000","YES","D:\github\ron-english-light-cult-9001-10000\images\9001-9100\LCCC-9011.png","https://i2c.seadn.io/ethereum/0xbe85fbd182af91290be7293438ae67549638189f/1c49e9e5f992a3ccc00f5f4508b05fff.png?w=350","https://i2c.seadn.io/ethereum/0xbe85fbd182af91290be7293438ae67549638189f/1c49e9e5f992a3ccc00f5f4508b05fff.png","READY","Would download.",""
"9012","9012","RE-009755","ron-english-light-cult-9001-10000","YES","D:\github\ron-english-light-cult-9001-10000\images\9001-9100\LCCC-9012.png","https://i2c.seadn.io/ethereum/0xbe85fbd182af91290be7293438ae67549638189f/2fe5b5ef650f49a0e27a3110aa23c8ee.png?w=350","https://i2c.seadn.io/ethereum/0xbe85fbd182af91290be7293438ae67549638189f/2fe5b5ef650f49a0e27a3110aa23c8ee.png","READY","Would download.",""
"9013","9013","RE-009756","ron-english-light-cult-9001-10000","YES","D:\github\ron-english-light-cult-9001-10000\images\9001-9100\LCCC-9013.png","https://i2c.seadn.io/ethereum/0xbe85fbd182af91290be7293438ae67549638189f/1cb1a03573a2fc9a6483e739276b0be7.png?w=350","https://i2c.seadn.io/ethereum/0xbe85fbd182af91290be7293438ae67549638189f/1cb1a03573a2fc9a6483e739276b0be7.png","READY","Would download.",""
"9014","9014","RE-009757","ron-english-light-cult-9001-10000","YES","D:\github\ron-english-light-cult-9001-10000\images\9001-9100\LCCC-9014.png","https://i2c.seadn.io/ethereum/0xbe85fbd182af91290be7293438ae67549638189f/72b6c3c78383f46678dafb67f9e5db3c.png?w=350","https://i2c.seadn.io/ethereum/0xbe85fbd182af91290be7293438ae67549638189f/72b6c3c78383f46678dafb67f9e5db3c.png","READY","Would download.",""
"9015","9015","RE-009758","ron-english-light-cult-9001-10000","YES","D:\github\ron-english-light-cult-9001-10000\images\9001-9100\LCCC-9015.png","https://i2c.seadn.io/ethereum/0xbe85fbd182af91290be7293438ae67549638189f/fdabb6d2ad7e71f3aca38e2713df6dae.png?w=350","https://i2c.seadn.io/ethereum/0xbe85fbd182af91290be7293438ae67549638189f/fdabb6d2ad7e71f3aca38e2713df6dae.png","READY","Would download.",""
"9016","9016","RE-009759","ron-english-light-cult-9001-10000","YES","D:\github\ron-english-light-cult-9001-10000\images\9001-9100\LCCC-9016.png","https://i2c.seadn.io/ethereum/0xbe85fbd182af91290be7293438ae67549638189f/dae1ea55ee9fad27984142a2672acc44.png?w=350","https://i2c.seadn.io/ethereum/0xbe85fbd182af91290be7293438ae67549638189f/dae1ea55ee9fad27984142a2672acc44.png","READY","Would download.",""
"9017","9017","RE-009760","ron-english-light-cult-9001-10000","YES","D:\github\ron-english-light-cult-9001-10000\images\9001-9100\LCCC-9017.png","https://i2c.seadn.io/ethereum/0xbe85fbd182af91290be7293438ae67549638189f/d2962a353db13fb35ad3c05cf8c9e45c.png?w=350","https://i2c.seadn.io/ethereum/0xbe85fbd182af91290be7293438ae67549638189f/d2962a353db13fb35ad3c05cf8c9e45c.png","READY","Would download.",""
"9018","9018","RE-009761","ron-english-light-cult-9001-10000","YES","D:\github\ron-english-light-cult-9001-10000\images\9001-9100\LCCC-9018.png","https://i2c.seadn.io/ethereum/0xbe85fbd182af91290be7293438ae67549638189f/370acb327793752e4cf741b802430852.png?w=350","https://i2c.seadn.io/ethereum/0xbe85fbd182af91290be7293438ae67549638189f/370acb327793752e4cf741b802430852.png","READY","Would download.",""
"9019","9019","RE-009762","ron-english-light-cult-9001-10000","YES","D:\github\ron-english-light-cult-9001-10000\images\9001-9100\LCCC-9019.png","https://i2c.seadn.io/ethereum/0xbe85fbd182af91290be7293438ae67549638189f/ffdf59677ac41f0e2067d025afd2d129.png?w=350","https://i2c.seadn.io/ethereum/0xbe85fbd182af91290be7293438ae67549638189f/ffdf59677ac41f0e2067d025afd2d129.png","READY","Would download.",""
"9020","9020","RE-009763","ron-english-light-cult-9001-10000","YES","D:\github\ron-english-light-cult-9001-10000\images\9001-9100\LCCC-9020.png","https://i2c.seadn.io/ethereum/0xbe85fbd182af91290be7293438ae67549638189f/4ef378cbdb15731628f146d7946b876d.png?w=350","https://i2c.seadn.io/ethereum/0xbe85fbd182af91290be7293438ae67549638189f/4ef378cbdb15731628f146d7946b876d.png","READY","Would download.",""
"9021","9021","RE-009764","ron-english-light-cult-9001-10000","YES","D:\github\ron-english-light-cult-9001-10000\images\9001-9100\LCCC-9021.png","https://i2c.seadn.io/ethereum/0xbe85fbd182af91290be7293438ae67549638189f/655476d22ddf0ae4e80b0194a7e5df8d.png?w=350","https://i2c.seadn.io/ethereum/0xbe85fbd182af91290be7293438ae67549638189f/655476d22ddf0ae4e80b0194a7e5df8d.png","READY","Would download.",""
"9022","9022","RE-009765","ron-english-light-cult-9001-10000","YES","D:\github\ron-english-light-cult-9001-10000\images\9001-9100\LCCC-9022.png","https://i2c.seadn.io/ethereum/0xbe85fbd182af91290be7293438ae67549638189f/7d432a8829c62617667f2864569b9de7.png?w=350","https://i2c.seadn.io/ethereum/0xbe85fbd182af91290be7293438ae67549638189f/7d432a8829c62617667f2864569b9de7.png","READY","Would download.",""
"9023","9023","RE-009766","ron-english-light-cult-9001-10000","YES","D:\github\ron-english-light-cult-9001-10000\images\9001-9100\LCCC-9023.png","https://i2c.seadn.io/ethereum/0xbe85fbd182af91290be7293438ae67549638189f/0636795ee538c9b303ac98c93a09be07.png?w=350","https://i2c.seadn.io/ethereum/0xbe85fbd182af91290be7293438ae67549638189f/0636795ee538c9b303ac98c93a09be07.png","READY","Would download.",""
"9024","9024","RE-009767","ron-english-light-cult-9001-10000","YES","D:\github\ron-english-light-cult-9001-10000\images\9001-9100\LCCC-9024.png","https://i2c.seadn.io/ethereum/0xbe85fbd182af91290be7293438ae67549638189f/4baaaad26a98f8e64a5be56490e1b0bf.png?w=350","https://i2c.seadn.io/ethereum/0xbe85fbd182af91290be7293438ae67549638189f/4baaaad26a98f8e64a5be56490e1b0bf.png","READY","Would download.",""
"9025","9025","RE-009768","ron-english-light-cult-9001-10000","YES","D:\github\ron-english-light-cult-9001-10000\images\9001-9100\LCCC-9025.png","https://i2c.seadn.io/ethereum/0xbe85fbd182af91290be7293438ae67549638189f/9b41224ca388540b1313fc94e28cd8ae.png?w=350","https://i2c.seadn.io/ethereum/0xbe85fbd182af91290be7293438ae67549638189f/9b41224ca388540b1313fc94e28cd8ae.png","READY","Would download.",""
"9026","9026","RE-009769","ron-english-light-cult-9001-10000","YES","D:\github\ron-english-light-cult-9001-10000\images\9001-9100\LCCC-9026.png","https://i2c.seadn.io/ethereum/0xbe85fbd182af91290be7293438ae67549638189f/5ce4f78149b903316c5b0a2f2d27a3af.png?w=350","https://i2c.seadn.io/ethereum/0xbe85fbd182af91290be7293438ae67549638189f/5ce4f78149b903316c5b0a2f2d27a3af.png","READY","Would download.",""
"9027","9027","RE-009770","ron-english-light-cult-9001-10000","YES","D:\github\ron-english-light-cult-9001-10000\images\9001-9100\LCCC-9027.png","https://i2c.seadn.io/ethereum/0xbe85fbd182af91290be7293438ae67549638189f/f1baeff796ad7218ac410bb45691fcd9.png?w=350","https://i2c.seadn.io/ethereum/0xbe85fbd182af91290be7293438ae67549638189f/f1baeff796ad7218ac410bb45691fcd9.png","READY","Would download.",""
"9028","9028","RE-009771","ron-english-light-cult-9001-10000","YES","D:\github\ron-english-light-cult-9001-10000\images\9001-9100\LCCC-9028.png","https://i2c.seadn.io/ethereum/0xbe85fbd182af91290be7293438ae67549638189f/6491daeffd1bf7bf40705ab5fe3b2aa4.png?w=350","https://i2c.seadn.io/ethereum/0xbe85fbd182af91290be7293438ae67549638189f/6491daeffd1bf7bf40705ab5fe3b2aa4.png","READY","Would download.",""
"9030","9030","RE-009772","ron-english-light-cult-9001-10000","YES","D:\github\ron-english-light-cult-9001-10000\images\9001-9100\LCCC-9030.png","https://i2c.seadn.io/ethereum/0xbe85fbd182af91290be7293438ae67549638189f/8a7935b879fc8eba45ab6493296ac647.png?w=350","https://i2c.seadn.io/ethereum/0xbe85fbd182af91290be7293438ae67549638189f/8a7935b879fc8eba45ab6493296ac647.png","READY","Would download.",""
"9031","9031","RE-009773","ron-english-light-cult-9001-10000","YES","D:\github\ron-english-light-cult-9001-10000\images\9001-9100\LCCC-9031.png","https://i2c.seadn.io/ethereum/0xbe85fbd182af91290be7293438ae67549638189f/960b5b05ce326571bf001c00227522db.png?w=350","https://i2c.seadn.io/ethereum/0xbe85fbd182af91290be7293438ae67549638189f/960b5b05ce326571bf001c00227522db.png","READY","Would download.",""
"9032","9032","RE-009774","ron-english-light-cult-9001-10000","YES","D:\github\ron-english-light-cult-9001-10000\images\9001-9100\LCCC-9032.png","https://i2c.seadn.io/ethereum/0xbe85fbd182af91290be7293438ae67549638189f/54ea2500998ae30ce3e475ddcfa37a17.png?w=350","https://i2c.seadn.io/ethereum/0xbe85fbd182af91290be7293438ae67549638189f/54ea2500998ae30ce3e475ddcfa37a17.png","READY","Would download.",""
"9033","9033","RE-009775","ron-english-light-cult-9001-10000","YES","D:\github\ron-english-light-cult-9001-10000\images\9001-9100\LCCC-9033.png","https://i2c.seadn.io/ethereum/0xbe85fbd182af91290be7293438ae67549638189f/25a24fe67dac209044e3bba20162fdf1.png?w=350","https://i2c.seadn.io/ethereum/0xbe85fbd182af91290be7293438ae67549638189f/25a24fe67dac209044e3bba20162fdf1.png","READY","Would download.",""
"9036","9036","RE-009776","ron-english-light-cult-9001-10000","YES","D:\github\ron-english-light-cult-9001-10000\images\9001-9100\LCCC-9036.png","https://i2c.seadn.io/ethereum/0xbe85fbd182af91290be7293438ae67549638189f/208e90714e0b7ceab852246354a21507.png?w=350","https://i2c.seadn.io/ethereum/0xbe85fbd182af91290be7293438ae67549638189f/208e90714e0b7ceab852246354a21507.png","READY","Would download.",""
"9037","9037","RE-009777","ron-english-light-cult-9001-10000","YES","D:\github\ron-english-light-cult-9001-10000\images\9001-9100\LCCC-9037.png","https://i2c.seadn.io/ethereum/0xbe85fbd182af91290be7293438ae67549638189f/dd9bea4457c3e0bddc8e9f47b9a17238.png?w=350","https://i2c.seadn.io/ethereum/0xbe85fbd182af91290be7293438ae67549638189f/dd9bea4457c3e0bddc8e9f47b9a17238.png","READY","Would download.",""
"9038","9038","RE-009778","ron-english-light-cult-9001-10000","YES","D:\github\ron-english-light-cult-9001-10000\images\9001-9100\LCCC-9038.png","https://i2c.seadn.io/ethereum/0xbe85fbd182af91290be7293438ae67549638189f/1ae5834688f38d9eb785771898b99ef8.png?w=350","https://i2c.seadn.io/ethereum/0xbe85fbd182af91290be7293438ae67549638189f/1ae5834688f38d9eb785771898b99ef8.png","READY","Would download.",""
"9039","9039","RE-009779","ron-english-light-cult-9001-10000","YES","D:\github\ron-english-light-cult-9001-10000\images\9001-9100\LCCC-9039.png","https://i2c.seadn.io/ethereum/0xbe85fbd182af91290be7293438ae67549638189f/a70d572b94a409da64cf798b17e4c25f.png?w=350","https://i2c.seadn.io/ethereum/0xbe85fbd182af91290be7293438ae67549638189f/a70d572b94a409da64cf798b17e4c25f.png","READY","Would download.",""
"9040","9040","RE-009780","ron-english-light-cult-9001-10000","YES","D:\github\ron-english-light-cult-9001-10000\images\9001-9100\LCCC-9040.png","https://i2c.seadn.io/ethereum/0xbe85fbd182af91290be7293438ae67549638189f/7eeb102764385baed02ccb892c479c3c.png?w=350","https://i2c.seadn.io/ethereum/0xbe85fbd182af91290be7293438ae67549638189f/7eeb102764385baed02ccb892c479c3c.png","READY","Would download.",""
"9041","9041","RE-009781","ron-english-light-cult-9001-10000","YES","D:\github\ron-english-light-cult-9001-10000\images\9001-9100\LCCC-9041.png","https://i2c.seadn.io/ethereum/0xbe85fbd182af91290be7293438ae67549638189f/138542275c212274d01f61092853defd.png?w=350","https://i2c.seadn.io/ethereum/0xbe85fbd182af91290be7293438ae67549638189f/138542275c212274d01f61092853defd.png","READY","Would download.",""
"9042","9042","RE-009782","ron-english-light-cult-9001-10000","YES","D:\github\ron-english-light-cult-9001-10000\images\9001-9100\LCCC-9042.png","https://i2c.seadn.io/ethereum/0xbe85fbd182af91290be7293438ae67549638189f/3d62f7b2559c315503d80068a236aa4e.png?w=350","https://i2c.seadn.io/ethereum/0xbe85fbd182af91290be7293438ae67549638189f/3d62f7b2559c315503d80068a236aa4e.png","READY","Would download.",""
"9043","9043","RE-009783","ron-english-light-cult-9001-10000","YES","D:\github\ron-english-light-cult-9001-10000\images\9001-9100\LCCC-9043.png","https://i2c.seadn.io/ethereum/0xbe85fbd182af91290be7293438ae67549638189f/374f344e73d976b2ac871457bb57e7b7.png?w=350","https://i2c.seadn.io/ethereum/0xbe85fbd182af91290be7293438ae67549638189f/374f344e73d976b2ac871457bb57e7b7.png","READY","Would download.",""
"9045","9045","RE-009784","ron-english-light-cult-9001-10000","YES","D:\github\ron-english-light-cult-9001-10000\images\9001-9100\LCCC-9045.png","https://i2c.seadn.io/ethereum/0xbe85fbd182af91290be7293438ae67549638189f/da3db731973cf74e23b07900c47b518e.png?w=350","https://i2c.seadn.io/ethereum/0xbe85fbd182af91290be7293438ae67549638189f/da3db731973cf74e23b07900c47b518e.png","READY","Would download.",""
"9046","9046","RE-009785","ron-english-light-cult-9001-10000","YES","D:\github\ron-english-light-cult-9001-10000\images\9001-9100\LCCC-9046.png","https://i2c.seadn.io/ethereum/0xbe85fbd182af91290be7293438ae67549638189f/7d567b448601c36ee7b56a73396ae840.png?w=350","https://i2c.seadn.io/ethereum/0xbe85fbd182af91290be7293438ae67549638189f/7d567b448601c36ee7b56a73396ae840.png","READY","Would download.",""
"9047","9047","RE-009786","ron-english-light-cult-9001-10000","YES","D:\github\ron-english-light-cult-9001-10000\images\9001-9100\LCCC-9047.png","https://i2c.seadn.io/ethereum/0xbe85fbd182af91290be7293438ae67549638189f/75d80e9628c052959bda4e9e307cb81a.png?w=350","https://i2c.seadn.io/ethereum/0xbe85fbd182af91290be7293438ae67549638189f/75d80e9628c052959bda4e9e307cb81a.png","READY","Would download.",""
"9048","9048","RE-009787","ron-english-light-cult-9001-10000","YES","D:\github\ron-english-light-cult-9001-10000\images\9001-9100\LCCC-9048.png","https://i2c.seadn.io/ethereum/0xbe85fbd182af91290be7293438ae67549638189f/1ff4bbe8e0a461810bd39a236f9afe9a.png?w=350","https://i2c.seadn.io/ethereum/0xbe85fbd182af91290be7293438ae67549638189f/1ff4bbe8e0a461810bd39a236f9afe9a.png","READY","Would download.",""
"9049","9049","RE-009788","ron-english-light-cult-9001-10000","YES","D:\github\ron-english-light-cult-9001-10000\images\9001-9100\LCCC-9049.png","https://i2c.seadn.io/ethereum/0xbe85fbd182af91290be7293438ae67549638189f/33200aced8253f7991f850c7a1a08db8.png?w=350","https://i2c.seadn.io/ethereum/0xbe85fbd182af91290be7293438ae67549638189f/33200aced8253f7991f850c7a1a08db8.png","READY","Would download.",""
"9050","9050","RE-009789","ron-english-light-cult-9001-10000","YES","D:\github\ron-english-light-cult-9001-10000\images\9001-9100\LCCC-9050.png","https://i2c.seadn.io/ethereum/0xbe85fbd182af91290be7293438ae67549638189f/731540cd660951716054f750d2cc844a.png?w=350","https://i2c.seadn.io/ethereum/0xbe85fbd182af91290be7293438ae67549638189f/731540cd660951716054f750d2cc844a.png","READY","Would download.",""
"9051","9051","RE-009790","ron-english-light-cult-9001-10000","YES","D:\github\ron-english-light-cult-9001-10000\images\9001-9100\LCCC-9051.png","https://i2c.seadn.io/ethereum/0xbe85fbd182af91290be7293438ae67549638189f/bb5cb15280af395753960374644e7aa5.png?w=350","https://i2c.seadn.io/ethereum/0xbe85fbd182af91290be7293438ae67549638189f/bb5cb15280af395753960374644e7aa5.png","READY","Would download.",""
"9053","9053","RE-009791","ron-english-light-cult-9001-10000","YES","D:\github\ron-english-light-cult-9001-10000\images\9001-9100\LCCC-9053.png","https://i2c.seadn.io/ethereum/0xbe85fbd182af91290be7293438ae67549638189f/e2ab35f78bff880ffa12bf9a8025cd86.png?w=350","https://i2c.seadn.io/ethereum/0xbe85fbd182af91290be7293438ae67549638189f/e2ab35f78bff880ffa12bf9a8025cd86.png","READY","Would download.",""
"9054","9054","RE-009792","ron-english-light-cult-9001-10000","YES","D:\github\ron-english-light-cult-9001-10000\images\9001-9100\LCCC-9054.png","https://i2c.seadn.io/ethereum/0xbe85fbd182af91290be7293438ae67549638189f/de2cbc00210faa8fbb8d8a9e1592d8b9.png?w=350","https://i2c.seadn.io/ethereum/0xbe85fbd182af91290be7293438ae67549638189f/de2cbc00210faa8fbb8d8a9e1592d8b9.png","READY","Would download.",""
"9055","9055","RE-009793","ron-english-light-cult-9001-10000","YES","D:\github\ron-english-light-cult-9001-10000\images\9001-9100\LCCC-9055.png","https://i2c.seadn.io/ethereum/0xbe85fbd182af91290be7293438ae67549638189f/4c10ce4e7ea0c462c823eb0c9218bc68.png?w=350","https://i2c.seadn.io/ethereum/0xbe85fbd182af91290be7293438ae67549638189f/4c10ce4e7ea0c462c823eb0c9218bc68.png","READY","Would download.",""
"9056","9056","RE-009794","ron-english-light-cult-9001-10000","YES","D:\github\ron-english-light-cult-9001-10000\images\9001-9100\LCCC-9056.png","https://i2c.seadn.io/ethereum/0xbe85fbd182af91290be7293438ae67549638189f/a35de59de23adddc51f17dc00c55dcde.png?w=350","https://i2c.seadn.io/ethereum/0xbe85fbd182af91290be7293438ae67549638189f/a35de59de23adddc51f17dc00c55dcde.png","READY","Would download.",""
"9057","9057","RE-009795","ron-english-light-cult-9001-10000","YES","D:\github\ron-english-light-cult-9001-10000\images\9001-9100\LCCC-9057.png","https://i2c.seadn.io/ethereum/0xbe85fbd182af91290be7293438ae67549638189f/c334f235259e82eaf552289eac2ed085.png?w=350","https://i2c.seadn.io/ethereum/0xbe85fbd182af91290be7293438ae67549638189f/c334f235259e82eaf552289eac2ed085.png","READY","Would download.",""
"9058","9058","RE-009796","ron-english-light-cult-9001-10000","YES","D:\github\ron-english-light-cult-9001-10000\images\9001-9100\LCCC-9058.png","https://i2c.seadn.io/ethereum/0xbe85fbd182af91290be7293438ae67549638189f/66d38b884e5bee77651db23b0ec4ae59.png?w=350","https://i2c.seadn.io/ethereum/0xbe85fbd182af91290be7293438ae67549638189f/66d38b884e5bee77651db23b0ec4ae59.png","READY","Would download.",""
"9059","9059","RE-009797","ron-english-light-cult-9001-10000","YES","D:\github\ron-english-light-cult-9001-10000\images\9001-9100\LCCC-9059.png","https://i2c.seadn.io/ethereum/0xbe85fbd182af91290be7293438ae67549638189f/93cfae5fd9490c3f11edd8452c2d1ecc.png?w=350","https://i2c.seadn.io/ethereum/0xbe85fbd182af91290be7293438ae67549638189f/93cfae5fd9490c3f11edd8452c2d1ecc.png","READY","Would download.",""
"9061","9061","RE-009798","ron-english-light-cult-9001-10000","YES","D:\github\ron-english-light-cult-9001-10000\images\9001-9100\LCCC-9061.png","https://i2c.seadn.io/ethereum/0xbe85fbd182af91290be7293438ae67549638189f/6a4333bbf52af8cea7869e4e09adf3a9.png?w=350","https://i2c.seadn.io/ethereum/0xbe85fbd182af91290be7293438ae67549638189f/6a4333bbf52af8cea7869e4e09adf3a9.png","READY","Would download.",""
"9062","9062","RE-009799","ron-english-light-cult-9001-10000","YES","D:\github\ron-english-light-cult-9001-10000\images\9001-9100\LCCC-9062.png","https://i2c.seadn.io/ethereum/0xbe85fbd182af91290be7293438ae67549638189f/07b9e3f098fcdf3180e7cdecd564b98f.png?w=350","https://i2c.seadn.io/ethereum/0xbe85fbd182af91290be7293438ae67549638189f/07b9e3f098fcdf3180e7cdecd564b98f.png","READY","Would download.",""
"9063","9063","RE-009800","ron-english-light-cult-9001-10000","YES","D:\github\ron-english-light-cult-9001-10000\images\9001-9100\LCCC-9063.png","https://i2c.seadn.io/ethereum/0xbe85fbd182af91290be7293438ae67549638189f/b69351d0e85301dfdeab8e0fd33b8a27.png?w=350","https://i2c.seadn.io/ethereum/0xbe85fbd182af91290be7293438ae67549638189f/b69351d0e85301dfdeab8e0fd33b8a27.png","READY","Would download.",""
"9065","9065","RE-009801","ron-english-light-cult-9001-10000","YES","D:\github\ron-english-light-cult-9001-10000\images\9001-9100\LCCC-9065.png","https://i2c.seadn.io/ethereum/0xbe85fbd182af91290be7293438ae67549638189f/8b617f0560094be120bcd0efbdf264b0.png?w=350","https://i2c.seadn.io/ethereum/0xbe85fbd182af91290be7293438ae67549638189f/8b617f0560094be120bcd0efbdf264b0.png","READY","Would download.",""
"9066","9066","RE-009802","ron-english-light-cult-9001-10000","YES","D:\github\ron-english-light-cult-9001-10000\images\9001-9100\LCCC-9066.png","https://i2c.seadn.io/ethereum/0xbe85fbd182af91290be7293438ae67549638189f/a04baed6f9879d95cb820b8eff3fd798.png?w=350","https://i2c.seadn.io/ethereum/0xbe85fbd182af91290be7293438ae67549638189f/a04baed6f9879d95cb820b8eff3fd798.png","READY","Would download.",""
"9067","9067","RE-009803","ron-english-light-cult-9001-10000","YES","D:\github\ron-english-light-cult-9001-10000\images\9001-9100\LCCC-9067.png","https://i2c.seadn.io/ethereum/0xbe85fbd182af91290be7293438ae67549638189f/4cb617c8f61a56cf635ab50f5228412c.png?w=350","https://i2c.seadn.io/ethereum/0xbe85fbd182af91290be7293438ae67549638189f/4cb617c8f61a56cf635ab50f5228412c.png","READY","Would download.",""
"9068","9068","RE-009804","ron-english-light-cult-9001-10000","YES","D:\github\ron-english-light-cult-9001-10000\images\9001-9100\LCCC-9068.png","https://i2c.seadn.io/ethereum/0xbe85fbd182af91290be7293438ae67549638189f/014494bf3aa2f8cb7370ca1cb72e90ff.png?w=350","https://i2c.seadn.io/ethereum/0xbe85fbd182af91290be7293438ae67549638189f/014494bf3aa2f8cb7370ca1cb72e90ff.png","READY","Would download.",""
"9069","9069","RE-009805","ron-english-light-cult-9001-10000","YES","D:\github\ron-english-light-cult-9001-10000\images\9001-9100\LCCC-9069.png","https://i2c.seadn.io/ethereum/0xbe85fbd182af91290be7293438ae67549638189f/edecf586a6e0d23d03fab2f470a28f50.png?w=350","https://i2c.seadn.io/ethereum/0xbe85fbd182af91290be7293438ae67549638189f/edecf586a6e0d23d03fab2f470a28f50.png","READY","Would download.",""
"9070","9070","RE-009806","ron-english-light-cult-9001-10000","YES","D:\github\ron-english-light-cult-9001-10000\images\9001-9100\LCCC-9070.png","https://i2c.seadn.io/ethereum/0xbe85fbd182af91290be7293438ae67549638189f/7a735e6bf1d2539b7c295411cdb5914c.png?w=350","https://i2c.seadn.io/ethereum/0xbe85fbd182af91290be7293438ae67549638189f/7a735e6bf1d2539b7c295411cdb5914c.png","READY","Would download.",""
"9071","9071","RE-009807","ron-english-light-cult-9001-10000","YES","D:\github\ron-english-light-cult-9001-10000\images\9001-9100\LCCC-9071.png","https://i2c.seadn.io/ethereum/0xbe85fbd182af91290be7293438ae67549638189f/17d2b6f557217b1ea3e9deb58075d83d.png?w=350","https://i2c.seadn.io/ethereum/0xbe85fbd182af91290be7293438ae67549638189f/17d2b6f557217b1ea3e9deb58075d83d.png","READY","Would download.",""
"9072","9072","RE-009808","ron-english-light-cult-9001-10000","YES","D:\github\ron-english-light-cult-9001-10000\images\9001-9100\LCCC-9072.png","https://i2c.seadn.io/ethereum/0xbe85fbd182af91290be7293438ae67549638189f/2c7b4bf2f42bc1b53b415ce9a8ed7bee.png?w=350","https://i2c.seadn.io/ethereum/0xbe85fbd182af91290be7293438ae67549638189f/2c7b4bf2f42bc1b53b415ce9a8ed7bee.png","READY","Would download.",""
"9074","9074","RE-009809","ron-english-light-cult-9001-10000","YES","D:\github\ron-english-light-cult-9001-10000\images\9001-9100\LCCC-9074.png","https://i2c.seadn.io/ethereum/0xbe85fbd182af91290be7293438ae67549638189f/0f6e4dc781edcfac999985e33240643f.png?w=350","https://i2c.seadn.io/ethereum/0xbe85fbd182af91290be7293438ae67549638189f/0f6e4dc781edcfac999985e33240643f.png","READY","Would download.",""
"9075","9075","RE-009810","ron-english-light-cult-9001-10000","YES","D:\github\ron-english-light-cult-9001-10000\images\9001-9100\LCCC-9075.png","https://i2c.seadn.io/ethereum/0xbe85fbd182af91290be7293438ae67549638189f/3ec3dc3ee87552a0abecbb3d6e76d9ed.png?w=350","https://i2c.seadn.io/ethereum/0xbe85fbd182af91290be7293438ae67549638189f/3ec3dc3ee87552a0abecbb3d6e76d9ed.png","READY","Would download.",""
"9076","9076","RE-009811","ron-english-light-cult-9001-10000","YES","D:\github\ron-english-light-cult-9001-10000\images\9001-9100\LCCC-9076.png","https://i2c.seadn.io/ethereum/0xbe85fbd182af91290be7293438ae67549638189f/aefb46332d5e576e96d5a53eb167b1a1.png?w=350","https://i2c.seadn.io/ethereum/0xbe85fbd182af91290be7293438ae67549638189f/aefb46332d5e576e96d5a53eb167b1a1.png","READY","Would download.",""
"9077","9077","RE-009812","ron-english-light-cult-9001-10000","YES","D:\github\ron-english-light-cult-9001-10000\images\9001-9100\LCCC-9077.png","https://i2c.seadn.io/ethereum/0xbe85fbd182af91290be7293438ae67549638189f/e7fa7ce8de8c35b80b5b12d52b139eab.png?w=350","https://i2c.seadn.io/ethereum/0xbe85fbd182af91290be7293438ae67549638189f/e7fa7ce8de8c35b80b5b12d52b139eab.png","READY","Would download.",""
"9078","9078","RE-009813","ron-english-light-cult-9001-10000","YES","D:\github\ron-english-light-cult-9001-10000\images\9001-9100\LCCC-9078.png","https://i2c.seadn.io/ethereum/0xbe85fbd182af91290be7293438ae67549638189f/8cdee7100bb1969007d6dec11be18275.png?w=350","https://i2c.seadn.io/ethereum/0xbe85fbd182af91290be7293438ae67549638189f/8cdee7100bb1969007d6dec11be18275.png","READY","Would download.",""
"9079","9079","RE-009814","ron-english-light-cult-9001-10000","YES","D:\github\ron-english-light-cult-9001-10000\images\9001-9100\LCCC-9079.png","https://i2c.seadn.io/ethereum/0xbe85fbd182af91290be7293438ae67549638189f/7556b7b87dd9831308cc0b860bac026a.png?w=350","https://i2c.seadn.io/ethereum/0xbe85fbd182af91290be7293438ae67549638189f/7556b7b87dd9831308cc0b860bac026a.png","READY","Would download.",""
"9080","9080","RE-009815","ron-english-light-cult-9001-10000","YES","D:\github\ron-english-light-cult-9001-10000\images\9001-9100\LCCC-9080.png","https://i2c.seadn.io/ethereum/0xbe85fbd182af91290be7293438ae67549638189f/5fc788c324f88e2a56fbcbb4c6a1bc9c.png?w=350","https://i2c.seadn.io/ethereum/0xbe85fbd182af91290be7293438ae67549638189f/5fc788c324f88e2a56fbcbb4c6a1bc9c.png","READY","Would download.",""
"9081","9081","RE-009816","ron-english-light-cult-9001-10000","YES","D:\github\ron-english-light-cult-9001-10000\images\9001-9100\LCCC-9081.png","https://i2c.seadn.io/ethereum/0xbe85fbd182af91290be7293438ae67549638189f/e248f5501cfa2c9dcf66666f962af3c9.png?w=350","https://i2c.seadn.io/ethereum/0xbe85fbd182af91290be7293438ae67549638189f/e248f5501cfa2c9dcf66666f962af3c9.png","READY","Would download.",""
"9082","9082","RE-009817","ron-english-light-cult-9001-10000","YES","D:\github\ron-english-light-cult-9001-10000\images\9001-9100\LCCC-9082.png","https://i2c.seadn.io/ethereum/0xbe85fbd182af91290be7293438ae67549638189f/244f508834db4b68311706f00f94d2c9.png?w=350","https://i2c.seadn.io/ethereum/0xbe85fbd182af91290be7293438ae67549638189f/244f508834db4b68311706f00f94d2c9.png","READY","Would download.",""
"9083","9083","RE-009818","ron-english-light-cult-9001-10000","YES","D:\github\ron-english-light-cult-9001-10000\images\9001-9100\LCCC-9083.png","https://i2c.seadn.io/ethereum/0xbe85fbd182af91290be7293438ae67549638189f/d29925ade73d2b43e9cbe38cc793e76d.png?w=350","https://i2c.seadn.io/ethereum/0xbe85fbd182af91290be7293438ae67549638189f/d29925ade73d2b43e9cbe38cc793e76d.png","READY","Would download.",""
"9084","9084","RE-009819","ron-english-light-cult-9001-10000","YES","D:\github\ron-english-light-cult-9001-10000\images\9001-9100\LCCC-9084.png","https://i2c.seadn.io/ethereum/0xbe85fbd182af91290be7293438ae67549638189f/c8d068551638d2b69cef2108349dfb61.png?w=350","https://i2c.seadn.io/ethereum/0xbe85fbd182af91290be7293438ae67549638189f/c8d068551638d2b69cef2108349dfb61.png","READY","Would download.",""
"9085","9085","RE-009820","ron-english-light-cult-9001-10000","YES","D:\github\ron-english-light-cult-9001-10000\images\9001-9100\LCCC-9085.png","https://i2c.seadn.io/ethereum/0xbe85fbd182af91290be7293438ae67549638189f/c06a2b812a129277b0915f1bb2ef66d5.png?w=350","https://i2c.seadn.io/ethereum/0xbe85fbd182af91290be7293438ae67549638189f/c06a2b812a129277b0915f1bb2ef66d5.png","READY","Would download.",""
"9086","9086","RE-009821","ron-english-light-cult-9001-10000","YES","D:\github\ron-english-light-cult-9001-10000\images\9001-9100\LCCC-9086.png","https://i2c.seadn.io/ethereum/0xbe85fbd182af91290be7293438ae67549638189f/bfb2d623d8ddf6600f71c80119b0abcc.png?w=350","https://i2c.seadn.io/ethereum/0xbe85fbd182af91290be7293438ae67549638189f/bfb2d623d8ddf6600f71c80119b0abcc.png","READY","Would download.",""
"9087","9087","RE-009822","ron-english-light-cult-9001-10000","YES","D:\github\ron-english-light-cult-9001-10000\images\9001-9100\LCCC-9087.png","https://i2c.seadn.io/ethereum/0xbe85fbd182af91290be7293438ae67549638189f/74219552807b63c0d3d19279d0b4e7f3.png?w=350","https://i2c.seadn.io/ethereum/0xbe85fbd182af91290be7293438ae67549638189f/74219552807b63c0d3d19279d0b4e7f3.png","READY","Would download.",""
"9088","9088","RE-009823","ron-english-light-cult-9001-10000","YES","D:\github\ron-english-light-cult-9001-10000\images\9001-9100\LCCC-9088.png","https://i2c.seadn.io/ethereum/0xbe85fbd182af91290be7293438ae67549638189f/6f75ba0ec7c90ac59c90f18745d0389d.png?w=350","https://i2c.seadn.io/ethereum/0xbe85fbd182af91290be7293438ae67549638189f/6f75ba0ec7c90ac59c90f18745d0389d.png","READY","Would download.",""
"9090","9090","RE-009824","ron-english-light-cult-9001-10000","YES","D:\github\ron-english-light-cult-9001-10000\images\9001-9100\LCCC-9090.png","https://i2c.seadn.io/ethereum/0xbe85fbd182af91290be7293438ae67549638189f/5133393ced64cfe060b6905f8ceb5bea.png?w=350","https://i2c.seadn.io/ethereum/0xbe85fbd182af91290be7293438ae67549638189f/5133393ced64cfe060b6905f8ceb5bea.png","READY","Would download.",""
"9091","9091","RE-009825","ron-english-light-cult-9001-10000","YES","D:\github\ron-english-light-cult-9001-10000\images\9001-9100\LCCC-9091.png","https://i2c.seadn.io/ethereum/0xbe85fbd182af91290be7293438ae67549638189f/505b5ce4e7f6644a7101705f44dfe29d.png?w=350","https://i2c.seadn.io/ethereum/0xbe85fbd182af91290be7293438ae67549638189f/505b5ce4e7f6644a7101705f44dfe29d.png","READY","Would download.",""
"9093","9093","RE-009826","ron-english-light-cult-9001-10000","YES","D:\github\ron-english-light-cult-9001-10000\images\9001-9100\LCCC-9093.png","https://i2c.seadn.io/ethereum/0xbe85fbd182af91290be7293438ae67549638189f/5d6914ecfaa66aaa348cf18831ae3d62.png?w=350","https://i2c.seadn.io/ethereum/0xbe85fbd182af91290be7293438ae67549638189f/5d6914ecfaa66aaa348cf18831ae3d62.png","READY","Would download.",""
"9094","9094","RE-009827","ron-english-light-cult-9001-10000","YES","D:\github\ron-english-light-cult-9001-10000\images\9001-9100\LCCC-9094.png","https://i2c.seadn.io/ethereum/0xbe85fbd182af91290be7293438ae67549638189f/8956065db9362bb782af6a6eba780a3e.png?w=350","https://i2c.seadn.io/ethereum/0xbe85fbd182af91290be7293438ae67549638189f/8956065db9362bb782af6a6eba780a3e.png","READY","Would download.",""
"9095","9095","RE-009828","ron-english-light-cult-9001-10000","YES","D:\github\ron-english-light-cult-9001-10000\images\9001-9100\LCCC-9095.png","https://i2c.seadn.io/ethereum/0xbe85fbd182af91290be7293438ae67549638189f/eb97818709731e17325b0096918b381e.png?w=350","https://i2c.seadn.io/ethereum/0xbe85fbd182af91290be7293438ae67549638189f/eb97818709731e17325b0096918b381e.png","READY","Would download.",""
"9096","9096","RE-009829","ron-english-light-cult-9001-10000","YES","D:\github\ron-english-light-cult-9001-10000\images\9001-9100\LCCC-9096.png","https://i2c.seadn.io/ethereum/0xbe85fbd182af91290be7293438ae67549638189f/960f7c5206eef1ec5e1aeaea5b5b5d5a.png?w=350","https://i2c.seadn.io/ethereum/0xbe85fbd182af91290be7293438ae67549638189f/960f7c5206eef1ec5e1aeaea5b5b5d5a.png","READY","Would download.",""
"9098","9098","RE-009830","ron-english-light-cult-9001-10000","YES","D:\github\ron-english-light-cult-9001-10000\images\9001-9100\LCCC-9098.png","https://i2c.seadn.io/ethereum/0xbe85fbd182af91290be7293438ae67549638189f/6d0b11db3950e278d7acb491b2494cd4.png?w=350","https://i2c.seadn.io/ethereum/0xbe85fbd182af91290be7293438ae67549638189f/6d0b11db3950e278d7acb491b2494cd4.png","READY","Would download.",""
"9100","9100","RE-009831","ron-english-light-cult-9001-10000","YES","D:\github\ron-english-light-cult-9001-10000\images\9001-9100\LCCC-9100.png","https://i2c.seadn.io/ethereum/0xbe85fbd182af91290be7293438ae67549638189f/f35c7fc1f53e417d4e88da99388c2971.png?w=350","https://i2c.seadn.io/ethereum/0xbe85fbd182af91290be7293438ae67549638189f/f35c7fc1f53e417d4e88da99388c2971.png","READY","Would download.",""
"9102","9102","RE-009832","ron-english-light-cult-9001-10000","YES","D:\github\ron-english-light-cult-9001-10000\images\9101-9200\LCCC-9102.png","https://i2c.seadn.io/ethereum/0xbe85fbd182af91290be7293438ae67549638189f/afec5acbe43f708c1ae8117018e1957a.png?w=350","https://i2c.seadn.io/ethereum/0xbe85fbd182af91290be7293438ae67549638189f/afec5acbe43f708c1ae8117018e1957a.png","READY","Would download.",""
"9103","9103","RE-009833","ron-english-light-cult-9001-10000","YES","D:\github\ron-english-light-cult-9001-10000\images\9101-9200\LCCC-9103.png","https://i2c.seadn.io/ethereum/0xbe85fbd182af91290be7293438ae67549638189f/5ae9a5575d8b1c568f2c67f384d6476a.png?w=350","https://i2c.seadn.io/ethereum/0xbe85fbd182af91290be7293438ae67549638189f/5ae9a5575d8b1c568f2c67f384d6476a.png","READY","Would download.",""
"9104","9104","RE-009834","ron-english-light-cult-9001-10000","YES","D:\github\ron-english-light-cult-9001-10000\images\9101-9200\LCCC-9104.png","https://i2c.seadn.io/ethereum/0xbe85fbd182af91290be7293438ae67549638189f/6dcd652794975d1ebffde10aef5d6835.png?w=350","https://i2c.seadn.io/ethereum/0xbe85fbd182af91290be7293438ae67549638189f/6dcd652794975d1ebffde10aef5d6835.png","READY","Would download.",""
"9105","9105","RE-009835","ron-english-light-cult-9001-10000","YES","D:\github\ron-english-light-cult-9001-10000\images\9101-9200\LCCC-9105.png","https://i2c.seadn.io/ethereum/0xbe85fbd182af91290be7293438ae67549638189f/dad2bbca742444c30f5219385bca25a5.png?w=350","https://i2c.seadn.io/ethereum/0xbe85fbd182af91290be7293438ae67549638189f/dad2bbca742444c30f5219385bca25a5.png","READY","Would download.",""
"9106","9106","RE-009836","ron-english-light-cult-9001-10000","YES","D:\github\ron-english-light-cult-9001-10000\images\9101-9200\LCCC-9106.png","https://i2c.seadn.io/ethereum/0xbe85fbd182af91290be7293438ae67549638189f/aab392a46a1f00055f8cf69740c6aaf8.png?w=350","https://i2c.seadn.io/ethereum/0xbe85fbd182af91290be7293438ae67549638189f/aab392a46a1f00055f8cf69740c6aaf8.png","READY","Would download.",""
"9107","9107","RE-009837","ron-english-light-cult-9001-10000","YES","D:\github\ron-english-light-cult-9001-10000\images\9101-9200\LCCC-9107.png","https://i2c.seadn.io/ethereum/0xbe85fbd182af91290be7293438ae67549638189f/f5e523b00d4f13477e3b42908b9d7e4c.png?w=350","https://i2c.seadn.io/ethereum/0xbe85fbd182af91290be7293438ae67549638189f/f5e523b00d4f13477e3b42908b9d7e4c.png","READY","Would download.",""
"9108","9108","RE-009838","ron-english-light-cult-9001-10000","YES","D:\github\ron-english-light-cult-9001-10000\images\9101-9200\LCCC-9108.png","https://i2c.seadn.io/ethereum/0xbe85fbd182af91290be7293438ae67549638189f/00ec5ffbd49efb2d709e5e34752cb9c8.png?w=350","https://i2c.seadn.io/ethereum/0xbe85fbd182af91290be7293438ae67549638189f/00ec5ffbd49efb2d709e5e34752cb9c8.png","READY","Would download.",""
"9109","9109","RE-009839","ron-english-light-cult-9001-10000","YES","D:\github\ron-english-light-cult-9001-10000\images\9101-9200\LCCC-9109.png","https://i2c.seadn.io/ethereum/0xbe85fbd182af91290be7293438ae67549638189f/02ab5b0580db752b8efe7a2d93dee109.png?w=350","https://i2c.seadn.io/ethereum/0xbe85fbd182af91290be7293438ae67549638189f/02ab5b0580db752b8efe7a2d93dee109.png","READY","Would download.",""
"9110","9110","RE-009840","ron-english-light-cult-9001-10000","YES","D:\github\ron-english-light-cult-9001-10000\images\9101-9200\LCCC-9110.png","https://i2c.seadn.io/ethereum/0xbe85fbd182af91290be7293438ae67549638189f/083d15ea0121fe6f9d1bbcc453cf3e7d.png?w=350","https://i2c.seadn.io/ethereum/0xbe85fbd182af91290be7293438ae67549638189f/083d15ea0121fe6f9d1bbcc453cf3e7d.png","READY","Would download.",""
"9111","9111","RE-009841","ron-english-light-cult-9001-10000","YES","D:\github\ron-english-light-cult-9001-10000\images\9101-9200\LCCC-9111.png","https://i2c.seadn.io/ethereum/0xbe85fbd182af91290be7293438ae67549638189f/261db9236ac7de9ce645e1c110d96f7c.png?w=350","https://i2c.seadn.io/ethereum/0xbe85fbd182af91290be7293438ae67549638189f/261db9236ac7de9ce645e1c110d96f7c.png","READY","Would download.",""
"9112","9112","RE-009842","ron-english-light-cult-9001-10000","YES","D:\github\ron-english-light-cult-9001-10000\images\9101-9200\LCCC-9112.png","https://i2c.seadn.io/ethereum/0xbe85fbd182af91290be7293438ae67549638189f/75c0e86016aab5b7fb4118ff533149df.png?w=350","https://i2c.seadn.io/ethereum/0xbe85fbd182af91290be7293438ae67549638189f/75c0e86016aab5b7fb4118ff533149df.png","READY","Would download.",""
"9113","9113","RE-009843","ron-english-light-cult-9001-10000","YES","D:\github\ron-english-light-cult-9001-10000\images\9101-9200\LCCC-9113.png","https://i2c.seadn.io/ethereum/0xbe85fbd182af91290be7293438ae67549638189f/d2b60b3adcbadef7ee02a614103f87eb.png?w=350","https://i2c.seadn.io/ethereum/0xbe85fbd182af91290be7293438ae67549638189f/d2b60b3adcbadef7ee02a614103f87eb.png","READY","Would download.",""
"9114","9114","RE-009844","ron-english-light-cult-9001-10000","YES","D:\github\ron-english-light-cult-9001-10000\images\9101-9200\LCCC-9114.png","https://i2c.seadn.io/ethereum/0xbe85fbd182af91290be7293438ae67549638189f/e38df559d2ed78e68053bcb7cb06fd9c.png?w=350","https://i2c.seadn.io/ethereum/0xbe85fbd182af91290be7293438ae67549638189f/e38df559d2ed78e68053bcb7cb06fd9c.png","READY","Would download.",""
"9115","9115","RE-009845","ron-english-light-cult-9001-10000","YES","D:\github\ron-english-light-cult-9001-10000\images\9101-9200\LCCC-9115.png","https://i2c.seadn.io/ethereum/0xbe85fbd182af91290be7293438ae67549638189f/ff113961a4bf350d2a9f7ba8fc47f737.png?w=350","https://i2c.seadn.io/ethereum/0xbe85fbd182af91290be7293438ae67549638189f/ff113961a4bf350d2a9f7ba8fc47f737.png","READY","Would download.",""
"9116","9116","RE-009846","ron-english-light-cult-9001-10000","YES","D:\github\ron-english-light-cult-9001-10000\images\9101-9200\LCCC-9116.png","https://i2c.seadn.io/ethereum/0xbe85fbd182af91290be7293438ae67549638189f/1da70bf6963681ef22af05fc0a9ab45d.png?w=350","https://i2c.seadn.io/ethereum/0xbe85fbd182af91290be7293438ae67549638189f/1da70bf6963681ef22af05fc0a9ab45d.png","READY","Would download.",""
"9117","9117","RE-009847","ron-english-light-cult-9001-10000","YES","D:\github\ron-english-light-cult-9001-10000\images\9101-9200\LCCC-9117.png","https://i2c.seadn.io/ethereum/0xbe85fbd182af91290be7293438ae67549638189f/d50de21bb5def92623ec9993fda4c531.png?w=350","https://i2c.seadn.io/ethereum/0xbe85fbd182af91290be7293438ae67549638189f/d50de21bb5def92623ec9993fda4c531.png","READY","Would download.",""
"9118","9118","RE-009848","ron-english-light-cult-9001-10000","YES","D:\github\ron-english-light-cult-9001-10000\images\9101-9200\LCCC-9118.png","https://i2c.seadn.io/ethereum/0xbe85fbd182af91290be7293438ae67549638189f/7edacf191f55a8995c3315202c3f9120.png?w=350","https://i2c.seadn.io/ethereum/0xbe85fbd182af91290be7293438ae67549638189f/7edacf191f55a8995c3315202c3f9120.png","READY","Would download.",""
"9119","9119","RE-009849","ron-english-light-cult-9001-10000","YES","D:\github\ron-english-light-cult-9001-10000\images\9101-9200\LCCC-9119.png","https://i2c.seadn.io/ethereum/0xbe85fbd182af91290be7293438ae67549638189f/16d3ff9ee95b02e7ab81620cdedc4388.png?w=350","https://i2c.seadn.io/ethereum/0xbe85fbd182af91290be7293438ae67549638189f/16d3ff9ee95b02e7ab81620cdedc4388.png","READY","Would download.",""
"9120","9120","RE-009850","ron-english-light-cult-9001-10000","YES","D:\github\ron-english-light-cult-9001-10000\images\9101-9200\LCCC-9120.png","https://i2c.seadn.io/ethereum/0xbe85fbd182af91290be7293438ae67549638189f/31e7341986a1b09146809b37337c6587.png?w=350","https://i2c.seadn.io/ethereum/0xbe85fbd182af91290be7293438ae67549638189f/31e7341986a1b09146809b37337c6587.png","READY","Would download.",""
"9121","9121","RE-009851","ron-english-light-cult-9001-10000","YES","D:\github\ron-english-light-cult-9001-10000\images\9101-9200\LCCC-9121.png","https://i2c.seadn.io/ethereum/0xbe85fbd182af91290be7293438ae67549638189f/f04ca95a62676d8f7956114266d31190.png?w=350","https://i2c.seadn.io/ethereum/0xbe85fbd182af91290be7293438ae67549638189f/f04ca95a62676d8f7956114266d31190.png","READY","Would download.",""
"9123","9123","RE-009852","ron-english-light-cult-9001-10000","YES","D:\github\ron-english-light-cult-9001-10000\images\9101-9200\LCCC-9123.png","https://i2c.seadn.io/ethereum/0xbe85fbd182af91290be7293438ae67549638189f/5d9efe79807c612a7c7fcbf1260af916.png?w=350","https://i2c.seadn.io/ethereum/0xbe85fbd182af91290be7293438ae67549638189f/5d9efe79807c612a7c7fcbf1260af916.png","READY","Would download.",""
"9124","9124","RE-009853","ron-english-light-cult-9001-10000","YES","D:\github\ron-english-light-cult-9001-10000\images\9101-9200\LCCC-9124.png","https://i2c.seadn.io/ethereum/0xbe85fbd182af91290be7293438ae67549638189f/3bac768b49fcea1c54e77c3e3a6c8a30.png?w=350","https://i2c.seadn.io/ethereum/0xbe85fbd182af91290be7293438ae67549638189f/3bac768b49fcea1c54e77c3e3a6c8a30.png","READY","Would download.",""
"9125","9125","RE-009854","ron-english-light-cult-9001-10000","YES","D:\github\ron-english-light-cult-9001-10000\images\9101-9200\LCCC-9125.png","https://i2c.seadn.io/ethereum/0xbe85fbd182af91290be7293438ae67549638189f/e6764a42d060defb37e895e0c1b25e57.png?w=350","https://i2c.seadn.io/ethereum/0xbe85fbd182af91290be7293438ae67549638189f/e6764a42d060defb37e895e0c1b25e57.png","READY","Would download.",""
"9126","9126","RE-009855","ron-english-light-cult-9001-10000","YES","D:\github\ron-english-light-cult-9001-10000\images\9101-9200\LCCC-9126.png","https://i2c.seadn.io/ethereum/0xbe85fbd182af91290be7293438ae67549638189f/28377ec29eea57abacf2884071ad76c0.png?w=350","https://i2c.seadn.io/ethereum/0xbe85fbd182af91290be7293438ae67549638189f/28377ec29eea57abacf2884071ad76c0.png","READY","Would download.",""
"9127","9127","RE-009856","ron-english-light-cult-9001-10000","YES","D:\github\ron-english-light-cult-9001-10000\images\9101-9200\LCCC-9127.png","https://i2c.seadn.io/ethereum/0xbe85fbd182af91290be7293438ae67549638189f/b056404442757b38f376ad52c0610e28.png?w=350","https://i2c.seadn.io/ethereum/0xbe85fbd182af91290be7293438ae67549638189f/b056404442757b38f376ad52c0610e28.png","READY","Would download.",""
"9128","9128","RE-009857","ron-english-light-cult-9001-10000","YES","D:\github\ron-english-light-cult-9001-10000\images\9101-9200\LCCC-9128.png","https://i2c.seadn.io/ethereum/0xbe85fbd182af91290be7293438ae67549638189f/4403cb69979853d0e4d4a583429c58b6.png?w=350","https://i2c.seadn.io/ethereum/0xbe85fbd182af91290be7293438ae67549638189f/4403cb69979853d0e4d4a583429c58b6.png","READY","Would download.",""
"9129","9129","RE-009858","ron-english-light-cult-9001-10000","YES","D:\github\ron-english-light-cult-9001-10000\images\9101-9200\LCCC-9129.png","https://i2c.seadn.io/ethereum/0xbe85fbd182af91290be7293438ae67549638189f/e956b248ee27cb106e1a2037553b5712.png?w=350","https://i2c.seadn.io/ethereum/0xbe85fbd182af91290be7293438ae67549638189f/e956b248ee27cb106e1a2037553b5712.png","READY","Would download.",""
"9130","9130","RE-009859","ron-english-light-cult-9001-10000","YES","D:\github\ron-english-light-cult-9001-10000\images\9101-9200\LCCC-9130.png","https://i2c.seadn.io/ethereum/0xbe85fbd182af91290be7293438ae67549638189f/de5b816a21b2602f91ef495d50764b05.png?w=350","https://i2c.seadn.io/ethereum/0xbe85fbd182af91290be7293438ae67549638189f/de5b816a21b2602f91ef495d50764b05.png","READY","Would download.",""
"9131","9131","RE-009860","ron-english-light-cult-9001-10000","YES","D:\github\ron-english-light-cult-9001-10000\images\9101-9200\LCCC-9131.png","https://i2c.seadn.io/ethereum/0xbe85fbd182af91290be7293438ae67549638189f/2cb686f88a84db9db7ed3c03fc67386a.png?w=350","https://i2c.seadn.io/ethereum/0xbe85fbd182af91290be7293438ae67549638189f/2cb686f88a84db9db7ed3c03fc67386a.png","READY","Would download.",""
"9132","9132","RE-009861","ron-english-light-cult-9001-10000","YES","D:\github\ron-english-light-cult-9001-10000\images\9101-9200\LCCC-9132.png","https://i2c.seadn.io/ethereum/0xbe85fbd182af91290be7293438ae67549638189f/b05907d917fce4c5f0c818166d284c00.png?w=350","https://i2c.seadn.io/ethereum/0xbe85fbd182af91290be7293438ae67549638189f/b05907d917fce4c5f0c818166d284c00.png","READY","Would download.",""
"9133","9133","RE-009862","ron-english-light-cult-9001-10000","YES","D:\github\ron-english-light-cult-9001-10000\images\9101-9200\LCCC-9133.png","https://i2c.seadn.io/ethereum/0xbe85fbd182af91290be7293438ae67549638189f/5a93984f048a040f9e0aecfbc1c7ea82.png?w=350","https://i2c.seadn.io/ethereum/0xbe85fbd182af91290be7293438ae67549638189f/5a93984f048a040f9e0aecfbc1c7ea82.png","READY","Would download.",""
"9134","9134","RE-009863","ron-english-light-cult-9001-10000","YES","D:\github\ron-english-light-cult-9001-10000\images\9101-9200\LCCC-9134.png","https://i2c.seadn.io/ethereum/0xbe85fbd182af91290be7293438ae67549638189f/d4bfbe5f14a06980f77ece99e138e723.png?w=350","https://i2c.seadn.io/ethereum/0xbe85fbd182af91290be7293438ae67549638189f/d4bfbe5f14a06980f77ece99e138e723.png","READY","Would download.",""
"9135","9135","RE-009864","ron-english-light-cult-9001-10000","YES","D:\github\ron-english-light-cult-9001-10000\images\9101-9200\LCCC-9135.png","https://i2c.seadn.io/ethereum/0xbe85fbd182af91290be7293438ae67549638189f/9c5e670c2e4ad7f74dcc8459d8242802.png?w=350","https://i2c.seadn.io/ethereum/0xbe85fbd182af91290be7293438ae67549638189f/9c5e670c2e4ad7f74dcc8459d8242802.png","READY","Would download.",""
"9136","9136","RE-009865","ron-english-light-cult-9001-10000","YES","D:\github\ron-english-light-cult-9001-10000\images\9101-9200\LCCC-9136.png","https://i2c.seadn.io/ethereum/0xbe85fbd182af91290be7293438ae67549638189f/9572b7aea6d0bdfecb58649ae8f962c8.png?w=350","https://i2c.seadn.io/ethereum/0xbe85fbd182af91290be7293438ae67549638189f/9572b7aea6d0bdfecb58649ae8f962c8.png","READY","Would download.",""
"9137","9137","RE-009866","ron-english-light-cult-9001-10000","YES","D:\github\ron-english-light-cult-9001-10000\images\9101-9200\LCCC-9137.png","https://i2c.seadn.io/ethereum/0xbe85fbd182af91290be7293438ae67549638189f/023da53a54fc07939be38a619f570f7c.png?w=350","https://i2c.seadn.io/ethereum/0xbe85fbd182af91290be7293438ae67549638189f/023da53a54fc07939be38a619f570f7c.png","READY","Would download.",""
"9138","9138","RE-009867","ron-english-light-cult-9001-10000","YES","D:\github\ron-english-light-cult-9001-10000\images\9101-9200\LCCC-9138.png","https://i2c.seadn.io/ethereum/0xbe85fbd182af91290be7293438ae67549638189f/5a55d59120c626f2ccc9ce7b7e087345.png?w=350","https://i2c.seadn.io/ethereum/0xbe85fbd182af91290be7293438ae67549638189f/5a55d59120c626f2ccc9ce7b7e087345.png","READY","Would download.",""
"9139","9139","RE-009868","ron-english-light-cult-9001-10000","YES","D:\github\ron-english-light-cult-9001-10000\images\9101-9200\LCCC-9139.png","https://i2c.seadn.io/ethereum/0xbe85fbd182af91290be7293438ae67549638189f/875a2c8caf881b4d6dbd8437cf5de347.png?w=350","https://i2c.seadn.io/ethereum/0xbe85fbd182af91290be7293438ae67549638189f/875a2c8caf881b4d6dbd8437cf5de347.png","READY","Would download.",""
"9141","9141","RE-009869","ron-english-light-cult-9001-10000","YES","D:\github\ron-english-light-cult-9001-10000\images\9101-9200\LCCC-9141.png","https://i2c.seadn.io/ethereum/0xbe85fbd182af91290be7293438ae67549638189f/4934936f3da853a40e35e2e338e9c3f4.png?w=350","https://i2c.seadn.io/ethereum/0xbe85fbd182af91290be7293438ae67549638189f/4934936f3da853a40e35e2e338e9c3f4.png","READY","Would download.",""
"9142","9142","RE-009870","ron-english-light-cult-9001-10000","YES","D:\github\ron-english-light-cult-9001-10000\images\9101-9200\LCCC-9142.png","https://i2c.seadn.io/ethereum/0xbe85fbd182af91290be7293438ae67549638189f/779cd1bf680283ff6edc61676f52fd6f.png?w=350","https://i2c.seadn.io/ethereum/0xbe85fbd182af91290be7293438ae67549638189f/779cd1bf680283ff6edc61676f52fd6f.png","READY","Would download.",""
"9143","9143","RE-009871","ron-english-light-cult-9001-10000","YES","D:\github\ron-english-light-cult-9001-10000\images\9101-9200\LCCC-9143.png","https://i2c.seadn.io/ethereum/0xbe85fbd182af91290be7293438ae67549638189f/8c7994a31c38033c85a796ed5e58113a.png?w=350","https://i2c.seadn.io/ethereum/0xbe85fbd182af91290be7293438ae67549638189f/8c7994a31c38033c85a796ed5e58113a.png","READY","Would download.",""
"9145","9145","RE-009872","ron-english-light-cult-9001-10000","YES","D:\github\ron-english-light-cult-9001-10000\images\9101-9200\LCCC-9145.png","https://i2c.seadn.io/ethereum/0xbe85fbd182af91290be7293438ae67549638189f/72f7109aca435af44c60660021fd32dd.png?w=350","https://i2c.seadn.io/ethereum/0xbe85fbd182af91290be7293438ae67549638189f/72f7109aca435af44c60660021fd32dd.png","READY","Would download.",""
"9146","9146","RE-009873","ron-english-light-cult-9001-10000","YES","D:\github\ron-english-light-cult-9001-10000\images\9101-9200\LCCC-9146.png","https://i2c.seadn.io/ethereum/0xbe85fbd182af91290be7293438ae67549638189f/da1c4766e095cbf7d2eecedc073dffe9.png?w=350","https://i2c.seadn.io/ethereum/0xbe85fbd182af91290be7293438ae67549638189f/da1c4766e095cbf7d2eecedc073dffe9.png","READY","Would download.",""
"9147","9147","RE-009874","ron-english-light-cult-9001-10000","YES","D:\github\ron-english-light-cult-9001-10000\images\9101-9200\LCCC-9147.png","https://i2c.seadn.io/ethereum/0xbe85fbd182af91290be7293438ae67549638189f/e1f7fcb16b35d35d5d0de09b05cf039e.png?w=350","https://i2c.seadn.io/ethereum/0xbe85fbd182af91290be7293438ae67549638189f/e1f7fcb16b35d35d5d0de09b05cf039e.png","READY","Would download.",""
"9148","9148","RE-009875","ron-english-light-cult-9001-10000","YES","D:\github\ron-english-light-cult-9001-10000\images\9101-9200\LCCC-9148.png","https://i2c.seadn.io/ethereum/0xbe85fbd182af91290be7293438ae67549638189f/78d28c6b80c628f9724886a2624e0ff5.png?w=350","https://i2c.seadn.io/ethereum/0xbe85fbd182af91290be7293438ae67549638189f/78d28c6b80c628f9724886a2624e0ff5.png","READY","Would download.",""
"9149","9149","RE-009876","ron-english-light-cult-9001-10000","YES","D:\github\ron-english-light-cult-9001-10000\images\9101-9200\LCCC-9149.png","https://i2c.seadn.io/ethereum/0xbe85fbd182af91290be7293438ae67549638189f/ffe0d9bb3347272c5a00451244daabe8.png?w=350","https://i2c.seadn.io/ethereum/0xbe85fbd182af91290be7293438ae67549638189f/ffe0d9bb3347272c5a00451244daabe8.png","READY","Would download.",""
"9150","9150","RE-009877","ron-english-light-cult-9001-10000","YES","D:\github\ron-english-light-cult-9001-10000\images\9101-9200\LCCC-9150.png","https://i2c.seadn.io/ethereum/0xbe85fbd182af91290be7293438ae67549638189f/14e15985c66c6ef2b17d8cf7daf057c2.png?w=350","https://i2c.seadn.io/ethereum/0xbe85fbd182af91290be7293438ae67549638189f/14e15985c66c6ef2b17d8cf7daf057c2.png","READY","Would download.",""
"9151","9151","RE-009878","ron-english-light-cult-9001-10000","YES","D:\github\ron-english-light-cult-9001-10000\images\9101-9200\LCCC-9151.png","https://i2c.seadn.io/ethereum/0xbe85fbd182af91290be7293438ae67549638189f/038460f8e8f32e414f395599f5019bf8.png?w=350","https://i2c.seadn.io/ethereum/0xbe85fbd182af91290be7293438ae67549638189f/038460f8e8f32e414f395599f5019bf8.png","READY","Would download.",""
"9152","9152","RE-009879","ron-english-light-cult-9001-10000","YES","D:\github\ron-english-light-cult-9001-10000\images\9101-9200\LCCC-9152.png","https://i2c.seadn.io/ethereum/0xbe85fbd182af91290be7293438ae67549638189f/d78b11221bb76fa2abd59e54a26a1b8b.png?w=350","https://i2c.seadn.io/ethereum/0xbe85fbd182af91290be7293438ae67549638189f/d78b11221bb76fa2abd59e54a26a1b8b.png","READY","Would download.",""
"9153","9153","RE-009880","ron-english-light-cult-9001-10000","YES","D:\github\ron-english-light-cult-9001-10000\images\9101-9200\LCCC-9153.png","https://i2c.seadn.io/ethereum/0xbe85fbd182af91290be7293438ae67549638189f/9bf0a712f142488495f2e7d0ae41f590.png?w=350","https://i2c.seadn.io/ethereum/0xbe85fbd182af91290be7293438ae67549638189f/9bf0a712f142488495f2e7d0ae41f590.png","READY","Would download.",""
"9154","9154","RE-009881","ron-english-light-cult-9001-10000","YES","D:\github\ron-english-light-cult-9001-10000\images\9101-9200\LCCC-9154.png","https://i2c.seadn.io/ethereum/0xbe85fbd182af91290be7293438ae67549638189f/2bb28bddebfb428eb2730e86d92ededf.png?w=350","https://i2c.seadn.io/ethereum/0xbe85fbd182af91290be7293438ae67549638189f/2bb28bddebfb428eb2730e86d92ededf.png","READY","Would download.",""
"9155","9155","RE-009882","ron-english-light-cult-9001-10000","YES","D:\github\ron-english-light-cult-9001-10000\images\9101-9200\LCCC-9155.png","https://i2c.seadn.io/ethereum/0xbe85fbd182af91290be7293438ae67549638189f/3aa0a0dc71dda571602203908605fa35.png?w=350","https://i2c.seadn.io/ethereum/0xbe85fbd182af91290be7293438ae67549638189f/3aa0a0dc71dda571602203908605fa35.png","READY","Would download.",""
"9156","9156","RE-009883","ron-english-light-cult-9001-10000","YES","D:\github\ron-english-light-cult-9001-10000\images\9101-9200\LCCC-9156.png","https://i2c.seadn.io/ethereum/0xbe85fbd182af91290be7293438ae67549638189f/36f8827bb615ad93eed673d4e4140835.png?w=350","https://i2c.seadn.io/ethereum/0xbe85fbd182af91290be7293438ae67549638189f/36f8827bb615ad93eed673d4e4140835.png","READY","Would download.",""
"9157","9157","RE-009884","ron-english-light-cult-9001-10000","YES","D:\github\ron-english-light-cult-9001-10000\images\9101-9200\LCCC-9157.png","https://i2c.seadn.io/ethereum/0xbe85fbd182af91290be7293438ae67549638189f/6ff574d429b231cf6b2e7fcbf267ee66.png?w=350","https://i2c.seadn.io/ethereum/0xbe85fbd182af91290be7293438ae67549638189f/6ff574d429b231cf6b2e7fcbf267ee66.png","READY","Would download.",""
"9158","9158","RE-009885","ron-english-light-cult-9001-10000","YES","D:\github\ron-english-light-cult-9001-10000\images\9101-9200\LCCC-9158.png","https://i2c.seadn.io/ethereum/0xbe85fbd182af91290be7293438ae67549638189f/43eb05671eb46ffecb00a4d43c5e9201.png?w=350","https://i2c.seadn.io/ethereum/0xbe85fbd182af91290be7293438ae67549638189f/43eb05671eb46ffecb00a4d43c5e9201.png","READY","Would download.",""
"9159","9159","RE-009886","ron-english-light-cult-9001-10000","YES","D:\github\ron-english-light-cult-9001-10000\images\9101-9200\LCCC-9159.png","https://i2c.seadn.io/ethereum/0xbe85fbd182af91290be7293438ae67549638189f/be0e1680437306eda1f841bccea1f016.png?w=350","https://i2c.seadn.io/ethereum/0xbe85fbd182af91290be7293438ae67549638189f/be0e1680437306eda1f841bccea1f016.png","READY","Would download.",""
"9160","9160","RE-009887","ron-english-light-cult-9001-10000","YES","D:\github\ron-english-light-cult-9001-10000\images\9101-9200\LCCC-9160.png","https://i2c.seadn.io/ethereum/0xbe85fbd182af91290be7293438ae67549638189f/1ce3758118e13c418b5b9bb3b9f8383e.png?w=350","https://i2c.seadn.io/ethereum/0xbe85fbd182af91290be7293438ae67549638189f/1ce3758118e13c418b5b9bb3b9f8383e.png","READY","Would download.",""
"9161","9161","RE-009888","ron-english-light-cult-9001-10000","YES","D:\github\ron-english-light-cult-9001-10000\images\9101-9200\LCCC-9161.png","https://i2c.seadn.io/ethereum/0xbe85fbd182af91290be7293438ae67549638189f/d0fbe111396ce4beba34aef06c066185.png?w=350","https://i2c.seadn.io/ethereum/0xbe85fbd182af91290be7293438ae67549638189f/d0fbe111396ce4beba34aef06c066185.png","READY","Would download.",""
"9162","9162","RE-009889","ron-english-light-cult-9001-10000","YES","D:\github\ron-english-light-cult-9001-10000\images\9101-9200\LCCC-9162.png","https://i2c.seadn.io/ethereum/0xbe85fbd182af91290be7293438ae67549638189f/c1a44955191cd9d2dc54c7c3662cf740.png?w=350","https://i2c.seadn.io/ethereum/0xbe85fbd182af91290be7293438ae67549638189f/c1a44955191cd9d2dc54c7c3662cf740.png","READY","Would download.",""
"9165","9165","RE-009890","ron-english-light-cult-9001-10000","YES","D:\github\ron-english-light-cult-9001-10000\images\9101-9200\LCCC-9165.png","https://i2c.seadn.io/ethereum/0xbe85fbd182af91290be7293438ae67549638189f/d0ea83751765d557347efc0f222771c3.png?w=350","https://i2c.seadn.io/ethereum/0xbe85fbd182af91290be7293438ae67549638189f/d0ea83751765d557347efc0f222771c3.png","READY","Would download.",""
"9166","9166","RE-009891","ron-english-light-cult-9001-10000","YES","D:\github\ron-english-light-cult-9001-10000\images\9101-9200\LCCC-9166.png","https://i2c.seadn.io/ethereum/0xbe85fbd182af91290be7293438ae67549638189f/00a221dc5fa02cc701289145ebe9d395.png?w=350","https://i2c.seadn.io/ethereum/0xbe85fbd182af91290be7293438ae67549638189f/00a221dc5fa02cc701289145ebe9d395.png","READY","Would download.",""
"9167","9167","RE-009892","ron-english-light-cult-9001-10000","YES","D:\github\ron-english-light-cult-9001-10000\images\9101-9200\LCCC-9167.png","https://i2c.seadn.io/ethereum/0xbe85fbd182af91290be7293438ae67549638189f/c50498c274cd2b832efca94c962b7d83.png?w=350","https://i2c.seadn.io/ethereum/0xbe85fbd182af91290be7293438ae67549638189f/c50498c274cd2b832efca94c962b7d83.png","READY","Would download.",""
"9168","9168","RE-009893","ron-english-light-cult-9001-10000","YES","D:\github\ron-english-light-cult-9001-10000\images\9101-9200\LCCC-9168.png","https://i2c.seadn.io/ethereum/0xbe85fbd182af91290be7293438ae67549638189f/d6843e88ecf70dacf7f41bb7e6a5d31f.png?w=350","https://i2c.seadn.io/ethereum/0xbe85fbd182af91290be7293438ae67549638189f/d6843e88ecf70dacf7f41bb7e6a5d31f.png","READY","Would download.",""
"9170","9170","RE-009894","ron-english-light-cult-9001-10000","YES","D:\github\ron-english-light-cult-9001-10000\images\9101-9200\LCCC-9170.png","https://i2c.seadn.io/ethereum/0xbe85fbd182af91290be7293438ae67549638189f/afb6c73e035c030b0c7ee3008e785cf1.png?w=350","https://i2c.seadn.io/ethereum/0xbe85fbd182af91290be7293438ae67549638189f/afb6c73e035c030b0c7ee3008e785cf1.png","READY","Would download.",""
"9172","9172","RE-009895","ron-english-light-cult-9001-10000","YES","D:\github\ron-english-light-cult-9001-10000\images\9101-9200\LCCC-9172.png","https://i2c.seadn.io/ethereum/0xbe85fbd182af91290be7293438ae67549638189f/586b5d186a8bfae25d02ae190085a74c.png?w=350","https://i2c.seadn.io/ethereum/0xbe85fbd182af91290be7293438ae67549638189f/586b5d186a8bfae25d02ae190085a74c.png","READY","Would download.",""
"9173","9173","RE-009896","ron-english-light-cult-9001-10000","YES","D:\github\ron-english-light-cult-9001-10000\images\9101-9200\LCCC-9173.png","https://i2c.seadn.io/ethereum/0xbe85fbd182af91290be7293438ae67549638189f/bfbcdb45788f1f3e859994eafe2023eb.png?w=350","https://i2c.seadn.io/ethereum/0xbe85fbd182af91290be7293438ae67549638189f/bfbcdb45788f1f3e859994eafe2023eb.png","READY","Would download.",""
"9174","9174","RE-009897","ron-english-light-cult-9001-10000","YES","D:\github\ron-english-light-cult-9001-10000\images\9101-9200\LCCC-9174.png","https://i2c.seadn.io/ethereum/0xbe85fbd182af91290be7293438ae67549638189f/6ae19e8efc347d4421be6fab857d8ddf.png?w=350","https://i2c.seadn.io/ethereum/0xbe85fbd182af91290be7293438ae67549638189f/6ae19e8efc347d4421be6fab857d8ddf.png","READY","Would download.",""
"9175","9175","RE-009898","ron-english-light-cult-9001-10000","YES","D:\github\ron-english-light-cult-9001-10000\images\9101-9200\LCCC-9175.png","https://i2c.seadn.io/ethereum/0xbe85fbd182af91290be7293438ae67549638189f/28f791b98e54d14dd77031994db6441c.png?w=350","https://i2c.seadn.io/ethereum/0xbe85fbd182af91290be7293438ae67549638189f/28f791b98e54d14dd77031994db6441c.png","READY","Would download.",""
"9176","9176","RE-009899","ron-english-light-cult-9001-10000","YES","D:\github\ron-english-light-cult-9001-10000\images\9101-9200\LCCC-9176.png","https://i2c.seadn.io/ethereum/0xbe85fbd182af91290be7293438ae67549638189f/006375e59dda6331320929f16feb72f7.png?w=350","https://i2c.seadn.io/ethereum/0xbe85fbd182af91290be7293438ae67549638189f/006375e59dda6331320929f16feb72f7.png","READY","Would download.",""
"9177","9177","RE-009900","ron-english-light-cult-9001-10000","YES","D:\github\ron-english-light-cult-9001-10000\images\9101-9200\LCCC-9177.png","https://i2c.seadn.io/ethereum/0xbe85fbd182af91290be7293438ae67549638189f/e3e361db02e9ed52c6d67110aa30edab.png?w=350","https://i2c.seadn.io/ethereum/0xbe85fbd182af91290be7293438ae67549638189f/e3e361db02e9ed52c6d67110aa30edab.png","READY","Would download.",""
"9178","9178","RE-009901","ron-english-light-cult-9001-10000","YES","D:\github\ron-english-light-cult-9001-10000\images\9101-9200\LCCC-9178.png","https://i2c.seadn.io/ethereum/0xbe85fbd182af91290be7293438ae67549638189f/e540800f2fef1d1e8a9564b1ddbdf1b3.png?w=350","https://i2c.seadn.io/ethereum/0xbe85fbd182af91290be7293438ae67549638189f/e540800f2fef1d1e8a9564b1ddbdf1b3.png","READY","Would download.",""
"9179","9179","RE-009902","ron-english-light-cult-9001-10000","YES","D:\github\ron-english-light-cult-9001-10000\images\9101-9200\LCCC-9179.png","https://i2c.seadn.io/ethereum/0xbe85fbd182af91290be7293438ae67549638189f/f2c5421a55051d64cbf5d06a4054a27a.png?w=350","https://i2c.seadn.io/ethereum/0xbe85fbd182af91290be7293438ae67549638189f/f2c5421a55051d64cbf5d06a4054a27a.png","READY","Would download.",""
"9180","9180","RE-009903","ron-english-light-cult-9001-10000","YES","D:\github\ron-english-light-cult-9001-10000\images\9101-9200\LCCC-9180.png","https://i2c.seadn.io/ethereum/0xbe85fbd182af91290be7293438ae67549638189f/fbf8105ce1ff93450e49a3696f7658cc.png?w=350","https://i2c.seadn.io/ethereum/0xbe85fbd182af91290be7293438ae67549638189f/fbf8105ce1ff93450e49a3696f7658cc.png","READY","Would download.",""
"9181","9181","RE-009904","ron-english-light-cult-9001-10000","YES","D:\github\ron-english-light-cult-9001-10000\images\9101-9200\LCCC-9181.png","https://i2c.seadn.io/ethereum/0xbe85fbd182af91290be7293438ae67549638189f/276568c44ef82b5f4d1ed42c35e5e9b4.png?w=350","https://i2c.seadn.io/ethereum/0xbe85fbd182af91290be7293438ae67549638189f/276568c44ef82b5f4d1ed42c35e5e9b4.png","READY","Would download.",""
"9183","9183","RE-009905","ron-english-light-cult-9001-10000","YES","D:\github\ron-english-light-cult-9001-10000\images\9101-9200\LCCC-9183.png","https://i2c.seadn.io/ethereum/0xbe85fbd182af91290be7293438ae67549638189f/c273feec571a2d0208b9191fd494c5dd.png?w=350","https://i2c.seadn.io/ethereum/0xbe85fbd182af91290be7293438ae67549638189f/c273feec571a2d0208b9191fd494c5dd.png","READY","Would download.",""
"9184","9184","RE-009906","ron-english-light-cult-9001-10000","YES","D:\github\ron-english-light-cult-9001-10000\images\9101-9200\LCCC-9184.png","https://i2c.seadn.io/ethereum/0xbe85fbd182af91290be7293438ae67549638189f/5849b3cd506af03b54c34f7922a94550.png?w=350","https://i2c.seadn.io/ethereum/0xbe85fbd182af91290be7293438ae67549638189f/5849b3cd506af03b54c34f7922a94550.png","READY","Would download.",""
"9185","9185","RE-009907","ron-english-light-cult-9001-10000","YES","D:\github\ron-english-light-cult-9001-10000\images\9101-9200\LCCC-9185.png","https://i2c.seadn.io/ethereum/0xbe85fbd182af91290be7293438ae67549638189f/89e8dc4c51be9547908c809a250e6277.png?w=350","https://i2c.seadn.io/ethereum/0xbe85fbd182af91290be7293438ae67549638189f/89e8dc4c51be9547908c809a250e6277.png","READY","Would download.",""
"9186","9186","RE-009908","ron-english-light-cult-9001-10000","YES","D:\github\ron-english-light-cult-9001-10000\images\9101-9200\LCCC-9186.png","https://i2c.seadn.io/ethereum/0xbe85fbd182af91290be7293438ae67549638189f/82e26a4d2802f9190d52110abcb00bce.png?w=350","https://i2c.seadn.io/ethereum/0xbe85fbd182af91290be7293438ae67549638189f/82e26a4d2802f9190d52110abcb00bce.png","READY","Would download.",""
"9187","9187","RE-009909","ron-english-light-cult-9001-10000","YES","D:\github\ron-english-light-cult-9001-10000\images\9101-9200\LCCC-9187.png","https://i2c.seadn.io/ethereum/0xbe85fbd182af91290be7293438ae67549638189f/20881621130e2b10ae7e30af0af17df8.png?w=350","https://i2c.seadn.io/ethereum/0xbe85fbd182af91290be7293438ae67549638189f/20881621130e2b10ae7e30af0af17df8.png","READY","Would download.",""
"9188","9188","RE-009910","ron-english-light-cult-9001-10000","YES","D:\github\ron-english-light-cult-9001-10000\images\9101-9200\LCCC-9188.png","https://i2c.seadn.io/ethereum/0xbe85fbd182af91290be7293438ae67549638189f/3e2d9d094df794e7c2bccdbab0bb2acc.png?w=350","https://i2c.seadn.io/ethereum/0xbe85fbd182af91290be7293438ae67549638189f/3e2d9d094df794e7c2bccdbab0bb2acc.png","READY","Would download.",""
"9189","9189","RE-009911","ron-english-light-cult-9001-10000","YES","D:\github\ron-english-light-cult-9001-10000\images\9101-9200\LCCC-9189.png","https://i2c.seadn.io/ethereum/0xbe85fbd182af91290be7293438ae67549638189f/419829ecb12757cbc7151c5668542bb3.png?w=350","https://i2c.seadn.io/ethereum/0xbe85fbd182af91290be7293438ae67549638189f/419829ecb12757cbc7151c5668542bb3.png","READY","Would download.",""
"9190","9190","RE-009912","ron-english-light-cult-9001-10000","YES","D:\github\ron-english-light-cult-9001-10000\images\9101-9200\LCCC-9190.png","https://i2c.seadn.io/ethereum/0xbe85fbd182af91290be7293438ae67549638189f/1a5b0f81b00fb5cbd065927ac7552746.png?w=350","https://i2c.seadn.io/ethereum/0xbe85fbd182af91290be7293438ae67549638189f/1a5b0f81b00fb5cbd065927ac7552746.png","READY","Would download.",""
"9192","9192","RE-009913","ron-english-light-cult-9001-10000","YES","D:\github\ron-english-light-cult-9001-10000\images\9101-9200\LCCC-9192.png","https://i2c.seadn.io/ethereum/0xbe85fbd182af91290be7293438ae67549638189f/2af12579e6882ca6592b0025826bcec2.png?w=350","https://i2c.seadn.io/ethereum/0xbe85fbd182af91290be7293438ae67549638189f/2af12579e6882ca6592b0025826bcec2.png","READY","Would download.",""
"9193","9193","RE-009914","ron-english-light-cult-9001-10000","YES","D:\github\ron-english-light-cult-9001-10000\images\9101-9200\LCCC-9193.png","https://i2c.seadn.io/ethereum/0xbe85fbd182af91290be7293438ae67549638189f/f06aa68cc19d3fadce296c8802ad47f6.png?w=350","https://i2c.seadn.io/ethereum/0xbe85fbd182af91290be7293438ae67549638189f/f06aa68cc19d3fadce296c8802ad47f6.png","READY","Would download.",""
"9194","9194","RE-009915","ron-english-light-cult-9001-10000","YES","D:\github\ron-english-light-cult-9001-10000\images\9101-9200\LCCC-9194.png","https://i2c.seadn.io/ethereum/0xbe85fbd182af91290be7293438ae67549638189f/12bce3ca0a24cdde5a597c6197772bcb.png?w=350","https://i2c.seadn.io/ethereum/0xbe85fbd182af91290be7293438ae67549638189f/12bce3ca0a24cdde5a597c6197772bcb.png","READY","Would download.",""
"9195","9195","RE-009916","ron-english-light-cult-9001-10000","YES","D:\github\ron-english-light-cult-9001-10000\images\9101-9200\LCCC-9195.png","https://i2c.seadn.io/ethereum/0xbe85fbd182af91290be7293438ae67549638189f/c77de3d6eaec2c07ead0350cf9161a75.png?w=350","https://i2c.seadn.io/ethereum/0xbe85fbd182af91290be7293438ae67549638189f/c77de3d6eaec2c07ead0350cf9161a75.png","READY","Would download.",""
"9196","9196","RE-009917","ron-english-light-cult-9001-10000","YES","D:\github\ron-english-light-cult-9001-10000\images\9101-9200\LCCC-9196.png","https://i2c.seadn.io/ethereum/0xbe85fbd182af91290be7293438ae67549638189f/1277f85cacea4c73d0a63051f7da9e38.png?w=350","https://i2c.seadn.io/ethereum/0xbe85fbd182af91290be7293438ae67549638189f/1277f85cacea4c73d0a63051f7da9e38.png","READY","Would download.",""
"9197","9197","RE-009918","ron-english-light-cult-9001-10000","YES","D:\github\ron-english-light-cult-9001-10000\images\9101-9200\LCCC-9197.png","https://i2c.seadn.io/ethereum/0xbe85fbd182af91290be7293438ae67549638189f/8671195bd49c5455d32a961321697252.png?w=350","https://i2c.seadn.io/ethereum/0xbe85fbd182af91290be7293438ae67549638189f/8671195bd49c5455d32a961321697252.png","READY","Would download.",""
"9200","9200","RE-009919","ron-english-light-cult-9001-10000","YES","D:\github\ron-english-light-cult-9001-10000\images\9101-9200\LCCC-9200.png","https://i2c.seadn.io/ethereum/0xbe85fbd182af91290be7293438ae67549638189f/de58eae670760e915f5011717533219d.png?w=350","https://i2c.seadn.io/ethereum/0xbe85fbd182af91290be7293438ae67549638189f/de58eae670760e915f5011717533219d.png","READY","Would download.",""
"9201","9201","RE-009920","ron-english-light-cult-9001-10000","YES","D:\github\ron-english-light-cult-9001-10000\images\9201-9300\LCCC-9201.png","https://i2c.seadn.io/ethereum/0xbe85fbd182af91290be7293438ae67549638189f/c0f53c3e69174b6a22a65a730e8e5b13.png?w=350","https://i2c.seadn.io/ethereum/0xbe85fbd182af91290be7293438ae67549638189f/c0f53c3e69174b6a22a65a730e8e5b13.png","READY","Would download.",""
"9202","9202","RE-009921","ron-english-light-cult-9001-10000","YES","D:\github\ron-english-light-cult-9001-10000\images\9201-9300\LCCC-9202.png","https://i2c.seadn.io/ethereum/0xbe85fbd182af91290be7293438ae67549638189f/b5250d4694d0c3cfb9588e2e0993bf28.png?w=350","https://i2c.seadn.io/ethereum/0xbe85fbd182af91290be7293438ae67549638189f/b5250d4694d0c3cfb9588e2e0993bf28.png","READY","Would download.",""
"9203","9203","RE-009922","ron-english-light-cult-9001-10000","YES","D:\github\ron-english-light-cult-9001-10000\images\9201-9300\LCCC-9203.png","https://i2c.seadn.io/ethereum/0xbe85fbd182af91290be7293438ae67549638189f/8cb0259acd5ce4c3a940e63226732e4b.png?w=350","https://i2c.seadn.io/ethereum/0xbe85fbd182af91290be7293438ae67549638189f/8cb0259acd5ce4c3a940e63226732e4b.png","READY","Would download.",""
"9204","9204","RE-009923","ron-english-light-cult-9001-10000","YES","D:\github\ron-english-light-cult-9001-10000\images\9201-9300\LCCC-9204.png","https://i2c.seadn.io/ethereum/0xbe85fbd182af91290be7293438ae67549638189f/02fa2b340b4186d569766d28ac605fc1.png?w=350","https://i2c.seadn.io/ethereum/0xbe85fbd182af91290be7293438ae67549638189f/02fa2b340b4186d569766d28ac605fc1.png","READY","Would download.",""
"9205","9205","RE-009924","ron-english-light-cult-9001-10000","YES","D:\github\ron-english-light-cult-9001-10000\images\9201-9300\LCCC-9205.png","https://i2c.seadn.io/ethereum/0xbe85fbd182af91290be7293438ae67549638189f/7887a29e33f8f2ffc67f7ae293966530.png?w=350","https://i2c.seadn.io/ethereum/0xbe85fbd182af91290be7293438ae67549638189f/7887a29e33f8f2ffc67f7ae293966530.png","READY","Would download.",""
"9206","9206","RE-009925","ron-english-light-cult-9001-10000","YES","D:\github\ron-english-light-cult-9001-10000\images\9201-9300\LCCC-9206.png","https://i2c.seadn.io/ethereum/0xbe85fbd182af91290be7293438ae67549638189f/1476a4e7cdaa3f5458fa16da4e8a6046.png?w=350","https://i2c.seadn.io/ethereum/0xbe85fbd182af91290be7293438ae67549638189f/1476a4e7cdaa3f5458fa16da4e8a6046.png","READY","Would download.",""
"9207","9207","RE-009926","ron-english-light-cult-9001-10000","YES","D:\github\ron-english-light-cult-9001-10000\images\9201-9300\LCCC-9207.png","https://i2c.seadn.io/ethereum/0xbe85fbd182af91290be7293438ae67549638189f/40335e6613e311eadb248af1571c3202.png?w=350","https://i2c.seadn.io/ethereum/0xbe85fbd182af91290be7293438ae67549638189f/40335e6613e311eadb248af1571c3202.png","READY","Would download.",""
"9208","9208","RE-009927","ron-english-light-cult-9001-10000","YES","D:\github\ron-english-light-cult-9001-10000\images\9201-9300\LCCC-9208.png","https://i2c.seadn.io/ethereum/0xbe85fbd182af91290be7293438ae67549638189f/59e3b55977639c39d6392167cf48ac9c.png?w=350","https://i2c.seadn.io/ethereum/0xbe85fbd182af91290be7293438ae67549638189f/59e3b55977639c39d6392167cf48ac9c.png","READY","Would download.",""
"9209","9209","RE-009928","ron-english-light-cult-9001-10000","YES","D:\github\ron-english-light-cult-9001-10000\images\9201-9300\LCCC-9209.png","https://i2c.seadn.io/ethereum/0xbe85fbd182af91290be7293438ae67549638189f/0268a1613a1cdd7b5856873a4a1cd724.png?w=350","https://i2c.seadn.io/ethereum/0xbe85fbd182af91290be7293438ae67549638189f/0268a1613a1cdd7b5856873a4a1cd724.png","READY","Would download.",""
"9210","9210","RE-009929","ron-english-light-cult-9001-10000","YES","D:\github\ron-english-light-cult-9001-10000\images\9201-9300\LCCC-9210.png","https://i2c.seadn.io/ethereum/0xbe85fbd182af91290be7293438ae67549638189f/49d97609318311b154e70c4a0cb9ad70.png?w=350","https://i2c.seadn.io/ethereum/0xbe85fbd182af91290be7293438ae67549638189f/49d97609318311b154e70c4a0cb9ad70.png","READY","Would download.",""
"9211","9211","RE-009930","ron-english-light-cult-9001-10000","YES","D:\github\ron-english-light-cult-9001-10000\images\9201-9300\LCCC-9211.png","https://i2c.seadn.io/ethereum/0xbe85fbd182af91290be7293438ae67549638189f/19f6df0c5c5632eb1f6bd9ade5e68d12.png?w=350","https://i2c.seadn.io/ethereum/0xbe85fbd182af91290be7293438ae67549638189f/19f6df0c5c5632eb1f6bd9ade5e68d12.png","READY","Would download.",""
"9212","9212","RE-009931","ron-english-light-cult-9001-10000","YES","D:\github\ron-english-light-cult-9001-10000\images\9201-9300\LCCC-9212.png","https://i2c.seadn.io/ethereum/0xbe85fbd182af91290be7293438ae67549638189f/65d998b867c6ab5a1659075caed7ae4a.png?w=350","https://i2c.seadn.io/ethereum/0xbe85fbd182af91290be7293438ae67549638189f/65d998b867c6ab5a1659075caed7ae4a.png","READY","Would download.",""
"9213","9213","RE-009932","ron-english-light-cult-9001-10000","YES","D:\github\ron-english-light-cult-9001-10000\images\9201-9300\LCCC-9213.png","https://i2c.seadn.io/ethereum/0xbe85fbd182af91290be7293438ae67549638189f/5a3583b12b719238c147f5d605eab6b0.png?w=350","https://i2c.seadn.io/ethereum/0xbe85fbd182af91290be7293438ae67549638189f/5a3583b12b719238c147f5d605eab6b0.png","READY","Would download.",""
"9214","9214","RE-009933","ron-english-light-cult-9001-10000","YES","D:\github\ron-english-light-cult-9001-10000\images\9201-9300\LCCC-9214.png","https://i2c.seadn.io/ethereum/0xbe85fbd182af91290be7293438ae67549638189f/208443e32242cfa44d4d6a9264c2a14c.png?w=350","https://i2c.seadn.io/ethereum/0xbe85fbd182af91290be7293438ae67549638189f/208443e32242cfa44d4d6a9264c2a14c.png","READY","Would download.",""
"9215","9215","RE-009934","ron-english-light-cult-9001-10000","YES","D:\github\ron-english-light-cult-9001-10000\images\9201-9300\LCCC-9215.png","https://i2c.seadn.io/ethereum/0xbe85fbd182af91290be7293438ae67549638189f/5cd13dc381674542d7d2d31fb632c1e6.png?w=350","https://i2c.seadn.io/ethereum/0xbe85fbd182af91290be7293438ae67549638189f/5cd13dc381674542d7d2d31fb632c1e6.png","READY","Would download.",""
"9217","9217","RE-009935","ron-english-light-cult-9001-10000","YES","D:\github\ron-english-light-cult-9001-10000\images\9201-9300\LCCC-9217.png","https://i2c.seadn.io/ethereum/0xbe85fbd182af91290be7293438ae67549638189f/85dc52c763b9a8154b6bd4bc9bc1cd37.png?w=350","https://i2c.seadn.io/ethereum/0xbe85fbd182af91290be7293438ae67549638189f/85dc52c763b9a8154b6bd4bc9bc1cd37.png","READY","Would download.",""
"9218","9218","RE-009936","ron-english-light-cult-9001-10000","YES","D:\github\ron-english-light-cult-9001-10000\images\9201-9300\LCCC-9218.png","https://i2c.seadn.io/ethereum/0xbe85fbd182af91290be7293438ae67549638189f/3fd6b887b828a241ff62d95ced294d27.png?w=350","https://i2c.seadn.io/ethereum/0xbe85fbd182af91290be7293438ae67549638189f/3fd6b887b828a241ff62d95ced294d27.png","READY","Would download.",""
"9219","9219","RE-009937","ron-english-light-cult-9001-10000","YES","D:\github\ron-english-light-cult-9001-10000\images\9201-9300\LCCC-9219.png","https://i2c.seadn.io/ethereum/0xbe85fbd182af91290be7293438ae67549638189f/e43d237f751072969c0964b5f1d57c94.png?w=350","https://i2c.seadn.io/ethereum/0xbe85fbd182af91290be7293438ae67549638189f/e43d237f751072969c0964b5f1d57c94.png","READY","Would download.",""
"9220","9220","RE-009938","ron-english-light-cult-9001-10000","YES","D:\github\ron-english-light-cult-9001-10000\images\9201-9300\LCCC-9220.png","https://i2c.seadn.io/ethereum/0xbe85fbd182af91290be7293438ae67549638189f/8b7b890b5a4c5bb026e32c6cef6159dc.png?w=350","https://i2c.seadn.io/ethereum/0xbe85fbd182af91290be7293438ae67549638189f/8b7b890b5a4c5bb026e32c6cef6159dc.png","READY","Would download.",""
"9221","9221","RE-009939","ron-english-light-cult-9001-10000","YES","D:\github\ron-english-light-cult-9001-10000\images\9201-9300\LCCC-9221.png","https://i2c.seadn.io/ethereum/0xbe85fbd182af91290be7293438ae67549638189f/dd3bb76aa6c2de873c4c9fb5be731a66.png?w=350","https://i2c.seadn.io/ethereum/0xbe85fbd182af91290be7293438ae67549638189f/dd3bb76aa6c2de873c4c9fb5be731a66.png","READY","Would download.",""
"9223","9223","RE-009940","ron-english-light-cult-9001-10000","YES","D:\github\ron-english-light-cult-9001-10000\images\9201-9300\LCCC-9223.png","https://i2c.seadn.io/ethereum/0xbe85fbd182af91290be7293438ae67549638189f/2f11791ff60f1df1effaa5c20bbbb426.png?w=350","https://i2c.seadn.io/ethereum/0xbe85fbd182af91290be7293438ae67549638189f/2f11791ff60f1df1effaa5c20bbbb426.png","READY","Would download.",""
"9224","9224","RE-009941","ron-english-light-cult-9001-10000","YES","D:\github\ron-english-light-cult-9001-10000\images\9201-9300\LCCC-9224.png","https://i2c.seadn.io/ethereum/0xbe85fbd182af91290be7293438ae67549638189f/6095909bb32917873ec4d42a68e31793.png?w=350","https://i2c.seadn.io/ethereum/0xbe85fbd182af91290be7293438ae67549638189f/6095909bb32917873ec4d42a68e31793.png","READY","Would download.",""
"9225","9225","RE-009942","ron-english-light-cult-9001-10000","YES","D:\github\ron-english-light-cult-9001-10000\images\9201-9300\LCCC-9225.png","https://i2c.seadn.io/ethereum/0xbe85fbd182af91290be7293438ae67549638189f/4963f123e062dabfe1db0de9edb07145.png?w=350","https://i2c.seadn.io/ethereum/0xbe85fbd182af91290be7293438ae67549638189f/4963f123e062dabfe1db0de9edb07145.png","READY","Would download.",""
"9226","9226","RE-009943","ron-english-light-cult-9001-10000","YES","D:\github\ron-english-light-cult-9001-10000\images\9201-9300\LCCC-9226.png","https://i2c.seadn.io/ethereum/0xbe85fbd182af91290be7293438ae67549638189f/ff27c8d0e504c55d09bb272675395517.png?w=350","https://i2c.seadn.io/ethereum/0xbe85fbd182af91290be7293438ae67549638189f/ff27c8d0e504c55d09bb272675395517.png","READY","Would download.",""
"9227","9227","RE-009944","ron-english-light-cult-9001-10000","YES","D:\github\ron-english-light-cult-9001-10000\images\9201-9300\LCCC-9227.png","https://i2c.seadn.io/ethereum/0xbe85fbd182af91290be7293438ae67549638189f/8bbcf4200d8085bfa46f01a0c9fd2660.png?w=350","https://i2c.seadn.io/ethereum/0xbe85fbd182af91290be7293438ae67549638189f/8bbcf4200d8085bfa46f01a0c9fd2660.png","READY","Would download.",""
"9228","9228","RE-009945","ron-english-light-cult-9001-10000","YES","D:\github\ron-english-light-cult-9001-10000\images\9201-9300\LCCC-9228.png","https://i2c.seadn.io/ethereum/0xbe85fbd182af91290be7293438ae67549638189f/746c926714f63da6d29333a6d40d97e3.png?w=350","https://i2c.seadn.io/ethereum/0xbe85fbd182af91290be7293438ae67549638189f/746c926714f63da6d29333a6d40d97e3.png","READY","Would download.",""
"9229","9229","RE-009946","ron-english-light-cult-9001-10000","YES","D:\github\ron-english-light-cult-9001-10000\images\9201-9300\LCCC-9229.png","https://i2c.seadn.io/ethereum/0xbe85fbd182af91290be7293438ae67549638189f/9a8240544b4d6c0744d57ab178393338.png?w=350","https://i2c.seadn.io/ethereum/0xbe85fbd182af91290be7293438ae67549638189f/9a8240544b4d6c0744d57ab178393338.png","READY","Would download.",""
"9230","9230","RE-009947","ron-english-light-cult-9001-10000","YES","D:\github\ron-english-light-cult-9001-10000\images\9201-9300\LCCC-9230.png","https://i2c.seadn.io/ethereum/0xbe85fbd182af91290be7293438ae67549638189f/e4ff4b507acd0e17e2d929d7eeb2f31c.png?w=350","https://i2c.seadn.io/ethereum/0xbe85fbd182af91290be7293438ae67549638189f/e4ff4b507acd0e17e2d929d7eeb2f31c.png","READY","Would download.",""
"9231","9231","RE-009948","ron-english-light-cult-9001-10000","YES","D:\github\ron-english-light-cult-9001-10000\images\9201-9300\LCCC-9231.png","https://i2c.seadn.io/ethereum/0xbe85fbd182af91290be7293438ae67549638189f/064d18cc0ada9dec130fd0940f2ee0f2.png?w=350","https://i2c.seadn.io/ethereum/0xbe85fbd182af91290be7293438ae67549638189f/064d18cc0ada9dec130fd0940f2ee0f2.png","READY","Would download.",""
"9232","9232","RE-009949","ron-english-light-cult-9001-10000","YES","D:\github\ron-english-light-cult-9001-10000\images\9201-9300\LCCC-9232.png","https://i2c.seadn.io/ethereum/0xbe85fbd182af91290be7293438ae67549638189f/5eb7a14fc776e3292a1822784a560c7a.png?w=350","https://i2c.seadn.io/ethereum/0xbe85fbd182af91290be7293438ae67549638189f/5eb7a14fc776e3292a1822784a560c7a.png","READY","Would download.",""
"9233","9233","RE-009950","ron-english-light-cult-9001-10000","YES","D:\github\ron-english-light-cult-9001-10000\images\9201-9300\LCCC-9233.png","https://i2c.seadn.io/ethereum/0xbe85fbd182af91290be7293438ae67549638189f/308840fb772b3e6ec1b2a31634460a46.png?w=350","https://i2c.seadn.io/ethereum/0xbe85fbd182af91290be7293438ae67549638189f/308840fb772b3e6ec1b2a31634460a46.png","READY","Would download.",""
"9234","9234","RE-009951","ron-english-light-cult-9001-10000","YES","D:\github\ron-english-light-cult-9001-10000\images\9201-9300\LCCC-9234.png","https://i2c.seadn.io/ethereum/0xbe85fbd182af91290be7293438ae67549638189f/bbd8ee122c37ab23f2e012346edf2137.png?w=350","https://i2c.seadn.io/ethereum/0xbe85fbd182af91290be7293438ae67549638189f/bbd8ee122c37ab23f2e012346edf2137.png","READY","Would download.",""
"9235","9235","RE-009952","ron-english-light-cult-9001-10000","YES","D:\github\ron-english-light-cult-9001-10000\images\9201-9300\LCCC-9235.png","https://i2c.seadn.io/ethereum/0xbe85fbd182af91290be7293438ae67549638189f/98c9392208919dcf0e66c0da35f7ddd9.png?w=350","https://i2c.seadn.io/ethereum/0xbe85fbd182af91290be7293438ae67549638189f/98c9392208919dcf0e66c0da35f7ddd9.png","READY","Would download.",""
"9236","9236","RE-009953","ron-english-light-cult-9001-10000","YES","D:\github\ron-english-light-cult-9001-10000\images\9201-9300\LCCC-9236.png","https://i2c.seadn.io/ethereum/0xbe85fbd182af91290be7293438ae67549638189f/8716be0518f22412423105ba56e3515c.png?w=350","https://i2c.seadn.io/ethereum/0xbe85fbd182af91290be7293438ae67549638189f/8716be0518f22412423105ba56e3515c.png","READY","Would download.",""
"9237","9237","RE-009954","ron-english-light-cult-9001-10000","YES","D:\github\ron-english-light-cult-9001-10000\images\9201-9300\LCCC-9237.png","https://i2c.seadn.io/ethereum/0xbe85fbd182af91290be7293438ae67549638189f/ebb2b9834f5fa8e37c1e9777f9e3312b.png?w=350","https://i2c.seadn.io/ethereum/0xbe85fbd182af91290be7293438ae67549638189f/ebb2b9834f5fa8e37c1e9777f9e3312b.png","READY","Would download.",""
"9238","9238","RE-009955","ron-english-light-cult-9001-10000","YES","D:\github\ron-english-light-cult-9001-10000\images\9201-9300\LCCC-9238.png","https://i2c.seadn.io/ethereum/0xbe85fbd182af91290be7293438ae67549638189f/f26be7f98229e7499dcd3f3b525085a6.png?w=350","https://i2c.seadn.io/ethereum/0xbe85fbd182af91290be7293438ae67549638189f/f26be7f98229e7499dcd3f3b525085a6.png","READY","Would download.",""
"9239","9239","RE-009956","ron-english-light-cult-9001-10000","YES","D:\github\ron-english-light-cult-9001-10000\images\9201-9300\LCCC-9239.png","https://i2c.seadn.io/ethereum/0xbe85fbd182af91290be7293438ae67549638189f/2fd3bf0fe26b3fcf278004c3a32742b1.png?w=350","https://i2c.seadn.io/ethereum/0xbe85fbd182af91290be7293438ae67549638189f/2fd3bf0fe26b3fcf278004c3a32742b1.png","READY","Would download.",""
"9240","9240","RE-009957","ron-english-light-cult-9001-10000","YES","D:\github\ron-english-light-cult-9001-10000\images\9201-9300\LCCC-9240.png","https://i2c.seadn.io/ethereum/0xbe85fbd182af91290be7293438ae67549638189f/56abe843d1006c3995b6187291d2755e.png?w=350","https://i2c.seadn.io/ethereum/0xbe85fbd182af91290be7293438ae67549638189f/56abe843d1006c3995b6187291d2755e.png","READY","Would download.",""
"9242","9242","RE-009958","ron-english-light-cult-9001-10000","YES","D:\github\ron-english-light-cult-9001-10000\images\9201-9300\LCCC-9242.png","https://i2c.seadn.io/ethereum/0xbe85fbd182af91290be7293438ae67549638189f/4cc853ccf97a22764bd52d85d7dc6d0e.png?w=350","https://i2c.seadn.io/ethereum/0xbe85fbd182af91290be7293438ae67549638189f/4cc853ccf97a22764bd52d85d7dc6d0e.png","READY","Would download.",""
"9243","9243","RE-009959","ron-english-light-cult-9001-10000","YES","D:\github\ron-english-light-cult-9001-10000\images\9201-9300\LCCC-9243.png","https://i2c.seadn.io/ethereum/0xbe85fbd182af91290be7293438ae67549638189f/342417d3dfa748e439ec837d651a57a6.png?w=350","https://i2c.seadn.io/ethereum/0xbe85fbd182af91290be7293438ae67549638189f/342417d3dfa748e439ec837d651a57a6.png","READY","Would download.",""
"9244","9244","RE-009960","ron-english-light-cult-9001-10000","YES","D:\github\ron-english-light-cult-9001-10000\images\9201-9300\LCCC-9244.png","https://i2c.seadn.io/ethereum/0xbe85fbd182af91290be7293438ae67549638189f/49b4379c9ff1b39cc3268e95ce67231f.png?w=350","https://i2c.seadn.io/ethereum/0xbe85fbd182af91290be7293438ae67549638189f/49b4379c9ff1b39cc3268e95ce67231f.png","READY","Would download.",""
"9245","9245","RE-009961","ron-english-light-cult-9001-10000","YES","D:\github\ron-english-light-cult-9001-10000\images\9201-9300\LCCC-9245.png","https://i2c.seadn.io/ethereum/0xbe85fbd182af91290be7293438ae67549638189f/f101ddf2038aa28f058d18142bb37dc3.png?w=350","https://i2c.seadn.io/ethereum/0xbe85fbd182af91290be7293438ae67549638189f/f101ddf2038aa28f058d18142bb37dc3.png","READY","Would download.",""
"9246","9246","RE-009962","ron-english-light-cult-9001-10000","YES","D:\github\ron-english-light-cult-9001-10000\images\9201-9300\LCCC-9246.png","https://i2c.seadn.io/ethereum/0xbe85fbd182af91290be7293438ae67549638189f/b9fd95409168e43f36eb2e6b12b34f13.png?w=350","https://i2c.seadn.io/ethereum/0xbe85fbd182af91290be7293438ae67549638189f/b9fd95409168e43f36eb2e6b12b34f13.png","READY","Would download.",""
"9247","9247","RE-009963","ron-english-light-cult-9001-10000","YES","D:\github\ron-english-light-cult-9001-10000\images\9201-9300\LCCC-9247.png","https://i2c.seadn.io/ethereum/0xbe85fbd182af91290be7293438ae67549638189f/a35aeb839a8ebe675c678ff442bca9e8.png?w=350","https://i2c.seadn.io/ethereum/0xbe85fbd182af91290be7293438ae67549638189f/a35aeb839a8ebe675c678ff442bca9e8.png","READY","Would download.",""
"9248","9248","RE-009964","ron-english-light-cult-9001-10000","YES","D:\github\ron-english-light-cult-9001-10000\images\9201-9300\LCCC-9248.png","https://i2c.seadn.io/ethereum/0xbe85fbd182af91290be7293438ae67549638189f/4bafbf1fe9952fba6923982184c975be.png?w=350","https://i2c.seadn.io/ethereum/0xbe85fbd182af91290be7293438ae67549638189f/4bafbf1fe9952fba6923982184c975be.png","READY","Would download.",""
"9249","9249","RE-009965","ron-english-light-cult-9001-10000","YES","D:\github\ron-english-light-cult-9001-10000\images\9201-9300\LCCC-9249.png","https://i2c.seadn.io/ethereum/0xbe85fbd182af91290be7293438ae67549638189f/8a286038e2b086c3919bb92d908381f7.png?w=350","https://i2c.seadn.io/ethereum/0xbe85fbd182af91290be7293438ae67549638189f/8a286038e2b086c3919bb92d908381f7.png","READY","Would download.",""
"9251","9251","RE-009966","ron-english-light-cult-9001-10000","YES","D:\github\ron-english-light-cult-9001-10000\images\9201-9300\LCCC-9251.png","https://i2c.seadn.io/ethereum/0xbe85fbd182af91290be7293438ae67549638189f/686c9a46ab6e6552e2fd5559562541fc.png?w=350","https://i2c.seadn.io/ethereum/0xbe85fbd182af91290be7293438ae67549638189f/686c9a46ab6e6552e2fd5559562541fc.png","READY","Would download.",""
"9252","9252","RE-009967","ron-english-light-cult-9001-10000","YES","D:\github\ron-english-light-cult-9001-10000\images\9201-9300\LCCC-9252.png","https://i2c.seadn.io/ethereum/0xbe85fbd182af91290be7293438ae67549638189f/7a6df13769ecf07bef434bec42f28933.png?w=350","https://i2c.seadn.io/ethereum/0xbe85fbd182af91290be7293438ae67549638189f/7a6df13769ecf07bef434bec42f28933.png","READY","Would download.",""
"9253","9253","RE-009968","ron-english-light-cult-9001-10000","YES","D:\github\ron-english-light-cult-9001-10000\images\9201-9300\LCCC-9253.png","https://i2c.seadn.io/ethereum/0xbe85fbd182af91290be7293438ae67549638189f/c14c8b23f6d9c4d494d7b68986914a58.png?w=350","https://i2c.seadn.io/ethereum/0xbe85fbd182af91290be7293438ae67549638189f/c14c8b23f6d9c4d494d7b68986914a58.png","READY","Would download.",""
"9254","9254","RE-009969","ron-english-light-cult-9001-10000","YES","D:\github\ron-english-light-cult-9001-10000\images\9201-9300\LCCC-9254.png","https://i2c.seadn.io/ethereum/0xbe85fbd182af91290be7293438ae67549638189f/fe3e192487d22fef2fc490364f376841.png?w=350","https://i2c.seadn.io/ethereum/0xbe85fbd182af91290be7293438ae67549638189f/fe3e192487d22fef2fc490364f376841.png","READY","Would download.",""
"9255","9255","RE-009970","ron-english-light-cult-9001-10000","YES","D:\github\ron-english-light-cult-9001-10000\images\9201-9300\LCCC-9255.png","https://i2c.seadn.io/ethereum/0xbe85fbd182af91290be7293438ae67549638189f/960a0e8b405b54082d6c157f62bddb3c.png?w=350","https://i2c.seadn.io/ethereum/0xbe85fbd182af91290be7293438ae67549638189f/960a0e8b405b54082d6c157f62bddb3c.png","READY","Would download.",""
"9256","9256","RE-009971","ron-english-light-cult-9001-10000","YES","D:\github\ron-english-light-cult-9001-10000\images\9201-9300\LCCC-9256.png","https://i2c.seadn.io/ethereum/0xbe85fbd182af91290be7293438ae67549638189f/d6bf664f420ac62458c416b336e09418.png?w=350","https://i2c.seadn.io/ethereum/0xbe85fbd182af91290be7293438ae67549638189f/d6bf664f420ac62458c416b336e09418.png","READY","Would download.",""
"9258","9258","RE-009972","ron-english-light-cult-9001-10000","YES","D:\github\ron-english-light-cult-9001-10000\images\9201-9300\LCCC-9258.png","https://i2c.seadn.io/ethereum/0xbe85fbd182af91290be7293438ae67549638189f/dd9e5a58e59a22aa92c3d650426049aa.png?w=350","https://i2c.seadn.io/ethereum/0xbe85fbd182af91290be7293438ae67549638189f/dd9e5a58e59a22aa92c3d650426049aa.png","READY","Would download.",""
"9259","9259","RE-009973","ron-english-light-cult-9001-10000","YES","D:\github\ron-english-light-cult-9001-10000\images\9201-9300\LCCC-9259.png","https://i2c.seadn.io/ethereum/0xbe85fbd182af91290be7293438ae67549638189f/9e451989fc816ecc7775b76ac11edd3e.png?w=350","https://i2c.seadn.io/ethereum/0xbe85fbd182af91290be7293438ae67549638189f/9e451989fc816ecc7775b76ac11edd3e.png","READY","Would download.",""
"9260","9260","RE-009974","ron-english-light-cult-9001-10000","YES","D:\github\ron-english-light-cult-9001-10000\images\9201-9300\LCCC-9260.png","https://i2c.seadn.io/ethereum/0xbe85fbd182af91290be7293438ae67549638189f/79ee6c015aa33cce621166b8050d9421.png?w=350","https://i2c.seadn.io/ethereum/0xbe85fbd182af91290be7293438ae67549638189f/79ee6c015aa33cce621166b8050d9421.png","READY","Would download.",""
"9261","9261","RE-009975","ron-english-light-cult-9001-10000","YES","D:\github\ron-english-light-cult-9001-10000\images\9201-9300\LCCC-9261.png","https://i2c.seadn.io/ethereum/0xbe85fbd182af91290be7293438ae67549638189f/bbebaa7dd7b225b4a5ab9cc1cfaac461.png?w=350","https://i2c.seadn.io/ethereum/0xbe85fbd182af91290be7293438ae67549638189f/bbebaa7dd7b225b4a5ab9cc1cfaac461.png","READY","Would download.",""
"9262","9262","RE-009976","ron-english-light-cult-9001-10000","YES","D:\github\ron-english-light-cult-9001-10000\images\9201-9300\LCCC-9262.png","https://i2c.seadn.io/ethereum/0xbe85fbd182af91290be7293438ae67549638189f/f4cc36a775cbdfb0da721ee5f89d062b.png?w=350","https://i2c.seadn.io/ethereum/0xbe85fbd182af91290be7293438ae67549638189f/f4cc36a775cbdfb0da721ee5f89d062b.png","READY","Would download.",""
"9263","9263","RE-009977","ron-english-light-cult-9001-10000","YES","D:\github\ron-english-light-cult-9001-10000\images\9201-9300\LCCC-9263.png","https://i2c.seadn.io/ethereum/0xbe85fbd182af91290be7293438ae67549638189f/b4ec86e6905e0b680787c38835d7ac8e.png?w=350","https://i2c.seadn.io/ethereum/0xbe85fbd182af91290be7293438ae67549638189f/b4ec86e6905e0b680787c38835d7ac8e.png","READY","Would download.",""
"9264","9264","RE-009978","ron-english-light-cult-9001-10000","YES","D:\github\ron-english-light-cult-9001-10000\images\9201-9300\LCCC-9264.png","https://i2c.seadn.io/ethereum/0xbe85fbd182af91290be7293438ae67549638189f/30489232dcd84bf80380ac54842848cb.png?w=350","https://i2c.seadn.io/ethereum/0xbe85fbd182af91290be7293438ae67549638189f/30489232dcd84bf80380ac54842848cb.png","READY","Would download.",""
"9265","9265","RE-009979","ron-english-light-cult-9001-10000","YES","D:\github\ron-english-light-cult-9001-10000\images\9201-9300\LCCC-9265.png","https://i2c.seadn.io/ethereum/0xbe85fbd182af91290be7293438ae67549638189f/05798ffa3f68e848a8790193e97fb48e.png?w=350","https://i2c.seadn.io/ethereum/0xbe85fbd182af91290be7293438ae67549638189f/05798ffa3f68e848a8790193e97fb48e.png","READY","Would download.",""
"9266","9266","RE-009980","ron-english-light-cult-9001-10000","YES","D:\github\ron-english-light-cult-9001-10000\images\9201-9300\LCCC-9266.png","https://i2c.seadn.io/ethereum/0xbe85fbd182af91290be7293438ae67549638189f/bcee8d667ead59382a26f49a385e1cd2.png?w=350","https://i2c.seadn.io/ethereum/0xbe85fbd182af91290be7293438ae67549638189f/bcee8d667ead59382a26f49a385e1cd2.png","READY","Would download.",""
"9267","9267","RE-009981","ron-english-light-cult-9001-10000","YES","D:\github\ron-english-light-cult-9001-10000\images\9201-9300\LCCC-9267.png","https://i2c.seadn.io/ethereum/0xbe85fbd182af91290be7293438ae67549638189f/711f3f0c57c0905a601555086b9882e4.png?w=350","https://i2c.seadn.io/ethereum/0xbe85fbd182af91290be7293438ae67549638189f/711f3f0c57c0905a601555086b9882e4.png","READY","Would download.",""
"9268","9268","RE-009982","ron-english-light-cult-9001-10000","YES","D:\github\ron-english-light-cult-9001-10000\images\9201-9300\LCCC-9268.png","https://i2c.seadn.io/ethereum/0xbe85fbd182af91290be7293438ae67549638189f/313cc930c6e999bf068eaefb0f32547b.png?w=350","https://i2c.seadn.io/ethereum/0xbe85fbd182af91290be7293438ae67549638189f/313cc930c6e999bf068eaefb0f32547b.png","READY","Would download.",""
"9269","9269","RE-009983","ron-english-light-cult-9001-10000","YES","D:\github\ron-english-light-cult-9001-10000\images\9201-9300\LCCC-9269.png","https://i2c.seadn.io/ethereum/0xbe85fbd182af91290be7293438ae67549638189f/26b354f1268dbc747392c8e79cec594b.png?w=350","https://i2c.seadn.io/ethereum/0xbe85fbd182af91290be7293438ae67549638189f/26b354f1268dbc747392c8e79cec594b.png","READY","Would download.",""
"9270","9270","RE-009984","ron-english-light-cult-9001-10000","YES","D:\github\ron-english-light-cult-9001-10000\images\9201-9300\LCCC-9270.png","https://i2c.seadn.io/ethereum/0xbe85fbd182af91290be7293438ae67549638189f/040c0ffdf20fa2a35f8f7c11e0f4284d.png?w=350","https://i2c.seadn.io/ethereum/0xbe85fbd182af91290be7293438ae67549638189f/040c0ffdf20fa2a35f8f7c11e0f4284d.png","READY","Would download.",""
"9271","9271","RE-009985","ron-english-light-cult-9001-10000","YES","D:\github\ron-english-light-cult-9001-10000\images\9201-9300\LCCC-9271.png","https://i2c.seadn.io/ethereum/0xbe85fbd182af91290be7293438ae67549638189f/fd8c4a69778bdede08e969b74eaa63f4.png?w=350","https://i2c.seadn.io/ethereum/0xbe85fbd182af91290be7293438ae67549638189f/fd8c4a69778bdede08e969b74eaa63f4.png","READY","Would download.",""
"9272","9272","RE-009986","ron-english-light-cult-9001-10000","YES","D:\github\ron-english-light-cult-9001-10000\images\9201-9300\LCCC-9272.png","https://i2c.seadn.io/ethereum/0xbe85fbd182af91290be7293438ae67549638189f/09444e9c5ac2ea2febbfd6673fc749b3.png?w=350","https://i2c.seadn.io/ethereum/0xbe85fbd182af91290be7293438ae67549638189f/09444e9c5ac2ea2febbfd6673fc749b3.png","READY","Would download.",""
"9273","9273","RE-009987","ron-english-light-cult-9001-10000","YES","D:\github\ron-english-light-cult-9001-10000\images\9201-9300\LCCC-9273.png","https://i2c.seadn.io/ethereum/0xbe85fbd182af91290be7293438ae67549638189f/66d7505633bfeca35262ad93483530ca.png?w=350","https://i2c.seadn.io/ethereum/0xbe85fbd182af91290be7293438ae67549638189f/66d7505633bfeca35262ad93483530ca.png","READY","Would download.",""
"9274","9274","RE-009988","ron-english-light-cult-9001-10000","YES","D:\github\ron-english-light-cult-9001-10000\images\9201-9300\LCCC-9274.png","https://i2c.seadn.io/ethereum/0xbe85fbd182af91290be7293438ae67549638189f/06056c3fa2a88b822f92cd1e1c702afb.png?w=350","https://i2c.seadn.io/ethereum/0xbe85fbd182af91290be7293438ae67549638189f/06056c3fa2a88b822f92cd1e1c702afb.png","READY","Would download.",""
"9275","9275","RE-009989","ron-english-light-cult-9001-10000","YES","D:\github\ron-english-light-cult-9001-10000\images\9201-9300\LCCC-9275.png","https://i2c.seadn.io/ethereum/0xbe85fbd182af91290be7293438ae67549638189f/18858e49e7b07773873f05ae368fb41a.png?w=350","https://i2c.seadn.io/ethereum/0xbe85fbd182af91290be7293438ae67549638189f/18858e49e7b07773873f05ae368fb41a.png","READY","Would download.",""
"9276","9276","RE-009990","ron-english-light-cult-9001-10000","YES","D:\github\ron-english-light-cult-9001-10000\images\9201-9300\LCCC-9276.png","https://i2c.seadn.io/ethereum/0xbe85fbd182af91290be7293438ae67549638189f/9da810b04a289db4b25adfc4c6d0e07a.png?w=350","https://i2c.seadn.io/ethereum/0xbe85fbd182af91290be7293438ae67549638189f/9da810b04a289db4b25adfc4c6d0e07a.png","READY","Would download.",""
"9277","9277","RE-009991","ron-english-light-cult-9001-10000","YES","D:\github\ron-english-light-cult-9001-10000\images\9201-9300\LCCC-9277.png","https://i2c.seadn.io/ethereum/0xbe85fbd182af91290be7293438ae67549638189f/9a5c238ec069c12d38a427004e2f863d.png?w=350","https://i2c.seadn.io/ethereum/0xbe85fbd182af91290be7293438ae67549638189f/9a5c238ec069c12d38a427004e2f863d.png","READY","Would download.",""
"9278","9278","RE-009992","ron-english-light-cult-9001-10000","YES","D:\github\ron-english-light-cult-9001-10000\images\9201-9300\LCCC-9278.png","https://i2c.seadn.io/ethereum/0xbe85fbd182af91290be7293438ae67549638189f/35798542b52339b0bcb07d3fcd0b887c.png?w=350","https://i2c.seadn.io/ethereum/0xbe85fbd182af91290be7293438ae67549638189f/35798542b52339b0bcb07d3fcd0b887c.png","READY","Would download.",""
"9279","9279","RE-009993","ron-english-light-cult-9001-10000","YES","D:\github\ron-english-light-cult-9001-10000\images\9201-9300\LCCC-9279.png","https://i2c.seadn.io/ethereum/0xbe85fbd182af91290be7293438ae67549638189f/3815ce32d0389a9111f322f9cc468b28.png?w=350","https://i2c.seadn.io/ethereum/0xbe85fbd182af91290be7293438ae67549638189f/3815ce32d0389a9111f322f9cc468b28.png","READY","Would download.",""
"9280","9280","RE-009994","ron-english-light-cult-9001-10000","YES","D:\github\ron-english-light-cult-9001-10000\images\9201-9300\LCCC-9280.png","https://i2c.seadn.io/ethereum/0xbe85fbd182af91290be7293438ae67549638189f/18b8e6f59e018397730ed41eead2f0fd.png?w=350","https://i2c.seadn.io/ethereum/0xbe85fbd182af91290be7293438ae67549638189f/18b8e6f59e018397730ed41eead2f0fd.png","READY","Would download.",""
"9281","9281","RE-009995","ron-english-light-cult-9001-10000","YES","D:\github\ron-english-light-cult-9001-10000\images\9201-9300\LCCC-9281.png","https://i2c.seadn.io/ethereum/0xbe85fbd182af91290be7293438ae67549638189f/b2a0dc7b4959e358f34f7f546482d79e.png?w=350","https://i2c.seadn.io/ethereum/0xbe85fbd182af91290be7293438ae67549638189f/b2a0dc7b4959e358f34f7f546482d79e.png","READY","Would download.",""
"9282","9282","RE-009996","ron-english-light-cult-9001-10000","YES","D:\github\ron-english-light-cult-9001-10000\images\9201-9300\LCCC-9282.png","https://i2c.seadn.io/ethereum/0xbe85fbd182af91290be7293438ae67549638189f/6c41017cd7b1ac930b47c5708389f287.png?w=350","https://i2c.seadn.io/ethereum/0xbe85fbd182af91290be7293438ae67549638189f/6c41017cd7b1ac930b47c5708389f287.png","READY","Would download.",""
"9283","9283","RE-009997","ron-english-light-cult-9001-10000","YES","D:\github\ron-english-light-cult-9001-10000\images\9201-9300\LCCC-9283.png","https://i2c.seadn.io/ethereum/0xbe85fbd182af91290be7293438ae67549638189f/84cd57cf499767a37512f01124be7245.png?w=350","https://i2c.seadn.io/ethereum/0xbe85fbd182af91290be7293438ae67549638189f/84cd57cf499767a37512f01124be7245.png","READY","Would download.",""
"9284","9284","RE-009998","ron-english-light-cult-9001-10000","YES","D:\github\ron-english-light-cult-9001-10000\images\9201-9300\LCCC-9284.png","https://i2c.seadn.io/ethereum/0xbe85fbd182af91290be7293438ae67549638189f/785613ae0d734c627ada9ccb05c8d584.png?w=350","https://i2c.seadn.io/ethereum/0xbe85fbd182af91290be7293438ae67549638189f/785613ae0d734c627ada9ccb05c8d584.png","READY","Would download.",""
"9285","9285","RE-009999","ron-english-light-cult-9001-10000","YES","D:\github\ron-english-light-cult-9001-10000\images\9201-9300\LCCC-9285.png","https://i2c.seadn.io/ethereum/0xbe85fbd182af91290be7293438ae67549638189f/6a9274a12af0f9c4f561346132dfb081.png?w=350","https://i2c.seadn.io/ethereum/0xbe85fbd182af91290be7293438ae67549638189f/6a9274a12af0f9c4f561346132dfb081.png","READY","Would download.",""
"9286","9286","RE-010000","ron-english-light-cult-9001-10000","YES","D:\github\ron-english-light-cult-9001-10000\images\9201-9300\LCCC-9286.png","https://i2c.seadn.io/ethereum/0xbe85fbd182af91290be7293438ae67549638189f/3e12fe51f262ecdb360e16349014b7c1.png?w=350","https://i2c.seadn.io/ethereum/0xbe85fbd182af91290be7293438ae67549638189f/3e12fe51f262ecdb360e16349014b7c1.png","READY","Would download.",""
"9287","9287","RE-010001","ron-english-light-cult-9001-10000","YES","D:\github\ron-english-light-cult-9001-10000\images\9201-9300\LCCC-9287.png","https://i2c.seadn.io/ethereum/0xbe85fbd182af91290be7293438ae67549638189f/6c2578d9c08e925921f652bcae6344eb.png?w=350","https://i2c.seadn.io/ethereum/0xbe85fbd182af91290be7293438ae67549638189f/6c2578d9c08e925921f652bcae6344eb.png","READY","Would download.",""
"9288","9288","RE-010002","ron-english-light-cult-9001-10000","YES","D:\github\ron-english-light-cult-9001-10000\images\9201-9300\LCCC-9288.png","https://i2c.seadn.io/ethereum/0xbe85fbd182af91290be7293438ae67549638189f/b56ae0ddb449722908e7e1e743f16061.png?w=350","https://i2c.seadn.io/ethereum/0xbe85fbd182af91290be7293438ae67549638189f/b56ae0ddb449722908e7e1e743f16061.png","READY","Would download.",""
"9289","9289","RE-010003","ron-english-light-cult-9001-10000","YES","D:\github\ron-english-light-cult-9001-10000\images\9201-9300\LCCC-9289.png","https://i2c.seadn.io/ethereum/0xbe85fbd182af91290be7293438ae67549638189f/1a5716b12a46d6abe1a8df96603ef408.png?w=350","https://i2c.seadn.io/ethereum/0xbe85fbd182af91290be7293438ae67549638189f/1a5716b12a46d6abe1a8df96603ef408.png","READY","Would download.",""
"9290","9290","RE-010004","ron-english-light-cult-9001-10000","YES","D:\github\ron-english-light-cult-9001-10000\images\9201-9300\LCCC-9290.png","https://i2c.seadn.io/ethereum/0xbe85fbd182af91290be7293438ae67549638189f/e9e11abe51d444c39d4eca25573105e2.png?w=350","https://i2c.seadn.io/ethereum/0xbe85fbd182af91290be7293438ae67549638189f/e9e11abe51d444c39d4eca25573105e2.png","READY","Would download.",""
"9293","9293","RE-010005","ron-english-light-cult-9001-10000","YES","D:\github\ron-english-light-cult-9001-10000\images\9201-9300\LCCC-9293.png","https://i2c.seadn.io/ethereum/0xbe85fbd182af91290be7293438ae67549638189f/9855062bcc8d8a9315b6414c24f33a6c.png?w=350","https://i2c.seadn.io/ethereum/0xbe85fbd182af91290be7293438ae67549638189f/9855062bcc8d8a9315b6414c24f33a6c.png","READY","Would download.",""
"9296","9296","RE-010006","ron-english-light-cult-9001-10000","YES","D:\github\ron-english-light-cult-9001-10000\images\9201-9300\LCCC-9296.png","https://i2c.seadn.io/ethereum/0xbe85fbd182af91290be7293438ae67549638189f/5b775f18253ede9fc510808a3a7bddda.png?w=350","https://i2c.seadn.io/ethereum/0xbe85fbd182af91290be7293438ae67549638189f/5b775f18253ede9fc510808a3a7bddda.png","READY","Would download.",""
"9297","9297","RE-010007","ron-english-light-cult-9001-10000","YES","D:\github\ron-english-light-cult-9001-10000\images\9201-9300\LCCC-9297.png","https://i2c.seadn.io/ethereum/0xbe85fbd182af91290be7293438ae67549638189f/36b1fb84ad78be809a9e333223d66f7f.png?w=350","https://i2c.seadn.io/ethereum/0xbe85fbd182af91290be7293438ae67549638189f/36b1fb84ad78be809a9e333223d66f7f.png","READY","Would download.",""
"9298","9298","RE-010008","ron-english-light-cult-9001-10000","YES","D:\github\ron-english-light-cult-9001-10000\images\9201-9300\LCCC-9298.png","https://i2c.seadn.io/ethereum/0xbe85fbd182af91290be7293438ae67549638189f/19a4efde287710bd70b0bfcdcd1f164c.png?w=350","https://i2c.seadn.io/ethereum/0xbe85fbd182af91290be7293438ae67549638189f/19a4efde287710bd70b0bfcdcd1f164c.png","READY","Would download.",""
"9300","9300","RE-010009","ron-english-light-cult-9001-10000","YES","D:\github\ron-english-light-cult-9001-10000\images\9201-9300\LCCC-9300.png","https://i2c.seadn.io/ethereum/0xbe85fbd182af91290be7293438ae67549638189f/f44c74c907f00a97750ce98e146c372d.png?w=350","https://i2c.seadn.io/ethereum/0xbe85fbd182af91290be7293438ae67549638189f/f44c74c907f00a97750ce98e146c372d.png","READY","Would download.",""
"9301","9301","RE-010010","ron-english-light-cult-9001-10000","YES","D:\github\ron-english-light-cult-9001-10000\images\9301-9400\LCCC-9301.png","https://i2c.seadn.io/ethereum/0xbe85fbd182af91290be7293438ae67549638189f/89dd9242d14dec3cdf474eedbd01c9cc.png?w=350","https://i2c.seadn.io/ethereum/0xbe85fbd182af91290be7293438ae67549638189f/89dd9242d14dec3cdf474eedbd01c9cc.png","READY","Would download.",""
"9302","9302","RE-010011","ron-english-light-cult-9001-10000","YES","D:\github\ron-english-light-cult-9001-10000\images\9301-9400\LCCC-9302.png","https://i2c.seadn.io/ethereum/0xbe85fbd182af91290be7293438ae67549638189f/6a7d9ea416417dc28581ea70bbd47eaf.png?w=350","https://i2c.seadn.io/ethereum/0xbe85fbd182af91290be7293438ae67549638189f/6a7d9ea416417dc28581ea70bbd47eaf.png","READY","Would download.",""
"9303","9303","RE-010012","ron-english-light-cult-9001-10000","YES","D:\github\ron-english-light-cult-9001-10000\images\9301-9400\LCCC-9303.png","https://i2c.seadn.io/ethereum/0xbe85fbd182af91290be7293438ae67549638189f/9bfd254458e5cc6b56b411711af5a936.png?w=350","https://i2c.seadn.io/ethereum/0xbe85fbd182af91290be7293438ae67549638189f/9bfd254458e5cc6b56b411711af5a936.png","READY","Would download.",""
"9305","9305","RE-010013","ron-english-light-cult-9001-10000","YES","D:\github\ron-english-light-cult-9001-10000\images\9301-9400\LCCC-9305.png","https://i2c.seadn.io/ethereum/0xbe85fbd182af91290be7293438ae67549638189f/638d142e5b6f46f6f4747f2538c5e267.png?w=350","https://i2c.seadn.io/ethereum/0xbe85fbd182af91290be7293438ae67549638189f/638d142e5b6f46f6f4747f2538c5e267.png","READY","Would download.",""
"9306","9306","RE-010014","ron-english-light-cult-9001-10000","YES","D:\github\ron-english-light-cult-9001-10000\images\9301-9400\LCCC-9306.png","https://i2c.seadn.io/ethereum/0xbe85fbd182af91290be7293438ae67549638189f/82b3cdea1705e10e10a5b9d729483b83.png?w=350","https://i2c.seadn.io/ethereum/0xbe85fbd182af91290be7293438ae67549638189f/82b3cdea1705e10e10a5b9d729483b83.png","READY","Would download.",""
"9307","9307","RE-010015","ron-english-light-cult-9001-10000","YES","D:\github\ron-english-light-cult-9001-10000\images\9301-9400\LCCC-9307.png","https://i2c.seadn.io/ethereum/0xbe85fbd182af91290be7293438ae67549638189f/114c4082be7cf06c5b0e375bc2c79e2e.png?w=350","https://i2c.seadn.io/ethereum/0xbe85fbd182af91290be7293438ae67549638189f/114c4082be7cf06c5b0e375bc2c79e2e.png","READY","Would download.",""
"9308","9308","RE-010016","ron-english-light-cult-9001-10000","YES","D:\github\ron-english-light-cult-9001-10000\images\9301-9400\LCCC-9308.png","https://i2c.seadn.io/ethereum/0xbe85fbd182af91290be7293438ae67549638189f/0d928711a79a157b3ef4deac39d86491.png?w=350","https://i2c.seadn.io/ethereum/0xbe85fbd182af91290be7293438ae67549638189f/0d928711a79a157b3ef4deac39d86491.png","READY","Would download.",""
"9309","9309","RE-010017","ron-english-light-cult-9001-10000","YES","D:\github\ron-english-light-cult-9001-10000\images\9301-9400\LCCC-9309.png","https://i2c.seadn.io/ethereum/0xbe85fbd182af91290be7293438ae67549638189f/bcb42e61ee72450e97412b137ac425fd.png?w=350","https://i2c.seadn.io/ethereum/0xbe85fbd182af91290be7293438ae67549638189f/bcb42e61ee72450e97412b137ac425fd.png","READY","Would download.",""
"9310","9310","RE-010018","ron-english-light-cult-9001-10000","YES","D:\github\ron-english-light-cult-9001-10000\images\9301-9400\LCCC-9310.png","https://i2c.seadn.io/ethereum/0xbe85fbd182af91290be7293438ae67549638189f/c3ff6e13787da150e4f910a413011c99.png?w=350","https://i2c.seadn.io/ethereum/0xbe85fbd182af91290be7293438ae67549638189f/c3ff6e13787da150e4f910a413011c99.png","READY","Would download.",""
"9311","9311","RE-010019","ron-english-light-cult-9001-10000","YES","D:\github\ron-english-light-cult-9001-10000\images\9301-9400\LCCC-9311.png","https://i2c.seadn.io/ethereum/0xbe85fbd182af91290be7293438ae67549638189f/523d4ab397df2718381bac130a175fa8.png?w=350","https://i2c.seadn.io/ethereum/0xbe85fbd182af91290be7293438ae67549638189f/523d4ab397df2718381bac130a175fa8.png","READY","Would download.",""
"9313","9313","RE-010020","ron-english-light-cult-9001-10000","YES","D:\github\ron-english-light-cult-9001-10000\images\9301-9400\LCCC-9313.png","https://i2c.seadn.io/ethereum/0xbe85fbd182af91290be7293438ae67549638189f/e52333631b8c7fce4abe0825500e58d3.png?w=350","https://i2c.seadn.io/ethereum/0xbe85fbd182af91290be7293438ae67549638189f/e52333631b8c7fce4abe0825500e58d3.png","READY","Would download.",""
"9314","9314","RE-010021","ron-english-light-cult-9001-10000","YES","D:\github\ron-english-light-cult-9001-10000\images\9301-9400\LCCC-9314.png","https://i2c.seadn.io/ethereum/0xbe85fbd182af91290be7293438ae67549638189f/4216c24a1e50fa300c1df9e63b185886.png?w=350","https://i2c.seadn.io/ethereum/0xbe85fbd182af91290be7293438ae67549638189f/4216c24a1e50fa300c1df9e63b185886.png","READY","Would download.",""
"9315","9315","RE-010022","ron-english-light-cult-9001-10000","YES","D:\github\ron-english-light-cult-9001-10000\images\9301-9400\LCCC-9315.png","https://i2c.seadn.io/ethereum/0xbe85fbd182af91290be7293438ae67549638189f/70c1d4063cd47035b197cab283f02eec.png?w=350","https://i2c.seadn.io/ethereum/0xbe85fbd182af91290be7293438ae67549638189f/70c1d4063cd47035b197cab283f02eec.png","READY","Would download.",""
"9316","9316","RE-010023","ron-english-light-cult-9001-10000","YES","D:\github\ron-english-light-cult-9001-10000\images\9301-9400\LCCC-9316.png","https://i2c.seadn.io/ethereum/0xbe85fbd182af91290be7293438ae67549638189f/e444ea1650e2ab8b0d318c9ef289879e.png?w=350","https://i2c.seadn.io/ethereum/0xbe85fbd182af91290be7293438ae67549638189f/e444ea1650e2ab8b0d318c9ef289879e.png","READY","Would download.",""
"9317","9317","RE-010024","ron-english-light-cult-9001-10000","YES","D:\github\ron-english-light-cult-9001-10000\images\9301-9400\LCCC-9317.png","https://i2c.seadn.io/ethereum/0xbe85fbd182af91290be7293438ae67549638189f/1a26b7627b6285390ae4924878f8a61c.png?w=350","https://i2c.seadn.io/ethereum/0xbe85fbd182af91290be7293438ae67549638189f/1a26b7627b6285390ae4924878f8a61c.png","READY","Would download.",""
"9318","9318","RE-010025","ron-english-light-cult-9001-10000","YES","D:\github\ron-english-light-cult-9001-10000\images\9301-9400\LCCC-9318.png","https://i2c.seadn.io/ethereum/0xbe85fbd182af91290be7293438ae67549638189f/c2765b66e4d952f22d159cf1860de2e0.png?w=350","https://i2c.seadn.io/ethereum/0xbe85fbd182af91290be7293438ae67549638189f/c2765b66e4d952f22d159cf1860de2e0.png","READY","Would download.",""
"9319","9319","RE-010026","ron-english-light-cult-9001-10000","YES","D:\github\ron-english-light-cult-9001-10000\images\9301-9400\LCCC-9319.png","https://i2c.seadn.io/ethereum/0xbe85fbd182af91290be7293438ae67549638189f/5bc54e80a7edd8b0286cf14c97ca0e27.png?w=350","https://i2c.seadn.io/ethereum/0xbe85fbd182af91290be7293438ae67549638189f/5bc54e80a7edd8b0286cf14c97ca0e27.png","READY","Would download.",""
"9321","9321","RE-010027","ron-english-light-cult-9001-10000","YES","D:\github\ron-english-light-cult-9001-10000\images\9301-9400\LCCC-9321.png","https://i2c.seadn.io/ethereum/0xbe85fbd182af91290be7293438ae67549638189f/48dd382bd13352e017b9299d2a2d67fd.png?w=350","https://i2c.seadn.io/ethereum/0xbe85fbd182af91290be7293438ae67549638189f/48dd382bd13352e017b9299d2a2d67fd.png","READY","Would download.",""
"9322","9322","RE-010028","ron-english-light-cult-9001-10000","YES","D:\github\ron-english-light-cult-9001-10000\images\9301-9400\LCCC-9322.png","https://i2c.seadn.io/ethereum/0xbe85fbd182af91290be7293438ae67549638189f/5ea3f81905be6ba113cf11971e08e080.png?w=350","https://i2c.seadn.io/ethereum/0xbe85fbd182af91290be7293438ae67549638189f/5ea3f81905be6ba113cf11971e08e080.png","READY","Would download.",""
"9323","9323","RE-010029","ron-english-light-cult-9001-10000","YES","D:\github\ron-english-light-cult-9001-10000\images\9301-9400\LCCC-9323.png","https://i2c.seadn.io/ethereum/0xbe85fbd182af91290be7293438ae67549638189f/df06761e1513f78465c34cea1a551a4d.png?w=350","https://i2c.seadn.io/ethereum/0xbe85fbd182af91290be7293438ae67549638189f/df06761e1513f78465c34cea1a551a4d.png","READY","Would download.",""
"9324","9324","RE-010030","ron-english-light-cult-9001-10000","YES","D:\github\ron-english-light-cult-9001-10000\images\9301-9400\LCCC-9324.png","https://i2c.seadn.io/ethereum/0xbe85fbd182af91290be7293438ae67549638189f/19800d9010eb56909d256e511bd1184c.png?w=350","https://i2c.seadn.io/ethereum/0xbe85fbd182af91290be7293438ae67549638189f/19800d9010eb56909d256e511bd1184c.png","READY","Would download.",""
"9325","9325","RE-010031","ron-english-light-cult-9001-10000","YES","D:\github\ron-english-light-cult-9001-10000\images\9301-9400\LCCC-9325.png","https://i2c.seadn.io/ethereum/0xbe85fbd182af91290be7293438ae67549638189f/06b3024260cef2f2de8421c8772840ea.png?w=350","https://i2c.seadn.io/ethereum/0xbe85fbd182af91290be7293438ae67549638189f/06b3024260cef2f2de8421c8772840ea.png","READY","Would download.",""
"9326","9326","RE-010032","ron-english-light-cult-9001-10000","YES","D:\github\ron-english-light-cult-9001-10000\images\9301-9400\LCCC-9326.png","https://i2c.seadn.io/ethereum/0xbe85fbd182af91290be7293438ae67549638189f/3a0e0c82fe3efa04a2e4ced63f2acb73.png?w=350","https://i2c.seadn.io/ethereum/0xbe85fbd182af91290be7293438ae67549638189f/3a0e0c82fe3efa04a2e4ced63f2acb73.png","READY","Would download.",""
"9327","9327","RE-010033","ron-english-light-cult-9001-10000","YES","D:\github\ron-english-light-cult-9001-10000\images\9301-9400\LCCC-9327.png","https://i2c.seadn.io/ethereum/0xbe85fbd182af91290be7293438ae67549638189f/6ca355f9b9c83f414b55cc24e77ffdcf.png?w=350","https://i2c.seadn.io/ethereum/0xbe85fbd182af91290be7293438ae67549638189f/6ca355f9b9c83f414b55cc24e77ffdcf.png","READY","Would download.",""
"9329","9329","RE-010034","ron-english-light-cult-9001-10000","YES","D:\github\ron-english-light-cult-9001-10000\images\9301-9400\LCCC-9329.png","https://i2c.seadn.io/ethereum/0xbe85fbd182af91290be7293438ae67549638189f/69e56d85827661f0a1daaadf5d0fa737.png?w=350","https://i2c.seadn.io/ethereum/0xbe85fbd182af91290be7293438ae67549638189f/69e56d85827661f0a1daaadf5d0fa737.png","READY","Would download.",""
"9330","9330","RE-010035","ron-english-light-cult-9001-10000","YES","D:\github\ron-english-light-cult-9001-10000\images\9301-9400\LCCC-9330.png","https://i2c.seadn.io/ethereum/0xbe85fbd182af91290be7293438ae67549638189f/f04666c1835c527797e4632402ff40a1.png?w=350","https://i2c.seadn.io/ethereum/0xbe85fbd182af91290be7293438ae67549638189f/f04666c1835c527797e4632402ff40a1.png","READY","Would download.",""
"9331","9331","RE-010036","ron-english-light-cult-9001-10000","YES","D:\github\ron-english-light-cult-9001-10000\images\9301-9400\LCCC-9331.png","https://i2c.seadn.io/ethereum/0xbe85fbd182af91290be7293438ae67549638189f/24c558fe06b628921555e68d3584a766.png?w=350","https://i2c.seadn.io/ethereum/0xbe85fbd182af91290be7293438ae67549638189f/24c558fe06b628921555e68d3584a766.png","READY","Would download.",""
"9332","9332","RE-010037","ron-english-light-cult-9001-10000","YES","D:\github\ron-english-light-cult-9001-10000\images\9301-9400\LCCC-9332.png","https://i2c.seadn.io/ethereum/0xbe85fbd182af91290be7293438ae67549638189f/ea3dbccc1aa524fec16ceba1486c9726.png?w=350","https://i2c.seadn.io/ethereum/0xbe85fbd182af91290be7293438ae67549638189f/ea3dbccc1aa524fec16ceba1486c9726.png","READY","Would download.",""
"9333","9333","RE-010038","ron-english-light-cult-9001-10000","YES","D:\github\ron-english-light-cult-9001-10000\images\9301-9400\LCCC-9333.png","https://i2c.seadn.io/ethereum/0xbe85fbd182af91290be7293438ae67549638189f/328cd0e982235bc14ac7da48d9ebd525.png?w=350","https://i2c.seadn.io/ethereum/0xbe85fbd182af91290be7293438ae67549638189f/328cd0e982235bc14ac7da48d9ebd525.png","READY","Would download.",""
"9334","9334","RE-010039","ron-english-light-cult-9001-10000","YES","D:\github\ron-english-light-cult-9001-10000\images\9301-9400\LCCC-9334.png","https://i2c.seadn.io/ethereum/0xbe85fbd182af91290be7293438ae67549638189f/83766fadfd0e54377fbc105332c14a6a.png?w=350","https://i2c.seadn.io/ethereum/0xbe85fbd182af91290be7293438ae67549638189f/83766fadfd0e54377fbc105332c14a6a.png","READY","Would download.",""
"9336","9336","RE-010040","ron-english-light-cult-9001-10000","YES","D:\github\ron-english-light-cult-9001-10000\images\9301-9400\LCCC-9336.png","https://i2c.seadn.io/ethereum/0xbe85fbd182af91290be7293438ae67549638189f/73d8bd4e78a03ef6cb2e2881b4ec8513.png?w=350","https://i2c.seadn.io/ethereum/0xbe85fbd182af91290be7293438ae67549638189f/73d8bd4e78a03ef6cb2e2881b4ec8513.png","READY","Would download.",""
"9337","9337","RE-010041","ron-english-light-cult-9001-10000","YES","D:\github\ron-english-light-cult-9001-10000\images\9301-9400\LCCC-9337.png","https://i2c.seadn.io/ethereum/0xbe85fbd182af91290be7293438ae67549638189f/05050b1084123aefecfe08edc053732f.png?w=350","https://i2c.seadn.io/ethereum/0xbe85fbd182af91290be7293438ae67549638189f/05050b1084123aefecfe08edc053732f.png","READY","Would download.",""
"9338","9338","RE-010042","ron-english-light-cult-9001-10000","YES","D:\github\ron-english-light-cult-9001-10000\images\9301-9400\LCCC-9338.png","https://i2c.seadn.io/ethereum/0xbe85fbd182af91290be7293438ae67549638189f/a20b46150f3f3566535290b7adc9bb56.png?w=350","https://i2c.seadn.io/ethereum/0xbe85fbd182af91290be7293438ae67549638189f/a20b46150f3f3566535290b7adc9bb56.png","READY","Would download.",""
"9339","9339","RE-010043","ron-english-light-cult-9001-10000","YES","D:\github\ron-english-light-cult-9001-10000\images\9301-9400\LCCC-9339.png","https://i2c.seadn.io/ethereum/0xbe85fbd182af91290be7293438ae67549638189f/270c931cb96f86c2148b4321a7737251.png?w=350","https://i2c.seadn.io/ethereum/0xbe85fbd182af91290be7293438ae67549638189f/270c931cb96f86c2148b4321a7737251.png","READY","Would download.",""
"9341","9341","RE-010044","ron-english-light-cult-9001-10000","YES","D:\github\ron-english-light-cult-9001-10000\images\9301-9400\LCCC-9341.png","https://i2c.seadn.io/ethereum/0xbe85fbd182af91290be7293438ae67549638189f/9f182aa2e2ca8fecc5bbd27370fe2662.png?w=350","https://i2c.seadn.io/ethereum/0xbe85fbd182af91290be7293438ae67549638189f/9f182aa2e2ca8fecc5bbd27370fe2662.png","READY","Would download.",""
"9342","9342","RE-010045","ron-english-light-cult-9001-10000","YES","D:\github\ron-english-light-cult-9001-10000\images\9301-9400\LCCC-9342.png","https://i2c.seadn.io/ethereum/0xbe85fbd182af91290be7293438ae67549638189f/85708ab1a107b88ba9505371dedc87a7.png?w=350","https://i2c.seadn.io/ethereum/0xbe85fbd182af91290be7293438ae67549638189f/85708ab1a107b88ba9505371dedc87a7.png","READY","Would download.",""
"9343","9343","RE-010046","ron-english-light-cult-9001-10000","YES","D:\github\ron-english-light-cult-9001-10000\images\9301-9400\LCCC-9343.png","https://i2c.seadn.io/ethereum/0xbe85fbd182af91290be7293438ae67549638189f/368ef60d097ca4632338d4d3855b5099.png?w=350","https://i2c.seadn.io/ethereum/0xbe85fbd182af91290be7293438ae67549638189f/368ef60d097ca4632338d4d3855b5099.png","READY","Would download.",""
"9344","9344","RE-010047","ron-english-light-cult-9001-10000","YES","D:\github\ron-english-light-cult-9001-10000\images\9301-9400\LCCC-9344.png","https://i2c.seadn.io/ethereum/0xbe85fbd182af91290be7293438ae67549638189f/fddc9b0a551f3799e05c1a7ff297b867.png?w=350","https://i2c.seadn.io/ethereum/0xbe85fbd182af91290be7293438ae67549638189f/fddc9b0a551f3799e05c1a7ff297b867.png","READY","Would download.",""
"9345","9345","RE-010048","ron-english-light-cult-9001-10000","YES","D:\github\ron-english-light-cult-9001-10000\images\9301-9400\LCCC-9345.png","https://i2c.seadn.io/ethereum/0xbe85fbd182af91290be7293438ae67549638189f/a4d93fc760d61861255d96b95aa0aa1e.png?w=350","https://i2c.seadn.io/ethereum/0xbe85fbd182af91290be7293438ae67549638189f/a4d93fc760d61861255d96b95aa0aa1e.png","READY","Would download.",""
"9346","9346","RE-010049","ron-english-light-cult-9001-10000","YES","D:\github\ron-english-light-cult-9001-10000\images\9301-9400\LCCC-9346.png","https://i2c.seadn.io/ethereum/0xbe85fbd182af91290be7293438ae67549638189f/f87a0d3ba788f479f6a398713ad9f106.png?w=350","https://i2c.seadn.io/ethereum/0xbe85fbd182af91290be7293438ae67549638189f/f87a0d3ba788f479f6a398713ad9f106.png","READY","Would download.",""
"9347","9347","RE-010050","ron-english-light-cult-9001-10000","YES","D:\github\ron-english-light-cult-9001-10000\images\9301-9400\LCCC-9347.png","https://i2c.seadn.io/ethereum/0xbe85fbd182af91290be7293438ae67549638189f/2810224b9a3774aeaedf378401a81d66.png?w=350","https://i2c.seadn.io/ethereum/0xbe85fbd182af91290be7293438ae67549638189f/2810224b9a3774aeaedf378401a81d66.png","READY","Would download.",""
"9348","9348","RE-010051","ron-english-light-cult-9001-10000","YES","D:\github\ron-english-light-cult-9001-10000\images\9301-9400\LCCC-9348.png","https://i2c.seadn.io/ethereum/0xbe85fbd182af91290be7293438ae67549638189f/8c5a9d18e63f38b0c2b395c585358302.png?w=350","https://i2c.seadn.io/ethereum/0xbe85fbd182af91290be7293438ae67549638189f/8c5a9d18e63f38b0c2b395c585358302.png","READY","Would download.",""
"9350","9350","RE-010052","ron-english-light-cult-9001-10000","YES","D:\github\ron-english-light-cult-9001-10000\images\9301-9400\LCCC-9350.png","https://i2c.seadn.io/ethereum/0xbe85fbd182af91290be7293438ae67549638189f/256213d1140f0c350e823118c582b565.png?w=350","https://i2c.seadn.io/ethereum/0xbe85fbd182af91290be7293438ae67549638189f/256213d1140f0c350e823118c582b565.png","READY","Would download.",""
"9351","9351","RE-010053","ron-english-light-cult-9001-10000","YES","D:\github\ron-english-light-cult-9001-10000\images\9301-9400\LCCC-9351.png","https://i2c.seadn.io/ethereum/0xbe85fbd182af91290be7293438ae67549638189f/56b0eee0a085a48e48e9c91c56ac4861.png?w=350","https://i2c.seadn.io/ethereum/0xbe85fbd182af91290be7293438ae67549638189f/56b0eee0a085a48e48e9c91c56ac4861.png","READY","Would download.",""
"9352","9352","RE-010054","ron-english-light-cult-9001-10000","YES","D:\github\ron-english-light-cult-9001-10000\images\9301-9400\LCCC-9352.png","https://i2c.seadn.io/ethereum/0xbe85fbd182af91290be7293438ae67549638189f/b835a343cf8f77bd5a2bb821b53dbcc0.png?w=350","https://i2c.seadn.io/ethereum/0xbe85fbd182af91290be7293438ae67549638189f/b835a343cf8f77bd5a2bb821b53dbcc0.png","READY","Would download.",""
"9353","9353","RE-010055","ron-english-light-cult-9001-10000","YES","D:\github\ron-english-light-cult-9001-10000\images\9301-9400\LCCC-9353.png","https://i2c.seadn.io/ethereum/0xbe85fbd182af91290be7293438ae67549638189f/19098484a78993f631b128fe4d5d8144.png?w=350","https://i2c.seadn.io/ethereum/0xbe85fbd182af91290be7293438ae67549638189f/19098484a78993f631b128fe4d5d8144.png","READY","Would download.",""
"9354","9354","RE-010056","ron-english-light-cult-9001-10000","YES","D:\github\ron-english-light-cult-9001-10000\images\9301-9400\LCCC-9354.png","https://i2c.seadn.io/ethereum/0xbe85fbd182af91290be7293438ae67549638189f/1ce20301daa7bdb42d63d9beaff6409e.png?w=350","https://i2c.seadn.io/ethereum/0xbe85fbd182af91290be7293438ae67549638189f/1ce20301daa7bdb42d63d9beaff6409e.png","READY","Would download.",""
"9355","9355","RE-010057","ron-english-light-cult-9001-10000","YES","D:\github\ron-english-light-cult-9001-10000\images\9301-9400\LCCC-9355.png","https://i2c.seadn.io/ethereum/0xbe85fbd182af91290be7293438ae67549638189f/bb51c0f84843f2dd2fd95cd4f755bb96.png?w=350","https://i2c.seadn.io/ethereum/0xbe85fbd182af91290be7293438ae67549638189f/bb51c0f84843f2dd2fd95cd4f755bb96.png","READY","Would download.",""
"9356","9356","RE-010058","ron-english-light-cult-9001-10000","YES","D:\github\ron-english-light-cult-9001-10000\images\9301-9400\LCCC-9356.png","https://i2c.seadn.io/ethereum/0xbe85fbd182af91290be7293438ae67549638189f/499511b427fa46b5e3d15d56a0d0f626.png?w=350","https://i2c.seadn.io/ethereum/0xbe85fbd182af91290be7293438ae67549638189f/499511b427fa46b5e3d15d56a0d0f626.png","READY","Would download.",""
"9357","9357","RE-010059","ron-english-light-cult-9001-10000","YES","D:\github\ron-english-light-cult-9001-10000\images\9301-9400\LCCC-9357.png","https://i2c.seadn.io/ethereum/0xbe85fbd182af91290be7293438ae67549638189f/2e2a9b8e15f402c28d757e922d0ea13b.png?w=350","https://i2c.seadn.io/ethereum/0xbe85fbd182af91290be7293438ae67549638189f/2e2a9b8e15f402c28d757e922d0ea13b.png","READY","Would download.",""
"9358","9358","RE-010060","ron-english-light-cult-9001-10000","YES","D:\github\ron-english-light-cult-9001-10000\images\9301-9400\LCCC-9358.png","https://i2c.seadn.io/ethereum/0xbe85fbd182af91290be7293438ae67549638189f/1cb638c9749dd0d86d735ab6146a74b4.png?w=350","https://i2c.seadn.io/ethereum/0xbe85fbd182af91290be7293438ae67549638189f/1cb638c9749dd0d86d735ab6146a74b4.png","READY","Would download.",""
"9359","9359","RE-010061","ron-english-light-cult-9001-10000","YES","D:\github\ron-english-light-cult-9001-10000\images\9301-9400\LCCC-9359.png","https://i2c.seadn.io/ethereum/0xbe85fbd182af91290be7293438ae67549638189f/ea47a4bd5ec9ac97d4ff2cba5fd61183.png?w=350","https://i2c.seadn.io/ethereum/0xbe85fbd182af91290be7293438ae67549638189f/ea47a4bd5ec9ac97d4ff2cba5fd61183.png","READY","Would download.",""
"9360","9360","RE-010062","ron-english-light-cult-9001-10000","YES","D:\github\ron-english-light-cult-9001-10000\images\9301-9400\LCCC-9360.png","https://i2c.seadn.io/ethereum/0xbe85fbd182af91290be7293438ae67549638189f/32fb54951996cdc8cf384fa756da5351.png?w=350","https://i2c.seadn.io/ethereum/0xbe85fbd182af91290be7293438ae67549638189f/32fb54951996cdc8cf384fa756da5351.png","READY","Would download.",""
"9361","9361","RE-010063","ron-english-light-cult-9001-10000","YES","D:\github\ron-english-light-cult-9001-10000\images\9301-9400\LCCC-9361.png","https://i2c.seadn.io/ethereum/0xbe85fbd182af91290be7293438ae67549638189f/5722b99c0bba35540e261709b0c69117.png?w=350","https://i2c.seadn.io/ethereum/0xbe85fbd182af91290be7293438ae67549638189f/5722b99c0bba35540e261709b0c69117.png","READY","Would download.",""
"9362","9362","RE-010064","ron-english-light-cult-9001-10000","YES","D:\github\ron-english-light-cult-9001-10000\images\9301-9400\LCCC-9362.png","https://i2c.seadn.io/ethereum/0xbe85fbd182af91290be7293438ae67549638189f/22449fd09e650ab6efef0b2416792446.png?w=350","https://i2c.seadn.io/ethereum/0xbe85fbd182af91290be7293438ae67549638189f/22449fd09e650ab6efef0b2416792446.png","READY","Would download.",""
"9363","9363","RE-010065","ron-english-light-cult-9001-10000","YES","D:\github\ron-english-light-cult-9001-10000\images\9301-9400\LCCC-9363.png","https://i2c.seadn.io/ethereum/0xbe85fbd182af91290be7293438ae67549638189f/e3518628bcbeba10612d4ac11a9dd80d.png?w=350","https://i2c.seadn.io/ethereum/0xbe85fbd182af91290be7293438ae67549638189f/e3518628bcbeba10612d4ac11a9dd80d.png","READY","Would download.",""
"9364","9364","RE-010066","ron-english-light-cult-9001-10000","YES","D:\github\ron-english-light-cult-9001-10000\images\9301-9400\LCCC-9364.png","https://i2c.seadn.io/ethereum/0xbe85fbd182af91290be7293438ae67549638189f/0e92db4b7e33e4c8e9e6132807779080.png?w=350","https://i2c.seadn.io/ethereum/0xbe85fbd182af91290be7293438ae67549638189f/0e92db4b7e33e4c8e9e6132807779080.png","READY","Would download.",""
"9365","9365","RE-010067","ron-english-light-cult-9001-10000","YES","D:\github\ron-english-light-cult-9001-10000\images\9301-9400\LCCC-9365.png","https://i2c.seadn.io/ethereum/0xbe85fbd182af91290be7293438ae67549638189f/d642d9a81aef945a513bdb9b4c68e95f.png?w=350","https://i2c.seadn.io/ethereum/0xbe85fbd182af91290be7293438ae67549638189f/d642d9a81aef945a513bdb9b4c68e95f.png","READY","Would download.",""
"9366","9366","RE-010068","ron-english-light-cult-9001-10000","YES","D:\github\ron-english-light-cult-9001-10000\images\9301-9400\LCCC-9366.png","https://i2c.seadn.io/ethereum/0xbe85fbd182af91290be7293438ae67549638189f/b4e477075748f573fca5b2989a274a/bbb4e477075748f573fca5b2989a274a.png?w=350","https://i2c.seadn.io/ethereum/0xbe85fbd182af91290be7293438ae67549638189f/b4e477075748f573fca5b2989a274a/bbb4e477075748f573fca5b2989a274a.png","READY","Would download.",""
"9368","9368","RE-010069","ron-english-light-cult-9001-10000","YES","D:\github\ron-english-light-cult-9001-10000\images\9301-9400\LCCC-9368.png","https://i2c.seadn.io/ethereum/0xbe85fbd182af91290be7293438ae67549638189f/c919492049bd0c45f255faf9abc9a208.png?w=350","https://i2c.seadn.io/ethereum/0xbe85fbd182af91290be7293438ae67549638189f/c919492049bd0c45f255faf9abc9a208.png","READY","Would download.",""
"9369","9369","RE-010070","ron-english-light-cult-9001-10000","YES","D:\github\ron-english-light-cult-9001-10000\images\9301-9400\LCCC-9369.png","https://i2c.seadn.io/ethereum/0xbe85fbd182af91290be7293438ae67549638189f/82a40583f653a93bacb3239c0de48b3d.png?w=350","https://i2c.seadn.io/ethereum/0xbe85fbd182af91290be7293438ae67549638189f/82a40583f653a93bacb3239c0de48b3d.png","READY","Would download.",""
"9370","9370","RE-010071","ron-english-light-cult-9001-10000","YES","D:\github\ron-english-light-cult-9001-10000\images\9301-9400\LCCC-9370.png","https://i2c.seadn.io/ethereum/0xbe85fbd182af91290be7293438ae67549638189f/d5ba1b2e8f422cd597c7ffb938f81ef8.png?w=350","https://i2c.seadn.io/ethereum/0xbe85fbd182af91290be7293438ae67549638189f/d5ba1b2e8f422cd597c7ffb938f81ef8.png","READY","Would download.",""
"9371","9371","RE-010072","ron-english-light-cult-9001-10000","YES","D:\github\ron-english-light-cult-9001-10000\images\9301-9400\LCCC-9371.png","https://i2c.seadn.io/ethereum/0xbe85fbd182af91290be7293438ae67549638189f/25d3f4fc85137b02c5436cfbfd57735a.png?w=350","https://i2c.seadn.io/ethereum/0xbe85fbd182af91290be7293438ae67549638189f/25d3f4fc85137b02c5436cfbfd57735a.png","READY","Would download.",""
"9372","9372","RE-010073","ron-english-light-cult-9001-10000","YES","D:\github\ron-english-light-cult-9001-10000\images\9301-9400\LCCC-9372.png","https://i2c.seadn.io/ethereum/0xbe85fbd182af91290be7293438ae67549638189f/b8750d90ff91482f5d9a5db6318e90de.png?w=350","https://i2c.seadn.io/ethereum/0xbe85fbd182af91290be7293438ae67549638189f/b8750d90ff91482f5d9a5db6318e90de.png","READY","Would download.",""
"9373","9373","RE-010074","ron-english-light-cult-9001-10000","YES","D:\github\ron-english-light-cult-9001-10000\images\9301-9400\LCCC-9373.png","https://i2c.seadn.io/ethereum/0xbe85fbd182af91290be7293438ae67549638189f/04a585a7f01aa9083d0edf3ee2c6ecab.png?w=350","https://i2c.seadn.io/ethereum/0xbe85fbd182af91290be7293438ae67549638189f/04a585a7f01aa9083d0edf3ee2c6ecab.png","READY","Would download.",""
"9375","9375","RE-010075","ron-english-light-cult-9001-10000","YES","D:\github\ron-english-light-cult-9001-10000\images\9301-9400\LCCC-9375.png","https://i2c.seadn.io/ethereum/0xbe85fbd182af91290be7293438ae67549638189f/1486a927f50829fb08830496691d8c39.png?w=350","https://i2c.seadn.io/ethereum/0xbe85fbd182af91290be7293438ae67549638189f/1486a927f50829fb08830496691d8c39.png","READY","Would download.",""
"9377","9377","RE-010076","ron-english-light-cult-9001-10000","YES","D:\github\ron-english-light-cult-9001-10000\images\9301-9400\LCCC-9377.png","https://i2c.seadn.io/ethereum/0xbe85fbd182af91290be7293438ae67549638189f/534f92121ac04a83c82e0b1abd8ac7ff.png?w=350","https://i2c.seadn.io/ethereum/0xbe85fbd182af91290be7293438ae67549638189f/534f92121ac04a83c82e0b1abd8ac7ff.png","READY","Would download.",""
"9378","9378","RE-010077","ron-english-light-cult-9001-10000","YES","D:\github\ron-english-light-cult-9001-10000\images\9301-9400\LCCC-9378.png","https://i2c.seadn.io/ethereum/0xbe85fbd182af91290be7293438ae67549638189f/944b2b57e0796c008a712536ab1a61ef.png?w=350","https://i2c.seadn.io/ethereum/0xbe85fbd182af91290be7293438ae67549638189f/944b2b57e0796c008a712536ab1a61ef.png","READY","Would download.",""
"9379","9379","RE-010078","ron-english-light-cult-9001-10000","YES","D:\github\ron-english-light-cult-9001-10000\images\9301-9400\LCCC-9379.png","https://i2c.seadn.io/ethereum/0xbe85fbd182af91290be7293438ae67549638189f/8d5ddcf39c915c57a4fd49f47932f518.png?w=350","https://i2c.seadn.io/ethereum/0xbe85fbd182af91290be7293438ae67549638189f/8d5ddcf39c915c57a4fd49f47932f518.png","READY","Would download.",""
"9380","9380","RE-010079","ron-english-light-cult-9001-10000","YES","D:\github\ron-english-light-cult-9001-10000\images\9301-9400\LCCC-9380.png","https://i2c.seadn.io/ethereum/0xbe85fbd182af91290be7293438ae67549638189f/de3f22fbd5cc60093a69f2bfd22c5d58.png?w=350","https://i2c.seadn.io/ethereum/0xbe85fbd182af91290be7293438ae67549638189f/de3f22fbd5cc60093a69f2bfd22c5d58.png","READY","Would download.",""
"9381","9381","RE-010080","ron-english-light-cult-9001-10000","YES","D:\github\ron-english-light-cult-9001-10000\images\9301-9400\LCCC-9381.png","https://i2c.seadn.io/ethereum/0xbe85fbd182af91290be7293438ae67549638189f/7fe0c6566f884fff46d816db09de3edb.png?w=350","https://i2c.seadn.io/ethereum/0xbe85fbd182af91290be7293438ae67549638189f/7fe0c6566f884fff46d816db09de3edb.png","READY","Would download.",""
"9382","9382","RE-010081","ron-english-light-cult-9001-10000","YES","D:\github\ron-english-light-cult-9001-10000\images\9301-9400\LCCC-9382.png","https://i2c.seadn.io/ethereum/0xbe85fbd182af91290be7293438ae67549638189f/1c1bd93324bb6a77febe0c89e0118b28.png?w=350","https://i2c.seadn.io/ethereum/0xbe85fbd182af91290be7293438ae67549638189f/1c1bd93324bb6a77febe0c89e0118b28.png","READY","Would download.",""
"9383","9383","RE-010082","ron-english-light-cult-9001-10000","YES","D:\github\ron-english-light-cult-9001-10000\images\9301-9400\LCCC-9383.png","https://i2c.seadn.io/ethereum/0xbe85fbd182af91290be7293438ae67549638189f/4406eee71ee52ab729a0b8f1754c15ad.png?w=350","https://i2c.seadn.io/ethereum/0xbe85fbd182af91290be7293438ae67549638189f/4406eee71ee52ab729a0b8f1754c15ad.png","READY","Would download.",""
"9384","9384","RE-010083","ron-english-light-cult-9001-10000","YES","D:\github\ron-english-light-cult-9001-10000\images\9301-9400\LCCC-9384.png","https://i2c.seadn.io/ethereum/0xbe85fbd182af91290be7293438ae67549638189f/5631e25f680dcb89d27fb9d5d8a2d714.png?w=350","https://i2c.seadn.io/ethereum/0xbe85fbd182af91290be7293438ae67549638189f/5631e25f680dcb89d27fb9d5d8a2d714.png","READY","Would download.",""
"9385","9385","RE-010084","ron-english-light-cult-9001-10000","YES","D:\github\ron-english-light-cult-9001-10000\images\9301-9400\LCCC-9385.png","https://i2c.seadn.io/ethereum/0xbe85fbd182af91290be7293438ae67549638189f/603fb5d1f8c70294adf097daf8af278a.png?w=350","https://i2c.seadn.io/ethereum/0xbe85fbd182af91290be7293438ae67549638189f/603fb5d1f8c70294adf097daf8af278a.png","READY","Would download.",""
"9387","9387","RE-010085","ron-english-light-cult-9001-10000","YES","D:\github\ron-english-light-cult-9001-10000\images\9301-9400\LCCC-9387.png","https://i2c.seadn.io/ethereum/0xbe85fbd182af91290be7293438ae67549638189f/26eddd6de8285836d4a2d44173b62a64.png?w=350","https://i2c.seadn.io/ethereum/0xbe85fbd182af91290be7293438ae67549638189f/26eddd6de8285836d4a2d44173b62a64.png","READY","Would download.",""
"9390","9390","RE-010086","ron-english-light-cult-9001-10000","YES","D:\github\ron-english-light-cult-9001-10000\images\9301-9400\LCCC-9390.png","https://i2c.seadn.io/ethereum/0xbe85fbd182af91290be7293438ae67549638189f/cdd93056701ac6de103be32e75c3bbcc.png?w=350","https://i2c.seadn.io/ethereum/0xbe85fbd182af91290be7293438ae67549638189f/cdd93056701ac6de103be32e75c3bbcc.png","READY","Would download.",""
"9391","9391","RE-010087","ron-english-light-cult-9001-10000","YES","D:\github\ron-english-light-cult-9001-10000\images\9301-9400\LCCC-9391.png","https://i2c.seadn.io/ethereum/0xbe85fbd182af91290be7293438ae67549638189f/cf65ba624df7b97f4dce53844e4a8b9c.png?w=350","https://i2c.seadn.io/ethereum/0xbe85fbd182af91290be7293438ae67549638189f/cf65ba624df7b97f4dce53844e4a8b9c.png","READY","Would download.",""
"9392","9392","RE-010088","ron-english-light-cult-9001-10000","YES","D:\github\ron-english-light-cult-9001-10000\images\9301-9400\LCCC-9392.png","https://i2c.seadn.io/ethereum/0xbe85fbd182af91290be7293438ae67549638189f/e446891f2e7f7f52ff6979f1f4cee1c0.png?w=350","https://i2c.seadn.io/ethereum/0xbe85fbd182af91290be7293438ae67549638189f/e446891f2e7f7f52ff6979f1f4cee1c0.png","READY","Would download.",""
"9393","9393","RE-010089","ron-english-light-cult-9001-10000","YES","D:\github\ron-english-light-cult-9001-10000\images\9301-9400\LCCC-9393.png","https://i2c.seadn.io/ethereum/0xbe85fbd182af91290be7293438ae67549638189f/aad4c1eb129ec4b1a40e6d7fe0c97d91.png?w=350","https://i2c.seadn.io/ethereum/0xbe85fbd182af91290be7293438ae67549638189f/aad4c1eb129ec4b1a40e6d7fe0c97d91.png","READY","Would download.",""
"9394","9394","RE-010090","ron-english-light-cult-9001-10000","YES","D:\github\ron-english-light-cult-9001-10000\images\9301-9400\LCCC-9394.png","https://i2c.seadn.io/ethereum/0xbe85fbd182af91290be7293438ae67549638189f/b685a92713530ede51601fd07d7ac598.png?w=350","https://i2c.seadn.io/ethereum/0xbe85fbd182af91290be7293438ae67549638189f/b685a92713530ede51601fd07d7ac598.png","READY","Would download.",""
"9395","9395","RE-010091","ron-english-light-cult-9001-10000","YES","D:\github\ron-english-light-cult-9001-10000\images\9301-9400\LCCC-9395.png","https://i2c.seadn.io/ethereum/0xbe85fbd182af91290be7293438ae67549638189f/91a1c7c4aea21bf38bfa2c010eb9dc7f.png?w=350","https://i2c.seadn.io/ethereum/0xbe85fbd182af91290be7293438ae67549638189f/91a1c7c4aea21bf38bfa2c010eb9dc7f.png","READY","Would download.",""
"9396","9396","RE-010092","ron-english-light-cult-9001-10000","YES","D:\github\ron-english-light-cult-9001-10000\images\9301-9400\LCCC-9396.png","https://i2c.seadn.io/ethereum/0xbe85fbd182af91290be7293438ae67549638189f/0f2db7ae5b33aa0d7ac3737652c52bbe.png?w=350","https://i2c.seadn.io/ethereum/0xbe85fbd182af91290be7293438ae67549638189f/0f2db7ae5b33aa0d7ac3737652c52bbe.png","READY","Would download.",""
"9398","9398","RE-010093","ron-english-light-cult-9001-10000","YES","D:\github\ron-english-light-cult-9001-10000\images\9301-9400\LCCC-9398.png","https://i2c.seadn.io/ethereum/0xbe85fbd182af91290be7293438ae67549638189f/f77d20eb46408ed504481d707b3eada2.png?w=350","https://i2c.seadn.io/ethereum/0xbe85fbd182af91290be7293438ae67549638189f/f77d20eb46408ed504481d707b3eada2.png","READY","Would download.",""
"9399","9399","RE-010094","ron-english-light-cult-9001-10000","YES","D:\github\ron-english-light-cult-9001-10000\images\9301-9400\LCCC-9399.png","https://i2c.seadn.io/ethereum/0xbe85fbd182af91290be7293438ae67549638189f/2807373763fc0e702cb3ca20a14270ba.png?w=350","https://i2c.seadn.io/ethereum/0xbe85fbd182af91290be7293438ae67549638189f/2807373763fc0e702cb3ca20a14270ba.png","READY","Would download.",""
"9400","9400","RE-010095","ron-english-light-cult-9001-10000","YES","D:\github\ron-english-light-cult-9001-10000\images\9301-9400\LCCC-9400.png","https://i2c.seadn.io/ethereum/0xbe85fbd182af91290be7293438ae67549638189f/b9bb6c0338117e9f541cb3dd9fdfc100.png?w=350","https://i2c.seadn.io/ethereum/0xbe85fbd182af91290be7293438ae67549638189f/b9bb6c0338117e9f541cb3dd9fdfc100.png","READY","Would download.",""
"9401","9401","RE-010096","ron-english-light-cult-9001-10000","YES","D:\github\ron-english-light-cult-9001-10000\images\9401-9500\LCCC-9401.png","https://i2c.seadn.io/ethereum/0xbe85fbd182af91290be7293438ae67549638189f/c702338ed4b196601a69e869724a4e8e.png?w=350","https://i2c.seadn.io/ethereum/0xbe85fbd182af91290be7293438ae67549638189f/c702338ed4b196601a69e869724a4e8e.png","READY","Would download.",""
"9402","9402","RE-010097","ron-english-light-cult-9001-10000","YES","D:\github\ron-english-light-cult-9001-10000\images\9401-9500\LCCC-9402.png","https://i2c.seadn.io/ethereum/0xbe85fbd182af91290be7293438ae67549638189f/43cd6a383fc1f00f8915191cd6e9fa50.png?w=350","https://i2c.seadn.io/ethereum/0xbe85fbd182af91290be7293438ae67549638189f/43cd6a383fc1f00f8915191cd6e9fa50.png","READY","Would download.",""
"9403","9403","RE-010098","ron-english-light-cult-9001-10000","YES","D:\github\ron-english-light-cult-9001-10000\images\9401-9500\LCCC-9403.png","https://i2c.seadn.io/ethereum/0xbe85fbd182af91290be7293438ae67549638189f/49d40d3800879abb49b7c33b16ce6d9c.png?w=350","https://i2c.seadn.io/ethereum/0xbe85fbd182af91290be7293438ae67549638189f/49d40d3800879abb49b7c33b16ce6d9c.png","READY","Would download.",""
"9404","9404","RE-010099","ron-english-light-cult-9001-10000","YES","D:\github\ron-english-light-cult-9001-10000\images\9401-9500\LCCC-9404.png","https://i2c.seadn.io/ethereum/0xbe85fbd182af91290be7293438ae67549638189f/0ef99afb448b56845f78a05343fdc6b8.png?w=350","https://i2c.seadn.io/ethereum/0xbe85fbd182af91290be7293438ae67549638189f/0ef99afb448b56845f78a05343fdc6b8.png","READY","Would download.",""
"9405","9405","RE-010100","ron-english-light-cult-9001-10000","YES","D:\github\ron-english-light-cult-9001-10000\images\9401-9500\LCCC-9405.png","https://i2c.seadn.io/ethereum/0xbe85fbd182af91290be7293438ae67549638189f/18c1f5ee713bd5ec64cab04855ab56c1.png?w=350","https://i2c.seadn.io/ethereum/0xbe85fbd182af91290be7293438ae67549638189f/18c1f5ee713bd5ec64cab04855ab56c1.png","READY","Would download.",""
"9406","9406","RE-010101","ron-english-light-cult-9001-10000","YES","D:\github\ron-english-light-cult-9001-10000\images\9401-9500\LCCC-9406.png","https://i2c.seadn.io/ethereum/0xbe85fbd182af91290be7293438ae67549638189f/a5af746f1636f30d75c897051ce78002.png?w=350","https://i2c.seadn.io/ethereum/0xbe85fbd182af91290be7293438ae67549638189f/a5af746f1636f30d75c897051ce78002.png","READY","Would download.",""
"9407","9407","RE-010102","ron-english-light-cult-9001-10000","YES","D:\github\ron-english-light-cult-9001-10000\images\9401-9500\LCCC-9407.png","https://i2c.seadn.io/ethereum/0xbe85fbd182af91290be7293438ae67549638189f/a4089e210eb19e35ded70dc34746dee5.png?w=350","https://i2c.seadn.io/ethereum/0xbe85fbd182af91290be7293438ae67549638189f/a4089e210eb19e35ded70dc34746dee5.png","READY","Would download.",""
"9408","9408","RE-010103","ron-english-light-cult-9001-10000","YES","D:\github\ron-english-light-cult-9001-10000\images\9401-9500\LCCC-9408.png","https://i2c.seadn.io/ethereum/0xbe85fbd182af91290be7293438ae67549638189f/8c4192d28d2116695bc5204e245fc2b1.png?w=350","https://i2c.seadn.io/ethereum/0xbe85fbd182af91290be7293438ae67549638189f/8c4192d28d2116695bc5204e245fc2b1.png","READY","Would download.",""
"9409","9409","RE-010104","ron-english-light-cult-9001-10000","YES","D:\github\ron-english-light-cult-9001-10000\images\9401-9500\LCCC-9409.png","https://i2c.seadn.io/ethereum/0xbe85fbd182af91290be7293438ae67549638189f/50a7996e08f61bfcfd78e9653636209a.png?w=350","https://i2c.seadn.io/ethereum/0xbe85fbd182af91290be7293438ae67549638189f/50a7996e08f61bfcfd78e9653636209a.png","READY","Would download.",""
"9410","9410","RE-010105","ron-english-light-cult-9001-10000","YES","D:\github\ron-english-light-cult-9001-10000\images\9401-9500\LCCC-9410.png","https://i2c.seadn.io/ethereum/0xbe85fbd182af91290be7293438ae67549638189f/0098455e83c7873132a3f241f74e23de.png?w=350","https://i2c.seadn.io/ethereum/0xbe85fbd182af91290be7293438ae67549638189f/0098455e83c7873132a3f241f74e23de.png","READY","Would download.",""
"9411","9411","RE-010106","ron-english-light-cult-9001-10000","YES","D:\github\ron-english-light-cult-9001-10000\images\9401-9500\LCCC-9411.png","https://i2c.seadn.io/ethereum/0xbe85fbd182af91290be7293438ae67549638189f/38580fe956a025618f3952a672fbed16.png?w=350","https://i2c.seadn.io/ethereum/0xbe85fbd182af91290be7293438ae67549638189f/38580fe956a025618f3952a672fbed16.png","READY","Would download.",""
"9412","9412","RE-010107","ron-english-light-cult-9001-10000","YES","D:\github\ron-english-light-cult-9001-10000\images\9401-9500\LCCC-9412.png","https://i2c.seadn.io/ethereum/0xbe85fbd182af91290be7293438ae67549638189f/f1e0537fd632bc96c0b1b6f10de6486a.png?w=350","https://i2c.seadn.io/ethereum/0xbe85fbd182af91290be7293438ae67549638189f/f1e0537fd632bc96c0b1b6f10de6486a.png","READY","Would download.",""
"9413","9413","RE-010108","ron-english-light-cult-9001-10000","YES","D:\github\ron-english-light-cult-9001-10000\images\9401-9500\LCCC-9413.png","https://i2c.seadn.io/ethereum/0xbe85fbd182af91290be7293438ae67549638189f/8bdcfbd35f60ed70a432a7bd3291850a.png?w=350","https://i2c.seadn.io/ethereum/0xbe85fbd182af91290be7293438ae67549638189f/8bdcfbd35f60ed70a432a7bd3291850a.png","READY","Would download.",""
"9414","9414","RE-010109","ron-english-light-cult-9001-10000","YES","D:\github\ron-english-light-cult-9001-10000\images\9401-9500\LCCC-9414.png","https://i2c.seadn.io/ethereum/0xbe85fbd182af91290be7293438ae67549638189f/c08d72f1f35b87389dec4a9600702818.png?w=350","https://i2c.seadn.io/ethereum/0xbe85fbd182af91290be7293438ae67549638189f/c08d72f1f35b87389dec4a9600702818.png","READY","Would download.",""
"9415","9415","RE-010110","ron-english-light-cult-9001-10000","YES","D:\github\ron-english-light-cult-9001-10000\images\9401-9500\LCCC-9415.png","https://i2c.seadn.io/ethereum/0xbe85fbd182af91290be7293438ae67549638189f/373aaf6cfe176ecb8c37946a001faad2.png?w=350","https://i2c.seadn.io/ethereum/0xbe85fbd182af91290be7293438ae67549638189f/373aaf6cfe176ecb8c37946a001faad2.png","READY","Would download.",""
"9416","9416","RE-010111","ron-english-light-cult-9001-10000","YES","D:\github\ron-english-light-cult-9001-10000\images\9401-9500\LCCC-9416.png","https://i2c.seadn.io/ethereum/0xbe85fbd182af91290be7293438ae67549638189f/1d403a27a9e6ab57c878db6caaa0e928.png?w=350","https://i2c.seadn.io/ethereum/0xbe85fbd182af91290be7293438ae67549638189f/1d403a27a9e6ab57c878db6caaa0e928.png","READY","Would download.",""
"9418","9418","RE-010112","ron-english-light-cult-9001-10000","YES","D:\github\ron-english-light-cult-9001-10000\images\9401-9500\LCCC-9418.png","https://i2c.seadn.io/ethereum/0xbe85fbd182af91290be7293438ae67549638189f/9b0dde641d27f272cc0ce1829924ab50.png?w=350","https://i2c.seadn.io/ethereum/0xbe85fbd182af91290be7293438ae67549638189f/9b0dde641d27f272cc0ce1829924ab50.png","READY","Would download.",""
"9419","9419","RE-010113","ron-english-light-cult-9001-10000","YES","D:\github\ron-english-light-cult-9001-10000\images\9401-9500\LCCC-9419.png","https://i2c.seadn.io/ethereum/0xbe85fbd182af91290be7293438ae67549638189f/f12a7106e6d32df6cfd070aec31ead91.png?w=350","https://i2c.seadn.io/ethereum/0xbe85fbd182af91290be7293438ae67549638189f/f12a7106e6d32df6cfd070aec31ead91.png","READY","Would download.",""
"9420","9420","RE-010114","ron-english-light-cult-9001-10000","YES","D:\github\ron-english-light-cult-9001-10000\images\9401-9500\LCCC-9420.png","https://i2c.seadn.io/ethereum/0xbe85fbd182af91290be7293438ae67549638189f/dfdeabd1c803ffc6a1aa86b82b6d7ab0.png?w=350","https://i2c.seadn.io/ethereum/0xbe85fbd182af91290be7293438ae67549638189f/dfdeabd1c803ffc6a1aa86b82b6d7ab0.png","READY","Would download.",""
"9423","9423","RE-010115","ron-english-light-cult-9001-10000","YES","D:\github\ron-english-light-cult-9001-10000\images\9401-9500\LCCC-9423.png","https://i2c.seadn.io/ethereum/0xbe85fbd182af91290be7293438ae67549638189f/fb4382dab755621ab02f2e866fbb24dc.png?w=350","https://i2c.seadn.io/ethereum/0xbe85fbd182af91290be7293438ae67549638189f/fb4382dab755621ab02f2e866fbb24dc.png","READY","Would download.",""
"9425","9425","RE-010116","ron-english-light-cult-9001-10000","YES","D:\github\ron-english-light-cult-9001-10000\images\9401-9500\LCCC-9425.png","https://i2c.seadn.io/ethereum/0xbe85fbd182af91290be7293438ae67549638189f/dacccff03d6ef2d66dd787f04de3d74e.png?w=350","https://i2c.seadn.io/ethereum/0xbe85fbd182af91290be7293438ae67549638189f/dacccff03d6ef2d66dd787f04de3d74e.png","READY","Would download.",""
"9427","9427","RE-010117","ron-english-light-cult-9001-10000","YES","D:\github\ron-english-light-cult-9001-10000\images\9401-9500\LCCC-9427.png","https://i2c.seadn.io/ethereum/0xbe85fbd182af91290be7293438ae67549638189f/78bce459d227147da5d4c1acc66abe0a.png?w=350","https://i2c.seadn.io/ethereum/0xbe85fbd182af91290be7293438ae67549638189f/78bce459d227147da5d4c1acc66abe0a.png","READY","Would download.",""
"9428","9428","RE-010118","ron-english-light-cult-9001-10000","YES","D:\github\ron-english-light-cult-9001-10000\images\9401-9500\LCCC-9428.png","https://i2c.seadn.io/ethereum/0xbe85fbd182af91290be7293438ae67549638189f/f329c71191846121e95cb5bc1f9db504.png?w=350","https://i2c.seadn.io/ethereum/0xbe85fbd182af91290be7293438ae67549638189f/f329c71191846121e95cb5bc1f9db504.png","READY","Would download.",""
"9429","9429","RE-010119","ron-english-light-cult-9001-10000","YES","D:\github\ron-english-light-cult-9001-10000\images\9401-9500\LCCC-9429.png","https://i2c.seadn.io/ethereum/0xbe85fbd182af91290be7293438ae67549638189f/c23a13ce8a217bd1683083959fde8c22.png?w=350","https://i2c.seadn.io/ethereum/0xbe85fbd182af91290be7293438ae67549638189f/c23a13ce8a217bd1683083959fde8c22.png","READY","Would download.",""
"9430","9430","RE-010120","ron-english-light-cult-9001-10000","YES","D:\github\ron-english-light-cult-9001-10000\images\9401-9500\LCCC-9430.png","https://i2c.seadn.io/ethereum/0xbe85fbd182af91290be7293438ae67549638189f/82e02f11e7bd0299950869bf18cf27c8.png?w=350","https://i2c.seadn.io/ethereum/0xbe85fbd182af91290be7293438ae67549638189f/82e02f11e7bd0299950869bf18cf27c8.png","READY","Would download.",""
"9431","9431","RE-010121","ron-english-light-cult-9001-10000","YES","D:\github\ron-english-light-cult-9001-10000\images\9401-9500\LCCC-9431.png","https://i2c.seadn.io/ethereum/0xbe85fbd182af91290be7293438ae67549638189f/4d3e1614f598b47d505009824573f94e.png?w=350","https://i2c.seadn.io/ethereum/0xbe85fbd182af91290be7293438ae67549638189f/4d3e1614f598b47d505009824573f94e.png","READY","Would download.",""
"9432","9432","RE-010122","ron-english-light-cult-9001-10000","YES","D:\github\ron-english-light-cult-9001-10000\images\9401-9500\LCCC-9432.png","https://i2c.seadn.io/ethereum/0xbe85fbd182af91290be7293438ae67549638189f/12172818dc95cec0ab841d0a8c44da5c.png?w=350","https://i2c.seadn.io/ethereum/0xbe85fbd182af91290be7293438ae67549638189f/12172818dc95cec0ab841d0a8c44da5c.png","READY","Would download.",""
"9434","9434","RE-010123","ron-english-light-cult-9001-10000","YES","D:\github\ron-english-light-cult-9001-10000\images\9401-9500\LCCC-9434.png","https://i2c.seadn.io/ethereum/0xbe85fbd182af91290be7293438ae67549638189f/8a962a148d174e1b3df773fc118ed13d.png?w=350","https://i2c.seadn.io/ethereum/0xbe85fbd182af91290be7293438ae67549638189f/8a962a148d174e1b3df773fc118ed13d.png","READY","Would download.",""
"9435","9435","RE-010124","ron-english-light-cult-9001-10000","YES","D:\github\ron-english-light-cult-9001-10000\images\9401-9500\LCCC-9435.png","https://i2c.seadn.io/ethereum/0xbe85fbd182af91290be7293438ae67549638189f/e03aef89ffb133cdddcc3e416c82e9fb.png?w=350","https://i2c.seadn.io/ethereum/0xbe85fbd182af91290be7293438ae67549638189f/e03aef89ffb133cdddcc3e416c82e9fb.png","READY","Would download.",""
"9436","9436","RE-010125","ron-english-light-cult-9001-10000","YES","D:\github\ron-english-light-cult-9001-10000\images\9401-9500\LCCC-9436.png","https://i2c.seadn.io/ethereum/0xbe85fbd182af91290be7293438ae67549638189f/5396727bea096dd6b1478e84dc1d447f.png?w=350","https://i2c.seadn.io/ethereum/0xbe85fbd182af91290be7293438ae67549638189f/5396727bea096dd6b1478e84dc1d447f.png","READY","Would download.",""
"9437","9437","RE-010126","ron-english-light-cult-9001-10000","YES","D:\github\ron-english-light-cult-9001-10000\images\9401-9500\LCCC-9437.png","https://i2c.seadn.io/ethereum/0xbe85fbd182af91290be7293438ae67549638189f/c970d984303492d84564aa16a5d3d211.png?w=350","https://i2c.seadn.io/ethereum/0xbe85fbd182af91290be7293438ae67549638189f/c970d984303492d84564aa16a5d3d211.png","READY","Would download.",""
"9438","9438","RE-010127","ron-english-light-cult-9001-10000","YES","D:\github\ron-english-light-cult-9001-10000\images\9401-9500\LCCC-9438.png","https://i2c.seadn.io/ethereum/0xbe85fbd182af91290be7293438ae67549638189f/0bae84504e3ba613506b85290fec4bb1.png?w=350","https://i2c.seadn.io/ethereum/0xbe85fbd182af91290be7293438ae67549638189f/0bae84504e3ba613506b85290fec4bb1.png","READY","Would download.",""
"9439","9439","RE-010128","ron-english-light-cult-9001-10000","YES","D:\github\ron-english-light-cult-9001-10000\images\9401-9500\LCCC-9439.png","https://i2c.seadn.io/ethereum/0xbe85fbd182af91290be7293438ae67549638189f/937a0f33ebcb36a5ccf8d797893d68d3.png?w=350","https://i2c.seadn.io/ethereum/0xbe85fbd182af91290be7293438ae67549638189f/937a0f33ebcb36a5ccf8d797893d68d3.png","READY","Would download.",""
"9440","9440","RE-010129","ron-english-light-cult-9001-10000","YES","D:\github\ron-english-light-cult-9001-10000\images\9401-9500\LCCC-9440.png","https://i2c.seadn.io/ethereum/0xbe85fbd182af91290be7293438ae67549638189f/f1706a0e3293d53f83598962dfc5a415.png?w=350","https://i2c.seadn.io/ethereum/0xbe85fbd182af91290be7293438ae67549638189f/f1706a0e3293d53f83598962dfc5a415.png","READY","Would download.",""
"9441","9441","RE-010130","ron-english-light-cult-9001-10000","YES","D:\github\ron-english-light-cult-9001-10000\images\9401-9500\LCCC-9441.png","https://i2c.seadn.io/ethereum/0xbe85fbd182af91290be7293438ae67549638189f/36f0efe6b8cb8bf2e1606331078fab04.png?w=350","https://i2c.seadn.io/ethereum/0xbe85fbd182af91290be7293438ae67549638189f/36f0efe6b8cb8bf2e1606331078fab04.png","READY","Would download.",""
"9442","9442","RE-010131","ron-english-light-cult-9001-10000","YES","D:\github\ron-english-light-cult-9001-10000\images\9401-9500\LCCC-9442.png","https://i2c.seadn.io/ethereum/0xbe85fbd182af91290be7293438ae67549638189f/2ee03c80e9300d57d1c982ed0c6724ee.png?w=350","https://i2c.seadn.io/ethereum/0xbe85fbd182af91290be7293438ae67549638189f/2ee03c80e9300d57d1c982ed0c6724ee.png","READY","Would download.",""
"9443","9443","RE-010132","ron-english-light-cult-9001-10000","YES","D:\github\ron-english-light-cult-9001-10000\images\9401-9500\LCCC-9443.png","https://i2c.seadn.io/ethereum/0xbe85fbd182af91290be7293438ae67549638189f/1b4f772cab0fb793b633bf30f688d284.png?w=350","https://i2c.seadn.io/ethereum/0xbe85fbd182af91290be7293438ae67549638189f/1b4f772cab0fb793b633bf30f688d284.png","READY","Would download.",""
"9444","9444","RE-010133","ron-english-light-cult-9001-10000","YES","D:\github\ron-english-light-cult-9001-10000\images\9401-9500\LCCC-9444.png","https://i2c.seadn.io/ethereum/0xbe85fbd182af91290be7293438ae67549638189f/9d00a2a274fe49ed028f555ddc722952.png?w=350","https://i2c.seadn.io/ethereum/0xbe85fbd182af91290be7293438ae67549638189f/9d00a2a274fe49ed028f555ddc722952.png","READY","Would download.",""
"9445","9445","RE-010134","ron-english-light-cult-9001-10000","YES","D:\github\ron-english-light-cult-9001-10000\images\9401-9500\LCCC-9445.png","https://i2c.seadn.io/ethereum/0xbe85fbd182af91290be7293438ae67549638189f/35a6f57c31c6d4047d91a2f8a46c8abb.png?w=350","https://i2c.seadn.io/ethereum/0xbe85fbd182af91290be7293438ae67549638189f/35a6f57c31c6d4047d91a2f8a46c8abb.png","READY","Would download.",""
"9447","9447","RE-010135","ron-english-light-cult-9001-10000","YES","D:\github\ron-english-light-cult-9001-10000\images\9401-9500\LCCC-9447.png","https://i2c.seadn.io/ethereum/0xbe85fbd182af91290be7293438ae67549638189f/055e94f10e43391ce0dd5e1507287435.png?w=350","https://i2c.seadn.io/ethereum/0xbe85fbd182af91290be7293438ae67549638189f/055e94f10e43391ce0dd5e1507287435.png","READY","Would download.",""
"9448","9448","RE-010136","ron-english-light-cult-9001-10000","YES","D:\github\ron-english-light-cult-9001-10000\images\9401-9500\LCCC-9448.png","https://i2c.seadn.io/ethereum/0xbe85fbd182af91290be7293438ae67549638189f/6d19cf6526e948b3e3756e3f812ba587.png?w=350","https://i2c.seadn.io/ethereum/0xbe85fbd182af91290be7293438ae67549638189f/6d19cf6526e948b3e3756e3f812ba587.png","READY","Would download.",""
"9449","9449","RE-010137","ron-english-light-cult-9001-10000","YES","D:\github\ron-english-light-cult-9001-10000\images\9401-9500\LCCC-9449.png","https://i2c.seadn.io/ethereum/0xbe85fbd182af91290be7293438ae67549638189f/d9823ab445fcabccf2e69ccba44e7d4d.png?w=350","https://i2c.seadn.io/ethereum/0xbe85fbd182af91290be7293438ae67549638189f/d9823ab445fcabccf2e69ccba44e7d4d.png","READY","Would download.",""
"9450","9450","RE-010138","ron-english-light-cult-9001-10000","YES","D:\github\ron-english-light-cult-9001-10000\images\9401-9500\LCCC-9450.png","https://i2c.seadn.io/ethereum/0xbe85fbd182af91290be7293438ae67549638189f/a54f3a34268d5eeae5b144b6dac55709.png?w=350","https://i2c.seadn.io/ethereum/0xbe85fbd182af91290be7293438ae67549638189f/a54f3a34268d5eeae5b144b6dac55709.png","READY","Would download.",""
"9451","9451","RE-010139","ron-english-light-cult-9001-10000","YES","D:\github\ron-english-light-cult-9001-10000\images\9401-9500\LCCC-9451.png","https://i2c.seadn.io/ethereum/0xbe85fbd182af91290be7293438ae67549638189f/67e288b48eba38e280e55aefaa63b52d.png?w=350","https://i2c.seadn.io/ethereum/0xbe85fbd182af91290be7293438ae67549638189f/67e288b48eba38e280e55aefaa63b52d.png","READY","Would download.",""
"9452","9452","RE-010140","ron-english-light-cult-9001-10000","YES","D:\github\ron-english-light-cult-9001-10000\images\9401-9500\LCCC-9452.png","https://i2c.seadn.io/ethereum/0xbe85fbd182af91290be7293438ae67549638189f/eae1256db7673a342e2f86088e5498a0.png?w=350","https://i2c.seadn.io/ethereum/0xbe85fbd182af91290be7293438ae67549638189f/eae1256db7673a342e2f86088e5498a0.png","READY","Would download.",""
"9453","9453","RE-010141","ron-english-light-cult-9001-10000","YES","D:\github\ron-english-light-cult-9001-10000\images\9401-9500\LCCC-9453.png","https://i2c.seadn.io/ethereum/0xbe85fbd182af91290be7293438ae67549638189f/7c17b99427119f987aece56969341a72.png?w=350","https://i2c.seadn.io/ethereum/0xbe85fbd182af91290be7293438ae67549638189f/7c17b99427119f987aece56969341a72.png","READY","Would download.",""
"9455","9455","RE-010142","ron-english-light-cult-9001-10000","YES","D:\github\ron-english-light-cult-9001-10000\images\9401-9500\LCCC-9455.png","https://i2c.seadn.io/ethereum/0xbe85fbd182af91290be7293438ae67549638189f/d626edd7cf11a47876d73df2384310c0.png?w=350","https://i2c.seadn.io/ethereum/0xbe85fbd182af91290be7293438ae67549638189f/d626edd7cf11a47876d73df2384310c0.png","READY","Would download.",""
"9456","9456","RE-010143","ron-english-light-cult-9001-10000","YES","D:\github\ron-english-light-cult-9001-10000\images\9401-9500\LCCC-9456.png","https://i2c.seadn.io/ethereum/0xbe85fbd182af91290be7293438ae67549638189f/3fb9c8db05495b2fb94f555a98052f03.png?w=350","https://i2c.seadn.io/ethereum/0xbe85fbd182af91290be7293438ae67549638189f/3fb9c8db05495b2fb94f555a98052f03.png","READY","Would download.",""
"9457","9457","RE-010144","ron-english-light-cult-9001-10000","YES","D:\github\ron-english-light-cult-9001-10000\images\9401-9500\LCCC-9457.png","https://i2c.seadn.io/ethereum/0xbe85fbd182af91290be7293438ae67549638189f/d6c52d1e253e37d12b234ef09c81f0ec.png?w=350","https://i2c.seadn.io/ethereum/0xbe85fbd182af91290be7293438ae67549638189f/d6c52d1e253e37d12b234ef09c81f0ec.png","READY","Would download.",""
"9458","9458","RE-010145","ron-english-light-cult-9001-10000","YES","D:\github\ron-english-light-cult-9001-10000\images\9401-9500\LCCC-9458.png","https://i2c.seadn.io/ethereum/0xbe85fbd182af91290be7293438ae67549638189f/9b23d3938ec66bc1b4a6fd9b003814e4.png?w=350","https://i2c.seadn.io/ethereum/0xbe85fbd182af91290be7293438ae67549638189f/9b23d3938ec66bc1b4a6fd9b003814e4.png","READY","Would download.",""
"9459","9459","RE-010146","ron-english-light-cult-9001-10000","YES","D:\github\ron-english-light-cult-9001-10000\images\9401-9500\LCCC-9459.png","https://i2c.seadn.io/ethereum/0xbe85fbd182af91290be7293438ae67549638189f/c05b21ed86612331c8490d972c9fa8ea.png?w=350","https://i2c.seadn.io/ethereum/0xbe85fbd182af91290be7293438ae67549638189f/c05b21ed86612331c8490d972c9fa8ea.png","READY","Would download.",""
"9460","9460","RE-010147","ron-english-light-cult-9001-10000","YES","D:\github\ron-english-light-cult-9001-10000\images\9401-9500\LCCC-9460.png","https://i2c.seadn.io/ethereum/0xbe85fbd182af91290be7293438ae67549638189f/d14693b882d2b77afd45f854579dc822.png?w=350","https://i2c.seadn.io/ethereum/0xbe85fbd182af91290be7293438ae67549638189f/d14693b882d2b77afd45f854579dc822.png","READY","Would download.",""
"9461","9461","RE-010148","ron-english-light-cult-9001-10000","YES","D:\github\ron-english-light-cult-9001-10000\images\9401-9500\LCCC-9461.png","https://i2c.seadn.io/ethereum/0xbe85fbd182af91290be7293438ae67549638189f/5799ef75b6d2c0e75feed2a08a1be9d5.png?w=350","https://i2c.seadn.io/ethereum/0xbe85fbd182af91290be7293438ae67549638189f/5799ef75b6d2c0e75feed2a08a1be9d5.png","READY","Would download.",""
"9462","9462","RE-010149","ron-english-light-cult-9001-10000","YES","D:\github\ron-english-light-cult-9001-10000\images\9401-9500\LCCC-9462.png","https://i2c.seadn.io/ethereum/0xbe85fbd182af91290be7293438ae67549638189f/73d4c9abea8fb26bb521b71077ec151c.png?w=350","https://i2c.seadn.io/ethereum/0xbe85fbd182af91290be7293438ae67549638189f/73d4c9abea8fb26bb521b71077ec151c.png","READY","Would download.",""
"9463","9463","RE-010150","ron-english-light-cult-9001-10000","YES","D:\github\ron-english-light-cult-9001-10000\images\9401-9500\LCCC-9463.png","https://i2c.seadn.io/ethereum/0xbe85fbd182af91290be7293438ae67549638189f/75b4f4fa8653d10a42d01ea0cba2aa33.png?w=350","https://i2c.seadn.io/ethereum/0xbe85fbd182af91290be7293438ae67549638189f/75b4f4fa8653d10a42d01ea0cba2aa33.png","READY","Would download.",""
"9464","9464","RE-010151","ron-english-light-cult-9001-10000","YES","D:\github\ron-english-light-cult-9001-10000\images\9401-9500\LCCC-9464.png","https://i2c.seadn.io/ethereum/0xbe85fbd182af91290be7293438ae67549638189f/01d1e4fc70904acf7bf8b89db5175cad.png?w=350","https://i2c.seadn.io/ethereum/0xbe85fbd182af91290be7293438ae67549638189f/01d1e4fc70904acf7bf8b89db5175cad.png","READY","Would download.",""
"9465","9465","RE-010152","ron-english-light-cult-9001-10000","YES","D:\github\ron-english-light-cult-9001-10000\images\9401-9500\LCCC-9465.png","https://i2c.seadn.io/ethereum/0xbe85fbd182af91290be7293438ae67549638189f/54ca0ecab2c0d3c21b9ab69dad2f24e6.png?w=350","https://i2c.seadn.io/ethereum/0xbe85fbd182af91290be7293438ae67549638189f/54ca0ecab2c0d3c21b9ab69dad2f24e6.png","READY","Would download.",""
"9466","9466","RE-010153","ron-english-light-cult-9001-10000","YES","D:\github\ron-english-light-cult-9001-10000\images\9401-9500\LCCC-9466.png","https://i2c.seadn.io/ethereum/0xbe85fbd182af91290be7293438ae67549638189f/974037bf9bb29dab79e3598a40493020.png?w=350","https://i2c.seadn.io/ethereum/0xbe85fbd182af91290be7293438ae67549638189f/974037bf9bb29dab79e3598a40493020.png","READY","Would download.",""
"9467","9467","RE-010154","ron-english-light-cult-9001-10000","YES","D:\github\ron-english-light-cult-9001-10000\images\9401-9500\LCCC-9467.png","https://i2c.seadn.io/ethereum/0xbe85fbd182af91290be7293438ae67549638189f/3d9e86f1289549dd90d7324febb485e2.png?w=350","https://i2c.seadn.io/ethereum/0xbe85fbd182af91290be7293438ae67549638189f/3d9e86f1289549dd90d7324febb485e2.png","READY","Would download.",""
"9468","9468","RE-010155","ron-english-light-cult-9001-10000","YES","D:\github\ron-english-light-cult-9001-10000\images\9401-9500\LCCC-9468.png","https://i2c.seadn.io/ethereum/0xbe85fbd182af91290be7293438ae67549638189f/3b40ed29c189555e120a3fd4115fce59.png?w=350","https://i2c.seadn.io/ethereum/0xbe85fbd182af91290be7293438ae67549638189f/3b40ed29c189555e120a3fd4115fce59.png","READY","Would download.",""
"9469","9469","RE-010156","ron-english-light-cult-9001-10000","YES","D:\github\ron-english-light-cult-9001-10000\images\9401-9500\LCCC-9469.png","https://i2c.seadn.io/ethereum/0xbe85fbd182af91290be7293438ae67549638189f/88ecb099c69175c88e2fb60a89501f69.png?w=350","https://i2c.seadn.io/ethereum/0xbe85fbd182af91290be7293438ae67549638189f/88ecb099c69175c88e2fb60a89501f69.png","READY","Would download.",""
"9470","9470","RE-010157","ron-english-light-cult-9001-10000","YES","D:\github\ron-english-light-cult-9001-10000\images\9401-9500\LCCC-9470.png","https://i2c.seadn.io/ethereum/0xbe85fbd182af91290be7293438ae67549638189f/913eca9e1dbe254e82f6fd06c826a1f1.png?w=350","https://i2c.seadn.io/ethereum/0xbe85fbd182af91290be7293438ae67549638189f/913eca9e1dbe254e82f6fd06c826a1f1.png","READY","Would download.",""
"9471","9471","RE-010158","ron-english-light-cult-9001-10000","YES","D:\github\ron-english-light-cult-9001-10000\images\9401-9500\LCCC-9471.png","https://i2c.seadn.io/ethereum/0xbe85fbd182af91290be7293438ae67549638189f/71a491af389654ffb3eb5459e2d98811.png?w=350","https://i2c.seadn.io/ethereum/0xbe85fbd182af91290be7293438ae67549638189f/71a491af389654ffb3eb5459e2d98811.png","READY","Would download.",""
"9472","9472","RE-010159","ron-english-light-cult-9001-10000","YES","D:\github\ron-english-light-cult-9001-10000\images\9401-9500\LCCC-9472.png","https://i2c.seadn.io/ethereum/0xbe85fbd182af91290be7293438ae67549638189f/616a477ad38b5a82e33672f5b1e62acb.png?w=350","https://i2c.seadn.io/ethereum/0xbe85fbd182af91290be7293438ae67549638189f/616a477ad38b5a82e33672f5b1e62acb.png","READY","Would download.",""
"9473","9473","RE-010160","ron-english-light-cult-9001-10000","YES","D:\github\ron-english-light-cult-9001-10000\images\9401-9500\LCCC-9473.png","https://i2c.seadn.io/ethereum/0xbe85fbd182af91290be7293438ae67549638189f/1810c4375a82562446512ce46d6c5314.png?w=350","https://i2c.seadn.io/ethereum/0xbe85fbd182af91290be7293438ae67549638189f/1810c4375a82562446512ce46d6c5314.png","READY","Would download.",""
"9474","9474","RE-010161","ron-english-light-cult-9001-10000","YES","D:\github\ron-english-light-cult-9001-10000\images\9401-9500\LCCC-9474.png","https://i2c.seadn.io/ethereum/0xbe85fbd182af91290be7293438ae67549638189f/8a4b41dd29845f7c217fa157369607a9.png?w=350","https://i2c.seadn.io/ethereum/0xbe85fbd182af91290be7293438ae67549638189f/8a4b41dd29845f7c217fa157369607a9.png","READY","Would download.",""
"9475","9475","RE-010162","ron-english-light-cult-9001-10000","YES","D:\github\ron-english-light-cult-9001-10000\images\9401-9500\LCCC-9475.png","https://i2c.seadn.io/ethereum/0xbe85fbd182af91290be7293438ae67549638189f/9f439ef7b5a51a638c4c3825aa66093b.png?w=350","https://i2c.seadn.io/ethereum/0xbe85fbd182af91290be7293438ae67549638189f/9f439ef7b5a51a638c4c3825aa66093b.png","READY","Would download.",""
"9476","9476","RE-010163","ron-english-light-cult-9001-10000","YES","D:\github\ron-english-light-cult-9001-10000\images\9401-9500\LCCC-9476.png","https://i2c.seadn.io/ethereum/0xbe85fbd182af91290be7293438ae67549638189f/6b51bf24d607a77abd13f0ccf0c8ccbd.png?w=350","https://i2c.seadn.io/ethereum/0xbe85fbd182af91290be7293438ae67549638189f/6b51bf24d607a77abd13f0ccf0c8ccbd.png","READY","Would download.",""
"9477","9477","RE-010164","ron-english-light-cult-9001-10000","YES","D:\github\ron-english-light-cult-9001-10000\images\9401-9500\LCCC-9477.png","https://i2c.seadn.io/ethereum/0xbe85fbd182af91290be7293438ae67549638189f/0ad22604b3d97d6de628c32919ec3c5e.png?w=350","https://i2c.seadn.io/ethereum/0xbe85fbd182af91290be7293438ae67549638189f/0ad22604b3d97d6de628c32919ec3c5e.png","READY","Would download.",""
"9479","9479","RE-010165","ron-english-light-cult-9001-10000","YES","D:\github\ron-english-light-cult-9001-10000\images\9401-9500\LCCC-9479.png","https://i2c.seadn.io/ethereum/0xbe85fbd182af91290be7293438ae67549638189f/06ca2ea72eca070551e30940ff4819a7.png?w=350","https://i2c.seadn.io/ethereum/0xbe85fbd182af91290be7293438ae67549638189f/06ca2ea72eca070551e30940ff4819a7.png","READY","Would download.",""
"9480","9480","RE-010166","ron-english-light-cult-9001-10000","YES","D:\github\ron-english-light-cult-9001-10000\images\9401-9500\LCCC-9480.png","https://i2c.seadn.io/ethereum/0xbe85fbd182af91290be7293438ae67549638189f/f12c5a4721da79c1821abf45c5be839e.png?w=350","https://i2c.seadn.io/ethereum/0xbe85fbd182af91290be7293438ae67549638189f/f12c5a4721da79c1821abf45c5be839e.png","READY","Would download.",""
"9481","9481","RE-010167","ron-english-light-cult-9001-10000","YES","D:\github\ron-english-light-cult-9001-10000\images\9401-9500\LCCC-9481.png","https://i2c.seadn.io/ethereum/0xbe85fbd182af91290be7293438ae67549638189f/23f458a04aef908ae720863b285b58c7.png?w=350","https://i2c.seadn.io/ethereum/0xbe85fbd182af91290be7293438ae67549638189f/23f458a04aef908ae720863b285b58c7.png","READY","Would download.",""
"9482","9482","RE-010168","ron-english-light-cult-9001-10000","YES","D:\github\ron-english-light-cult-9001-10000\images\9401-9500\LCCC-9482.png","https://i2c.seadn.io/ethereum/0xbe85fbd182af91290be7293438ae67549638189f/fea30ad1d999a9c5d66341072fe3cd42.png?w=350","https://i2c.seadn.io/ethereum/0xbe85fbd182af91290be7293438ae67549638189f/fea30ad1d999a9c5d66341072fe3cd42.png","READY","Would download.",""
"9485","9485","RE-010169","ron-english-light-cult-9001-10000","YES","D:\github\ron-english-light-cult-9001-10000\images\9401-9500\LCCC-9485.png","https://i2c.seadn.io/ethereum/0xbe85fbd182af91290be7293438ae67549638189f/3085b1dcae479bfd0459f45b694ab032.png?w=350","https://i2c.seadn.io/ethereum/0xbe85fbd182af91290be7293438ae67549638189f/3085b1dcae479bfd0459f45b694ab032.png","READY","Would download.",""
"9486","9486","RE-010170","ron-english-light-cult-9001-10000","YES","D:\github\ron-english-light-cult-9001-10000\images\9401-9500\LCCC-9486.png","https://i2c.seadn.io/ethereum/0xbe85fbd182af91290be7293438ae67549638189f/83e1a3b3b9d1a1aeafb10c099a2761fa.png?w=350","https://i2c.seadn.io/ethereum/0xbe85fbd182af91290be7293438ae67549638189f/83e1a3b3b9d1a1aeafb10c099a2761fa.png","READY","Would download.",""
"9487","9487","RE-010171","ron-english-light-cult-9001-10000","YES","D:\github\ron-english-light-cult-9001-10000\images\9401-9500\LCCC-9487.png","https://i2c.seadn.io/ethereum/0xbe85fbd182af91290be7293438ae67549638189f/18b22a106a9bac1367409bbd1de4c217.png?w=350","https://i2c.seadn.io/ethereum/0xbe85fbd182af91290be7293438ae67549638189f/18b22a106a9bac1367409bbd1de4c217.png","READY","Would download.",""
"9488","9488","RE-010172","ron-english-light-cult-9001-10000","YES","D:\github\ron-english-light-cult-9001-10000\images\9401-9500\LCCC-9488.png","https://i2c.seadn.io/ethereum/0xbe85fbd182af91290be7293438ae67549638189f/403d6d83b4b396c373a87c43dcd5bae4.png?w=350","https://i2c.seadn.io/ethereum/0xbe85fbd182af91290be7293438ae67549638189f/403d6d83b4b396c373a87c43dcd5bae4.png","READY","Would download.",""
"9489","9489","RE-010173","ron-english-light-cult-9001-10000","YES","D:\github\ron-english-light-cult-9001-10000\images\9401-9500\LCCC-9489.png","https://i2c.seadn.io/ethereum/0xbe85fbd182af91290be7293438ae67549638189f/004109beb72b95543e483bcff93d8fc7.png?w=350","https://i2c.seadn.io/ethereum/0xbe85fbd182af91290be7293438ae67549638189f/004109beb72b95543e483bcff93d8fc7.png","READY","Would download.",""
"9490","9490","RE-010174","ron-english-light-cult-9001-10000","YES","D:\github\ron-english-light-cult-9001-10000\images\9401-9500\LCCC-9490.png","https://i2c.seadn.io/ethereum/0xbe85fbd182af91290be7293438ae67549638189f/207090d39c135b221d7b1e42587b5082.png?w=350","https://i2c.seadn.io/ethereum/0xbe85fbd182af91290be7293438ae67549638189f/207090d39c135b221d7b1e42587b5082.png","READY","Would download.",""
"9491","9491","RE-010175","ron-english-light-cult-9001-10000","YES","D:\github\ron-english-light-cult-9001-10000\images\9401-9500\LCCC-9491.png","https://i2c.seadn.io/ethereum/0xbe85fbd182af91290be7293438ae67549638189f/30b1edd40385bd9febd684ed61a8565a.png?w=350","https://i2c.seadn.io/ethereum/0xbe85fbd182af91290be7293438ae67549638189f/30b1edd40385bd9febd684ed61a8565a.png","READY","Would download.",""
"9492","9492","RE-010176","ron-english-light-cult-9001-10000","YES","D:\github\ron-english-light-cult-9001-10000\images\9401-9500\LCCC-9492.png","https://i2c.seadn.io/ethereum/0xbe85fbd182af91290be7293438ae67549638189f/b4b7aa8a7fa05d68a999bc2822abaed4.png?w=350","https://i2c.seadn.io/ethereum/0xbe85fbd182af91290be7293438ae67549638189f/b4b7aa8a7fa05d68a999bc2822abaed4.png","READY","Would download.",""
"9495","9495","RE-010177","ron-english-light-cult-9001-10000","YES","D:\github\ron-english-light-cult-9001-10000\images\9401-9500\LCCC-9495.png","https://i2c.seadn.io/ethereum/0xbe85fbd182af91290be7293438ae67549638189f/98cd8acc1ab5b0359c239994373fc351.png?w=350","https://i2c.seadn.io/ethereum/0xbe85fbd182af91290be7293438ae67549638189f/98cd8acc1ab5b0359c239994373fc351.png","READY","Would download.",""
"9496","9496","RE-010178","ron-english-light-cult-9001-10000","YES","D:\github\ron-english-light-cult-9001-10000\images\9401-9500\LCCC-9496.png","https://i2c.seadn.io/ethereum/0xbe85fbd182af91290be7293438ae67549638189f/c6f2e79d61e7ec9c48a939b234c70367.png?w=350","https://i2c.seadn.io/ethereum/0xbe85fbd182af91290be7293438ae67549638189f/c6f2e79d61e7ec9c48a939b234c70367.png","READY","Would download.",""
"9497","9497","RE-010179","ron-english-light-cult-9001-10000","YES","D:\github\ron-english-light-cult-9001-10000\images\9401-9500\LCCC-9497.png","https://i2c.seadn.io/ethereum/0xbe85fbd182af91290be7293438ae67549638189f/28d3ae2819140506f82974e745232f10.png?w=350","https://i2c.seadn.io/ethereum/0xbe85fbd182af91290be7293438ae67549638189f/28d3ae2819140506f82974e745232f10.png","READY","Would download.",""
"9498","9498","RE-010180","ron-english-light-cult-9001-10000","YES","D:\github\ron-english-light-cult-9001-10000\images\9401-9500\LCCC-9498.png","https://i2c.seadn.io/ethereum/0xbe85fbd182af91290be7293438ae67549638189f/43e6ee033d9be6bba81f1d14e990ed99.png?w=350","https://i2c.seadn.io/ethereum/0xbe85fbd182af91290be7293438ae67549638189f/43e6ee033d9be6bba81f1d14e990ed99.png","READY","Would download.",""
"9501","9501","RE-010181","ron-english-light-cult-9001-10000","YES","D:\github\ron-english-light-cult-9001-10000\images\9501-9600\LCCC-9501.png","https://i2c.seadn.io/ethereum/0xbe85fbd182af91290be7293438ae67549638189f/bae1cecad5d3d7d680e40bee90adad89.png?w=350","https://i2c.seadn.io/ethereum/0xbe85fbd182af91290be7293438ae67549638189f/bae1cecad5d3d7d680e40bee90adad89.png","READY","Would download.",""
"9502","9502","RE-010182","ron-english-light-cult-9001-10000","YES","D:\github\ron-english-light-cult-9001-10000\images\9501-9600\LCCC-9502.png","https://i2c.seadn.io/ethereum/0xbe85fbd182af91290be7293438ae67549638189f/3c6e6be6c3fb5cfb8acd08de157ab55c.png?w=350","https://i2c.seadn.io/ethereum/0xbe85fbd182af91290be7293438ae67549638189f/3c6e6be6c3fb5cfb8acd08de157ab55c.png","READY","Would download.",""
"9503","9503","RE-010183","ron-english-light-cult-9001-10000","YES","D:\github\ron-english-light-cult-9001-10000\images\9501-9600\LCCC-9503.png","https://i2c.seadn.io/ethereum/0xbe85fbd182af91290be7293438ae67549638189f/7ab80a95c118b52655dadeb73a5f35c2.png?w=350","https://i2c.seadn.io/ethereum/0xbe85fbd182af91290be7293438ae67549638189f/7ab80a95c118b52655dadeb73a5f35c2.png","READY","Would download.",""
"9504","9504","RE-010184","ron-english-light-cult-9001-10000","YES","D:\github\ron-english-light-cult-9001-10000\images\9501-9600\LCCC-9504.png","https://i2c.seadn.io/ethereum/0xbe85fbd182af91290be7293438ae67549638189f/c7f107e2655e6deef7e2ef37c52ff6c6.png?w=350","https://i2c.seadn.io/ethereum/0xbe85fbd182af91290be7293438ae67549638189f/c7f107e2655e6deef7e2ef37c52ff6c6.png","READY","Would download.",""
"9505","9505","RE-010185","ron-english-light-cult-9001-10000","YES","D:\github\ron-english-light-cult-9001-10000\images\9501-9600\LCCC-9505.png","https://i2c.seadn.io/ethereum/0xbe85fbd182af91290be7293438ae67549638189f/566a885b3b866e150c983c292de7c745.png?w=350","https://i2c.seadn.io/ethereum/0xbe85fbd182af91290be7293438ae67549638189f/566a885b3b866e150c983c292de7c745.png","READY","Would download.",""
"9506","9506","RE-010186","ron-english-light-cult-9001-10000","YES","D:\github\ron-english-light-cult-9001-10000\images\9501-9600\LCCC-9506.png","https://i2c.seadn.io/ethereum/0xbe85fbd182af91290be7293438ae67549638189f/d89cc0f2cb837b84bfb44df0dc390089.png?w=350","https://i2c.seadn.io/ethereum/0xbe85fbd182af91290be7293438ae67549638189f/d89cc0f2cb837b84bfb44df0dc390089.png","READY","Would download.",""
"9508","9508","RE-010187","ron-english-light-cult-9001-10000","YES","D:\github\ron-english-light-cult-9001-10000\images\9501-9600\LCCC-9508.png","https://i2c.seadn.io/ethereum/0xbe85fbd182af91290be7293438ae67549638189f/1faf68a27d750763f654b4cc64a5a2a3.png?w=350","https://i2c.seadn.io/ethereum/0xbe85fbd182af91290be7293438ae67549638189f/1faf68a27d750763f654b4cc64a5a2a3.png","READY","Would download.",""
"9509","9509","RE-010188","ron-english-light-cult-9001-10000","YES","D:\github\ron-english-light-cult-9001-10000\images\9501-9600\LCCC-9509.png","https://i2c.seadn.io/ethereum/0xbe85fbd182af91290be7293438ae67549638189f/2d49225527c16cb88231a35bec49b02b.png?w=350","https://i2c.seadn.io/ethereum/0xbe85fbd182af91290be7293438ae67549638189f/2d49225527c16cb88231a35bec49b02b.png","READY","Would download.",""
"9510","9510","RE-010189","ron-english-light-cult-9001-10000","YES","D:\github\ron-english-light-cult-9001-10000\images\9501-9600\LCCC-9510.png","https://i2c.seadn.io/ethereum/0xbe85fbd182af91290be7293438ae67549638189f/f4c3bbdb2870e1d66308b41355b733db.png?w=350","https://i2c.seadn.io/ethereum/0xbe85fbd182af91290be7293438ae67549638189f/f4c3bbdb2870e1d66308b41355b733db.png","READY","Would download.",""
"9511","9511","RE-010190","ron-english-light-cult-9001-10000","YES","D:\github\ron-english-light-cult-9001-10000\images\9501-9600\LCCC-9511.png","https://i2c.seadn.io/ethereum/0xbe85fbd182af91290be7293438ae67549638189f/8102eec7baacaeeecd32cc771fe8a121.png?w=350","https://i2c.seadn.io/ethereum/0xbe85fbd182af91290be7293438ae67549638189f/8102eec7baacaeeecd32cc771fe8a121.png","READY","Would download.",""
"9512","9512","RE-010191","ron-english-light-cult-9001-10000","YES","D:\github\ron-english-light-cult-9001-10000\images\9501-9600\LCCC-9512.png","https://i2c.seadn.io/ethereum/0xbe85fbd182af91290be7293438ae67549638189f/f9e306cd68eaa6427da72eb351d1c02b.png?w=350","https://i2c.seadn.io/ethereum/0xbe85fbd182af91290be7293438ae67549638189f/f9e306cd68eaa6427da72eb351d1c02b.png","READY","Would download.",""
"9513","9513","RE-010192","ron-english-light-cult-9001-10000","YES","D:\github\ron-english-light-cult-9001-10000\images\9501-9600\LCCC-9513.png","https://i2c.seadn.io/ethereum/0xbe85fbd182af91290be7293438ae67549638189f/e5125fb9170fc9167fc75de12a06c09a.png?w=350","https://i2c.seadn.io/ethereum/0xbe85fbd182af91290be7293438ae67549638189f/e5125fb9170fc9167fc75de12a06c09a.png","READY","Would download.",""
"9514","9514","RE-010193","ron-english-light-cult-9001-10000","YES","D:\github\ron-english-light-cult-9001-10000\images\9501-9600\LCCC-9514.png","https://i2c.seadn.io/ethereum/0xbe85fbd182af91290be7293438ae67549638189f/9c598e31877c0fcde278a91030ecbcd1.png?w=350","https://i2c.seadn.io/ethereum/0xbe85fbd182af91290be7293438ae67549638189f/9c598e31877c0fcde278a91030ecbcd1.png","READY","Would download.",""
"9515","9515","RE-010194","ron-english-light-cult-9001-10000","YES","D:\github\ron-english-light-cult-9001-10000\images\9501-9600\LCCC-9515.png","https://i2c.seadn.io/ethereum/0xbe85fbd182af91290be7293438ae67549638189f/0866a2273c599d82fbd6f61240b6ad19.png?w=350","https://i2c.seadn.io/ethereum/0xbe85fbd182af91290be7293438ae67549638189f/0866a2273c599d82fbd6f61240b6ad19.png","READY","Would download.",""
"9516","9516","RE-010195","ron-english-light-cult-9001-10000","YES","D:\github\ron-english-light-cult-9001-10000\images\9501-9600\LCCC-9516.png","https://i2c.seadn.io/ethereum/0xbe85fbd182af91290be7293438ae67549638189f/abfc0e57de10882cfd88afca268d5576.png?w=350","https://i2c.seadn.io/ethereum/0xbe85fbd182af91290be7293438ae67549638189f/abfc0e57de10882cfd88afca268d5576.png","READY","Would download.",""
"9517","9517","RE-010196","ron-english-light-cult-9001-10000","YES","D:\github\ron-english-light-cult-9001-10000\images\9501-9600\LCCC-9517.png","https://i2c.seadn.io/ethereum/0xbe85fbd182af91290be7293438ae67549638189f/bff753382ff8a643f58d85b2f04fca97.png?w=350","https://i2c.seadn.io/ethereum/0xbe85fbd182af91290be7293438ae67549638189f/bff753382ff8a643f58d85b2f04fca97.png","READY","Would download.",""
"9518","9518","RE-010197","ron-english-light-cult-9001-10000","YES","D:\github\ron-english-light-cult-9001-10000\images\9501-9600\LCCC-9518.png","https://i2c.seadn.io/ethereum/0xbe85fbd182af91290be7293438ae67549638189f/c327f9eca8e307804b8a1ea866f5c61a.png?w=350","https://i2c.seadn.io/ethereum/0xbe85fbd182af91290be7293438ae67549638189f/c327f9eca8e307804b8a1ea866f5c61a.png","READY","Would download.",""
"9521","9521","RE-010198","ron-english-light-cult-9001-10000","YES","D:\github\ron-english-light-cult-9001-10000\images\9501-9600\LCCC-9521.png","https://i2c.seadn.io/ethereum/0xbe85fbd182af91290be7293438ae67549638189f/0a557f6e32e785cd529de47ef79f81d7.png?w=350","https://i2c.seadn.io/ethereum/0xbe85fbd182af91290be7293438ae67549638189f/0a557f6e32e785cd529de47ef79f81d7.png","READY","Would download.",""
"9522","9522","RE-010199","ron-english-light-cult-9001-10000","YES","D:\github\ron-english-light-cult-9001-10000\images\9501-9600\LCCC-9522.png","https://i2c.seadn.io/ethereum/0xbe85fbd182af91290be7293438ae67549638189f/23180ae12beb341f8b5fdd0c10ccfacd.png?w=350","https://i2c.seadn.io/ethereum/0xbe85fbd182af91290be7293438ae67549638189f/23180ae12beb341f8b5fdd0c10ccfacd.png","READY","Would download.",""
"9523","9523","RE-010200","ron-english-light-cult-9001-10000","YES","D:\github\ron-english-light-cult-9001-10000\images\9501-9600\LCCC-9523.png","https://i2c.seadn.io/ethereum/0xbe85fbd182af91290be7293438ae67549638189f/05b5ab9307e0b1e60180281790156e26.png?w=350","https://i2c.seadn.io/ethereum/0xbe85fbd182af91290be7293438ae67549638189f/05b5ab9307e0b1e60180281790156e26.png","READY","Would download.",""
"9524","9524","RE-010201","ron-english-light-cult-9001-10000","YES","D:\github\ron-english-light-cult-9001-10000\images\9501-9600\LCCC-9524.png","https://i2c.seadn.io/ethereum/0xbe85fbd182af91290be7293438ae67549638189f/c87f71c9a1d34a1af59283c77523d132.png?w=350","https://i2c.seadn.io/ethereum/0xbe85fbd182af91290be7293438ae67549638189f/c87f71c9a1d34a1af59283c77523d132.png","READY","Would download.",""
"9526","9526","RE-010202","ron-english-light-cult-9001-10000","YES","D:\github\ron-english-light-cult-9001-10000\images\9501-9600\LCCC-9526.png","https://i2c.seadn.io/ethereum/0xbe85fbd182af91290be7293438ae67549638189f/f0c2ddec84390dd67e8431f44dbd4588.png?w=350","https://i2c.seadn.io/ethereum/0xbe85fbd182af91290be7293438ae67549638189f/f0c2ddec84390dd67e8431f44dbd4588.png","READY","Would download.",""
"9528","9528","RE-010203","ron-english-light-cult-9001-10000","YES","D:\github\ron-english-light-cult-9001-10000\images\9501-9600\LCCC-9528.png","https://i2c.seadn.io/ethereum/0xbe85fbd182af91290be7293438ae67549638189f/3545116b8485af2d9e4b65d748b40844.png?w=350","https://i2c.seadn.io/ethereum/0xbe85fbd182af91290be7293438ae67549638189f/3545116b8485af2d9e4b65d748b40844.png","READY","Would download.",""
"9529","9529","RE-010204","ron-english-light-cult-9001-10000","YES","D:\github\ron-english-light-cult-9001-10000\images\9501-9600\LCCC-9529.png","https://i2c.seadn.io/ethereum/0xbe85fbd182af91290be7293438ae67549638189f/b63590c00260127dbe0380fdd0028051.png?w=350","https://i2c.seadn.io/ethereum/0xbe85fbd182af91290be7293438ae67549638189f/b63590c00260127dbe0380fdd0028051.png","READY","Would download.",""
"9530","9530","RE-010205","ron-english-light-cult-9001-10000","YES","D:\github\ron-english-light-cult-9001-10000\images\9501-9600\LCCC-9530.png","https://i2c.seadn.io/ethereum/0xbe85fbd182af91290be7293438ae67549638189f/5a46d295c326bc51cb0a815053471ebb.png?w=350","https://i2c.seadn.io/ethereum/0xbe85fbd182af91290be7293438ae67549638189f/5a46d295c326bc51cb0a815053471ebb.png","READY","Would download.",""
"9531","9531","RE-010206","ron-english-light-cult-9001-10000","YES","D:\github\ron-english-light-cult-9001-10000\images\9501-9600\LCCC-9531.png","https://i2c.seadn.io/ethereum/0xbe85fbd182af91290be7293438ae67549638189f/2387f5c51b050cc1cd46748b2c5a5ad9.png?w=350","https://i2c.seadn.io/ethereum/0xbe85fbd182af91290be7293438ae67549638189f/2387f5c51b050cc1cd46748b2c5a5ad9.png","READY","Would download.",""
"9532","9532","RE-010207","ron-english-light-cult-9001-10000","YES","D:\github\ron-english-light-cult-9001-10000\images\9501-9600\LCCC-9532.png","https://i2c.seadn.io/ethereum/0xbe85fbd182af91290be7293438ae67549638189f/f2bb40015fa14d137fbea331cca0afea.png?w=350","https://i2c.seadn.io/ethereum/0xbe85fbd182af91290be7293438ae67549638189f/f2bb40015fa14d137fbea331cca0afea.png","READY","Would download.",""
"9534","9534","RE-010208","ron-english-light-cult-9001-10000","YES","D:\github\ron-english-light-cult-9001-10000\images\9501-9600\LCCC-9534.png","https://i2c.seadn.io/ethereum/0xbe85fbd182af91290be7293438ae67549638189f/6e8c6ed9ab420f86cc1405b83fc014cc.png?w=350","https://i2c.seadn.io/ethereum/0xbe85fbd182af91290be7293438ae67549638189f/6e8c6ed9ab420f86cc1405b83fc014cc.png","READY","Would download.",""
"9535","9535","RE-010209","ron-english-light-cult-9001-10000","YES","D:\github\ron-english-light-cult-9001-10000\images\9501-9600\LCCC-9535.png","https://i2c.seadn.io/ethereum/0xbe85fbd182af91290be7293438ae67549638189f/fa3bda6c28a8545b61423e41a382880a.png?w=350","https://i2c.seadn.io/ethereum/0xbe85fbd182af91290be7293438ae67549638189f/fa3bda6c28a8545b61423e41a382880a.png","READY","Would download.",""
"9536","9536","RE-010210","ron-english-light-cult-9001-10000","YES","D:\github\ron-english-light-cult-9001-10000\images\9501-9600\LCCC-9536.png","https://i2c.seadn.io/ethereum/0xbe85fbd182af91290be7293438ae67549638189f/8dc44c5bddefe966bf684b302b094825.png?w=350","https://i2c.seadn.io/ethereum/0xbe85fbd182af91290be7293438ae67549638189f/8dc44c5bddefe966bf684b302b094825.png","READY","Would download.",""
"9537","9537","RE-010211","ron-english-light-cult-9001-10000","YES","D:\github\ron-english-light-cult-9001-10000\images\9501-9600\LCCC-9537.png","https://i2c.seadn.io/ethereum/0xbe85fbd182af91290be7293438ae67549638189f/0d510b100d6c77942d88b93341b43b9b.png?w=350","https://i2c.seadn.io/ethereum/0xbe85fbd182af91290be7293438ae67549638189f/0d510b100d6c77942d88b93341b43b9b.png","READY","Would download.",""
"9538","9538","RE-010212","ron-english-light-cult-9001-10000","YES","D:\github\ron-english-light-cult-9001-10000\images\9501-9600\LCCC-9538.png","https://i2c.seadn.io/ethereum/0xbe85fbd182af91290be7293438ae67549638189f/a3ad232a731c24b1b39755e826dbce27.png?w=350","https://i2c.seadn.io/ethereum/0xbe85fbd182af91290be7293438ae67549638189f/a3ad232a731c24b1b39755e826dbce27.png","READY","Would download.",""
"9539","9539","RE-010213","ron-english-light-cult-9001-10000","YES","D:\github\ron-english-light-cult-9001-10000\images\9501-9600\LCCC-9539.png","https://i2c.seadn.io/ethereum/0xbe85fbd182af91290be7293438ae67549638189f/923e23c890ebbcd402449689dd32c83f.png?w=350","https://i2c.seadn.io/ethereum/0xbe85fbd182af91290be7293438ae67549638189f/923e23c890ebbcd402449689dd32c83f.png","READY","Would download.",""
"9540","9540","RE-010214","ron-english-light-cult-9001-10000","YES","D:\github\ron-english-light-cult-9001-10000\images\9501-9600\LCCC-9540.png","https://i2c.seadn.io/ethereum/0xbe85fbd182af91290be7293438ae67549638189f/25a5104067b060d643098979c3431e5c.png?w=350","https://i2c.seadn.io/ethereum/0xbe85fbd182af91290be7293438ae67549638189f/25a5104067b060d643098979c3431e5c.png","READY","Would download.",""
"9541","9541","RE-010215","ron-english-light-cult-9001-10000","YES","D:\github\ron-english-light-cult-9001-10000\images\9501-9600\LCCC-9541.png","https://i2c.seadn.io/ethereum/0xbe85fbd182af91290be7293438ae67549638189f/f725943f84f566c067fb9f06f0a943db.png?w=350","https://i2c.seadn.io/ethereum/0xbe85fbd182af91290be7293438ae67549638189f/f725943f84f566c067fb9f06f0a943db.png","READY","Would download.",""
"9543","9543","RE-010216","ron-english-light-cult-9001-10000","YES","D:\github\ron-english-light-cult-9001-10000\images\9501-9600\LCCC-9543.png","https://i2c.seadn.io/ethereum/0xbe85fbd182af91290be7293438ae67549638189f/10e173715c8c147c0e9e97245e7ea849.png?w=350","https://i2c.seadn.io/ethereum/0xbe85fbd182af91290be7293438ae67549638189f/10e173715c8c147c0e9e97245e7ea849.png","READY","Would download.",""
"9544","9544","RE-010217","ron-english-light-cult-9001-10000","YES","D:\github\ron-english-light-cult-9001-10000\images\9501-9600\LCCC-9544.png","https://i2c.seadn.io/ethereum/0xbe85fbd182af91290be7293438ae67549638189f/cab206bf840cbfe56b9e3c846b21adbc.png?w=350","https://i2c.seadn.io/ethereum/0xbe85fbd182af91290be7293438ae67549638189f/cab206bf840cbfe56b9e3c846b21adbc.png","READY","Would download.",""
"9545","9545","RE-010218","ron-english-light-cult-9001-10000","YES","D:\github\ron-english-light-cult-9001-10000\images\9501-9600\LCCC-9545.png","https://i2c.seadn.io/ethereum/0xbe85fbd182af91290be7293438ae67549638189f/4f994351ee849e38e0d45819c96fc20d.png?w=350","https://i2c.seadn.io/ethereum/0xbe85fbd182af91290be7293438ae67549638189f/4f994351ee849e38e0d45819c96fc20d.png","READY","Would download.",""
"9546","9546","RE-010219","ron-english-light-cult-9001-10000","YES","D:\github\ron-english-light-cult-9001-10000\images\9501-9600\LCCC-9546.png","https://i2c.seadn.io/ethereum/0xbe85fbd182af91290be7293438ae67549638189f/71d1dc3bf4f86dc13334c3c45cc3c79b.png?w=350","https://i2c.seadn.io/ethereum/0xbe85fbd182af91290be7293438ae67549638189f/71d1dc3bf4f86dc13334c3c45cc3c79b.png","READY","Would download.",""
"9547","9547","RE-010220","ron-english-light-cult-9001-10000","YES","D:\github\ron-english-light-cult-9001-10000\images\9501-9600\LCCC-9547.png","https://i2c.seadn.io/ethereum/0xbe85fbd182af91290be7293438ae67549638189f/0e988cec3ad6d6290d64282e9e30b25e.png?w=350","https://i2c.seadn.io/ethereum/0xbe85fbd182af91290be7293438ae67549638189f/0e988cec3ad6d6290d64282e9e30b25e.png","READY","Would download.",""
"9550","9550","RE-010221","ron-english-light-cult-9001-10000","YES","D:\github\ron-english-light-cult-9001-10000\images\9501-9600\LCCC-9550.png","https://i2c.seadn.io/ethereum/0xbe85fbd182af91290be7293438ae67549638189f/208f91772e8e6b7febaf4a18b47fbdac.png?w=350","https://i2c.seadn.io/ethereum/0xbe85fbd182af91290be7293438ae67549638189f/208f91772e8e6b7febaf4a18b47fbdac.png","READY","Would download.",""
"9551","9551","RE-010222","ron-english-light-cult-9001-10000","YES","D:\github\ron-english-light-cult-9001-10000\images\9501-9600\LCCC-9551.png","https://i2c.seadn.io/ethereum/0xbe85fbd182af91290be7293438ae67549638189f/c83353d7a06fc153b2bcc56b18dcafde.png?w=350","https://i2c.seadn.io/ethereum/0xbe85fbd182af91290be7293438ae67549638189f/c83353d7a06fc153b2bcc56b18dcafde.png","READY","Would download.",""
"9552","9552","RE-010223","ron-english-light-cult-9001-10000","YES","D:\github\ron-english-light-cult-9001-10000\images\9501-9600\LCCC-9552.png","https://i2c.seadn.io/ethereum/0xbe85fbd182af91290be7293438ae67549638189f/1a3ca2e33f78f740f9d3d813325fb784.png?w=350","https://i2c.seadn.io/ethereum/0xbe85fbd182af91290be7293438ae67549638189f/1a3ca2e33f78f740f9d3d813325fb784.png","READY","Would download.",""
"9553","9553","RE-010224","ron-english-light-cult-9001-10000","YES","D:\github\ron-english-light-cult-9001-10000\images\9501-9600\LCCC-9553.png","https://i2c.seadn.io/ethereum/0xbe85fbd182af91290be7293438ae67549638189f/7f5f784afb06f8be62869fa8dbf4d6a1.png?w=350","https://i2c.seadn.io/ethereum/0xbe85fbd182af91290be7293438ae67549638189f/7f5f784afb06f8be62869fa8dbf4d6a1.png","READY","Would download.",""
"9554","9554","RE-010225","ron-english-light-cult-9001-10000","YES","D:\github\ron-english-light-cult-9001-10000\images\9501-9600\LCCC-9554.png","https://i2c.seadn.io/ethereum/0xbe85fbd182af91290be7293438ae67549638189f/fe7287f656c21b9150e7ebf0a25ce2aa.png?w=350","https://i2c.seadn.io/ethereum/0xbe85fbd182af91290be7293438ae67549638189f/fe7287f656c21b9150e7ebf0a25ce2aa.png","READY","Would download.",""
"9555","9555","RE-010226","ron-english-light-cult-9001-10000","YES","D:\github\ron-english-light-cult-9001-10000\images\9501-9600\LCCC-9555.png","https://i2c.seadn.io/ethereum/0xbe85fbd182af91290be7293438ae67549638189f/61e5836157b0314cb5a7e15035482100.png?w=350","https://i2c.seadn.io/ethereum/0xbe85fbd182af91290be7293438ae67549638189f/61e5836157b0314cb5a7e15035482100.png","READY","Would download.",""
"9556","9556","RE-010227","ron-english-light-cult-9001-10000","YES","D:\github\ron-english-light-cult-9001-10000\images\9501-9600\LCCC-9556.png","https://i2c.seadn.io/ethereum/0xbe85fbd182af91290be7293438ae67549638189f/cf450e00bb1c066ecbf5915408006416.png?w=350","https://i2c.seadn.io/ethereum/0xbe85fbd182af91290be7293438ae67549638189f/cf450e00bb1c066ecbf5915408006416.png","READY","Would download.",""
"9557","9557","RE-010228","ron-english-light-cult-9001-10000","YES","D:\github\ron-english-light-cult-9001-10000\images\9501-9600\LCCC-9557.png","https://i2c.seadn.io/ethereum/0xbe85fbd182af91290be7293438ae67549638189f/71537a0bcd1d4bcd9ed1e1a3f699a2e7.png?w=350","https://i2c.seadn.io/ethereum/0xbe85fbd182af91290be7293438ae67549638189f/71537a0bcd1d4bcd9ed1e1a3f699a2e7.png","READY","Would download.",""
"9558","9558","RE-010229","ron-english-light-cult-9001-10000","YES","D:\github\ron-english-light-cult-9001-10000\images\9501-9600\LCCC-9558.png","https://i2c.seadn.io/ethereum/0xbe85fbd182af91290be7293438ae67549638189f/236c5dbab8f37d8579ba353b57476bf6.png?w=350","https://i2c.seadn.io/ethereum/0xbe85fbd182af91290be7293438ae67549638189f/236c5dbab8f37d8579ba353b57476bf6.png","READY","Would download.",""
"9559","9559","RE-010230","ron-english-light-cult-9001-10000","YES","D:\github\ron-english-light-cult-9001-10000\images\9501-9600\LCCC-9559.png","https://i2c.seadn.io/ethereum/0xbe85fbd182af91290be7293438ae67549638189f/c395ef3b721d67e12f37f1ee987e4db1.png?w=350","https://i2c.seadn.io/ethereum/0xbe85fbd182af91290be7293438ae67549638189f/c395ef3b721d67e12f37f1ee987e4db1.png","READY","Would download.",""
"9560","9560","RE-010231","ron-english-light-cult-9001-10000","YES","D:\github\ron-english-light-cult-9001-10000\images\9501-9600\LCCC-9560.png","https://i2c.seadn.io/ethereum/0xbe85fbd182af91290be7293438ae67549638189f/1cb1e55d3578b3165d0a9eaf7124e960.png?w=350","https://i2c.seadn.io/ethereum/0xbe85fbd182af91290be7293438ae67549638189f/1cb1e55d3578b3165d0a9eaf7124e960.png","READY","Would download.",""
"9561","9561","RE-010232","ron-english-light-cult-9001-10000","YES","D:\github\ron-english-light-cult-9001-10000\images\9501-9600\LCCC-9561.png","https://i2c.seadn.io/ethereum/0xbe85fbd182af91290be7293438ae67549638189f/34f4259aa09c2d0d2ad091c991cf4924.png?w=350","https://i2c.seadn.io/ethereum/0xbe85fbd182af91290be7293438ae67549638189f/34f4259aa09c2d0d2ad091c991cf4924.png","READY","Would download.",""
"9562","9562","RE-010233","ron-english-light-cult-9001-10000","YES","D:\github\ron-english-light-cult-9001-10000\images\9501-9600\LCCC-9562.png","https://i2c.seadn.io/ethereum/0xbe85fbd182af91290be7293438ae67549638189f/3ce146f4ea7c18c093f3538e2047b97c.png?w=350","https://i2c.seadn.io/ethereum/0xbe85fbd182af91290be7293438ae67549638189f/3ce146f4ea7c18c093f3538e2047b97c.png","READY","Would download.",""
"9563","9563","RE-010234","ron-english-light-cult-9001-10000","YES","D:\github\ron-english-light-cult-9001-10000\images\9501-9600\LCCC-9563.png","https://i2c.seadn.io/ethereum/0xbe85fbd182af91290be7293438ae67549638189f/c6179bc260caec68e6cd5b91e6ab5570.png?w=350","https://i2c.seadn.io/ethereum/0xbe85fbd182af91290be7293438ae67549638189f/c6179bc260caec68e6cd5b91e6ab5570.png","READY","Would download.",""
"9564","9564","RE-010235","ron-english-light-cult-9001-10000","YES","D:\github\ron-english-light-cult-9001-10000\images\9501-9600\LCCC-9564.png","https://i2c.seadn.io/ethereum/0xbe85fbd182af91290be7293438ae67549638189f/a062a3bbea9cafd3025bb4291b54cdef.png?w=350","https://i2c.seadn.io/ethereum/0xbe85fbd182af91290be7293438ae67549638189f/a062a3bbea9cafd3025bb4291b54cdef.png","READY","Would download.",""
"9565","9565","RE-010236","ron-english-light-cult-9001-10000","YES","D:\github\ron-english-light-cult-9001-10000\images\9501-9600\LCCC-9565.png","https://i2c.seadn.io/ethereum/0xbe85fbd182af91290be7293438ae67549638189f/1cde66f4498e64c1406acf39be960673.png?w=350","https://i2c.seadn.io/ethereum/0xbe85fbd182af91290be7293438ae67549638189f/1cde66f4498e64c1406acf39be960673.png","READY","Would download.",""
"9566","9566","RE-010237","ron-english-light-cult-9001-10000","YES","D:\github\ron-english-light-cult-9001-10000\images\9501-9600\LCCC-9566.png","https://i2c.seadn.io/ethereum/0xbe85fbd182af91290be7293438ae67549638189f/a30095f256c2e1743d387e2f3877ceb4.png?w=350","https://i2c.seadn.io/ethereum/0xbe85fbd182af91290be7293438ae67549638189f/a30095f256c2e1743d387e2f3877ceb4.png","READY","Would download.",""
"9567","9567","RE-010238","ron-english-light-cult-9001-10000","YES","D:\github\ron-english-light-cult-9001-10000\images\9501-9600\LCCC-9567.png","https://i2c.seadn.io/ethereum/0xbe85fbd182af91290be7293438ae67549638189f/2ea1acb98fe3308f06e9666049504bc2.png?w=350","https://i2c.seadn.io/ethereum/0xbe85fbd182af91290be7293438ae67549638189f/2ea1acb98fe3308f06e9666049504bc2.png","READY","Would download.",""
"9569","9569","RE-010239","ron-english-light-cult-9001-10000","YES","D:\github\ron-english-light-cult-9001-10000\images\9501-9600\LCCC-9569.png","https://i2c.seadn.io/ethereum/0xbe85fbd182af91290be7293438ae67549638189f/9809ecea0f1ef5af0ec634c2b12dc114.png?w=350","https://i2c.seadn.io/ethereum/0xbe85fbd182af91290be7293438ae67549638189f/9809ecea0f1ef5af0ec634c2b12dc114.png","READY","Would download.",""
"9570","9570","RE-010240","ron-english-light-cult-9001-10000","YES","D:\github\ron-english-light-cult-9001-10000\images\9501-9600\LCCC-9570.png","https://i2c.seadn.io/ethereum/0xbe85fbd182af91290be7293438ae67549638189f/f1445219d373cffe4fbed3abb4bfb00c.png?w=350","https://i2c.seadn.io/ethereum/0xbe85fbd182af91290be7293438ae67549638189f/f1445219d373cffe4fbed3abb4bfb00c.png","READY","Would download.",""
"9571","9571","RE-010241","ron-english-light-cult-9001-10000","YES","D:\github\ron-english-light-cult-9001-10000\images\9501-9600\LCCC-9571.png","https://i2c.seadn.io/ethereum/0xbe85fbd182af91290be7293438ae67549638189f/c1a18ec939d6b8bad2775e51550f1f38.png?w=350","https://i2c.seadn.io/ethereum/0xbe85fbd182af91290be7293438ae67549638189f/c1a18ec939d6b8bad2775e51550f1f38.png","READY","Would download.",""
"9572","9572","RE-010242","ron-english-light-cult-9001-10000","YES","D:\github\ron-english-light-cult-9001-10000\images\9501-9600\LCCC-9572.png","https://i2c.seadn.io/ethereum/0xbe85fbd182af91290be7293438ae67549638189f/df24d652f9b9d3b74dde8d5cf84f1234.png?w=350","https://i2c.seadn.io/ethereum/0xbe85fbd182af91290be7293438ae67549638189f/df24d652f9b9d3b74dde8d5cf84f1234.png","READY","Would download.",""
"9573","9573","RE-010243","ron-english-light-cult-9001-10000","YES","D:\github\ron-english-light-cult-9001-10000\images\9501-9600\LCCC-9573.png","https://i2c.seadn.io/ethereum/0xbe85fbd182af91290be7293438ae67549638189f/16509913e01ffb3bce14c400cd355b69.png?w=350","https://i2c.seadn.io/ethereum/0xbe85fbd182af91290be7293438ae67549638189f/16509913e01ffb3bce14c400cd355b69.png","READY","Would download.",""
"9574","9574","RE-010244","ron-english-light-cult-9001-10000","YES","D:\github\ron-english-light-cult-9001-10000\images\9501-9600\LCCC-9574.png","https://i2c.seadn.io/ethereum/0xbe85fbd182af91290be7293438ae67549638189f/51783807850c52d77e8dc7dc890f9e8f.png?w=350","https://i2c.seadn.io/ethereum/0xbe85fbd182af91290be7293438ae67549638189f/51783807850c52d77e8dc7dc890f9e8f.png","READY","Would download.",""
"9575","9575","RE-010245","ron-english-light-cult-9001-10000","YES","D:\github\ron-english-light-cult-9001-10000\images\9501-9600\LCCC-9575.png","https://i2c.seadn.io/ethereum/0xbe85fbd182af91290be7293438ae67549638189f/f98304eb23046df12d32934b3db1d867.png?w=350","https://i2c.seadn.io/ethereum/0xbe85fbd182af91290be7293438ae67549638189f/f98304eb23046df12d32934b3db1d867.png","READY","Would download.",""
"9576","9576","RE-010246","ron-english-light-cult-9001-10000","YES","D:\github\ron-english-light-cult-9001-10000\images\9501-9600\LCCC-9576.png","https://i2c.seadn.io/ethereum/0xbe85fbd182af91290be7293438ae67549638189f/a90baa254d0079b08538820e1e1d559b.png?w=350","https://i2c.seadn.io/ethereum/0xbe85fbd182af91290be7293438ae67549638189f/a90baa254d0079b08538820e1e1d559b.png","READY","Would download.",""
"9577","9577","RE-010247","ron-english-light-cult-9001-10000","YES","D:\github\ron-english-light-cult-9001-10000\images\9501-9600\LCCC-9577.png","https://i2c.seadn.io/ethereum/0xbe85fbd182af91290be7293438ae67549638189f/cde93412e69f03cc6df5e041bd38580d.png?w=350","https://i2c.seadn.io/ethereum/0xbe85fbd182af91290be7293438ae67549638189f/cde93412e69f03cc6df5e041bd38580d.png","READY","Would download.",""
"9578","9578","RE-010248","ron-english-light-cult-9001-10000","YES","D:\github\ron-english-light-cult-9001-10000\images\9501-9600\LCCC-9578.png","https://i2c.seadn.io/ethereum/0xbe85fbd182af91290be7293438ae67549638189f/688d951366a26740bfeb97eb7766fae2.png?w=350","https://i2c.seadn.io/ethereum/0xbe85fbd182af91290be7293438ae67549638189f/688d951366a26740bfeb97eb7766fae2.png","READY","Would download.",""
"9579","9579","RE-010249","ron-english-light-cult-9001-10000","YES","D:\github\ron-english-light-cult-9001-10000\images\9501-9600\LCCC-9579.png","https://i2c.seadn.io/ethereum/0xbe85fbd182af91290be7293438ae67549638189f/e3a77bda8835007f365d9837725729dc.png?w=350","https://i2c.seadn.io/ethereum/0xbe85fbd182af91290be7293438ae67549638189f/e3a77bda8835007f365d9837725729dc.png","READY","Would download.",""
"9580","9580","RE-010250","ron-english-light-cult-9001-10000","YES","D:\github\ron-english-light-cult-9001-10000\images\9501-9600\LCCC-9580.png","https://i2c.seadn.io/ethereum/0xbe85fbd182af91290be7293438ae67549638189f/4b8ff109631488fb063103f42fdbbba8.png?w=350","https://i2c.seadn.io/ethereum/0xbe85fbd182af91290be7293438ae67549638189f/4b8ff109631488fb063103f42fdbbba8.png","READY","Would download.",""
"9581","9581","RE-010251","ron-english-light-cult-9001-10000","YES","D:\github\ron-english-light-cult-9001-10000\images\9501-9600\LCCC-9581.png","https://i2c.seadn.io/ethereum/0xbe85fbd182af91290be7293438ae67549638189f/6efe60cd38006576b4659fa47e342625.png?w=350","https://i2c.seadn.io/ethereum/0xbe85fbd182af91290be7293438ae67549638189f/6efe60cd38006576b4659fa47e342625.png","READY","Would download.",""
"9582","9582","RE-010252","ron-english-light-cult-9001-10000","YES","D:\github\ron-english-light-cult-9001-10000\images\9501-9600\LCCC-9582.png","https://i2c.seadn.io/ethereum/0xbe85fbd182af91290be7293438ae67549638189f/e460075efaff283c43f6d416a0b0b1ef.png?w=350","https://i2c.seadn.io/ethereum/0xbe85fbd182af91290be7293438ae67549638189f/e460075efaff283c43f6d416a0b0b1ef.png","READY","Would download.",""
"9583","9583","RE-010253","ron-english-light-cult-9001-10000","YES","D:\github\ron-english-light-cult-9001-10000\images\9501-9600\LCCC-9583.png","https://i2c.seadn.io/ethereum/0xbe85fbd182af91290be7293438ae67549638189f/a819f9e10e9d371ed3355b970c2c3c62.png?w=350","https://i2c.seadn.io/ethereum/0xbe85fbd182af91290be7293438ae67549638189f/a819f9e10e9d371ed3355b970c2c3c62.png","READY","Would download.",""
"9584","9584","RE-010254","ron-english-light-cult-9001-10000","YES","D:\github\ron-english-light-cult-9001-10000\images\9501-9600\LCCC-9584.png","https://i2c.seadn.io/ethereum/0xbe85fbd182af91290be7293438ae67549638189f/0cc5abc4e54a5a63da6a728e35f0231b.png?w=350","https://i2c.seadn.io/ethereum/0xbe85fbd182af91290be7293438ae67549638189f/0cc5abc4e54a5a63da6a728e35f0231b.png","READY","Would download.",""
"9587","9587","RE-010255","ron-english-light-cult-9001-10000","YES","D:\github\ron-english-light-cult-9001-10000\images\9501-9600\LCCC-9587.png","https://i2c.seadn.io/ethereum/0xbe85fbd182af91290be7293438ae67549638189f/e8886b5316da3436b9523e9a61860125.png?w=350","https://i2c.seadn.io/ethereum/0xbe85fbd182af91290be7293438ae67549638189f/e8886b5316da3436b9523e9a61860125.png","READY","Would download.",""
"9588","9588","RE-010256","ron-english-light-cult-9001-10000","YES","D:\github\ron-english-light-cult-9001-10000\images\9501-9600\LCCC-9588.png","https://i2c.seadn.io/ethereum/0xbe85fbd182af91290be7293438ae67549638189f/1e3117f4a597a65a4163e588ce7e3df6.png?w=350","https://i2c.seadn.io/ethereum/0xbe85fbd182af91290be7293438ae67549638189f/1e3117f4a597a65a4163e588ce7e3df6.png","READY","Would download.",""
"9589","9589","RE-010257","ron-english-light-cult-9001-10000","YES","D:\github\ron-english-light-cult-9001-10000\images\9501-9600\LCCC-9589.png","https://i2c.seadn.io/ethereum/0xbe85fbd182af91290be7293438ae67549638189f/2f6685aaba4082149baf896742c187a0.png?w=350","https://i2c.seadn.io/ethereum/0xbe85fbd182af91290be7293438ae67549638189f/2f6685aaba4082149baf896742c187a0.png","READY","Would download.",""
"9590","9590","RE-010258","ron-english-light-cult-9001-10000","YES","D:\github\ron-english-light-cult-9001-10000\images\9501-9600\LCCC-9590.png","https://i2c.seadn.io/ethereum/0xbe85fbd182af91290be7293438ae67549638189f/90782d0bcddca10bb47116feb9f243ce.png?w=350","https://i2c.seadn.io/ethereum/0xbe85fbd182af91290be7293438ae67549638189f/90782d0bcddca10bb47116feb9f243ce.png","READY","Would download.",""
"9591","9591","RE-010259","ron-english-light-cult-9001-10000","YES","D:\github\ron-english-light-cult-9001-10000\images\9501-9600\LCCC-9591.png","https://i2c.seadn.io/ethereum/0xbe85fbd182af91290be7293438ae67549638189f/e84210c5a9fc746d98ac615553102126.png?w=350","https://i2c.seadn.io/ethereum/0xbe85fbd182af91290be7293438ae67549638189f/e84210c5a9fc746d98ac615553102126.png","READY","Would download.",""
"9592","9592","RE-010260","ron-english-light-cult-9001-10000","YES","D:\github\ron-english-light-cult-9001-10000\images\9501-9600\LCCC-9592.png","https://i2c.seadn.io/ethereum/0xbe85fbd182af91290be7293438ae67549638189f/99a47f1ceaf1ef75b0a4d3c514ba3884.png?w=350","https://i2c.seadn.io/ethereum/0xbe85fbd182af91290be7293438ae67549638189f/99a47f1ceaf1ef75b0a4d3c514ba3884.png","READY","Would download.",""
"9593","9593","RE-010261","ron-english-light-cult-9001-10000","YES","D:\github\ron-english-light-cult-9001-10000\images\9501-9600\LCCC-9593.png","https://i2c.seadn.io/ethereum/0xbe85fbd182af91290be7293438ae67549638189f/e477cbdc6ebab33c67e933404334595b.png?w=350","https://i2c.seadn.io/ethereum/0xbe85fbd182af91290be7293438ae67549638189f/e477cbdc6ebab33c67e933404334595b.png","READY","Would download.",""
"9594","9594","RE-010262","ron-english-light-cult-9001-10000","YES","D:\github\ron-english-light-cult-9001-10000\images\9501-9600\LCCC-9594.png","https://i2c.seadn.io/ethereum/0xbe85fbd182af91290be7293438ae67549638189f/cd9a1d25c5d463e32ff2027c32daba49.png?w=350","https://i2c.seadn.io/ethereum/0xbe85fbd182af91290be7293438ae67549638189f/cd9a1d25c5d463e32ff2027c32daba49.png","READY","Would download.",""
"9595","9595","RE-010263","ron-english-light-cult-9001-10000","YES","D:\github\ron-english-light-cult-9001-10000\images\9501-9600\LCCC-9595.png","https://i2c.seadn.io/ethereum/0xbe85fbd182af91290be7293438ae67549638189f/06b19f8f921233a08e29822c1f9305cd.png?w=350","https://i2c.seadn.io/ethereum/0xbe85fbd182af91290be7293438ae67549638189f/06b19f8f921233a08e29822c1f9305cd.png","READY","Would download.",""
"9596","9596","RE-010264","ron-english-light-cult-9001-10000","YES","D:\github\ron-english-light-cult-9001-10000\images\9501-9600\LCCC-9596.png","https://i2c.seadn.io/ethereum/0xbe85fbd182af91290be7293438ae67549638189f/f0f8be09fa758e7761e9e932d5ed5fd4.png?w=350","https://i2c.seadn.io/ethereum/0xbe85fbd182af91290be7293438ae67549638189f/f0f8be09fa758e7761e9e932d5ed5fd4.png","READY","Would download.",""
"9597","9597","RE-010265","ron-english-light-cult-9001-10000","YES","D:\github\ron-english-light-cult-9001-10000\images\9501-9600\LCCC-9597.png","https://i2c.seadn.io/ethereum/0xbe85fbd182af91290be7293438ae67549638189f/1e4ddb29efc7286aa42d332d887903ba.png?w=350","https://i2c.seadn.io/ethereum/0xbe85fbd182af91290be7293438ae67549638189f/1e4ddb29efc7286aa42d332d887903ba.png","READY","Would download.",""
"9598","9598","RE-010266","ron-english-light-cult-9001-10000","YES","D:\github\ron-english-light-cult-9001-10000\images\9501-9600\LCCC-9598.png","https://i2c.seadn.io/ethereum/0xbe85fbd182af91290be7293438ae67549638189f/472e3f164d52b9ae43ef8497d3a73500.png?w=350","https://i2c.seadn.io/ethereum/0xbe85fbd182af91290be7293438ae67549638189f/472e3f164d52b9ae43ef8497d3a73500.png","READY","Would download.",""
"9599","9599","RE-010267","ron-english-light-cult-9001-10000","YES","D:\github\ron-english-light-cult-9001-10000\images\9501-9600\LCCC-9599.png","https://i2c.seadn.io/ethereum/0xbe85fbd182af91290be7293438ae67549638189f/1b05597183f1035cb7f9c8f1947215a7.png?w=350","https://i2c.seadn.io/ethereum/0xbe85fbd182af91290be7293438ae67549638189f/1b05597183f1035cb7f9c8f1947215a7.png","READY","Would download.",""
"9600","9600","RE-010268","ron-english-light-cult-9001-10000","YES","D:\github\ron-english-light-cult-9001-10000\images\9501-9600\LCCC-9600.png","https://i2c.seadn.io/ethereum/0xbe85fbd182af91290be7293438ae67549638189f/b8eaa53b0679624bb8687e95ec0a4f96.png?w=350","https://i2c.seadn.io/ethereum/0xbe85fbd182af91290be7293438ae67549638189f/b8eaa53b0679624bb8687e95ec0a4f96.png","READY","Would download.",""
"9602","9602","RE-010269","ron-english-light-cult-9001-10000","YES","D:\github\ron-english-light-cult-9001-10000\images\9601-9700\LCCC-9602.png","https://i2c.seadn.io/ethereum/0xbe85fbd182af91290be7293438ae67549638189f/e72a2ef41e742cadc7379589773d214a.png?w=350","https://i2c.seadn.io/ethereum/0xbe85fbd182af91290be7293438ae67549638189f/e72a2ef41e742cadc7379589773d214a.png","READY","Would download.",""
"9603","9603","RE-010270","ron-english-light-cult-9001-10000","YES","D:\github\ron-english-light-cult-9001-10000\images\9601-9700\LCCC-9603.png","https://i2c.seadn.io/ethereum/0xbe85fbd182af91290be7293438ae67549638189f/8985a76a725668091bd09870f8cfe3b4.png?w=350","https://i2c.seadn.io/ethereum/0xbe85fbd182af91290be7293438ae67549638189f/8985a76a725668091bd09870f8cfe3b4.png","READY","Would download.",""
"9604","9604","RE-010271","ron-english-light-cult-9001-10000","YES","D:\github\ron-english-light-cult-9001-10000\images\9601-9700\LCCC-9604.png","https://i2c.seadn.io/ethereum/0xbe85fbd182af91290be7293438ae67549638189f/1e96e401e42152b51d5273f832d75bcb.png?w=350","https://i2c.seadn.io/ethereum/0xbe85fbd182af91290be7293438ae67549638189f/1e96e401e42152b51d5273f832d75bcb.png","READY","Would download.",""
"9605","9605","RE-010272","ron-english-light-cult-9001-10000","YES","D:\github\ron-english-light-cult-9001-10000\images\9601-9700\LCCC-9605.png","https://i2c.seadn.io/ethereum/0xbe85fbd182af91290be7293438ae67549638189f/e82c7fef0145ff15a5622bd370cb196e.png?w=350","https://i2c.seadn.io/ethereum/0xbe85fbd182af91290be7293438ae67549638189f/e82c7fef0145ff15a5622bd370cb196e.png","READY","Would download.",""
"9607","9607","RE-010273","ron-english-light-cult-9001-10000","YES","D:\github\ron-english-light-cult-9001-10000\images\9601-9700\LCCC-9607.png","https://i2c.seadn.io/ethereum/0xbe85fbd182af91290be7293438ae67549638189f/fdedfb16c10b6ec86592ae2330366e5d.png?w=350","https://i2c.seadn.io/ethereum/0xbe85fbd182af91290be7293438ae67549638189f/fdedfb16c10b6ec86592ae2330366e5d.png","READY","Would download.",""
"9608","9608","RE-010274","ron-english-light-cult-9001-10000","YES","D:\github\ron-english-light-cult-9001-10000\images\9601-9700\LCCC-9608.png","https://i2c.seadn.io/ethereum/0xbe85fbd182af91290be7293438ae67549638189f/4497853df6fa4870f46fb5ff3ff62850.png?w=350","https://i2c.seadn.io/ethereum/0xbe85fbd182af91290be7293438ae67549638189f/4497853df6fa4870f46fb5ff3ff62850.png","READY","Would download.",""
"9609","9609","RE-010275","ron-english-light-cult-9001-10000","YES","D:\github\ron-english-light-cult-9001-10000\images\9601-9700\LCCC-9609.png","https://i2c.seadn.io/ethereum/0xbe85fbd182af91290be7293438ae67549638189f/ba8289427fccd5272f28a90021ed76c3.png?w=350","https://i2c.seadn.io/ethereum/0xbe85fbd182af91290be7293438ae67549638189f/ba8289427fccd5272f28a90021ed76c3.png","READY","Would download.",""
"9610","9610","RE-010276","ron-english-light-cult-9001-10000","YES","D:\github\ron-english-light-cult-9001-10000\images\9601-9700\LCCC-9610.png","https://i2c.seadn.io/ethereum/0xbe85fbd182af91290be7293438ae67549638189f/3360aa232e54e42dc709b75c9a3e57ed.png?w=350","https://i2c.seadn.io/ethereum/0xbe85fbd182af91290be7293438ae67549638189f/3360aa232e54e42dc709b75c9a3e57ed.png","READY","Would download.",""
"9611","9611","RE-010277","ron-english-light-cult-9001-10000","YES","D:\github\ron-english-light-cult-9001-10000\images\9601-9700\LCCC-9611.png","https://i2c.seadn.io/ethereum/0xbe85fbd182af91290be7293438ae67549638189f/db466fc92aeae0e69a688102a185099a.png?w=350","https://i2c.seadn.io/ethereum/0xbe85fbd182af91290be7293438ae67549638189f/db466fc92aeae0e69a688102a185099a.png","READY","Would download.",""
"9612","9612","RE-010278","ron-english-light-cult-9001-10000","YES","D:\github\ron-english-light-cult-9001-10000\images\9601-9700\LCCC-9612.png","https://i2c.seadn.io/ethereum/0xbe85fbd182af91290be7293438ae67549638189f/666db3dd1db2ee8cf091fdc3c8e28456.png?w=350","https://i2c.seadn.io/ethereum/0xbe85fbd182af91290be7293438ae67549638189f/666db3dd1db2ee8cf091fdc3c8e28456.png","READY","Would download.",""
"9614","9614","RE-010279","ron-english-light-cult-9001-10000","YES","D:\github\ron-english-light-cult-9001-10000\images\9601-9700\LCCC-9614.png","https://i2c.seadn.io/ethereum/0xbe85fbd182af91290be7293438ae67549638189f/a694f0096e7a0e107091e621ba5af5bc.png?w=350","https://i2c.seadn.io/ethereum/0xbe85fbd182af91290be7293438ae67549638189f/a694f0096e7a0e107091e621ba5af5bc.png","READY","Would download.",""
"9615","9615","RE-010280","ron-english-light-cult-9001-10000","YES","D:\github\ron-english-light-cult-9001-10000\images\9601-9700\LCCC-9615.png","https://i2c.seadn.io/ethereum/0xbe85fbd182af91290be7293438ae67549638189f/db6050c68c32e6e245114f877e23832b.png?w=350","https://i2c.seadn.io/ethereum/0xbe85fbd182af91290be7293438ae67549638189f/db6050c68c32e6e245114f877e23832b.png","READY","Would download.",""
"9616","9616","RE-010281","ron-english-light-cult-9001-10000","YES","D:\github\ron-english-light-cult-9001-10000\images\9601-9700\LCCC-9616.png","https://i2c.seadn.io/ethereum/0xbe85fbd182af91290be7293438ae67549638189f/7e29fa762b5fac34f9d6d862af3b3f73.png?w=350","https://i2c.seadn.io/ethereum/0xbe85fbd182af91290be7293438ae67549638189f/7e29fa762b5fac34f9d6d862af3b3f73.png","READY","Would download.",""
"9618","9618","RE-010282","ron-english-light-cult-9001-10000","YES","D:\github\ron-english-light-cult-9001-10000\images\9601-9700\LCCC-9618.png","https://i2c.seadn.io/ethereum/0xbe85fbd182af91290be7293438ae67549638189f/3282573dc40f9d69aa3f2cdb3e3fb059.png?w=350","https://i2c.seadn.io/ethereum/0xbe85fbd182af91290be7293438ae67549638189f/3282573dc40f9d69aa3f2cdb3e3fb059.png","READY","Would download.",""
"9620","9620","RE-010283","ron-english-light-cult-9001-10000","YES","D:\github\ron-english-light-cult-9001-10000\images\9601-9700\LCCC-9620.png","https://i2c.seadn.io/ethereum/0xbe85fbd182af91290be7293438ae67549638189f/cf5210578d5e62208dd930e25d4c97e0.png?w=350","https://i2c.seadn.io/ethereum/0xbe85fbd182af91290be7293438ae67549638189f/cf5210578d5e62208dd930e25d4c97e0.png","READY","Would download.",""
"9621","9621","RE-010284","ron-english-light-cult-9001-10000","YES","D:\github\ron-english-light-cult-9001-10000\images\9601-9700\LCCC-9621.png","https://i2c.seadn.io/ethereum/0xbe85fbd182af91290be7293438ae67549638189f/649b06f8eca9316e49617b580706b1c6.png?w=350","https://i2c.seadn.io/ethereum/0xbe85fbd182af91290be7293438ae67549638189f/649b06f8eca9316e49617b580706b1c6.png","READY","Would download.",""
"9623","9623","RE-010285","ron-english-light-cult-9001-10000","YES","D:\github\ron-english-light-cult-9001-10000\images\9601-9700\LCCC-9623.png","https://i2c.seadn.io/ethereum/0xbe85fbd182af91290be7293438ae67549638189f/7412e07a276fba0dc2809f22f5021536.png?w=350","https://i2c.seadn.io/ethereum/0xbe85fbd182af91290be7293438ae67549638189f/7412e07a276fba0dc2809f22f5021536.png","READY","Would download.",""
"9624","9624","RE-010286","ron-english-light-cult-9001-10000","YES","D:\github\ron-english-light-cult-9001-10000\images\9601-9700\LCCC-9624.png","https://i2c.seadn.io/ethereum/0xbe85fbd182af91290be7293438ae67549638189f/e4a8cf188721e9267b5ff2acec39f450.png?w=350","https://i2c.seadn.io/ethereum/0xbe85fbd182af91290be7293438ae67549638189f/e4a8cf188721e9267b5ff2acec39f450.png","READY","Would download.",""
"9625","9625","RE-010287","ron-english-light-cult-9001-10000","YES","D:\github\ron-english-light-cult-9001-10000\images\9601-9700\LCCC-9625.png","https://i2c.seadn.io/ethereum/0xbe85fbd182af91290be7293438ae67549638189f/b920bc0951f12fce095c39d9583d7cd5.png?w=350","https://i2c.seadn.io/ethereum/0xbe85fbd182af91290be7293438ae67549638189f/b920bc0951f12fce095c39d9583d7cd5.png","READY","Would download.",""
"9626","9626","RE-010288","ron-english-light-cult-9001-10000","YES","D:\github\ron-english-light-cult-9001-10000\images\9601-9700\LCCC-9626.png","https://i2c.seadn.io/ethereum/0xbe85fbd182af91290be7293438ae67549638189f/0e78b0e8e7df7d540f0b04bb93a683b5.png?w=350","https://i2c.seadn.io/ethereum/0xbe85fbd182af91290be7293438ae67549638189f/0e78b0e8e7df7d540f0b04bb93a683b5.png","READY","Would download.",""
"9627","9627","RE-010289","ron-english-light-cult-9001-10000","YES","D:\github\ron-english-light-cult-9001-10000\images\9601-9700\LCCC-9627.png","https://i2c.seadn.io/ethereum/0xbe85fbd182af91290be7293438ae67549638189f/6aaee722f17eedc3a9db39213c23c065.png?w=350","https://i2c.seadn.io/ethereum/0xbe85fbd182af91290be7293438ae67549638189f/6aaee722f17eedc3a9db39213c23c065.png","READY","Would download.",""
"9628","9628","RE-010290","ron-english-light-cult-9001-10000","YES","D:\github\ron-english-light-cult-9001-10000\images\9601-9700\LCCC-9628.png","https://i2c.seadn.io/ethereum/0xbe85fbd182af91290be7293438ae67549638189f/1fac8bc1a7890efa1941337dc6dfc732.png?w=350","https://i2c.seadn.io/ethereum/0xbe85fbd182af91290be7293438ae67549638189f/1fac8bc1a7890efa1941337dc6dfc732.png","READY","Would download.",""
"9630","9630","RE-010291","ron-english-light-cult-9001-10000","YES","D:\github\ron-english-light-cult-9001-10000\images\9601-9700\LCCC-9630.png","https://i2c.seadn.io/ethereum/0xbe85fbd182af91290be7293438ae67549638189f/69f6fc0b327f41c857cc8213fc1070ef.png?w=350","https://i2c.seadn.io/ethereum/0xbe85fbd182af91290be7293438ae67549638189f/69f6fc0b327f41c857cc8213fc1070ef.png","READY","Would download.",""
"9632","9632","RE-010292","ron-english-light-cult-9001-10000","YES","D:\github\ron-english-light-cult-9001-10000\images\9601-9700\LCCC-9632.png","https://i2c.seadn.io/ethereum/0xbe85fbd182af91290be7293438ae67549638189f/efb39266d4fecfb64a065d15d3104e91.png?w=350","https://i2c.seadn.io/ethereum/0xbe85fbd182af91290be7293438ae67549638189f/efb39266d4fecfb64a065d15d3104e91.png","READY","Would download.",""
"9633","9633","RE-010293","ron-english-light-cult-9001-10000","YES","D:\github\ron-english-light-cult-9001-10000\images\9601-9700\LCCC-9633.png","https://i2c.seadn.io/ethereum/0xbe85fbd182af91290be7293438ae67549638189f/1f2f0c4591ab20b335f542361cf6e6f3.png?w=350","https://i2c.seadn.io/ethereum/0xbe85fbd182af91290be7293438ae67549638189f/1f2f0c4591ab20b335f542361cf6e6f3.png","READY","Would download.",""
"9634","9634","RE-010294","ron-english-light-cult-9001-10000","YES","D:\github\ron-english-light-cult-9001-10000\images\9601-9700\LCCC-9634.png","https://i2c.seadn.io/ethereum/0xbe85fbd182af91290be7293438ae67549638189f/f7c75801d5a312435384eb0866a9baae.png?w=350","https://i2c.seadn.io/ethereum/0xbe85fbd182af91290be7293438ae67549638189f/f7c75801d5a312435384eb0866a9baae.png","READY","Would download.",""
"9635","9635","RE-010295","ron-english-light-cult-9001-10000","YES","D:\github\ron-english-light-cult-9001-10000\images\9601-9700\LCCC-9635.png","https://i2c.seadn.io/ethereum/0xbe85fbd182af91290be7293438ae67549638189f/2b41c70255d53789baa4c147d212294c.png?w=350","https://i2c.seadn.io/ethereum/0xbe85fbd182af91290be7293438ae67549638189f/2b41c70255d53789baa4c147d212294c.png","READY","Would download.",""
"9636","9636","RE-010296","ron-english-light-cult-9001-10000","YES","D:\github\ron-english-light-cult-9001-10000\images\9601-9700\LCCC-9636.png","https://i2c.seadn.io/ethereum/0xbe85fbd182af91290be7293438ae67549638189f/f75c1831107b2cfd9c27069240eef643.png?w=350","https://i2c.seadn.io/ethereum/0xbe85fbd182af91290be7293438ae67549638189f/f75c1831107b2cfd9c27069240eef643.png","READY","Would download.",""
"9637","9637","RE-010297","ron-english-light-cult-9001-10000","YES","D:\github\ron-english-light-cult-9001-10000\images\9601-9700\LCCC-9637.png","https://i2c.seadn.io/ethereum/0xbe85fbd182af91290be7293438ae67549638189f/51e700b6ecd36ccd525a1b98a020e4a4.png?w=350","https://i2c.seadn.io/ethereum/0xbe85fbd182af91290be7293438ae67549638189f/51e700b6ecd36ccd525a1b98a020e4a4.png","READY","Would download.",""
"9638","9638","RE-010298","ron-english-light-cult-9001-10000","YES","D:\github\ron-english-light-cult-9001-10000\images\9601-9700\LCCC-9638.png","https://i2c.seadn.io/ethereum/0xbe85fbd182af91290be7293438ae67549638189f/0ebb7bc4b90015ec9456ebc59b6053af.png?w=350","https://i2c.seadn.io/ethereum/0xbe85fbd182af91290be7293438ae67549638189f/0ebb7bc4b90015ec9456ebc59b6053af.png","READY","Would download.",""
"9639","9639","RE-010299","ron-english-light-cult-9001-10000","YES","D:\github\ron-english-light-cult-9001-10000\images\9601-9700\LCCC-9639.png","https://i2c.seadn.io/ethereum/0xbe85fbd182af91290be7293438ae67549638189f/7838acde7fbb0d884a41c65ef5143889.png?w=350","https://i2c.seadn.io/ethereum/0xbe85fbd182af91290be7293438ae67549638189f/7838acde7fbb0d884a41c65ef5143889.png","READY","Would download.",""
"9640","9640","RE-010300","ron-english-light-cult-9001-10000","YES","D:\github\ron-english-light-cult-9001-10000\images\9601-9700\LCCC-9640.png","https://i2c.seadn.io/ethereum/0xbe85fbd182af91290be7293438ae67549638189f/e31bc6a72d6c09d2538b1017e66a486b.png?w=350","https://i2c.seadn.io/ethereum/0xbe85fbd182af91290be7293438ae67549638189f/e31bc6a72d6c09d2538b1017e66a486b.png","READY","Would download.",""
"9641","9641","RE-010301","ron-english-light-cult-9001-10000","YES","D:\github\ron-english-light-cult-9001-10000\images\9601-9700\LCCC-9641.png","https://i2c.seadn.io/ethereum/0xbe85fbd182af91290be7293438ae67549638189f/ef0d94aae1b602b79579e977d9c2bbbd.png?w=350","https://i2c.seadn.io/ethereum/0xbe85fbd182af91290be7293438ae67549638189f/ef0d94aae1b602b79579e977d9c2bbbd.png","READY","Would download.",""
"9642","9642","RE-010302","ron-english-light-cult-9001-10000","YES","D:\github\ron-english-light-cult-9001-10000\images\9601-9700\LCCC-9642.png","https://i2c.seadn.io/ethereum/0xbe85fbd182af91290be7293438ae67549638189f/f5791053a218789c61e380fbb6a619a4.png?w=350","https://i2c.seadn.io/ethereum/0xbe85fbd182af91290be7293438ae67549638189f/f5791053a218789c61e380fbb6a619a4.png","READY","Would download.",""
"9643","9643","RE-010303","ron-english-light-cult-9001-10000","YES","D:\github\ron-english-light-cult-9001-10000\images\9601-9700\LCCC-9643.png","https://i2c.seadn.io/ethereum/0xbe85fbd182af91290be7293438ae67549638189f/6f7c236799c9cb02e30a0b8f9d50f2ab.png?w=350","https://i2c.seadn.io/ethereum/0xbe85fbd182af91290be7293438ae67549638189f/6f7c236799c9cb02e30a0b8f9d50f2ab.png","READY","Would download.",""
"9644","9644","RE-010304","ron-english-light-cult-9001-10000","YES","D:\github\ron-english-light-cult-9001-10000\images\9601-9700\LCCC-9644.png","https://i2c.seadn.io/ethereum/0xbe85fbd182af91290be7293438ae67549638189f/d6c151103e17eaea4c9d7fbd5ccb8391.png?w=350","https://i2c.seadn.io/ethereum/0xbe85fbd182af91290be7293438ae67549638189f/d6c151103e17eaea4c9d7fbd5ccb8391.png","READY","Would download.",""
"9645","9645","RE-010305","ron-english-light-cult-9001-10000","YES","D:\github\ron-english-light-cult-9001-10000\images\9601-9700\LCCC-9645.png","https://i2c.seadn.io/ethereum/0xbe85fbd182af91290be7293438ae67549638189f/cf05207c720c527343718904d6b3d0d6.png?w=350","https://i2c.seadn.io/ethereum/0xbe85fbd182af91290be7293438ae67549638189f/cf05207c720c527343718904d6b3d0d6.png","READY","Would download.",""
"9646","9646","RE-010306","ron-english-light-cult-9001-10000","YES","D:\github\ron-english-light-cult-9001-10000\images\9601-9700\LCCC-9646.png","https://i2c.seadn.io/ethereum/0xbe85fbd182af91290be7293438ae67549638189f/b8d22fe6361b808171cf3a96208abcd9.png?w=350","https://i2c.seadn.io/ethereum/0xbe85fbd182af91290be7293438ae67549638189f/b8d22fe6361b808171cf3a96208abcd9.png","READY","Would download.",""
"9647","9647","RE-010307","ron-english-light-cult-9001-10000","YES","D:\github\ron-english-light-cult-9001-10000\images\9601-9700\LCCC-9647.png","https://i2c.seadn.io/ethereum/0xbe85fbd182af91290be7293438ae67549638189f/c6f6515a53c0786e6d8bb596be66b2b4.png?w=350","https://i2c.seadn.io/ethereum/0xbe85fbd182af91290be7293438ae67549638189f/c6f6515a53c0786e6d8bb596be66b2b4.png","READY","Would download.",""
"9648","9648","RE-010308","ron-english-light-cult-9001-10000","YES","D:\github\ron-english-light-cult-9001-10000\images\9601-9700\LCCC-9648.png","https://i2c.seadn.io/ethereum/0xbe85fbd182af91290be7293438ae67549638189f/68a08a161fbe9e47a5fcffacdd5f6713.png?w=350","https://i2c.seadn.io/ethereum/0xbe85fbd182af91290be7293438ae67549638189f/68a08a161fbe9e47a5fcffacdd5f6713.png","READY","Would download.",""
"9649","9649","RE-010309","ron-english-light-cult-9001-10000","YES","D:\github\ron-english-light-cult-9001-10000\images\9601-9700\LCCC-9649.png","https://i2c.seadn.io/ethereum/0xbe85fbd182af91290be7293438ae67549638189f/05b548d1c86a43751ca7dd38c1f52593.png?w=350","https://i2c.seadn.io/ethereum/0xbe85fbd182af91290be7293438ae67549638189f/05b548d1c86a43751ca7dd38c1f52593.png","READY","Would download.",""
"9650","9650","RE-010310","ron-english-light-cult-9001-10000","YES","D:\github\ron-english-light-cult-9001-10000\images\9601-9700\LCCC-9650.png","https://i2c.seadn.io/ethereum/0xbe85fbd182af91290be7293438ae67549638189f/a00babf9a2a62b05b5a3140ff6241856.png?w=350","https://i2c.seadn.io/ethereum/0xbe85fbd182af91290be7293438ae67549638189f/a00babf9a2a62b05b5a3140ff6241856.png","READY","Would download.",""
"9651","9651","RE-010311","ron-english-light-cult-9001-10000","YES","D:\github\ron-english-light-cult-9001-10000\images\9601-9700\LCCC-9651.png","https://i2c.seadn.io/ethereum/0xbe85fbd182af91290be7293438ae67549638189f/788d9899231c264f3ec3f479a2d6b84b.png?w=350","https://i2c.seadn.io/ethereum/0xbe85fbd182af91290be7293438ae67549638189f/788d9899231c264f3ec3f479a2d6b84b.png","READY","Would download.",""
"9652","9652","RE-010312","ron-english-light-cult-9001-10000","YES","D:\github\ron-english-light-cult-9001-10000\images\9601-9700\LCCC-9652.png","https://i2c.seadn.io/ethereum/0xbe85fbd182af91290be7293438ae67549638189f/5c873fbc2762facbb5dbc631dd8a6462.png?w=350","https://i2c.seadn.io/ethereum/0xbe85fbd182af91290be7293438ae67549638189f/5c873fbc2762facbb5dbc631dd8a6462.png","READY","Would download.",""
"9653","9653","RE-010313","ron-english-light-cult-9001-10000","YES","D:\github\ron-english-light-cult-9001-10000\images\9601-9700\LCCC-9653.png","https://i2c.seadn.io/ethereum/0xbe85fbd182af91290be7293438ae67549638189f/4d031a9bf3c6af04a7496360214bf8bc.png?w=350","https://i2c.seadn.io/ethereum/0xbe85fbd182af91290be7293438ae67549638189f/4d031a9bf3c6af04a7496360214bf8bc.png","READY","Would download.",""
"9654","9654","RE-010314","ron-english-light-cult-9001-10000","YES","D:\github\ron-english-light-cult-9001-10000\images\9601-9700\LCCC-9654.png","https://i2c.seadn.io/ethereum/0xbe85fbd182af91290be7293438ae67549638189f/ea771f7aa57d03cde10a91ad91176931.png?w=350","https://i2c.seadn.io/ethereum/0xbe85fbd182af91290be7293438ae67549638189f/ea771f7aa57d03cde10a91ad91176931.png","READY","Would download.",""
"9655","9655","RE-010315","ron-english-light-cult-9001-10000","YES","D:\github\ron-english-light-cult-9001-10000\images\9601-9700\LCCC-9655.png","https://i2c.seadn.io/ethereum/0xbe85fbd182af91290be7293438ae67549638189f/d95b71d71ae74ee3d5df997176911203.png?w=350","https://i2c.seadn.io/ethereum/0xbe85fbd182af91290be7293438ae67549638189f/d95b71d71ae74ee3d5df997176911203.png","READY","Would download.",""
"9657","9657","RE-010316","ron-english-light-cult-9001-10000","YES","D:\github\ron-english-light-cult-9001-10000\images\9601-9700\LCCC-9657.png","https://i2c.seadn.io/ethereum/0xbe85fbd182af91290be7293438ae67549638189f/968a2f7709436c3f6a164c6b1ddd43c4.png?w=350","https://i2c.seadn.io/ethereum/0xbe85fbd182af91290be7293438ae67549638189f/968a2f7709436c3f6a164c6b1ddd43c4.png","READY","Would download.",""
"9658","9658","RE-010317","ron-english-light-cult-9001-10000","YES","D:\github\ron-english-light-cult-9001-10000\images\9601-9700\LCCC-9658.png","https://i2c.seadn.io/ethereum/0xbe85fbd182af91290be7293438ae67549638189f/ee07bef4fb0f965cc7d27c4fad30aa2d.png?w=350","https://i2c.seadn.io/ethereum/0xbe85fbd182af91290be7293438ae67549638189f/ee07bef4fb0f965cc7d27c4fad30aa2d.png","READY","Would download.",""
"9659","9659","RE-010318","ron-english-light-cult-9001-10000","YES","D:\github\ron-english-light-cult-9001-10000\images\9601-9700\LCCC-9659.png","https://i2c.seadn.io/ethereum/0xbe85fbd182af91290be7293438ae67549638189f/43070652a43974708f08ed5c5e1ac4df.png?w=350","https://i2c.seadn.io/ethereum/0xbe85fbd182af91290be7293438ae67549638189f/43070652a43974708f08ed5c5e1ac4df.png","READY","Would download.",""
"9660","9660","RE-010319","ron-english-light-cult-9001-10000","YES","D:\github\ron-english-light-cult-9001-10000\images\9601-9700\LCCC-9660.png","https://i2c.seadn.io/ethereum/0xbe85fbd182af91290be7293438ae67549638189f/229c4bdf76ed12d14c367ae9da97d986.png?w=350","https://i2c.seadn.io/ethereum/0xbe85fbd182af91290be7293438ae67549638189f/229c4bdf76ed12d14c367ae9da97d986.png","READY","Would download.",""
"9661","9661","RE-010320","ron-english-light-cult-9001-10000","YES","D:\github\ron-english-light-cult-9001-10000\images\9601-9700\LCCC-9661.png","https://i2c.seadn.io/ethereum/0xbe85fbd182af91290be7293438ae67549638189f/77e1998fb0620544edb8f022b40c947a.png?w=350","https://i2c.seadn.io/ethereum/0xbe85fbd182af91290be7293438ae67549638189f/77e1998fb0620544edb8f022b40c947a.png","READY","Would download.",""
"9662","9662","RE-010321","ron-english-light-cult-9001-10000","YES","D:\github\ron-english-light-cult-9001-10000\images\9601-9700\LCCC-9662.png","https://i2c.seadn.io/ethereum/0xbe85fbd182af91290be7293438ae67549638189f/8fa98c297739b1c231b312cdb99bdc77.png?w=350","https://i2c.seadn.io/ethereum/0xbe85fbd182af91290be7293438ae67549638189f/8fa98c297739b1c231b312cdb99bdc77.png","READY","Would download.",""
"9663","9663","RE-010322","ron-english-light-cult-9001-10000","YES","D:\github\ron-english-light-cult-9001-10000\images\9601-9700\LCCC-9663.png","https://i2c.seadn.io/ethereum/0xbe85fbd182af91290be7293438ae67549638189f/471b262d9391a3f0e4d9883af30544ac.png?w=350","https://i2c.seadn.io/ethereum/0xbe85fbd182af91290be7293438ae67549638189f/471b262d9391a3f0e4d9883af30544ac.png","READY","Would download.",""
"9665","9665","RE-010323","ron-english-light-cult-9001-10000","YES","D:\github\ron-english-light-cult-9001-10000\images\9601-9700\LCCC-9665.png","https://i2c.seadn.io/ethereum/0xbe85fbd182af91290be7293438ae67549638189f/03b7583be709ae0434ea5ef317a33282.png?w=350","https://i2c.seadn.io/ethereum/0xbe85fbd182af91290be7293438ae67549638189f/03b7583be709ae0434ea5ef317a33282.png","READY","Would download.",""
"9666","9666","RE-010324","ron-english-light-cult-9001-10000","YES","D:\github\ron-english-light-cult-9001-10000\images\9601-9700\LCCC-9666.png","https://i2c.seadn.io/ethereum/0xbe85fbd182af91290be7293438ae67549638189f/24a68f6f00adb04f47818722f60488bf.png?w=350","https://i2c.seadn.io/ethereum/0xbe85fbd182af91290be7293438ae67549638189f/24a68f6f00adb04f47818722f60488bf.png","READY","Would download.",""
"9667","9667","RE-010325","ron-english-light-cult-9001-10000","YES","D:\github\ron-english-light-cult-9001-10000\images\9601-9700\LCCC-9667.png","https://i2c.seadn.io/ethereum/0xbe85fbd182af91290be7293438ae67549638189f/1ad765d2b13db0d9b3822b03bdef9d89.png?w=350","https://i2c.seadn.io/ethereum/0xbe85fbd182af91290be7293438ae67549638189f/1ad765d2b13db0d9b3822b03bdef9d89.png","READY","Would download.",""
"9668","9668","RE-010326","ron-english-light-cult-9001-10000","YES","D:\github\ron-english-light-cult-9001-10000\images\9601-9700\LCCC-9668.png","https://i2c.seadn.io/ethereum/0xbe85fbd182af91290be7293438ae67549638189f/218efee5dabcc255f775b1bbbeb09be3.png?w=350","https://i2c.seadn.io/ethereum/0xbe85fbd182af91290be7293438ae67549638189f/218efee5dabcc255f775b1bbbeb09be3.png","READY","Would download.",""
"9669","9669","RE-010327","ron-english-light-cult-9001-10000","YES","D:\github\ron-english-light-cult-9001-10000\images\9601-9700\LCCC-9669.png","https://i2c.seadn.io/ethereum/0xbe85fbd182af91290be7293438ae67549638189f/76aa96eb833488fc096ee66009210c34.png?w=350","https://i2c.seadn.io/ethereum/0xbe85fbd182af91290be7293438ae67549638189f/76aa96eb833488fc096ee66009210c34.png","READY","Would download.",""
"9671","9671","RE-010328","ron-english-light-cult-9001-10000","YES","D:\github\ron-english-light-cult-9001-10000\images\9601-9700\LCCC-9671.png","https://i2c.seadn.io/ethereum/0xbe85fbd182af91290be7293438ae67549638189f/4dccf7b057586033207c62df46e70ae1.png?w=350","https://i2c.seadn.io/ethereum/0xbe85fbd182af91290be7293438ae67549638189f/4dccf7b057586033207c62df46e70ae1.png","READY","Would download.",""
"9672","9672","RE-010329","ron-english-light-cult-9001-10000","YES","D:\github\ron-english-light-cult-9001-10000\images\9601-9700\LCCC-9672.png","https://i2c.seadn.io/ethereum/0xbe85fbd182af91290be7293438ae67549638189f/df57c1b6eab685c6e5080b339663dad4.png?w=350","https://i2c.seadn.io/ethereum/0xbe85fbd182af91290be7293438ae67549638189f/df57c1b6eab685c6e5080b339663dad4.png","READY","Would download.",""
"9673","9673","RE-010330","ron-english-light-cult-9001-10000","YES","D:\github\ron-english-light-cult-9001-10000\images\9601-9700\LCCC-9673.png","https://i2c.seadn.io/ethereum/0xbe85fbd182af91290be7293438ae67549638189f/ed0f1c118c6f190deb2279cd3bc63c80.png?w=350","https://i2c.seadn.io/ethereum/0xbe85fbd182af91290be7293438ae67549638189f/ed0f1c118c6f190deb2279cd3bc63c80.png","READY","Would download.",""
"9674","9674","RE-010331","ron-english-light-cult-9001-10000","YES","D:\github\ron-english-light-cult-9001-10000\images\9601-9700\LCCC-9674.png","https://i2c.seadn.io/ethereum/0xbe85fbd182af91290be7293438ae67549638189f/2d2189f24a6d874a60707886e212bb28.png?w=350","https://i2c.seadn.io/ethereum/0xbe85fbd182af91290be7293438ae67549638189f/2d2189f24a6d874a60707886e212bb28.png","READY","Would download.",""
"9676","9676","RE-010332","ron-english-light-cult-9001-10000","YES","D:\github\ron-english-light-cult-9001-10000\images\9601-9700\LCCC-9676.png","https://i2c.seadn.io/ethereum/0xbe85fbd182af91290be7293438ae67549638189f/4b35de5342b41c9905d2f71da121059b.png?w=350","https://i2c.seadn.io/ethereum/0xbe85fbd182af91290be7293438ae67549638189f/4b35de5342b41c9905d2f71da121059b.png","READY","Would download.",""
"9677","9677","RE-010333","ron-english-light-cult-9001-10000","YES","D:\github\ron-english-light-cult-9001-10000\images\9601-9700\LCCC-9677.png","https://i2c.seadn.io/ethereum/0xbe85fbd182af91290be7293438ae67549638189f/42426a2790106646fadbb90be613acc6.png?w=350","https://i2c.seadn.io/ethereum/0xbe85fbd182af91290be7293438ae67549638189f/42426a2790106646fadbb90be613acc6.png","READY","Would download.",""
"9678","9678","RE-010334","ron-english-light-cult-9001-10000","YES","D:\github\ron-english-light-cult-9001-10000\images\9601-9700\LCCC-9678.png","https://i2c.seadn.io/ethereum/0xbe85fbd182af91290be7293438ae67549638189f/f18c2a08b8fefae5a38d93f8a3ab98a4.png?w=350","https://i2c.seadn.io/ethereum/0xbe85fbd182af91290be7293438ae67549638189f/f18c2a08b8fefae5a38d93f8a3ab98a4.png","READY","Would download.",""
"9679","9679","RE-010335","ron-english-light-cult-9001-10000","YES","D:\github\ron-english-light-cult-9001-10000\images\9601-9700\LCCC-9679.png","https://i2c.seadn.io/ethereum/0xbe85fbd182af91290be7293438ae67549638189f/a1a8d9e393e21ee22c0bcfffd6163457.png?w=350","https://i2c.seadn.io/ethereum/0xbe85fbd182af91290be7293438ae67549638189f/a1a8d9e393e21ee22c0bcfffd6163457.png","READY","Would download.",""
"9680","9680","RE-010336","ron-english-light-cult-9001-10000","YES","D:\github\ron-english-light-cult-9001-10000\images\9601-9700\LCCC-9680.png","https://i2c.seadn.io/ethereum/0xbe85fbd182af91290be7293438ae67549638189f/a9c3972d62660fe4701cdd01d67b6854.png?w=350","https://i2c.seadn.io/ethereum/0xbe85fbd182af91290be7293438ae67549638189f/a9c3972d62660fe4701cdd01d67b6854.png","READY","Would download.",""
"9681","9681","RE-010337","ron-english-light-cult-9001-10000","YES","D:\github\ron-english-light-cult-9001-10000\images\9601-9700\LCCC-9681.png","https://i2c.seadn.io/ethereum/0xbe85fbd182af91290be7293438ae67549638189f/b4b551c37913cb01cc491c5961df1242.png?w=350","https://i2c.seadn.io/ethereum/0xbe85fbd182af91290be7293438ae67549638189f/b4b551c37913cb01cc491c5961df1242.png","READY","Would download.",""
"9683","9683","RE-010338","ron-english-light-cult-9001-10000","YES","D:\github\ron-english-light-cult-9001-10000\images\9601-9700\LCCC-9683.png","https://i2c.seadn.io/ethereum/0xbe85fbd182af91290be7293438ae67549638189f/9251f3c0ffcd2b4b3bdbc618738a0aa3.png?w=350","https://i2c.seadn.io/ethereum/0xbe85fbd182af91290be7293438ae67549638189f/9251f3c0ffcd2b4b3bdbc618738a0aa3.png","READY","Would download.",""
"9684","9684","RE-010339","ron-english-light-cult-9001-10000","YES","D:\github\ron-english-light-cult-9001-10000\images\9601-9700\LCCC-9684.png","https://i2c.seadn.io/ethereum/0xbe85fbd182af91290be7293438ae67549638189f/a98841037242bf39bbf5c1d328914422.png?w=350","https://i2c.seadn.io/ethereum/0xbe85fbd182af91290be7293438ae67549638189f/a98841037242bf39bbf5c1d328914422.png","READY","Would download.",""
"9685","9685","RE-010340","ron-english-light-cult-9001-10000","YES","D:\github\ron-english-light-cult-9001-10000\images\9601-9700\LCCC-9685.png","https://i2c.seadn.io/ethereum/0xbe85fbd182af91290be7293438ae67549638189f/eef92d5012078da72aa0ca0600e934f3.png?w=350","https://i2c.seadn.io/ethereum/0xbe85fbd182af91290be7293438ae67549638189f/eef92d5012078da72aa0ca0600e934f3.png","READY","Would download.",""
"9686","9686","RE-010341","ron-english-light-cult-9001-10000","YES","D:\github\ron-english-light-cult-9001-10000\images\9601-9700\LCCC-9686.png","https://i2c.seadn.io/ethereum/0xbe85fbd182af91290be7293438ae67549638189f/7619a290add4f84992a09d22aaf45e45.png?w=350","https://i2c.seadn.io/ethereum/0xbe85fbd182af91290be7293438ae67549638189f/7619a290add4f84992a09d22aaf45e45.png","READY","Would download.",""
"9687","9687","RE-010342","ron-english-light-cult-9001-10000","YES","D:\github\ron-english-light-cult-9001-10000\images\9601-9700\LCCC-9687.png","https://i2c.seadn.io/ethereum/0xbe85fbd182af91290be7293438ae67549638189f/dbbe6e0d1175ee753c3db90ef69d561d.png?w=350","https://i2c.seadn.io/ethereum/0xbe85fbd182af91290be7293438ae67549638189f/dbbe6e0d1175ee753c3db90ef69d561d.png","READY","Would download.",""
"9688","9688","RE-010343","ron-english-light-cult-9001-10000","YES","D:\github\ron-english-light-cult-9001-10000\images\9601-9700\LCCC-9688.png","https://i2c.seadn.io/ethereum/0xbe85fbd182af91290be7293438ae67549638189f/6a8ccfbf8888fd2c57efb36cce70875c.png?w=350","https://i2c.seadn.io/ethereum/0xbe85fbd182af91290be7293438ae67549638189f/6a8ccfbf8888fd2c57efb36cce70875c.png","READY","Would download.",""
"9689","9689","RE-010344","ron-english-light-cult-9001-10000","YES","D:\github\ron-english-light-cult-9001-10000\images\9601-9700\LCCC-9689.png","https://i2c.seadn.io/ethereum/0xbe85fbd182af91290be7293438ae67549638189f/9c854a1344239273fc26ea13c168d275.png?w=350","https://i2c.seadn.io/ethereum/0xbe85fbd182af91290be7293438ae67549638189f/9c854a1344239273fc26ea13c168d275.png","READY","Would download.",""
"9691","9691","RE-010345","ron-english-light-cult-9001-10000","YES","D:\github\ron-english-light-cult-9001-10000\images\9601-9700\LCCC-9691.png","https://i2c.seadn.io/ethereum/0xbe85fbd182af91290be7293438ae67549638189f/c7b79e3338dc3c60021a7aeecf2e000a.png?w=350","https://i2c.seadn.io/ethereum/0xbe85fbd182af91290be7293438ae67549638189f/c7b79e3338dc3c60021a7aeecf2e000a.png","READY","Would download.",""
"9693","9693","RE-010346","ron-english-light-cult-9001-10000","YES","D:\github\ron-english-light-cult-9001-10000\images\9601-9700\LCCC-9693.png","https://i2c.seadn.io/ethereum/0xbe85fbd182af91290be7293438ae67549638189f/d27e5e74570e39cd0753f48e9fca7862.png?w=350","https://i2c.seadn.io/ethereum/0xbe85fbd182af91290be7293438ae67549638189f/d27e5e74570e39cd0753f48e9fca7862.png","READY","Would download.",""
"9694","9694","RE-010347","ron-english-light-cult-9001-10000","YES","D:\github\ron-english-light-cult-9001-10000\images\9601-9700\LCCC-9694.png","https://i2c.seadn.io/ethereum/0xbe85fbd182af91290be7293438ae67549638189f/0db830867b7ec15df5227e7f8e6d2c14.png?w=350","https://i2c.seadn.io/ethereum/0xbe85fbd182af91290be7293438ae67549638189f/0db830867b7ec15df5227e7f8e6d2c14.png","READY","Would download.",""
"9695","9695","RE-010348","ron-english-light-cult-9001-10000","YES","D:\github\ron-english-light-cult-9001-10000\images\9601-9700\LCCC-9695.png","https://i2c.seadn.io/ethereum/0xbe85fbd182af91290be7293438ae67549638189f/77f24f2a8dcdb82a766ddd1f05a6c88a.png?w=350","https://i2c.seadn.io/ethereum/0xbe85fbd182af91290be7293438ae67549638189f/77f24f2a8dcdb82a766ddd1f05a6c88a.png","READY","Would download.",""
"9696","9696","RE-010349","ron-english-light-cult-9001-10000","YES","D:\github\ron-english-light-cult-9001-10000\images\9601-9700\LCCC-9696.png","https://i2c.seadn.io/ethereum/0xbe85fbd182af91290be7293438ae67549638189f/54b25d11635080c6c24b1a398850091d.png?w=350","https://i2c.seadn.io/ethereum/0xbe85fbd182af91290be7293438ae67549638189f/54b25d11635080c6c24b1a398850091d.png","READY","Would download.",""
"9697","9697","RE-010350","ron-english-light-cult-9001-10000","YES","D:\github\ron-english-light-cult-9001-10000\images\9601-9700\LCCC-9697.png","https://i2c.seadn.io/ethereum/0xbe85fbd182af91290be7293438ae67549638189f/3b4b9a684ca3fb7175407eb13dee3f14.png?w=350","https://i2c.seadn.io/ethereum/0xbe85fbd182af91290be7293438ae67549638189f/3b4b9a684ca3fb7175407eb13dee3f14.png","READY","Would download.",""
"9698","9698","RE-010351","ron-english-light-cult-9001-10000","YES","D:\github\ron-english-light-cult-9001-10000\images\9601-9700\LCCC-9698.png","https://i2c.seadn.io/ethereum/0xbe85fbd182af91290be7293438ae67549638189f/a99dcc7da4b450f19222d6560a948554.png?w=350","https://i2c.seadn.io/ethereum/0xbe85fbd182af91290be7293438ae67549638189f/a99dcc7da4b450f19222d6560a948554.png","READY","Would download.",""
"9699","9699","RE-010352","ron-english-light-cult-9001-10000","YES","D:\github\ron-english-light-cult-9001-10000\images\9601-9700\LCCC-9699.png","https://i2c.seadn.io/ethereum/0xbe85fbd182af91290be7293438ae67549638189f/73c483506c66ff10c7996ddf62299cd0.png?w=350","https://i2c.seadn.io/ethereum/0xbe85fbd182af91290be7293438ae67549638189f/73c483506c66ff10c7996ddf62299cd0.png","READY","Would download.",""
"9700","9700","RE-010353","ron-english-light-cult-9001-10000","YES","D:\github\ron-english-light-cult-9001-10000\images\9601-9700\LCCC-9700.png","https://i2c.seadn.io/ethereum/0xbe85fbd182af91290be7293438ae67549638189f/3962050159dbb06b8a220782a6606c85.png?w=350","https://i2c.seadn.io/ethereum/0xbe85fbd182af91290be7293438ae67549638189f/3962050159dbb06b8a220782a6606c85.png","READY","Would download.",""
"9701","9701","RE-010354","ron-english-light-cult-9001-10000","YES","D:\github\ron-english-light-cult-9001-10000\images\9701-9800\LCCC-9701.png","https://i2c.seadn.io/ethereum/0xbe85fbd182af91290be7293438ae67549638189f/d085e3abe2d25f340cad56a0cdd0e967.png?w=350","https://i2c.seadn.io/ethereum/0xbe85fbd182af91290be7293438ae67549638189f/d085e3abe2d25f340cad56a0cdd0e967.png","READY","Would download.",""
"9702","9702","RE-010355","ron-english-light-cult-9001-10000","YES","D:\github\ron-english-light-cult-9001-10000\images\9701-9800\LCCC-9702.png","https://i2c.seadn.io/ethereum/0xbe85fbd182af91290be7293438ae67549638189f/9d5132574d7162bd8a46260e736c2243.png?w=350","https://i2c.seadn.io/ethereum/0xbe85fbd182af91290be7293438ae67549638189f/9d5132574d7162bd8a46260e736c2243.png","READY","Would download.",""
"9703","9703","RE-010356","ron-english-light-cult-9001-10000","YES","D:\github\ron-english-light-cult-9001-10000\images\9701-9800\LCCC-9703.png","https://i2c.seadn.io/ethereum/0xbe85fbd182af91290be7293438ae67549638189f/4e7d8e03d5c9d77af034ffcf6c669547.png?w=350","https://i2c.seadn.io/ethereum/0xbe85fbd182af91290be7293438ae67549638189f/4e7d8e03d5c9d77af034ffcf6c669547.png","READY","Would download.",""
"9704","9704","RE-010357","ron-english-light-cult-9001-10000","YES","D:\github\ron-english-light-cult-9001-10000\images\9701-9800\LCCC-9704.png","https://i2c.seadn.io/ethereum/0xbe85fbd182af91290be7293438ae67549638189f/d108b9572040c71009a11f246c844bbe.png?w=350","https://i2c.seadn.io/ethereum/0xbe85fbd182af91290be7293438ae67549638189f/d108b9572040c71009a11f246c844bbe.png","READY","Would download.",""
"9705","9705","RE-010358","ron-english-light-cult-9001-10000","YES","D:\github\ron-english-light-cult-9001-10000\images\9701-9800\LCCC-9705.png","https://i2c.seadn.io/ethereum/0xbe85fbd182af91290be7293438ae67549638189f/979dbf9a7bfcca12da0f131f6b802eef.png?w=350","https://i2c.seadn.io/ethereum/0xbe85fbd182af91290be7293438ae67549638189f/979dbf9a7bfcca12da0f131f6b802eef.png","READY","Would download.",""
"9706","9706","RE-010359","ron-english-light-cult-9001-10000","YES","D:\github\ron-english-light-cult-9001-10000\images\9701-9800\LCCC-9706.png","https://i2c.seadn.io/ethereum/0xbe85fbd182af91290be7293438ae67549638189f/26cd1a16585e93e9528fd15c5bc9d557.png?w=350","https://i2c.seadn.io/ethereum/0xbe85fbd182af91290be7293438ae67549638189f/26cd1a16585e93e9528fd15c5bc9d557.png","READY","Would download.",""
"9707","9707","RE-010360","ron-english-light-cult-9001-10000","YES","D:\github\ron-english-light-cult-9001-10000\images\9701-9800\LCCC-9707.png","https://i2c.seadn.io/ethereum/0xbe85fbd182af91290be7293438ae67549638189f/a724e3980071792e00b58a1b85add501.png?w=350","https://i2c.seadn.io/ethereum/0xbe85fbd182af91290be7293438ae67549638189f/a724e3980071792e00b58a1b85add501.png","READY","Would download.",""
"9708","9708","RE-010361","ron-english-light-cult-9001-10000","YES","D:\github\ron-english-light-cult-9001-10000\images\9701-9800\LCCC-9708.png","https://i2c.seadn.io/ethereum/0xbe85fbd182af91290be7293438ae67549638189f/e369120e9390e8f2263af1ca8f8c09d2.png?w=350","https://i2c.seadn.io/ethereum/0xbe85fbd182af91290be7293438ae67549638189f/e369120e9390e8f2263af1ca8f8c09d2.png","READY","Would download.",""
"9709","9709","RE-010362","ron-english-light-cult-9001-10000","YES","D:\github\ron-english-light-cult-9001-10000\images\9701-9800\LCCC-9709.png","https://i2c.seadn.io/ethereum/0xbe85fbd182af91290be7293438ae67549638189f/9b3c5c75c3a7f6d3a2ed64d1efb14dd3.png?w=350","https://i2c.seadn.io/ethereum/0xbe85fbd182af91290be7293438ae67549638189f/9b3c5c75c3a7f6d3a2ed64d1efb14dd3.png","READY","Would download.",""
"9710","9710","RE-010363","ron-english-light-cult-9001-10000","YES","D:\github\ron-english-light-cult-9001-10000\images\9701-9800\LCCC-9710.png","https://i2c.seadn.io/ethereum/0xbe85fbd182af91290be7293438ae67549638189f/c148930f101261fff47f6c02a3a36d94.png?w=350","https://i2c.seadn.io/ethereum/0xbe85fbd182af91290be7293438ae67549638189f/c148930f101261fff47f6c02a3a36d94.png","READY","Would download.",""
"9711","9711","RE-010364","ron-english-light-cult-9001-10000","YES","D:\github\ron-english-light-cult-9001-10000\images\9701-9800\LCCC-9711.png","https://i2c.seadn.io/ethereum/0xbe85fbd182af91290be7293438ae67549638189f/cfa9562bf5ae0475f5d2673aa267507c.png?w=350","https://i2c.seadn.io/ethereum/0xbe85fbd182af91290be7293438ae67549638189f/cfa9562bf5ae0475f5d2673aa267507c.png","READY","Would download.",""
"9712","9712","RE-010365","ron-english-light-cult-9001-10000","YES","D:\github\ron-english-light-cult-9001-10000\images\9701-9800\LCCC-9712.png","https://i2c.seadn.io/ethereum/0xbe85fbd182af91290be7293438ae67549638189f/ca6909ef76af7568b2c252a8d41f9d81.png?w=350","https://i2c.seadn.io/ethereum/0xbe85fbd182af91290be7293438ae67549638189f/ca6909ef76af7568b2c252a8d41f9d81.png","READY","Would download.",""
"9713","9713","RE-010366","ron-english-light-cult-9001-10000","YES","D:\github\ron-english-light-cult-9001-10000\images\9701-9800\LCCC-9713.png","https://i2c.seadn.io/ethereum/0xbe85fbd182af91290be7293438ae67549638189f/1e87f9a12c614880d6a4f37a0b9701f3.png?w=350","https://i2c.seadn.io/ethereum/0xbe85fbd182af91290be7293438ae67549638189f/1e87f9a12c614880d6a4f37a0b9701f3.png","READY","Would download.",""
"9714","9714","RE-010367","ron-english-light-cult-9001-10000","YES","D:\github\ron-english-light-cult-9001-10000\images\9701-9800\LCCC-9714.png","https://i2c.seadn.io/ethereum/0xbe85fbd182af91290be7293438ae67549638189f/063e5b356608b6dfd2f7acf1b5371099.png?w=350","https://i2c.seadn.io/ethereum/0xbe85fbd182af91290be7293438ae67549638189f/063e5b356608b6dfd2f7acf1b5371099.png","READY","Would download.",""
"9715","9715","RE-010368","ron-english-light-cult-9001-10000","YES","D:\github\ron-english-light-cult-9001-10000\images\9701-9800\LCCC-9715.png","https://i2c.seadn.io/ethereum/0xbe85fbd182af91290be7293438ae67549638189f/e3c17547ac0f972280a76985a35aaf51.png?w=350","https://i2c.seadn.io/ethereum/0xbe85fbd182af91290be7293438ae67549638189f/e3c17547ac0f972280a76985a35aaf51.png","READY","Would download.",""
"9716","9716","RE-010369","ron-english-light-cult-9001-10000","YES","D:\github\ron-english-light-cult-9001-10000\images\9701-9800\LCCC-9716.png","https://i2c.seadn.io/ethereum/0xbe85fbd182af91290be7293438ae67549638189f/94c3389eb827fc27e228c6a0053fc48b.png?w=350","https://i2c.seadn.io/ethereum/0xbe85fbd182af91290be7293438ae67549638189f/94c3389eb827fc27e228c6a0053fc48b.png","READY","Would download.",""
"9717","9717","RE-010370","ron-english-light-cult-9001-10000","YES","D:\github\ron-english-light-cult-9001-10000\images\9701-9800\LCCC-9717.png","https://i2c.seadn.io/ethereum/0xbe85fbd182af91290be7293438ae67549638189f/8b6b29012077897a2398ddf86c3a6988.png?w=350","https://i2c.seadn.io/ethereum/0xbe85fbd182af91290be7293438ae67549638189f/8b6b29012077897a2398ddf86c3a6988.png","READY","Would download.",""
"9718","9718","RE-010371","ron-english-light-cult-9001-10000","YES","D:\github\ron-english-light-cult-9001-10000\images\9701-9800\LCCC-9718.png","https://i2c.seadn.io/ethereum/0xbe85fbd182af91290be7293438ae67549638189f/eb50eb5fceceb6fdb91d8e5a3c47b2c0.png?w=350","https://i2c.seadn.io/ethereum/0xbe85fbd182af91290be7293438ae67549638189f/eb50eb5fceceb6fdb91d8e5a3c47b2c0.png","READY","Would download.",""
"9719","9719","RE-010372","ron-english-light-cult-9001-10000","YES","D:\github\ron-english-light-cult-9001-10000\images\9701-9800\LCCC-9719.png","https://i2c.seadn.io/ethereum/0xbe85fbd182af91290be7293438ae67549638189f/7d0aea243462659a8e76265ee80ce2b4.png?w=350","https://i2c.seadn.io/ethereum/0xbe85fbd182af91290be7293438ae67549638189f/7d0aea243462659a8e76265ee80ce2b4.png","READY","Would download.",""
"9720","9720","RE-010373","ron-english-light-cult-9001-10000","YES","D:\github\ron-english-light-cult-9001-10000\images\9701-9800\LCCC-9720.png","https://i2c.seadn.io/ethereum/0xbe85fbd182af91290be7293438ae67549638189f/db41cb39fdee8d446e9fc5e1a33eb999.png?w=350","https://i2c.seadn.io/ethereum/0xbe85fbd182af91290be7293438ae67549638189f/db41cb39fdee8d446e9fc5e1a33eb999.png","READY","Would download.",""
"9721","9721","RE-010374","ron-english-light-cult-9001-10000","YES","D:\github\ron-english-light-cult-9001-10000\images\9701-9800\LCCC-9721.png","https://i2c.seadn.io/ethereum/0xbe85fbd182af91290be7293438ae67549638189f/66077a5c3be34ef3b37c43d1fc3ca622.png?w=350","https://i2c.seadn.io/ethereum/0xbe85fbd182af91290be7293438ae67549638189f/66077a5c3be34ef3b37c43d1fc3ca622.png","READY","Would download.",""
"9722","9722","RE-010375","ron-english-light-cult-9001-10000","YES","D:\github\ron-english-light-cult-9001-10000\images\9701-9800\LCCC-9722.png","https://i2c.seadn.io/ethereum/0xbe85fbd182af91290be7293438ae67549638189f/8ed8fc8e52a1ea8ee236af3b7d73f5ff.png?w=350","https://i2c.seadn.io/ethereum/0xbe85fbd182af91290be7293438ae67549638189f/8ed8fc8e52a1ea8ee236af3b7d73f5ff.png","READY","Would download.",""
"9723","9723","RE-010376","ron-english-light-cult-9001-10000","YES","D:\github\ron-english-light-cult-9001-10000\images\9701-9800\LCCC-9723.png","https://i2c.seadn.io/ethereum/0xbe85fbd182af91290be7293438ae67549638189f/5adb260d25ad03e0214026a8966f865d.png?w=350","https://i2c.seadn.io/ethereum/0xbe85fbd182af91290be7293438ae67549638189f/5adb260d25ad03e0214026a8966f865d.png","READY","Would download.",""
"9724","9724","RE-010377","ron-english-light-cult-9001-10000","YES","D:\github\ron-english-light-cult-9001-10000\images\9701-9800\LCCC-9724.png","https://i2c.seadn.io/ethereum/0xbe85fbd182af91290be7293438ae67549638189f/c13359870baa6e1802388877f239b52b.png?w=350","https://i2c.seadn.io/ethereum/0xbe85fbd182af91290be7293438ae67549638189f/c13359870baa6e1802388877f239b52b.png","READY","Would download.",""
"9725","9725","RE-010378","ron-english-light-cult-9001-10000","YES","D:\github\ron-english-light-cult-9001-10000\images\9701-9800\LCCC-9725.png","https://i2c.seadn.io/ethereum/0xbe85fbd182af91290be7293438ae67549638189f/0d7277557069415689929e2c28815e4e.png?w=350","https://i2c.seadn.io/ethereum/0xbe85fbd182af91290be7293438ae67549638189f/0d7277557069415689929e2c28815e4e.png","READY","Would download.",""
"9726","9726","RE-010379","ron-english-light-cult-9001-10000","YES","D:\github\ron-english-light-cult-9001-10000\images\9701-9800\LCCC-9726.png","https://i2c.seadn.io/ethereum/0xbe85fbd182af91290be7293438ae67549638189f/8a652bc441f3e8986c5119fc01a1611a.png?w=350","https://i2c.seadn.io/ethereum/0xbe85fbd182af91290be7293438ae67549638189f/8a652bc441f3e8986c5119fc01a1611a.png","READY","Would download.",""
"9727","9727","RE-010380","ron-english-light-cult-9001-10000","YES","D:\github\ron-english-light-cult-9001-10000\images\9701-9800\LCCC-9727.png","https://i2c.seadn.io/ethereum/0xbe85fbd182af91290be7293438ae67549638189f/568d52584b08bf0f8913e6232404e5bf.png?w=350","https://i2c.seadn.io/ethereum/0xbe85fbd182af91290be7293438ae67549638189f/568d52584b08bf0f8913e6232404e5bf.png","READY","Would download.",""
"9728","9728","RE-010381","ron-english-light-cult-9001-10000","YES","D:\github\ron-english-light-cult-9001-10000\images\9701-9800\LCCC-9728.png","https://i2c.seadn.io/ethereum/0xbe85fbd182af91290be7293438ae67549638189f/e46e856c1d300d2c4b06efc2b3c8d939.png?w=350","https://i2c.seadn.io/ethereum/0xbe85fbd182af91290be7293438ae67549638189f/e46e856c1d300d2c4b06efc2b3c8d939.png","READY","Would download.",""
"9729","9729","RE-010382","ron-english-light-cult-9001-10000","YES","D:\github\ron-english-light-cult-9001-10000\images\9701-9800\LCCC-9729.png","https://i2c.seadn.io/ethereum/0xbe85fbd182af91290be7293438ae67549638189f/c4901532bd339895dee771ce574e4101.png?w=350","https://i2c.seadn.io/ethereum/0xbe85fbd182af91290be7293438ae67549638189f/c4901532bd339895dee771ce574e4101.png","READY","Would download.",""
"9730","9730","RE-010383","ron-english-light-cult-9001-10000","YES","D:\github\ron-english-light-cult-9001-10000\images\9701-9800\LCCC-9730.png","https://i2c.seadn.io/ethereum/0xbe85fbd182af91290be7293438ae67549638189f/4a75aa3a51da8133cff643353c2fe7c8.png?w=350","https://i2c.seadn.io/ethereum/0xbe85fbd182af91290be7293438ae67549638189f/4a75aa3a51da8133cff643353c2fe7c8.png","READY","Would download.",""
"9731","9731","RE-010384","ron-english-light-cult-9001-10000","YES","D:\github\ron-english-light-cult-9001-10000\images\9701-9800\LCCC-9731.png","https://i2c.seadn.io/ethereum/0xbe85fbd182af91290be7293438ae67549638189f/13f4b2eb97b596caf209c0623df08521.png?w=350","https://i2c.seadn.io/ethereum/0xbe85fbd182af91290be7293438ae67549638189f/13f4b2eb97b596caf209c0623df08521.png","READY","Would download.",""
"9732","9732","RE-010385","ron-english-light-cult-9001-10000","YES","D:\github\ron-english-light-cult-9001-10000\images\9701-9800\LCCC-9732.png","https://i2c.seadn.io/ethereum/0xbe85fbd182af91290be7293438ae67549638189f/1df6b033256fc60411c6086f4e4dd1e0.png?w=350","https://i2c.seadn.io/ethereum/0xbe85fbd182af91290be7293438ae67549638189f/1df6b033256fc60411c6086f4e4dd1e0.png","READY","Would download.",""
"9733","9733","RE-010386","ron-english-light-cult-9001-10000","YES","D:\github\ron-english-light-cult-9001-10000\images\9701-9800\LCCC-9733.png","https://i2c.seadn.io/ethereum/0xbe85fbd182af91290be7293438ae67549638189f/6af5ebc215022dc440e6726a193d31fa.png?w=350","https://i2c.seadn.io/ethereum/0xbe85fbd182af91290be7293438ae67549638189f/6af5ebc215022dc440e6726a193d31fa.png","READY","Would download.",""
"9734","9734","RE-010387","ron-english-light-cult-9001-10000","YES","D:\github\ron-english-light-cult-9001-10000\images\9701-9800\LCCC-9734.png","https://i2c.seadn.io/ethereum/0xbe85fbd182af91290be7293438ae67549638189f/d03054c1d38df1b1784cb5b45c6b5a01.png?w=350","https://i2c.seadn.io/ethereum/0xbe85fbd182af91290be7293438ae67549638189f/d03054c1d38df1b1784cb5b45c6b5a01.png","READY","Would download.",""
"9735","9735","RE-010388","ron-english-light-cult-9001-10000","YES","D:\github\ron-english-light-cult-9001-10000\images\9701-9800\LCCC-9735.png","https://i2c.seadn.io/ethereum/0xbe85fbd182af91290be7293438ae67549638189f/859c2602831650a79289b610950ee31c.png?w=350","https://i2c.seadn.io/ethereum/0xbe85fbd182af91290be7293438ae67549638189f/859c2602831650a79289b610950ee31c.png","READY","Would download.",""
"9736","9736","RE-010389","ron-english-light-cult-9001-10000","YES","D:\github\ron-english-light-cult-9001-10000\images\9701-9800\LCCC-9736.png","https://i2c.seadn.io/ethereum/0xbe85fbd182af91290be7293438ae67549638189f/e2d0568f4ce6c55337a53521804bcc42.png?w=350","https://i2c.seadn.io/ethereum/0xbe85fbd182af91290be7293438ae67549638189f/e2d0568f4ce6c55337a53521804bcc42.png","READY","Would download.",""
"9737","9737","RE-010390","ron-english-light-cult-9001-10000","YES","D:\github\ron-english-light-cult-9001-10000\images\9701-9800\LCCC-9737.png","https://i2c.seadn.io/ethereum/0xbe85fbd182af91290be7293438ae67549638189f/0379007b887fb48d1d57fdb1fec57db0.png?w=350","https://i2c.seadn.io/ethereum/0xbe85fbd182af91290be7293438ae67549638189f/0379007b887fb48d1d57fdb1fec57db0.png","READY","Would download.",""
"9739","9739","RE-010391","ron-english-light-cult-9001-10000","YES","D:\github\ron-english-light-cult-9001-10000\images\9701-9800\LCCC-9739.png","https://i2c.seadn.io/ethereum/0xbe85fbd182af91290be7293438ae67549638189f/1ad2c9a70f24213f9757e4d7fdd6baa0.png?w=350","https://i2c.seadn.io/ethereum/0xbe85fbd182af91290be7293438ae67549638189f/1ad2c9a70f24213f9757e4d7fdd6baa0.png","READY","Would download.",""
"9740","9740","RE-010392","ron-english-light-cult-9001-10000","YES","D:\github\ron-english-light-cult-9001-10000\images\9701-9800\LCCC-9740.png","https://i2c.seadn.io/ethereum/0xbe85fbd182af91290be7293438ae67549638189f/433538496d989c378ebc02411e44678b.png?w=350","https://i2c.seadn.io/ethereum/0xbe85fbd182af91290be7293438ae67549638189f/433538496d989c378ebc02411e44678b.png","READY","Would download.",""
"9741","9741","RE-010393","ron-english-light-cult-9001-10000","YES","D:\github\ron-english-light-cult-9001-10000\images\9701-9800\LCCC-9741.png","https://i2c.seadn.io/ethereum/0xbe85fbd182af91290be7293438ae67549638189f/38933a28124af25fe33dc18e03258009.png?w=350","https://i2c.seadn.io/ethereum/0xbe85fbd182af91290be7293438ae67549638189f/38933a28124af25fe33dc18e03258009.png","READY","Would download.",""
"9742","9742","RE-010394","ron-english-light-cult-9001-10000","YES","D:\github\ron-english-light-cult-9001-10000\images\9701-9800\LCCC-9742.png","https://i2c.seadn.io/ethereum/0xbe85fbd182af91290be7293438ae67549638189f/a57938d5d3f532ab7c980e5c4d1096ad.png?w=350","https://i2c.seadn.io/ethereum/0xbe85fbd182af91290be7293438ae67549638189f/a57938d5d3f532ab7c980e5c4d1096ad.png","READY","Would download.",""
"9743","9743","RE-010395","ron-english-light-cult-9001-10000","YES","D:\github\ron-english-light-cult-9001-10000\images\9701-9800\LCCC-9743.png","https://i2c.seadn.io/ethereum/0xbe85fbd182af91290be7293438ae67549638189f/389d7285a47a05ce93e93c62b04b9dfd.png?w=350","https://i2c.seadn.io/ethereum/0xbe85fbd182af91290be7293438ae67549638189f/389d7285a47a05ce93e93c62b04b9dfd.png","READY","Would download.",""
"9744","9744","RE-010396","ron-english-light-cult-9001-10000","YES","D:\github\ron-english-light-cult-9001-10000\images\9701-9800\LCCC-9744.png","https://i2c.seadn.io/ethereum/0xbe85fbd182af91290be7293438ae67549638189f/e8e953387354124ec492cfcef5957467.png?w=350","https://i2c.seadn.io/ethereum/0xbe85fbd182af91290be7293438ae67549638189f/e8e953387354124ec492cfcef5957467.png","READY","Would download.",""
"9746","9746","RE-010397","ron-english-light-cult-9001-10000","YES","D:\github\ron-english-light-cult-9001-10000\images\9701-9800\LCCC-9746.png","https://i2c.seadn.io/ethereum/0xbe85fbd182af91290be7293438ae67549638189f/911c8094bcbe290c81b047ee58c7cfdd.png?w=350","https://i2c.seadn.io/ethereum/0xbe85fbd182af91290be7293438ae67549638189f/911c8094bcbe290c81b047ee58c7cfdd.png","READY","Would download.",""
"9747","9747","RE-010398","ron-english-light-cult-9001-10000","NO","D:\github\ron-english-light-cult-9001-10000\images\9701-9800\LCCC-9747.png","https://i2c.seadn.io/ethereum/0xbe85fbd182af91290be7293438ae67549638189f/c00725fb85852be3952fba44dc02b7aa.png?w=350","https://i2c.seadn.io/ethereum/0xbe85fbd182af91290be7293438ae67549638189f/c00725fb85852be3952fba44dc02b7aa.png","READY","Would download.",""
"9748","9748","RE-010399","ron-english-light-cult-9001-10000","NO","D:\github\ron-english-light-cult-9001-10000\images\9701-9800\LCCC-9748.png","https://i2c.seadn.io/ethereum/0xbe85fbd182af91290be7293438ae67549638189f/c6e1aee5d2ed54dd0a948cdbb0debe2f.png?w=350","https://i2c.seadn.io/ethereum/0xbe85fbd182af91290be7293438ae67549638189f/c6e1aee5d2ed54dd0a948cdbb0debe2f.png","READY","Would download.",""
"9749","9749","RE-010400","ron-english-light-cult-9001-10000","NO","D:\github\ron-english-light-cult-9001-10000\images\9701-9800\LCCC-9749.png","https://i2c.seadn.io/ethereum/0xbe85fbd182af91290be7293438ae67549638189f/cf888379e56644b20dc680cedc443500.png?w=350","https://i2c.seadn.io/ethereum/0xbe85fbd182af91290be7293438ae67549638189f/cf888379e56644b20dc680cedc443500.png","READY","Would download.",""
"9750","9750","RE-010401","ron-english-light-cult-9001-10000","NO","D:\github\ron-english-light-cult-9001-10000\images\9701-9800\LCCC-9750.png","https://i2c.seadn.io/ethereum/0xbe85fbd182af91290be7293438ae67549638189f/08152473a4d5137f7c7ee1c1918c5d49.png?w=350","https://i2c.seadn.io/ethereum/0xbe85fbd182af91290be7293438ae67549638189f/08152473a4d5137f7c7ee1c1918c5d49.png","READY","Would download.",""
"9751","9751","RE-010402","ron-english-light-cult-9001-10000","NO","D:\github\ron-english-light-cult-9001-10000\images\9701-9800\LCCC-9751.png","https://i2c.seadn.io/ethereum/0xbe85fbd182af91290be7293438ae67549638189f/226e0b3b91bd1a98f2154250e0837e2e.png?w=350","https://i2c.seadn.io/ethereum/0xbe85fbd182af91290be7293438ae67549638189f/226e0b3b91bd1a98f2154250e0837e2e.png","READY","Would download.",""
"9752","9752","RE-010403","ron-english-light-cult-9001-10000","NO","D:\github\ron-english-light-cult-9001-10000\images\9701-9800\LCCC-9752.png","https://i2c.seadn.io/ethereum/0xbe85fbd182af91290be7293438ae67549638189f/8b224d177caa16c26882a79b8eec8797.png?w=350","https://i2c.seadn.io/ethereum/0xbe85fbd182af91290be7293438ae67549638189f/8b224d177caa16c26882a79b8eec8797.png","READY","Would download.",""
"9753","9753","RE-010404","ron-english-light-cult-9001-10000","NO","D:\github\ron-english-light-cult-9001-10000\images\9701-9800\LCCC-9753.png","https://i2c.seadn.io/ethereum/0xbe85fbd182af91290be7293438ae67549638189f/d0f695da6a73061b315b5554b87032f1.png?w=350","https://i2c.seadn.io/ethereum/0xbe85fbd182af91290be7293438ae67549638189f/d0f695da6a73061b315b5554b87032f1.png","READY","Would download.",""
"9754","9754","RE-010405","ron-english-light-cult-9001-10000","NO","D:\github\ron-english-light-cult-9001-10000\images\9701-9800\LCCC-9754.png","https://i2c.seadn.io/ethereum/0xbe85fbd182af91290be7293438ae67549638189f/97423885dbb60b66e219e017bd8416a8.png?w=350","https://i2c.seadn.io/ethereum/0xbe85fbd182af91290be7293438ae67549638189f/97423885dbb60b66e219e017bd8416a8.png","READY","Would download.",""
"9755","9755","RE-010406","ron-english-light-cult-9001-10000","NO","D:\github\ron-english-light-cult-9001-10000\images\9701-9800\LCCC-9755.png","https://i2c.seadn.io/ethereum/0xbe85fbd182af91290be7293438ae67549638189f/8bda2caa79d275bda367f5f69e202215.png?w=350","https://i2c.seadn.io/ethereum/0xbe85fbd182af91290be7293438ae67549638189f/8bda2caa79d275bda367f5f69e202215.png","READY","Would download.",""
"9756","9756","RE-010407","ron-english-light-cult-9001-10000","NO","D:\github\ron-english-light-cult-9001-10000\images\9701-9800\LCCC-9756.png","https://i2c.seadn.io/ethereum/0xbe85fbd182af91290be7293438ae67549638189f/c437bda4e6ff6cb5c4e775feee2f71b2.png?w=350","https://i2c.seadn.io/ethereum/0xbe85fbd182af91290be7293438ae67549638189f/c437bda4e6ff6cb5c4e775feee2f71b2.png","READY","Would download.",""
"9757","9757","RE-010408","ron-english-light-cult-9001-10000","NO","D:\github\ron-english-light-cult-9001-10000\images\9701-9800\LCCC-9757.png","https://i2c.seadn.io/ethereum/0xbe85fbd182af91290be7293438ae67549638189f/59e935beb8be84a05f14a35a123e277f.png?w=350","https://i2c.seadn.io/ethereum/0xbe85fbd182af91290be7293438ae67549638189f/59e935beb8be84a05f14a35a123e277f.png","READY","Would download.",""
"9758","9758","RE-010409","ron-english-light-cult-9001-10000","NO","D:\github\ron-english-light-cult-9001-10000\images\9701-9800\LCCC-9758.png","https://i2c.seadn.io/ethereum/0xbe85fbd182af91290be7293438ae67549638189f/f09e055a0096b5e616e8f15fc452f2c7.png?w=350","https://i2c.seadn.io/ethereum/0xbe85fbd182af91290be7293438ae67549638189f/f09e055a0096b5e616e8f15fc452f2c7.png","READY","Would download.",""
"9759","9759","RE-010410","ron-english-light-cult-9001-10000","NO","D:\github\ron-english-light-cult-9001-10000\images\9701-9800\LCCC-9759.png","https://i2c.seadn.io/ethereum/0xbe85fbd182af91290be7293438ae67549638189f/90ba04154c5fce155ba1f1b385b65cc6.png?w=350","https://i2c.seadn.io/ethereum/0xbe85fbd182af91290be7293438ae67549638189f/90ba04154c5fce155ba1f1b385b65cc6.png","READY","Would download.",""
"9761","9761","RE-010411","ron-english-light-cult-9001-10000","NO","D:\github\ron-english-light-cult-9001-10000\images\9701-9800\LCCC-9761.png","https://i2c.seadn.io/ethereum/0xbe85fbd182af91290be7293438ae67549638189f/fbebd6d4ecfdae3b0b6b19dd8fd8ae7b.png?w=350","https://i2c.seadn.io/ethereum/0xbe85fbd182af91290be7293438ae67549638189f/fbebd6d4ecfdae3b0b6b19dd8fd8ae7b.png","READY","Would download.",""
"9762","9762","RE-010412","ron-english-light-cult-9001-10000","NO","D:\github\ron-english-light-cult-9001-10000\images\9701-9800\LCCC-9762.png","https://i2c.seadn.io/ethereum/0xbe85fbd182af91290be7293438ae67549638189f/30148c7f3ae2653da5a0456e3688f82e.png?w=350","https://i2c.seadn.io/ethereum/0xbe85fbd182af91290be7293438ae67549638189f/30148c7f3ae2653da5a0456e3688f82e.png","READY","Would download.",""
"9763","9763","RE-010413","ron-english-light-cult-9001-10000","NO","D:\github\ron-english-light-cult-9001-10000\images\9701-9800\LCCC-9763.png","https://i2c.seadn.io/ethereum/0xbe85fbd182af91290be7293438ae67549638189f/aa2dbd23d16a5c1b08c28da7023cb2aa.png?w=350","https://i2c.seadn.io/ethereum/0xbe85fbd182af91290be7293438ae67549638189f/aa2dbd23d16a5c1b08c28da7023cb2aa.png","READY","Would download.",""
"9764","9764","RE-010414","ron-english-light-cult-9001-10000","NO","D:\github\ron-english-light-cult-9001-10000\images\9701-9800\LCCC-9764.png","https://i2c.seadn.io/ethereum/0xbe85fbd182af91290be7293438ae67549638189f/e13fe31b52e6cfde74c64e394e2594f4.png?w=350","https://i2c.seadn.io/ethereum/0xbe85fbd182af91290be7293438ae67549638189f/e13fe31b52e6cfde74c64e394e2594f4.png","READY","Would download.",""
"9765","9765","RE-010415","ron-english-light-cult-9001-10000","NO","D:\github\ron-english-light-cult-9001-10000\images\9701-9800\LCCC-9765.png","https://i2c.seadn.io/ethereum/0xbe85fbd182af91290be7293438ae67549638189f/9562b9dbfa3f8c386c2739db6c810014.png?w=350","https://i2c.seadn.io/ethereum/0xbe85fbd182af91290be7293438ae67549638189f/9562b9dbfa3f8c386c2739db6c810014.png","READY","Would download.",""
"9766","9766","RE-010416","ron-english-light-cult-9001-10000","NO","D:\github\ron-english-light-cult-9001-10000\images\9701-9800\LCCC-9766.png","https://i2c.seadn.io/ethereum/0xbe85fbd182af91290be7293438ae67549638189f/d085cd9fd6e25a1eb1dd0cab82a8f3ef.png?w=350","https://i2c.seadn.io/ethereum/0xbe85fbd182af91290be7293438ae67549638189f/d085cd9fd6e25a1eb1dd0cab82a8f3ef.png","READY","Would download.",""
"9767","9767","RE-010417","ron-english-light-cult-9001-10000","NO","D:\github\ron-english-light-cult-9001-10000\images\9701-9800\LCCC-9767.png","https://i2c.seadn.io/ethereum/0xbe85fbd182af91290be7293438ae67549638189f/1fd45c676dbaf0596e40b9f7ddce2a8b.png?w=350","https://i2c.seadn.io/ethereum/0xbe85fbd182af91290be7293438ae67549638189f/1fd45c676dbaf0596e40b9f7ddce2a8b.png","READY","Would download.",""
"9768","9768","RE-010418","ron-english-light-cult-9001-10000","NO","D:\github\ron-english-light-cult-9001-10000\images\9701-9800\LCCC-9768.png","https://i2c.seadn.io/ethereum/0xbe85fbd182af91290be7293438ae67549638189f/81007f5ac7bb5dd182f8145394e13957.png?w=350","https://i2c.seadn.io/ethereum/0xbe85fbd182af91290be7293438ae67549638189f/81007f5ac7bb5dd182f8145394e13957.png","READY","Would download.",""
"9769","9769","RE-010419","ron-english-light-cult-9001-10000","NO","D:\github\ron-english-light-cult-9001-10000\images\9701-9800\LCCC-9769.png","https://i2c.seadn.io/ethereum/0xbe85fbd182af91290be7293438ae67549638189f/d0eb1d70edc7c2462b43f639a6008929.png?w=350","https://i2c.seadn.io/ethereum/0xbe85fbd182af91290be7293438ae67549638189f/d0eb1d70edc7c2462b43f639a6008929.png","READY","Would download.",""
"9770","9770","RE-010420","ron-english-light-cult-9001-10000","NO","D:\github\ron-english-light-cult-9001-10000\images\9701-9800\LCCC-9770.png","https://i2c.seadn.io/ethereum/0xbe85fbd182af91290be7293438ae67549638189f/0ed4b2ff0f5cdb5cf6702b130d81ea1c.png?w=350","https://i2c.seadn.io/ethereum/0xbe85fbd182af91290be7293438ae67549638189f/0ed4b2ff0f5cdb5cf6702b130d81ea1c.png","READY","Would download.",""
"9771","9771","RE-010421","ron-english-light-cult-9001-10000","NO","D:\github\ron-english-light-cult-9001-10000\images\9701-9800\LCCC-9771.png","https://i2c.seadn.io/ethereum/0xbe85fbd182af91290be7293438ae67549638189f/30931427808f4c5eb13fc0ca341a234b.png?w=350","https://i2c.seadn.io/ethereum/0xbe85fbd182af91290be7293438ae67549638189f/30931427808f4c5eb13fc0ca341a234b.png","READY","Would download.",""
"9774","9774","RE-010422","ron-english-light-cult-9001-10000","NO","D:\github\ron-english-light-cult-9001-10000\images\9701-9800\LCCC-9774.png","https://i2c.seadn.io/ethereum/0xbe85fbd182af91290be7293438ae67549638189f/bde63b76ffa88585fe5719801559a2c8.png?w=350","https://i2c.seadn.io/ethereum/0xbe85fbd182af91290be7293438ae67549638189f/bde63b76ffa88585fe5719801559a2c8.png","READY","Would download.",""
"9775","9775","RE-010423","ron-english-light-cult-9001-10000","NO","D:\github\ron-english-light-cult-9001-10000\images\9701-9800\LCCC-9775.png","https://i2c.seadn.io/ethereum/0xbe85fbd182af91290be7293438ae67549638189f/51863e4752a831295b08ce054801d2cd.png?w=350","https://i2c.seadn.io/ethereum/0xbe85fbd182af91290be7293438ae67549638189f/51863e4752a831295b08ce054801d2cd.png","READY","Would download.",""
"9776","9776","RE-010424","ron-english-light-cult-9001-10000","NO","D:\github\ron-english-light-cult-9001-10000\images\9701-9800\LCCC-9776.png","https://i2c.seadn.io/ethereum/0xbe85fbd182af91290be7293438ae67549638189f/9a71217e869464f34885fbac02481d7a.png?w=350","https://i2c.seadn.io/ethereum/0xbe85fbd182af91290be7293438ae67549638189f/9a71217e869464f34885fbac02481d7a.png","READY","Would download.",""
"9777","9777","RE-010425","ron-english-light-cult-9001-10000","NO","D:\github\ron-english-light-cult-9001-10000\images\9701-9800\LCCC-9777.png","https://i2c.seadn.io/ethereum/0xbe85fbd182af91290be7293438ae67549638189f/0ce02ea5e228406efce618605eddba56.png?w=350","https://i2c.seadn.io/ethereum/0xbe85fbd182af91290be7293438ae67549638189f/0ce02ea5e228406efce618605eddba56.png","READY","Would download.",""
"9778","9778","RE-010426","ron-english-light-cult-9001-10000","NO","D:\github\ron-english-light-cult-9001-10000\images\9701-9800\LCCC-9778.png","https://i2c.seadn.io/ethereum/0xbe85fbd182af91290be7293438ae67549638189f/0667ec44acce1310f1571c6cb8270735.png?w=350","https://i2c.seadn.io/ethereum/0xbe85fbd182af91290be7293438ae67549638189f/0667ec44acce1310f1571c6cb8270735.png","READY","Would download.",""
"9779","9779","RE-010427","ron-english-light-cult-9001-10000","NO","D:\github\ron-english-light-cult-9001-10000\images\9701-9800\LCCC-9779.png","https://i2c.seadn.io/ethereum/0xbe85fbd182af91290be7293438ae67549638189f/580bd903a594cbb3bd8317cc9b381e73.png?w=350","https://i2c.seadn.io/ethereum/0xbe85fbd182af91290be7293438ae67549638189f/580bd903a594cbb3bd8317cc9b381e73.png","READY","Would download.",""
"9780","9780","RE-010428","ron-english-light-cult-9001-10000","NO","D:\github\ron-english-light-cult-9001-10000\images\9701-9800\LCCC-9780.png","https://i2c.seadn.io/ethereum/0xbe85fbd182af91290be7293438ae67549638189f/93bdcbfbee396a7f907ea280bdb64291.png?w=350","https://i2c.seadn.io/ethereum/0xbe85fbd182af91290be7293438ae67549638189f/93bdcbfbee396a7f907ea280bdb64291.png","READY","Would download.",""
"9781","9781","RE-010429","ron-english-light-cult-9001-10000","NO","D:\github\ron-english-light-cult-9001-10000\images\9701-9800\LCCC-9781.png","https://i2c.seadn.io/ethereum/0xbe85fbd182af91290be7293438ae67549638189f/dba6e3b37444a69bb213a4606bf3de67.png?w=350","https://i2c.seadn.io/ethereum/0xbe85fbd182af91290be7293438ae67549638189f/dba6e3b37444a69bb213a4606bf3de67.png","READY","Would download.",""
"9782","9782","RE-010430","ron-english-light-cult-9001-10000","NO","D:\github\ron-english-light-cult-9001-10000\images\9701-9800\LCCC-9782.png","https://i2c.seadn.io/ethereum/0xbe85fbd182af91290be7293438ae67549638189f/c4919310331d8fb0584857bfde60f723.png?w=350","https://i2c.seadn.io/ethereum/0xbe85fbd182af91290be7293438ae67549638189f/c4919310331d8fb0584857bfde60f723.png","READY","Would download.",""
"9783","9783","RE-010431","ron-english-light-cult-9001-10000","NO","D:\github\ron-english-light-cult-9001-10000\images\9701-9800\LCCC-9783.png","https://i2c.seadn.io/ethereum/0xbe85fbd182af91290be7293438ae67549638189f/bf01524233ec62778cb35db495726e0a.png?w=350","https://i2c.seadn.io/ethereum/0xbe85fbd182af91290be7293438ae67549638189f/bf01524233ec62778cb35db495726e0a.png","READY","Would download.",""
"9784","9784","RE-010432","ron-english-light-cult-9001-10000","NO","D:\github\ron-english-light-cult-9001-10000\images\9701-9800\LCCC-9784.png","https://i2c.seadn.io/ethereum/0xbe85fbd182af91290be7293438ae67549638189f/f793bb1fead10546a8243ffe74aff4f1.png?w=350","https://i2c.seadn.io/ethereum/0xbe85fbd182af91290be7293438ae67549638189f/f793bb1fead10546a8243ffe74aff4f1.png","READY","Would download.",""
"9785","9785","RE-010433","ron-english-light-cult-9001-10000","NO","D:\github\ron-english-light-cult-9001-10000\images\9701-9800\LCCC-9785.png","https://i2c.seadn.io/ethereum/0xbe85fbd182af91290be7293438ae67549638189f/f516c73bb68abac509387d724f9e5fb0.png?w=350","https://i2c.seadn.io/ethereum/0xbe85fbd182af91290be7293438ae67549638189f/f516c73bb68abac509387d724f9e5fb0.png","READY","Would download.",""
"9786","9786","RE-010434","ron-english-light-cult-9001-10000","NO","D:\github\ron-english-light-cult-9001-10000\images\9701-9800\LCCC-9786.png","https://i2c.seadn.io/ethereum/0xbe85fbd182af91290be7293438ae67549638189f/f2aa4d0396dd86dd328cbec14d26137b.png?w=350","https://i2c.seadn.io/ethereum/0xbe85fbd182af91290be7293438ae67549638189f/f2aa4d0396dd86dd328cbec14d26137b.png","READY","Would download.",""
"9787","9787","RE-010435","ron-english-light-cult-9001-10000","NO","D:\github\ron-english-light-cult-9001-10000\images\9701-9800\LCCC-9787.png","https://i2c.seadn.io/ethereum/0xbe85fbd182af91290be7293438ae67549638189f/bfc68aacbb55dfd53c7c898e7bcf7225.png?w=350","https://i2c.seadn.io/ethereum/0xbe85fbd182af91290be7293438ae67549638189f/bfc68aacbb55dfd53c7c898e7bcf7225.png","READY","Would download.",""
"9788","9788","RE-010436","ron-english-light-cult-9001-10000","NO","D:\github\ron-english-light-cult-9001-10000\images\9701-9800\LCCC-9788.png","https://i2c.seadn.io/ethereum/0xbe85fbd182af91290be7293438ae67549638189f/867eb1e83e244be58c4216a5cb231119.png?w=350","https://i2c.seadn.io/ethereum/0xbe85fbd182af91290be7293438ae67549638189f/867eb1e83e244be58c4216a5cb231119.png","READY","Would download.",""
"9789","9789","RE-010437","ron-english-light-cult-9001-10000","NO","D:\github\ron-english-light-cult-9001-10000\images\9701-9800\LCCC-9789.png","https://i2c.seadn.io/ethereum/0xbe85fbd182af91290be7293438ae67549638189f/61aba68471d5015dcfdfd8c2017185d7.png?w=350","https://i2c.seadn.io/ethereum/0xbe85fbd182af91290be7293438ae67549638189f/61aba68471d5015dcfdfd8c2017185d7.png","READY","Would download.",""
"9790","9790","RE-010438","ron-english-light-cult-9001-10000","NO","D:\github\ron-english-light-cult-9001-10000\images\9701-9800\LCCC-9790.png","https://i2c.seadn.io/ethereum/0xbe85fbd182af91290be7293438ae67549638189f/2490008228df5a2524a2dbd1c4fdd2af.png?w=350","https://i2c.seadn.io/ethereum/0xbe85fbd182af91290be7293438ae67549638189f/2490008228df5a2524a2dbd1c4fdd2af.png","READY","Would download.",""
"9791","9791","RE-010439","ron-english-light-cult-9001-10000","NO","D:\github\ron-english-light-cult-9001-10000\images\9701-9800\LCCC-9791.png","https://i2c.seadn.io/ethereum/0xbe85fbd182af91290be7293438ae67549638189f/bcac7fd4d0aee8ce4e4ed7aeee852393.png?w=350","https://i2c.seadn.io/ethereum/0xbe85fbd182af91290be7293438ae67549638189f/bcac7fd4d0aee8ce4e4ed7aeee852393.png","READY","Would download.",""
"9792","9792","RE-010440","ron-english-light-cult-9001-10000","NO","D:\github\ron-english-light-cult-9001-10000\images\9701-9800\LCCC-9792.png","https://i2c.seadn.io/ethereum/0xbe85fbd182af91290be7293438ae67549638189f/9aae833f456c685b29c71bf511f41b85.png?w=350","https://i2c.seadn.io/ethereum/0xbe85fbd182af91290be7293438ae67549638189f/9aae833f456c685b29c71bf511f41b85.png","READY","Would download.",""
"9793","9793","RE-010441","ron-english-light-cult-9001-10000","NO","D:\github\ron-english-light-cult-9001-10000\images\9701-9800\LCCC-9793.png","https://i2c.seadn.io/ethereum/0xbe85fbd182af91290be7293438ae67549638189f/405f4ca59b42c8dce46272562564f2d9.png?w=350","https://i2c.seadn.io/ethereum/0xbe85fbd182af91290be7293438ae67549638189f/405f4ca59b42c8dce46272562564f2d9.png","READY","Would download.",""
"9794","9794","RE-010442","ron-english-light-cult-9001-10000","NO","D:\github\ron-english-light-cult-9001-10000\images\9701-9800\LCCC-9794.png","https://i2c.seadn.io/ethereum/0xbe85fbd182af91290be7293438ae67549638189f/313c2edf3b0c0b71c236847e6a373b34.png?w=350","https://i2c.seadn.io/ethereum/0xbe85fbd182af91290be7293438ae67549638189f/313c2edf3b0c0b71c236847e6a373b34.png","READY","Would download.",""
"9795","9795","RE-010443","ron-english-light-cult-9001-10000","NO","D:\github\ron-english-light-cult-9001-10000\images\9701-9800\LCCC-9795.png","https://i2c.seadn.io/ethereum/0xbe85fbd182af91290be7293438ae67549638189f/e093c269414a4a10978c9a60773732f6.png?w=350","https://i2c.seadn.io/ethereum/0xbe85fbd182af91290be7293438ae67549638189f/e093c269414a4a10978c9a60773732f6.png","READY","Would download.",""
"9798","9798","RE-010444","ron-english-light-cult-9001-10000","NO","D:\github\ron-english-light-cult-9001-10000\images\9701-9800\LCCC-9798.png","https://i2c.seadn.io/ethereum/0xbe85fbd182af91290be7293438ae67549638189f/5071b3d9336500fb3ae4f11f2e8ca2c2.png?w=350","https://i2c.seadn.io/ethereum/0xbe85fbd182af91290be7293438ae67549638189f/5071b3d9336500fb3ae4f11f2e8ca2c2.png","READY","Would download.",""
"9799","9799","RE-010445","ron-english-light-cult-9001-10000","NO","D:\github\ron-english-light-cult-9001-10000\images\9701-9800\LCCC-9799.png","https://i2c.seadn.io/ethereum/0xbe85fbd182af91290be7293438ae67549638189f/0d9ef98e51e3a7a768e28b140c5f6014.png?w=350","https://i2c.seadn.io/ethereum/0xbe85fbd182af91290be7293438ae67549638189f/0d9ef98e51e3a7a768e28b140c5f6014.png","READY","Would download.",""
"9800","9800","RE-010446","ron-english-light-cult-9001-10000","NO","D:\github\ron-english-light-cult-9001-10000\images\9701-9800\LCCC-9800.png","https://i2c.seadn.io/ethereum/0xbe85fbd182af91290be7293438ae67549638189f/a501b1d04bd3032e1e3807710d01d1a4.png?w=350","https://i2c.seadn.io/ethereum/0xbe85fbd182af91290be7293438ae67549638189f/a501b1d04bd3032e1e3807710d01d1a4.png","READY","Would download.",""
"9801","9801","RE-010447","ron-english-light-cult-9001-10000","NO","D:\github\ron-english-light-cult-9001-10000\images\9801-9900\LCCC-9801.png","https://i2c.seadn.io/ethereum/0xbe85fbd182af91290be7293438ae67549638189f/7b4bfe5c403e5d6ed10bcfa8cd4a7077.png?w=350","https://i2c.seadn.io/ethereum/0xbe85fbd182af91290be7293438ae67549638189f/7b4bfe5c403e5d6ed10bcfa8cd4a7077.png","READY","Would download.",""
"9803","9803","RE-010448","ron-english-light-cult-9001-10000","NO","D:\github\ron-english-light-cult-9001-10000\images\9801-9900\LCCC-9803.png","https://i2c.seadn.io/ethereum/0xbe85fbd182af91290be7293438ae67549638189f/767dde53d56cb5b4d551a74b3b44f1a8.png?w=350","https://i2c.seadn.io/ethereum/0xbe85fbd182af91290be7293438ae67549638189f/767dde53d56cb5b4d551a74b3b44f1a8.png","READY","Would download.",""
"9804","9804","RE-010449","ron-english-light-cult-9001-10000","NO","D:\github\ron-english-light-cult-9001-10000\images\9801-9900\LCCC-9804.png","https://i2c.seadn.io/ethereum/0xbe85fbd182af91290be7293438ae67549638189f/d0613964159ba9266d2c193c9ffd10b5.png?w=350","https://i2c.seadn.io/ethereum/0xbe85fbd182af91290be7293438ae67549638189f/d0613964159ba9266d2c193c9ffd10b5.png","READY","Would download.",""
"9806","9806","RE-010450","ron-english-light-cult-9001-10000","NO","D:\github\ron-english-light-cult-9001-10000\images\9801-9900\LCCC-9806.png","https://i2c.seadn.io/ethereum/0xbe85fbd182af91290be7293438ae67549638189f/a5cfa9487f317c9032a99f33ba676608.png?w=350","https://i2c.seadn.io/ethereum/0xbe85fbd182af91290be7293438ae67549638189f/a5cfa9487f317c9032a99f33ba676608.png","READY","Would download.",""
"9807","9807","RE-010451","ron-english-light-cult-9001-10000","NO","D:\github\ron-english-light-cult-9001-10000\images\9801-9900\LCCC-9807.png","https://i2c.seadn.io/ethereum/0xbe85fbd182af91290be7293438ae67549638189f/24402d6502db1efc9408490152a17ad3.png?w=350","https://i2c.seadn.io/ethereum/0xbe85fbd182af91290be7293438ae67549638189f/24402d6502db1efc9408490152a17ad3.png","READY","Would download.",""
"9808","9808","RE-010452","ron-english-light-cult-9001-10000","NO","D:\github\ron-english-light-cult-9001-10000\images\9801-9900\LCCC-9808.png","https://i2c.seadn.io/ethereum/0xbe85fbd182af91290be7293438ae67549638189f/eeeae54a60f0af71fc4e49b3c323e3f0.png?w=350","https://i2c.seadn.io/ethereum/0xbe85fbd182af91290be7293438ae67549638189f/eeeae54a60f0af71fc4e49b3c323e3f0.png","READY","Would download.",""
"9809","9809","RE-010453","ron-english-light-cult-9001-10000","NO","D:\github\ron-english-light-cult-9001-10000\images\9801-9900\LCCC-9809.png","https://i2c.seadn.io/ethereum/0xbe85fbd182af91290be7293438ae67549638189f/0380d649b8e0d0fa1cb00dc9a2e3ae24.png?w=350","https://i2c.seadn.io/ethereum/0xbe85fbd182af91290be7293438ae67549638189f/0380d649b8e0d0fa1cb00dc9a2e3ae24.png","READY","Would download.",""
"9810","9810","RE-010454","ron-english-light-cult-9001-10000","NO","D:\github\ron-english-light-cult-9001-10000\images\9801-9900\LCCC-9810.png","https://i2c.seadn.io/ethereum/0xbe85fbd182af91290be7293438ae67549638189f/815ce43d83082fa5528cadaaafdcc149.png?w=350","https://i2c.seadn.io/ethereum/0xbe85fbd182af91290be7293438ae67549638189f/815ce43d83082fa5528cadaaafdcc149.png","READY","Would download.",""
"9812","9812","RE-010455","ron-english-light-cult-9001-10000","NO","D:\github\ron-english-light-cult-9001-10000\images\9801-9900\LCCC-9812.png","https://i2c.seadn.io/ethereum/0xbe85fbd182af91290be7293438ae67549638189f/b5749652b8b0cdeda05a500e3714e971.png?w=350","https://i2c.seadn.io/ethereum/0xbe85fbd182af91290be7293438ae67549638189f/b5749652b8b0cdeda05a500e3714e971.png","READY","Would download.",""
"9813","9813","RE-010456","ron-english-light-cult-9001-10000","NO","D:\github\ron-english-light-cult-9001-10000\images\9801-9900\LCCC-9813.png","https://i2c.seadn.io/ethereum/0xbe85fbd182af91290be7293438ae67549638189f/eb42dfc7bfa1be6acfbe31d167521aa8.png?w=350","https://i2c.seadn.io/ethereum/0xbe85fbd182af91290be7293438ae67549638189f/eb42dfc7bfa1be6acfbe31d167521aa8.png","READY","Would download.",""
"9814","9814","RE-010457","ron-english-light-cult-9001-10000","NO","D:\github\ron-english-light-cult-9001-10000\images\9801-9900\LCCC-9814.png","https://i2c.seadn.io/ethereum/0xbe85fbd182af91290be7293438ae67549638189f/f3d449cafda4bd4d70876fec1d4d28da.png?w=350","https://i2c.seadn.io/ethereum/0xbe85fbd182af91290be7293438ae67549638189f/f3d449cafda4bd4d70876fec1d4d28da.png","READY","Would download.",""
"9815","9815","RE-010458","ron-english-light-cult-9001-10000","NO","D:\github\ron-english-light-cult-9001-10000\images\9801-9900\LCCC-9815.png","https://i2c.seadn.io/ethereum/0xbe85fbd182af91290be7293438ae67549638189f/9030605c9a09ff88c9eb83675f84e385.png?w=350","https://i2c.seadn.io/ethereum/0xbe85fbd182af91290be7293438ae67549638189f/9030605c9a09ff88c9eb83675f84e385.png","READY","Would download.",""
"9816","9816","RE-010459","ron-english-light-cult-9001-10000","NO","D:\github\ron-english-light-cult-9001-10000\images\9801-9900\LCCC-9816.png","https://i2c.seadn.io/ethereum/0xbe85fbd182af91290be7293438ae67549638189f/ed4cce472bf9cb850796bfdc25d56b03.png?w=350","https://i2c.seadn.io/ethereum/0xbe85fbd182af91290be7293438ae67549638189f/ed4cce472bf9cb850796bfdc25d56b03.png","READY","Would download.",""
"9817","9817","RE-010460","ron-english-light-cult-9001-10000","NO","D:\github\ron-english-light-cult-9001-10000\images\9801-9900\LCCC-9817.png","https://i2c.seadn.io/ethereum/0xbe85fbd182af91290be7293438ae67549638189f/73ec314b7c68dca2abdbf56d96265601.png?w=350","https://i2c.seadn.io/ethereum/0xbe85fbd182af91290be7293438ae67549638189f/73ec314b7c68dca2abdbf56d96265601.png","READY","Would download.",""
"9818","9818","RE-010461","ron-english-light-cult-9001-10000","NO","D:\github\ron-english-light-cult-9001-10000\images\9801-9900\LCCC-9818.png","https://i2c.seadn.io/ethereum/0xbe85fbd182af91290be7293438ae67549638189f/00add66719bb11028e69000ff0a4362b.png?w=350","https://i2c.seadn.io/ethereum/0xbe85fbd182af91290be7293438ae67549638189f/00add66719bb11028e69000ff0a4362b.png","READY","Would download.",""
"9819","9819","RE-010462","ron-english-light-cult-9001-10000","NO","D:\github\ron-english-light-cult-9001-10000\images\9801-9900\LCCC-9819.png","https://i2c.seadn.io/ethereum/0xbe85fbd182af91290be7293438ae67549638189f/6ae0d2fa374372a0d985119c16ea132d.png?w=350","https://i2c.seadn.io/ethereum/0xbe85fbd182af91290be7293438ae67549638189f/6ae0d2fa374372a0d985119c16ea132d.png","READY","Would download.",""
"9820","9820","RE-010463","ron-english-light-cult-9001-10000","NO","D:\github\ron-english-light-cult-9001-10000\images\9801-9900\LCCC-9820.png","https://i2c.seadn.io/ethereum/0xbe85fbd182af91290be7293438ae67549638189f/3234d4e690fb51ab601860e75fa72dd2.png?w=350","https://i2c.seadn.io/ethereum/0xbe85fbd182af91290be7293438ae67549638189f/3234d4e690fb51ab601860e75fa72dd2.png","READY","Would download.",""
"9821","9821","RE-010464","ron-english-light-cult-9001-10000","NO","D:\github\ron-english-light-cult-9001-10000\images\9801-9900\LCCC-9821.png","https://i2c.seadn.io/ethereum/0xbe85fbd182af91290be7293438ae67549638189f/55e46dcb59eaee159bb1203857212b0a.png?w=350","https://i2c.seadn.io/ethereum/0xbe85fbd182af91290be7293438ae67549638189f/55e46dcb59eaee159bb1203857212b0a.png","READY","Would download.",""
"9822","9822","RE-010465","ron-english-light-cult-9001-10000","NO","D:\github\ron-english-light-cult-9001-10000\images\9801-9900\LCCC-9822.png","https://i2c.seadn.io/ethereum/0xbe85fbd182af91290be7293438ae67549638189f/5d0f632b194567761481b580df136fb2.png?w=350","https://i2c.seadn.io/ethereum/0xbe85fbd182af91290be7293438ae67549638189f/5d0f632b194567761481b580df136fb2.png","READY","Would download.",""
"9825","9825","RE-010466","ron-english-light-cult-9001-10000","NO","D:\github\ron-english-light-cult-9001-10000\images\9801-9900\LCCC-9825.png","https://i2c.seadn.io/ethereum/0xbe85fbd182af91290be7293438ae67549638189f/151c80e7e5f3dd4b4fb42beac1993fd9.png?w=350","https://i2c.seadn.io/ethereum/0xbe85fbd182af91290be7293438ae67549638189f/151c80e7e5f3dd4b4fb42beac1993fd9.png","READY","Would download.",""
"9826","9826","RE-010467","ron-english-light-cult-9001-10000","NO","D:\github\ron-english-light-cult-9001-10000\images\9801-9900\LCCC-9826.png","https://i2c.seadn.io/ethereum/0xbe85fbd182af91290be7293438ae67549638189f/de27818fa413318bbafcfcd6fc5df2f1.png?w=350","https://i2c.seadn.io/ethereum/0xbe85fbd182af91290be7293438ae67549638189f/de27818fa413318bbafcfcd6fc5df2f1.png","READY","Would download.",""
"9827","9827","RE-010468","ron-english-light-cult-9001-10000","NO","D:\github\ron-english-light-cult-9001-10000\images\9801-9900\LCCC-9827.png","https://i2c.seadn.io/ethereum/0xbe85fbd182af91290be7293438ae67549638189f/96ab8107f1894f774e77d3ff7b9af5a5.png?w=350","https://i2c.seadn.io/ethereum/0xbe85fbd182af91290be7293438ae67549638189f/96ab8107f1894f774e77d3ff7b9af5a5.png","READY","Would download.",""
"9828","9828","RE-010469","ron-english-light-cult-9001-10000","NO","D:\github\ron-english-light-cult-9001-10000\images\9801-9900\LCCC-9828.png","https://i2c.seadn.io/ethereum/0xbe85fbd182af91290be7293438ae67549638189f/12580e9d231de48f2684a313cd9da4dd.png?w=350","https://i2c.seadn.io/ethereum/0xbe85fbd182af91290be7293438ae67549638189f/12580e9d231de48f2684a313cd9da4dd.png","READY","Would download.",""
"9829","9829","RE-010470","ron-english-light-cult-9001-10000","NO","D:\github\ron-english-light-cult-9001-10000\images\9801-9900\LCCC-9829.png","https://i2c.seadn.io/ethereum/0xbe85fbd182af91290be7293438ae67549638189f/544a5db1c8f1061d87e177b4f2f89fd3.png?w=350","https://i2c.seadn.io/ethereum/0xbe85fbd182af91290be7293438ae67549638189f/544a5db1c8f1061d87e177b4f2f89fd3.png","READY","Would download.",""
"9830","9830","RE-010471","ron-english-light-cult-9001-10000","NO","D:\github\ron-english-light-cult-9001-10000\images\9801-9900\LCCC-9830.png","https://i2c.seadn.io/ethereum/0xbe85fbd182af91290be7293438ae67549638189f/6ba29f1ecea59cfb32842ff77234f9af.png?w=350","https://i2c.seadn.io/ethereum/0xbe85fbd182af91290be7293438ae67549638189f/6ba29f1ecea59cfb32842ff77234f9af.png","READY","Would download.",""
"9831","9831","RE-010472","ron-english-light-cult-9001-10000","NO","D:\github\ron-english-light-cult-9001-10000\images\9801-9900\LCCC-9831.png","https://i2c.seadn.io/ethereum/0xbe85fbd182af91290be7293438ae67549638189f/91d4a5eb44d8485b780a3b6326461997.png?w=350","https://i2c.seadn.io/ethereum/0xbe85fbd182af91290be7293438ae67549638189f/91d4a5eb44d8485b780a3b6326461997.png","READY","Would download.",""
"9832","9832","RE-010473","ron-english-light-cult-9001-10000","NO","D:\github\ron-english-light-cult-9001-10000\images\9801-9900\LCCC-9832.png","https://i2c.seadn.io/ethereum/0xbe85fbd182af91290be7293438ae67549638189f/e48e3f4fce3de1bca38e0938d2aa83ff.png?w=350","https://i2c.seadn.io/ethereum/0xbe85fbd182af91290be7293438ae67549638189f/e48e3f4fce3de1bca38e0938d2aa83ff.png","READY","Would download.",""
"9834","9834","RE-010474","ron-english-light-cult-9001-10000","NO","D:\github\ron-english-light-cult-9001-10000\images\9801-9900\LCCC-9834.png","https://i2c.seadn.io/ethereum/0xbe85fbd182af91290be7293438ae67549638189f/b2ead12ae2d7e58eb94b04488c62f7e5.png?w=350","https://i2c.seadn.io/ethereum/0xbe85fbd182af91290be7293438ae67549638189f/b2ead12ae2d7e58eb94b04488c62f7e5.png","READY","Would download.",""
"9835","9835","RE-010475","ron-english-light-cult-9001-10000","NO","D:\github\ron-english-light-cult-9001-10000\images\9801-9900\LCCC-9835.png","https://i2c.seadn.io/ethereum/0xbe85fbd182af91290be7293438ae67549638189f/fcf7b533cd1d5644ad85f79f165583a4.png?w=350","https://i2c.seadn.io/ethereum/0xbe85fbd182af91290be7293438ae67549638189f/fcf7b533cd1d5644ad85f79f165583a4.png","READY","Would download.",""
"9836","9836","RE-010476","ron-english-light-cult-9001-10000","NO","D:\github\ron-english-light-cult-9001-10000\images\9801-9900\LCCC-9836.png","https://i2c.seadn.io/ethereum/0xbe85fbd182af91290be7293438ae67549638189f/e4f74f8b442092eb491fe528ec9fde4a.png?w=350","https://i2c.seadn.io/ethereum/0xbe85fbd182af91290be7293438ae67549638189f/e4f74f8b442092eb491fe528ec9fde4a.png","READY","Would download.",""
"9837","9837","RE-010477","ron-english-light-cult-9001-10000","NO","D:\github\ron-english-light-cult-9001-10000\images\9801-9900\LCCC-9837.png","https://i2c.seadn.io/ethereum/0xbe85fbd182af91290be7293438ae67549638189f/6e73cc2a737a29f7f391ae3da25e1610.png?w=350","https://i2c.seadn.io/ethereum/0xbe85fbd182af91290be7293438ae67549638189f/6e73cc2a737a29f7f391ae3da25e1610.png","READY","Would download.",""
"9838","9838","RE-010478","ron-english-light-cult-9001-10000","NO","D:\github\ron-english-light-cult-9001-10000\images\9801-9900\LCCC-9838.png","https://i2c.seadn.io/ethereum/0xbe85fbd182af91290be7293438ae67549638189f/0ac11a872207f40528aa42623ce43cc3.png?w=350","https://i2c.seadn.io/ethereum/0xbe85fbd182af91290be7293438ae67549638189f/0ac11a872207f40528aa42623ce43cc3.png","READY","Would download.",""
"9839","9839","RE-010479","ron-english-light-cult-9001-10000","NO","D:\github\ron-english-light-cult-9001-10000\images\9801-9900\LCCC-9839.png","https://i2c.seadn.io/ethereum/0xbe85fbd182af91290be7293438ae67549638189f/6694c26ce01ec1dc0a1aa1c1839bd764.png?w=350","https://i2c.seadn.io/ethereum/0xbe85fbd182af91290be7293438ae67549638189f/6694c26ce01ec1dc0a1aa1c1839bd764.png","READY","Would download.",""
"9840","9840","RE-010480","ron-english-light-cult-9001-10000","NO","D:\github\ron-english-light-cult-9001-10000\images\9801-9900\LCCC-9840.png","https://i2c.seadn.io/ethereum/0xbe85fbd182af91290be7293438ae67549638189f/ac8301ba3bad497f78266f4b3ee4e22d.png?w=350","https://i2c.seadn.io/ethereum/0xbe85fbd182af91290be7293438ae67549638189f/ac8301ba3bad497f78266f4b3ee4e22d.png","READY","Would download.",""
"9841","9841","RE-010481","ron-english-light-cult-9001-10000","NO","D:\github\ron-english-light-cult-9001-10000\images\9801-9900\LCCC-9841.png","https://i2c.seadn.io/ethereum/0xbe85fbd182af91290be7293438ae67549638189f/6bc3e792c4a6f7e95816e30800a1c64e.png?w=350","https://i2c.seadn.io/ethereum/0xbe85fbd182af91290be7293438ae67549638189f/6bc3e792c4a6f7e95816e30800a1c64e.png","READY","Would download.",""
"9843","9843","RE-010482","ron-english-light-cult-9001-10000","NO","D:\github\ron-english-light-cult-9001-10000\images\9801-9900\LCCC-9843.png","https://i2c.seadn.io/ethereum/0xbe85fbd182af91290be7293438ae67549638189f/007648db38a72869cb92fcbc20d00649.png?w=350","https://i2c.seadn.io/ethereum/0xbe85fbd182af91290be7293438ae67549638189f/007648db38a72869cb92fcbc20d00649.png","READY","Would download.",""
"9844","9844","RE-010483","ron-english-light-cult-9001-10000","NO","D:\github\ron-english-light-cult-9001-10000\images\9801-9900\LCCC-9844.png","https://i2c.seadn.io/ethereum/0xbe85fbd182af91290be7293438ae67549638189f/161f30ebfb4a8441f73b29a9ac197b16.png?w=350","https://i2c.seadn.io/ethereum/0xbe85fbd182af91290be7293438ae67549638189f/161f30ebfb4a8441f73b29a9ac197b16.png","READY","Would download.",""
"9845","9845","RE-010484","ron-english-light-cult-9001-10000","NO","D:\github\ron-english-light-cult-9001-10000\images\9801-9900\LCCC-9845.png","https://i2c.seadn.io/ethereum/0xbe85fbd182af91290be7293438ae67549638189f/eccc9588482b29ad85aaf6a47d64d485.png?w=350","https://i2c.seadn.io/ethereum/0xbe85fbd182af91290be7293438ae67549638189f/eccc9588482b29ad85aaf6a47d64d485.png","READY","Would download.",""
"9846","9846","RE-010485","ron-english-light-cult-9001-10000","NO","D:\github\ron-english-light-cult-9001-10000\images\9801-9900\LCCC-9846.png","https://i2c.seadn.io/ethereum/0xbe85fbd182af91290be7293438ae67549638189f/b3a565716186094924282a70e09e20f0.png?w=350","https://i2c.seadn.io/ethereum/0xbe85fbd182af91290be7293438ae67549638189f/b3a565716186094924282a70e09e20f0.png","READY","Would download.",""
"9847","9847","RE-010486","ron-english-light-cult-9001-10000","NO","D:\github\ron-english-light-cult-9001-10000\images\9801-9900\LCCC-9847.png","https://i2c.seadn.io/ethereum/0xbe85fbd182af91290be7293438ae67549638189f/5ef545ed02d94651079d9804f27ac866.png?w=350","https://i2c.seadn.io/ethereum/0xbe85fbd182af91290be7293438ae67549638189f/5ef545ed02d94651079d9804f27ac866.png","READY","Would download.",""
"9848","9848","RE-010487","ron-english-light-cult-9001-10000","NO","D:\github\ron-english-light-cult-9001-10000\images\9801-9900\LCCC-9848.png","https://i2c.seadn.io/ethereum/0xbe85fbd182af91290be7293438ae67549638189f/e54a1d2b7d24b376fbafcb8390b36b87.png?w=350","https://i2c.seadn.io/ethereum/0xbe85fbd182af91290be7293438ae67549638189f/e54a1d2b7d24b376fbafcb8390b36b87.png","READY","Would download.",""
"9849","9849","RE-010488","ron-english-light-cult-9001-10000","NO","D:\github\ron-english-light-cult-9001-10000\images\9801-9900\LCCC-9849.png","https://i2c.seadn.io/ethereum/0xbe85fbd182af91290be7293438ae67549638189f/c799728830b2c883b5d9176694c4d871.png?w=350","https://i2c.seadn.io/ethereum/0xbe85fbd182af91290be7293438ae67549638189f/c799728830b2c883b5d9176694c4d871.png","READY","Would download.",""
"9850","9850","RE-010489","ron-english-light-cult-9001-10000","NO","D:\github\ron-english-light-cult-9001-10000\images\9801-9900\LCCC-9850.png","https://i2c.seadn.io/ethereum/0xbe85fbd182af91290be7293438ae67549638189f/1c73accd960944fc99b6cc083fcd4f76.png?w=350","https://i2c.seadn.io/ethereum/0xbe85fbd182af91290be7293438ae67549638189f/1c73accd960944fc99b6cc083fcd4f76.png","READY","Would download.",""
"9851","9851","RE-010490","ron-english-light-cult-9001-10000","NO","D:\github\ron-english-light-cult-9001-10000\images\9801-9900\LCCC-9851.png","https://i2c.seadn.io/ethereum/0xbe85fbd182af91290be7293438ae67549638189f/2a1d5ba17639353e9832b853e3e2f9ab.png?w=350","https://i2c.seadn.io/ethereum/0xbe85fbd182af91290be7293438ae67549638189f/2a1d5ba17639353e9832b853e3e2f9ab.png","READY","Would download.",""
"9852","9852","RE-010491","ron-english-light-cult-9001-10000","NO","D:\github\ron-english-light-cult-9001-10000\images\9801-9900\LCCC-9852.png","https://i2c.seadn.io/ethereum/0xbe85fbd182af91290be7293438ae67549638189f/96a4ccde786fd557a482bc24e6d8f3cd.png?w=350","https://i2c.seadn.io/ethereum/0xbe85fbd182af91290be7293438ae67549638189f/96a4ccde786fd557a482bc24e6d8f3cd.png","READY","Would download.",""
"9853","9853","RE-010492","ron-english-light-cult-9001-10000","NO","D:\github\ron-english-light-cult-9001-10000\images\9801-9900\LCCC-9853.png","https://i2c.seadn.io/ethereum/0xbe85fbd182af91290be7293438ae67549638189f/3c55bc9decb9b4320ed08f815a33e37d.png?w=350","https://i2c.seadn.io/ethereum/0xbe85fbd182af91290be7293438ae67549638189f/3c55bc9decb9b4320ed08f815a33e37d.png","READY","Would download.",""
"9855","9855","RE-010493","ron-english-light-cult-9001-10000","NO","D:\github\ron-english-light-cult-9001-10000\images\9801-9900\LCCC-9855.png","https://i2c.seadn.io/ethereum/0xbe85fbd182af91290be7293438ae67549638189f/0f3036f1ec2d37553bcc06a7dd65b669.png?w=350","https://i2c.seadn.io/ethereum/0xbe85fbd182af91290be7293438ae67549638189f/0f3036f1ec2d37553bcc06a7dd65b669.png","READY","Would download.",""
"9857","9857","RE-010494","ron-english-light-cult-9001-10000","NO","D:\github\ron-english-light-cult-9001-10000\images\9801-9900\LCCC-9857.png","https://i2c.seadn.io/ethereum/0xbe85fbd182af91290be7293438ae67549638189f/3eac232ff5ff6990c3b5634d58fd249a.png?w=350","https://i2c.seadn.io/ethereum/0xbe85fbd182af91290be7293438ae67549638189f/3eac232ff5ff6990c3b5634d58fd249a.png","READY","Would download.",""
"9859","9859","RE-010495","ron-english-light-cult-9001-10000","NO","D:\github\ron-english-light-cult-9001-10000\images\9801-9900\LCCC-9859.png","https://i2c.seadn.io/ethereum/0xbe85fbd182af91290be7293438ae67549638189f/cc3d917c8a974bb03b7831fe05836ed5.png?w=350","https://i2c.seadn.io/ethereum/0xbe85fbd182af91290be7293438ae67549638189f/cc3d917c8a974bb03b7831fe05836ed5.png","READY","Would download.",""
"9860","9860","RE-010496","ron-english-light-cult-9001-10000","NO","D:\github\ron-english-light-cult-9001-10000\images\9801-9900\LCCC-9860.png","https://i2c.seadn.io/ethereum/0xbe85fbd182af91290be7293438ae67549638189f/9d53f770696289f9c4c1dc4f11309c22.png?w=350","https://i2c.seadn.io/ethereum/0xbe85fbd182af91290be7293438ae67549638189f/9d53f770696289f9c4c1dc4f11309c22.png","READY","Would download.",""
"9861","9861","RE-010497","ron-english-light-cult-9001-10000","NO","D:\github\ron-english-light-cult-9001-10000\images\9801-9900\LCCC-9861.png","https://i2c.seadn.io/ethereum/0xbe85fbd182af91290be7293438ae67549638189f/8769c69c962d64812cac896f70e71c4d.png?w=350","https://i2c.seadn.io/ethereum/0xbe85fbd182af91290be7293438ae67549638189f/8769c69c962d64812cac896f70e71c4d.png","READY","Would download.",""
"9862","9862","RE-010498","ron-english-light-cult-9001-10000","NO","D:\github\ron-english-light-cult-9001-10000\images\9801-9900\LCCC-9862.png","https://i2c.seadn.io/ethereum/0xbe85fbd182af91290be7293438ae67549638189f/3ef1474cc0aa05c9b356e47eb24c88f3.png?w=350","https://i2c.seadn.io/ethereum/0xbe85fbd182af91290be7293438ae67549638189f/3ef1474cc0aa05c9b356e47eb24c88f3.png","READY","Would download.",""
"9863","9863","RE-010499","ron-english-light-cult-9001-10000","NO","D:\github\ron-english-light-cult-9001-10000\images\9801-9900\LCCC-9863.png","https://i2c.seadn.io/ethereum/0xbe85fbd182af91290be7293438ae67549638189f/c767ac2529b6be4c9c07be508eeee998.png?w=350","https://i2c.seadn.io/ethereum/0xbe85fbd182af91290be7293438ae67549638189f/c767ac2529b6be4c9c07be508eeee998.png","READY","Would download.",""
"9865","9865","RE-010500","ron-english-light-cult-9001-10000","NO","D:\github\ron-english-light-cult-9001-10000\images\9801-9900\LCCC-9865.png","https://i2c.seadn.io/ethereum/0xbe85fbd182af91290be7293438ae67549638189f/e9a789bb729af9ac2d0a8b7c3316c0d4.png?w=350","https://i2c.seadn.io/ethereum/0xbe85fbd182af91290be7293438ae67549638189f/e9a789bb729af9ac2d0a8b7c3316c0d4.png","READY","Would download.",""
"9866","9866","RE-010501","ron-english-light-cult-9001-10000","NO","D:\github\ron-english-light-cult-9001-10000\images\9801-9900\LCCC-9866.png","https://i2c.seadn.io/ethereum/0xbe85fbd182af91290be7293438ae67549638189f/bd94406bdc0d047252d4075136d9b448.png?w=350","https://i2c.seadn.io/ethereum/0xbe85fbd182af91290be7293438ae67549638189f/bd94406bdc0d047252d4075136d9b448.png","READY","Would download.",""
"9867","9867","RE-010502","ron-english-light-cult-9001-10000","NO","D:\github\ron-english-light-cult-9001-10000\images\9801-9900\LCCC-9867.png","https://i2c.seadn.io/ethereum/0xbe85fbd182af91290be7293438ae67549638189f/b5469e472116fafcf368e520016257f4.png?w=350","https://i2c.seadn.io/ethereum/0xbe85fbd182af91290be7293438ae67549638189f/b5469e472116fafcf368e520016257f4.png","READY","Would download.",""
"9868","9868","RE-010503","ron-english-light-cult-9001-10000","NO","D:\github\ron-english-light-cult-9001-10000\images\9801-9900\LCCC-9868.png","https://i2c.seadn.io/ethereum/0xbe85fbd182af91290be7293438ae67549638189f/696792726952f6cbf1dba3e7a30481c1.png?w=350","https://i2c.seadn.io/ethereum/0xbe85fbd182af91290be7293438ae67549638189f/696792726952f6cbf1dba3e7a30481c1.png","READY","Would download.",""
"9869","9869","RE-010504","ron-english-light-cult-9001-10000","NO","D:\github\ron-english-light-cult-9001-10000\images\9801-9900\LCCC-9869.png","https://i2c.seadn.io/ethereum/0xbe85fbd182af91290be7293438ae67549638189f/b2b11b023a91387794b508b68cc97b0d.png?w=350","https://i2c.seadn.io/ethereum/0xbe85fbd182af91290be7293438ae67549638189f/b2b11b023a91387794b508b68cc97b0d.png","READY","Would download.",""
"9870","9870","RE-010505","ron-english-light-cult-9001-10000","NO","D:\github\ron-english-light-cult-9001-10000\images\9801-9900\LCCC-9870.png","https://i2c.seadn.io/ethereum/0xbe85fbd182af91290be7293438ae67549638189f/d3a8ef230b1f0b4435608a8a1f465c80.png?w=350","https://i2c.seadn.io/ethereum/0xbe85fbd182af91290be7293438ae67549638189f/d3a8ef230b1f0b4435608a8a1f465c80.png","READY","Would download.",""
"9871","9871","RE-010506","ron-english-light-cult-9001-10000","NO","D:\github\ron-english-light-cult-9001-10000\images\9801-9900\LCCC-9871.png","https://i2c.seadn.io/ethereum/0xbe85fbd182af91290be7293438ae67549638189f/a2f716e89f76e241dffdfd9d3c34277f.png?w=350","https://i2c.seadn.io/ethereum/0xbe85fbd182af91290be7293438ae67549638189f/a2f716e89f76e241dffdfd9d3c34277f.png","READY","Would download.",""
"9872","9872","RE-010507","ron-english-light-cult-9001-10000","NO","D:\github\ron-english-light-cult-9001-10000\images\9801-9900\LCCC-9872.png","https://i2c.seadn.io/ethereum/0xbe85fbd182af91290be7293438ae67549638189f/07ee0cae1a9510d287c8db4e3aeb94d9.png?w=350","https://i2c.seadn.io/ethereum/0xbe85fbd182af91290be7293438ae67549638189f/07ee0cae1a9510d287c8db4e3aeb94d9.png","READY","Would download.",""
"9873","9873","RE-010508","ron-english-light-cult-9001-10000","NO","D:\github\ron-english-light-cult-9001-10000\images\9801-9900\LCCC-9873.png","https://i2c.seadn.io/ethereum/0xbe85fbd182af91290be7293438ae67549638189f/bc5bd89533b64e1ce41c26cd3fd54591.png?w=350","https://i2c.seadn.io/ethereum/0xbe85fbd182af91290be7293438ae67549638189f/bc5bd89533b64e1ce41c26cd3fd54591.png","READY","Would download.",""
"9874","9874","RE-010509","ron-english-light-cult-9001-10000","NO","D:\github\ron-english-light-cult-9001-10000\images\9801-9900\LCCC-9874.png","https://i2c.seadn.io/ethereum/0xbe85fbd182af91290be7293438ae67549638189f/755ad5832b888f3294758fc87d3ef7ca.png?w=350","https://i2c.seadn.io/ethereum/0xbe85fbd182af91290be7293438ae67549638189f/755ad5832b888f3294758fc87d3ef7ca.png","READY","Would download.",""
"9875","9875","RE-010510","ron-english-light-cult-9001-10000","NO","D:\github\ron-english-light-cult-9001-10000\images\9801-9900\LCCC-9875.png","https://i2c.seadn.io/ethereum/0xbe85fbd182af91290be7293438ae67549638189f/0d15d1f896f64650fa44fe4681fff734.png?w=350","https://i2c.seadn.io/ethereum/0xbe85fbd182af91290be7293438ae67549638189f/0d15d1f896f64650fa44fe4681fff734.png","READY","Would download.",""
"9876","9876","RE-010511","ron-english-light-cult-9001-10000","NO","D:\github\ron-english-light-cult-9001-10000\images\9801-9900\LCCC-9876.png","https://i2c.seadn.io/ethereum/0xbe85fbd182af91290be7293438ae67549638189f/5d869e9d5e4d86e8de8f9213d655afba.png?w=350","https://i2c.seadn.io/ethereum/0xbe85fbd182af91290be7293438ae67549638189f/5d869e9d5e4d86e8de8f9213d655afba.png","READY","Would download.",""
"9877","9877","RE-010512","ron-english-light-cult-9001-10000","NO","D:\github\ron-english-light-cult-9001-10000\images\9801-9900\LCCC-9877.png","https://i2c.seadn.io/ethereum/0xbe85fbd182af91290be7293438ae67549638189f/ed2a85675351cd68982f6b8ae1506dc7.png?w=350","https://i2c.seadn.io/ethereum/0xbe85fbd182af91290be7293438ae67549638189f/ed2a85675351cd68982f6b8ae1506dc7.png","READY","Would download.",""
"9878","9878","RE-010513","ron-english-light-cult-9001-10000","NO","D:\github\ron-english-light-cult-9001-10000\images\9801-9900\LCCC-9878.png","https://i2c.seadn.io/ethereum/0xbe85fbd182af91290be7293438ae67549638189f/2361f0a397b459460139e750acfb98b5.png?w=350","https://i2c.seadn.io/ethereum/0xbe85fbd182af91290be7293438ae67549638189f/2361f0a397b459460139e750acfb98b5.png","READY","Would download.",""
"9879","9879","RE-010514","ron-english-light-cult-9001-10000","NO","D:\github\ron-english-light-cult-9001-10000\images\9801-9900\LCCC-9879.png","https://i2c.seadn.io/ethereum/0xbe85fbd182af91290be7293438ae67549638189f/5fe891ee451971e0a08b5e5e49cc51f0.png?w=350","https://i2c.seadn.io/ethereum/0xbe85fbd182af91290be7293438ae67549638189f/5fe891ee451971e0a08b5e5e49cc51f0.png","READY","Would download.",""
"9880","9880","RE-010515","ron-english-light-cult-9001-10000","NO","D:\github\ron-english-light-cult-9001-10000\images\9801-9900\LCCC-9880.png","https://i2c.seadn.io/ethereum/0xbe85fbd182af91290be7293438ae67549638189f/e9ec1d6dbfb1b305d64fa38c51fb72bc.png?w=350","https://i2c.seadn.io/ethereum/0xbe85fbd182af91290be7293438ae67549638189f/e9ec1d6dbfb1b305d64fa38c51fb72bc.png","READY","Would download.",""
"9882","9882","RE-010516","ron-english-light-cult-9001-10000","NO","D:\github\ron-english-light-cult-9001-10000\images\9801-9900\LCCC-9882.png","https://i2c.seadn.io/ethereum/0xbe85fbd182af91290be7293438ae67549638189f/acca73ffc3d14e2e91c3bf53964cbf33.png?w=350","https://i2c.seadn.io/ethereum/0xbe85fbd182af91290be7293438ae67549638189f/acca73ffc3d14e2e91c3bf53964cbf33.png","READY","Would download.",""
"9883","9883","RE-010517","ron-english-light-cult-9001-10000","NO","D:\github\ron-english-light-cult-9001-10000\images\9801-9900\LCCC-9883.png","https://i2c.seadn.io/ethereum/0xbe85fbd182af91290be7293438ae67549638189f/3a0ac1df0c4d2039d3527f9a82c3b308.png?w=350","https://i2c.seadn.io/ethereum/0xbe85fbd182af91290be7293438ae67549638189f/3a0ac1df0c4d2039d3527f9a82c3b308.png","READY","Would download.",""
"9884","9884","RE-010518","ron-english-light-cult-9001-10000","NO","D:\github\ron-english-light-cult-9001-10000\images\9801-9900\LCCC-9884.png","https://i2c.seadn.io/ethereum/0xbe85fbd182af91290be7293438ae67549638189f/ad6960072bad33ce0fa755c7dd83f9b2.png?w=350","https://i2c.seadn.io/ethereum/0xbe85fbd182af91290be7293438ae67549638189f/ad6960072bad33ce0fa755c7dd83f9b2.png","READY","Would download.",""
"9885","9885","RE-010519","ron-english-light-cult-9001-10000","NO","D:\github\ron-english-light-cult-9001-10000\images\9801-9900\LCCC-9885.png","https://i2c.seadn.io/ethereum/0xbe85fbd182af91290be7293438ae67549638189f/daeba710a5bedc46811d29e8b5eebdf8.png?w=350","https://i2c.seadn.io/ethereum/0xbe85fbd182af91290be7293438ae67549638189f/daeba710a5bedc46811d29e8b5eebdf8.png","READY","Would download.",""
"9886","9886","RE-010520","ron-english-light-cult-9001-10000","NO","D:\github\ron-english-light-cult-9001-10000\images\9801-9900\LCCC-9886.png","https://i2c.seadn.io/ethereum/0xbe85fbd182af91290be7293438ae67549638189f/4b85e6054b8515465a818376e36155d3.png?w=350","https://i2c.seadn.io/ethereum/0xbe85fbd182af91290be7293438ae67549638189f/4b85e6054b8515465a818376e36155d3.png","READY","Would download.",""
"9887","9887","RE-010521","ron-english-light-cult-9001-10000","NO","D:\github\ron-english-light-cult-9001-10000\images\9801-9900\LCCC-9887.png","https://i2c.seadn.io/ethereum/0xbe85fbd182af91290be7293438ae67549638189f/1815027604c3553c978d0b049f16634d.png?w=350","https://i2c.seadn.io/ethereum/0xbe85fbd182af91290be7293438ae67549638189f/1815027604c3553c978d0b049f16634d.png","READY","Would download.",""
"9888","9888","RE-010522","ron-english-light-cult-9001-10000","NO","D:\github\ron-english-light-cult-9001-10000\images\9801-9900\LCCC-9888.png","https://i2c.seadn.io/ethereum/0xbe85fbd182af91290be7293438ae67549638189f/8990ae831ec0e255b3c1701beb290c17.png?w=350","https://i2c.seadn.io/ethereum/0xbe85fbd182af91290be7293438ae67549638189f/8990ae831ec0e255b3c1701beb290c17.png","READY","Would download.",""
"9889","9889","RE-010523","ron-english-light-cult-9001-10000","NO","D:\github\ron-english-light-cult-9001-10000\images\9801-9900\LCCC-9889.png","https://i2c.seadn.io/ethereum/0xbe85fbd182af91290be7293438ae67549638189f/ae5faaf0aead9b5c246a43bf910dae1d.png?w=350","https://i2c.seadn.io/ethereum/0xbe85fbd182af91290be7293438ae67549638189f/ae5faaf0aead9b5c246a43bf910dae1d.png","READY","Would download.",""
"9891","9891","RE-010524","ron-english-light-cult-9001-10000","NO","D:\github\ron-english-light-cult-9001-10000\images\9801-9900\LCCC-9891.png","https://i2c.seadn.io/ethereum/0xbe85fbd182af91290be7293438ae67549638189f/7157807410eb13a27a3647466340fe22.png?w=350","https://i2c.seadn.io/ethereum/0xbe85fbd182af91290be7293438ae67549638189f/7157807410eb13a27a3647466340fe22.png","READY","Would download.",""
"9892","9892","RE-010525","ron-english-light-cult-9001-10000","NO","D:\github\ron-english-light-cult-9001-10000\images\9801-9900\LCCC-9892.png","https://i2c.seadn.io/ethereum/0xbe85fbd182af91290be7293438ae67549638189f/6dde0a01811dfe39e67968e23b90de30.png?w=350","https://i2c.seadn.io/ethereum/0xbe85fbd182af91290be7293438ae67549638189f/6dde0a01811dfe39e67968e23b90de30.png","READY","Would download.",""
"9893","9893","RE-010526","ron-english-light-cult-9001-10000","NO","D:\github\ron-english-light-cult-9001-10000\images\9801-9900\LCCC-9893.png","https://i2c.seadn.io/ethereum/0xbe85fbd182af91290be7293438ae67549638189f/74de8a3cde39256691cf46253a93d54b.png?w=350","https://i2c.seadn.io/ethereum/0xbe85fbd182af91290be7293438ae67549638189f/74de8a3cde39256691cf46253a93d54b.png","READY","Would download.",""
"9894","9894","RE-010527","ron-english-light-cult-9001-10000","NO","D:\github\ron-english-light-cult-9001-10000\images\9801-9900\LCCC-9894.png","https://i2c.seadn.io/ethereum/0xbe85fbd182af91290be7293438ae67549638189f/399f62f121a85ff3836e6c75197a69ad.png?w=350","https://i2c.seadn.io/ethereum/0xbe85fbd182af91290be7293438ae67549638189f/399f62f121a85ff3836e6c75197a69ad.png","READY","Would download.",""
"9895","9895","RE-010528","ron-english-light-cult-9001-10000","NO","D:\github\ron-english-light-cult-9001-10000\images\9801-9900\LCCC-9895.png","https://i2c.seadn.io/ethereum/0xbe85fbd182af91290be7293438ae67549638189f/ea1b4719c0fb25bb1c0c5b3d44a21ee6.png?w=350","https://i2c.seadn.io/ethereum/0xbe85fbd182af91290be7293438ae67549638189f/ea1b4719c0fb25bb1c0c5b3d44a21ee6.png","READY","Would download.",""
"9897","9897","RE-010529","ron-english-light-cult-9001-10000","NO","D:\github\ron-english-light-cult-9001-10000\images\9801-9900\LCCC-9897.png","https://i2c.seadn.io/ethereum/0xbe85fbd182af91290be7293438ae67549638189f/4bfb3932cd0ae7a0725fb988554ff612.png?w=350","https://i2c.seadn.io/ethereum/0xbe85fbd182af91290be7293438ae67549638189f/4bfb3932cd0ae7a0725fb988554ff612.png","READY","Would download.",""
"9898","9898","RE-010530","ron-english-light-cult-9001-10000","NO","D:\github\ron-english-light-cult-9001-10000\images\9801-9900\LCCC-9898.png","https://i2c.seadn.io/ethereum/0xbe85fbd182af91290be7293438ae67549638189f/8ba656eaa8ce4a8d640e7c5a06b4486d.png?w=350","https://i2c.seadn.io/ethereum/0xbe85fbd182af91290be7293438ae67549638189f/8ba656eaa8ce4a8d640e7c5a06b4486d.png","READY","Would download.",""
"9899","9899","RE-010531","ron-english-light-cult-9001-10000","NO","D:\github\ron-english-light-cult-9001-10000\images\9801-9900\LCCC-9899.png","https://i2c.seadn.io/ethereum/0xbe85fbd182af91290be7293438ae67549638189f/799931ed1e4853552fff01ba28293fd9.png?w=350","https://i2c.seadn.io/ethereum/0xbe85fbd182af91290be7293438ae67549638189f/799931ed1e4853552fff01ba28293fd9.png","READY","Would download.",""
"9900","9900","RE-010532","ron-english-light-cult-9001-10000","NO","D:\github\ron-english-light-cult-9001-10000\images\9801-9900\LCCC-9900.png","https://i2c.seadn.io/ethereum/0xbe85fbd182af91290be7293438ae67549638189f/62e1628a643f08fb158fe917c54f44aa.png?w=350","https://i2c.seadn.io/ethereum/0xbe85fbd182af91290be7293438ae67549638189f/62e1628a643f08fb158fe917c54f44aa.png","READY","Would download.",""
"9901","9901","RE-010533","ron-english-light-cult-9001-10000","NO","D:\github\ron-english-light-cult-9001-10000\images\9901-10000\LCCC-9901.png","https://i2c.seadn.io/ethereum/0xbe85fbd182af91290be7293438ae67549638189f/0faacd82eae275d3bdfb77c3132ebba1.png?w=350","https://i2c.seadn.io/ethereum/0xbe85fbd182af91290be7293438ae67549638189f/0faacd82eae275d3bdfb77c3132ebba1.png","READY","Would download.",""
"9902","9902","RE-010534","ron-english-light-cult-9001-10000","NO","D:\github\ron-english-light-cult-9001-10000\images\9901-10000\LCCC-9902.png","https://i2c.seadn.io/ethereum/0xbe85fbd182af91290be7293438ae67549638189f/28f8116c56a985168d46b17c544e47d3.png?w=350","https://i2c.seadn.io/ethereum/0xbe85fbd182af91290be7293438ae67549638189f/28f8116c56a985168d46b17c544e47d3.png","READY","Would download.",""
"9903","9903","RE-010535","ron-english-light-cult-9001-10000","NO","D:\github\ron-english-light-cult-9001-10000\images\9901-10000\LCCC-9903.png","https://i2c.seadn.io/ethereum/0xbe85fbd182af91290be7293438ae67549638189f/b0b85a0424412bdb909f3c08d0c61c0c.png?w=350","https://i2c.seadn.io/ethereum/0xbe85fbd182af91290be7293438ae67549638189f/b0b85a0424412bdb909f3c08d0c61c0c.png","READY","Would download.",""
"9904","9904","RE-010536","ron-english-light-cult-9001-10000","NO","D:\github\ron-english-light-cult-9001-10000\images\9901-10000\LCCC-9904.png","https://i2c.seadn.io/ethereum/0xbe85fbd182af91290be7293438ae67549638189f/4964483a2f0c9977d449e7208e392ec9.png?w=350","https://i2c.seadn.io/ethereum/0xbe85fbd182af91290be7293438ae67549638189f/4964483a2f0c9977d449e7208e392ec9.png","READY","Would download.",""
"9905","9905","RE-010537","ron-english-light-cult-9001-10000","NO","D:\github\ron-english-light-cult-9001-10000\images\9901-10000\LCCC-9905.png","https://i2c.seadn.io/ethereum/0xbe85fbd182af91290be7293438ae67549638189f/1f2b5b31e25a05d3fae76a6bf6612fd0.png?w=350","https://i2c.seadn.io/ethereum/0xbe85fbd182af91290be7293438ae67549638189f/1f2b5b31e25a05d3fae76a6bf6612fd0.png","READY","Would download.",""
"9906","9906","RE-010538","ron-english-light-cult-9001-10000","NO","D:\github\ron-english-light-cult-9001-10000\images\9901-10000\LCCC-9906.png","https://i2c.seadn.io/ethereum/0xbe85fbd182af91290be7293438ae67549638189f/aa14a32fb0e0b6541a5fa3977f0cff2c.png?w=350","https://i2c.seadn.io/ethereum/0xbe85fbd182af91290be7293438ae67549638189f/aa14a32fb0e0b6541a5fa3977f0cff2c.png","READY","Would download.",""
"9907","9907","RE-010539","ron-english-light-cult-9001-10000","NO","D:\github\ron-english-light-cult-9001-10000\images\9901-10000\LCCC-9907.png","https://i2c.seadn.io/ethereum/0xbe85fbd182af91290be7293438ae67549638189f/8f56074c696e03c2c23654fdf17109fb.png?w=350","https://i2c.seadn.io/ethereum/0xbe85fbd182af91290be7293438ae67549638189f/8f56074c696e03c2c23654fdf17109fb.png","READY","Would download.",""
"9908","9908","RE-010540","ron-english-light-cult-9001-10000","NO","D:\github\ron-english-light-cult-9001-10000\images\9901-10000\LCCC-9908.png","https://i2c.seadn.io/ethereum/0xbe85fbd182af91290be7293438ae67549638189f/41ba2f11c380cda336dbff5e43ab2506.png?w=350","https://i2c.seadn.io/ethereum/0xbe85fbd182af91290be7293438ae67549638189f/41ba2f11c380cda336dbff5e43ab2506.png","READY","Would download.",""
"9909","9909","RE-010541","ron-english-light-cult-9001-10000","NO","D:\github\ron-english-light-cult-9001-10000\images\9901-10000\LCCC-9909.png","https://i2c.seadn.io/ethereum/0xbe85fbd182af91290be7293438ae67549638189f/59bcdd9ae026d7c911a6e1d02ad96c32.png?w=350","https://i2c.seadn.io/ethereum/0xbe85fbd182af91290be7293438ae67549638189f/59bcdd9ae026d7c911a6e1d02ad96c32.png","READY","Would download.",""
"9910","9910","RE-010542","ron-english-light-cult-9001-10000","NO","D:\github\ron-english-light-cult-9001-10000\images\9901-10000\LCCC-9910.png","https://i2c.seadn.io/ethereum/0xbe85fbd182af91290be7293438ae67549638189f/d174e9b112989ca492307d59c45d4214.png?w=350","https://i2c.seadn.io/ethereum/0xbe85fbd182af91290be7293438ae67549638189f/d174e9b112989ca492307d59c45d4214.png","READY","Would download.",""
"9911","9911","RE-010543","ron-english-light-cult-9001-10000","NO","D:\github\ron-english-light-cult-9001-10000\images\9901-10000\LCCC-9911.png","https://i2c.seadn.io/ethereum/0xbe85fbd182af91290be7293438ae67549638189f/5bee3d4cf4d4a3aec5c48152f1fdeb07.png?w=350","https://i2c.seadn.io/ethereum/0xbe85fbd182af91290be7293438ae67549638189f/5bee3d4cf4d4a3aec5c48152f1fdeb07.png","READY","Would download.",""
"9912","9912","RE-010544","ron-english-light-cult-9001-10000","NO","D:\github\ron-english-light-cult-9001-10000\images\9901-10000\LCCC-9912.png","https://i2c.seadn.io/ethereum/0xbe85fbd182af91290be7293438ae67549638189f/76f6f04235d723926bfcf121d1749564.png?w=350","https://i2c.seadn.io/ethereum/0xbe85fbd182af91290be7293438ae67549638189f/76f6f04235d723926bfcf121d1749564.png","READY","Would download.",""
"9913","9913","RE-010545","ron-english-light-cult-9001-10000","NO","D:\github\ron-english-light-cult-9001-10000\images\9901-10000\LCCC-9913.png","https://i2c.seadn.io/ethereum/0xbe85fbd182af91290be7293438ae67549638189f/fc36ba3d9edb3608a948a95417215622.png?w=350","https://i2c.seadn.io/ethereum/0xbe85fbd182af91290be7293438ae67549638189f/fc36ba3d9edb3608a948a95417215622.png","READY","Would download.",""
"9914","9914","RE-010546","ron-english-light-cult-9001-10000","NO","D:\github\ron-english-light-cult-9001-10000\images\9901-10000\LCCC-9914.png","https://i2c.seadn.io/ethereum/0xbe85fbd182af91290be7293438ae67549638189f/4f4a342d8ec9ec9916c9987be85037af.png?w=350","https://i2c.seadn.io/ethereum/0xbe85fbd182af91290be7293438ae67549638189f/4f4a342d8ec9ec9916c9987be85037af.png","READY","Would download.",""
"9915","9915","RE-010547","ron-english-light-cult-9001-10000","NO","D:\github\ron-english-light-cult-9001-10000\images\9901-10000\LCCC-9915.png","https://i2c.seadn.io/ethereum/0xbe85fbd182af91290be7293438ae67549638189f/5aae2e1be481a2cfd7d5592a85b7fa8f.png?w=350","https://i2c.seadn.io/ethereum/0xbe85fbd182af91290be7293438ae67549638189f/5aae2e1be481a2cfd7d5592a85b7fa8f.png","READY","Would download.",""
"9916","9916","RE-010548","ron-english-light-cult-9001-10000","NO","D:\github\ron-english-light-cult-9001-10000\images\9901-10000\LCCC-9916.png","https://i2c.seadn.io/ethereum/0xbe85fbd182af91290be7293438ae67549638189f/a0f8f91088e3f0e6a5f983629ee7d328.png?w=350","https://i2c.seadn.io/ethereum/0xbe85fbd182af91290be7293438ae67549638189f/a0f8f91088e3f0e6a5f983629ee7d328.png","READY","Would download.",""
"9917","9917","RE-010549","ron-english-light-cult-9001-10000","NO","D:\github\ron-english-light-cult-9001-10000\images\9901-10000\LCCC-9917.png","https://i2c.seadn.io/ethereum/0xbe85fbd182af91290be7293438ae67549638189f/6abf31a6c3a8631a84f02eab7cd93895.png?w=350","https://i2c.seadn.io/ethereum/0xbe85fbd182af91290be7293438ae67549638189f/6abf31a6c3a8631a84f02eab7cd93895.png","READY","Would download.",""
"9918","9918","RE-010550","ron-english-light-cult-9001-10000","NO","D:\github\ron-english-light-cult-9001-10000\images\9901-10000\LCCC-9918.png","https://i2c.seadn.io/ethereum/0xbe85fbd182af91290be7293438ae67549638189f/b13aa736b318301e2f17e31956ba89f1.png?w=350","https://i2c.seadn.io/ethereum/0xbe85fbd182af91290be7293438ae67549638189f/b13aa736b318301e2f17e31956ba89f1.png","READY","Would download.",""
"9919","9919","RE-010551","ron-english-light-cult-9001-10000","NO","D:\github\ron-english-light-cult-9001-10000\images\9901-10000\LCCC-9919.png","https://i2c.seadn.io/ethereum/0xbe85fbd182af91290be7293438ae67549638189f/4ae617daf3976c4e552bfcc7217ecfd8.png?w=350","https://i2c.seadn.io/ethereum/0xbe85fbd182af91290be7293438ae67549638189f/4ae617daf3976c4e552bfcc7217ecfd8.png","READY","Would download.",""
"9920","9920","RE-010552","ron-english-light-cult-9001-10000","NO","D:\github\ron-english-light-cult-9001-10000\images\9901-10000\LCCC-9920.png","https://i2c.seadn.io/ethereum/0xbe85fbd182af91290be7293438ae67549638189f/341ad3397b9daecefdc55e2a133a2d84.png?w=350","https://i2c.seadn.io/ethereum/0xbe85fbd182af91290be7293438ae67549638189f/341ad3397b9daecefdc55e2a133a2d84.png","READY","Would download.",""
"9921","9921","RE-010553","ron-english-light-cult-9001-10000","NO","D:\github\ron-english-light-cult-9001-10000\images\9901-10000\LCCC-9921.png","https://i2c.seadn.io/ethereum/0xbe85fbd182af91290be7293438ae67549638189f/e841e5269eb9f0b20f258df5c5ff430e.png?w=350","https://i2c.seadn.io/ethereum/0xbe85fbd182af91290be7293438ae67549638189f/e841e5269eb9f0b20f258df5c5ff430e.png","READY","Would download.",""
"9923","9923","RE-010554","ron-english-light-cult-9001-10000","NO","D:\github\ron-english-light-cult-9001-10000\images\9901-10000\LCCC-9923.png","https://i2c.seadn.io/ethereum/0xbe85fbd182af91290be7293438ae67549638189f/1dc2ce717fc52a8937ddba82c3211b18.png?w=350","https://i2c.seadn.io/ethereum/0xbe85fbd182af91290be7293438ae67549638189f/1dc2ce717fc52a8937ddba82c3211b18.png","READY","Would download.",""
"9924","9924","RE-010555","ron-english-light-cult-9001-10000","NO","D:\github\ron-english-light-cult-9001-10000\images\9901-10000\LCCC-9924.png","https://i2c.seadn.io/ethereum/0xbe85fbd182af91290be7293438ae67549638189f/8dc597e0fa359e7d84e7bedda7110d68.png?w=350","https://i2c.seadn.io/ethereum/0xbe85fbd182af91290be7293438ae67549638189f/8dc597e0fa359e7d84e7bedda7110d68.png","READY","Would download.",""
"9925","9925","RE-010556","ron-english-light-cult-9001-10000","NO","D:\github\ron-english-light-cult-9001-10000\images\9901-10000\LCCC-9925.png","https://i2c.seadn.io/ethereum/0xbe85fbd182af91290be7293438ae67549638189f/9f39e7b0afe636cd7ccb50af35cdd833.png?w=350","https://i2c.seadn.io/ethereum/0xbe85fbd182af91290be7293438ae67549638189f/9f39e7b0afe636cd7ccb50af35cdd833.png","READY","Would download.",""
"9926","9926","RE-010557","ron-english-light-cult-9001-10000","NO","D:\github\ron-english-light-cult-9001-10000\images\9901-10000\LCCC-9926.png","https://i2c.seadn.io/ethereum/0xbe85fbd182af91290be7293438ae67549638189f/9729256d14e5aacdf674fdd66c52d65c.png?w=350","https://i2c.seadn.io/ethereum/0xbe85fbd182af91290be7293438ae67549638189f/9729256d14e5aacdf674fdd66c52d65c.png","READY","Would download.",""
"9927","9927","RE-010558","ron-english-light-cult-9001-10000","NO","D:\github\ron-english-light-cult-9001-10000\images\9901-10000\LCCC-9927.png","https://i2c.seadn.io/ethereum/0xbe85fbd182af91290be7293438ae67549638189f/ab5be2acd9d2ffc48167e82700adf4d0.png?w=350","https://i2c.seadn.io/ethereum/0xbe85fbd182af91290be7293438ae67549638189f/ab5be2acd9d2ffc48167e82700adf4d0.png","READY","Would download.",""
"9929","9929","RE-010559","ron-english-light-cult-9001-10000","NO","D:\github\ron-english-light-cult-9001-10000\images\9901-10000\LCCC-9929.png","https://i2c.seadn.io/ethereum/0xbe85fbd182af91290be7293438ae67549638189f/28421ff1167621bfb7b4428812a98ff5.png?w=350","https://i2c.seadn.io/ethereum/0xbe85fbd182af91290be7293438ae67549638189f/28421ff1167621bfb7b4428812a98ff5.png","READY","Would download.",""
"9930","9930","RE-010560","ron-english-light-cult-9001-10000","NO","D:\github\ron-english-light-cult-9001-10000\images\9901-10000\LCCC-9930.png","https://i2c.seadn.io/ethereum/0xbe85fbd182af91290be7293438ae67549638189f/432b5c7a7c8dd366bedbabbb04c5b83c.png?w=350","https://i2c.seadn.io/ethereum/0xbe85fbd182af91290be7293438ae67549638189f/432b5c7a7c8dd366bedbabbb04c5b83c.png","READY","Would download.",""
"9933","9933","RE-010561","ron-english-light-cult-9001-10000","NO","D:\github\ron-english-light-cult-9001-10000\images\9901-10000\LCCC-9933.png","https://i2c.seadn.io/ethereum/0xbe85fbd182af91290be7293438ae67549638189f/b37c56442d97c0aaae76db019186ec86.png?w=350","https://i2c.seadn.io/ethereum/0xbe85fbd182af91290be7293438ae67549638189f/b37c56442d97c0aaae76db019186ec86.png","READY","Would download.",""
"9934","9934","RE-010562","ron-english-light-cult-9001-10000","NO","D:\github\ron-english-light-cult-9001-10000\images\9901-10000\LCCC-9934.png","https://i2c.seadn.io/ethereum/0xbe85fbd182af91290be7293438ae67549638189f/5274466421a8351807069c1f9a220f34.png?w=350","https://i2c.seadn.io/ethereum/0xbe85fbd182af91290be7293438ae67549638189f/5274466421a8351807069c1f9a220f34.png","READY","Would download.",""
"9935","9935","RE-010563","ron-english-light-cult-9001-10000","NO","D:\github\ron-english-light-cult-9001-10000\images\9901-10000\LCCC-9935.png","https://i2c.seadn.io/ethereum/0xbe85fbd182af91290be7293438ae67549638189f/eb5c371a1e0f581e68ef3aaa478c8f8d.png?w=350","https://i2c.seadn.io/ethereum/0xbe85fbd182af91290be7293438ae67549638189f/eb5c371a1e0f581e68ef3aaa478c8f8d.png","READY","Would download.",""
"9936","9936","RE-010564","ron-english-light-cult-9001-10000","NO","D:\github\ron-english-light-cult-9001-10000\images\9901-10000\LCCC-9936.png","https://i2c.seadn.io/ethereum/0xbe85fbd182af91290be7293438ae67549638189f/c8776e67a18184d1617f6ba1426e93ac.png?w=350","https://i2c.seadn.io/ethereum/0xbe85fbd182af91290be7293438ae67549638189f/c8776e67a18184d1617f6ba1426e93ac.png","READY","Would download.",""
"9937","9937","RE-010565","ron-english-light-cult-9001-10000","NO","D:\github\ron-english-light-cult-9001-10000\images\9901-10000\LCCC-9937.png","https://i2c.seadn.io/ethereum/0xbe85fbd182af91290be7293438ae67549638189f/7239b1cc4dd6beb65c030d575c5aea3a.png?w=350","https://i2c.seadn.io/ethereum/0xbe85fbd182af91290be7293438ae67549638189f/7239b1cc4dd6beb65c030d575c5aea3a.png","READY","Would download.",""
"9938","9938","RE-010566","ron-english-light-cult-9001-10000","NO","D:\github\ron-english-light-cult-9001-10000\images\9901-10000\LCCC-9938.png","https://i2c.seadn.io/ethereum/0xbe85fbd182af91290be7293438ae67549638189f/2074a2e3b0158b6bf96b328be5f40e3b.png?w=350","https://i2c.seadn.io/ethereum/0xbe85fbd182af91290be7293438ae67549638189f/2074a2e3b0158b6bf96b328be5f40e3b.png","READY","Would download.",""
"9939","9939","RE-010567","ron-english-light-cult-9001-10000","NO","D:\github\ron-english-light-cult-9001-10000\images\9901-10000\LCCC-9939.png","https://i2c.seadn.io/ethereum/0xbe85fbd182af91290be7293438ae67549638189f/d533671c9883b33ee18bca4069c9493e.png?w=350","https://i2c.seadn.io/ethereum/0xbe85fbd182af91290be7293438ae67549638189f/d533671c9883b33ee18bca4069c9493e.png","READY","Would download.",""
"9940","9940","RE-010568","ron-english-light-cult-9001-10000","NO","D:\github\ron-english-light-cult-9001-10000\images\9901-10000\LCCC-9940.png","https://i2c.seadn.io/ethereum/0xbe85fbd182af91290be7293438ae67549638189f/7a4c1e1b548fcd98d8cea769892dc119.png?w=350","https://i2c.seadn.io/ethereum/0xbe85fbd182af91290be7293438ae67549638189f/7a4c1e1b548fcd98d8cea769892dc119.png","READY","Would download.",""
"9941","9941","RE-010569","ron-english-light-cult-9001-10000","NO","D:\github\ron-english-light-cult-9001-10000\images\9901-10000\LCCC-9941.png","https://i2c.seadn.io/ethereum/0xbe85fbd182af91290be7293438ae67549638189f/fd40d95e80d98ea3ebfb3c17ddf1cebb.png?w=350","https://i2c.seadn.io/ethereum/0xbe85fbd182af91290be7293438ae67549638189f/fd40d95e80d98ea3ebfb3c17ddf1cebb.png","READY","Would download.",""
"9942","9942","RE-010570","ron-english-light-cult-9001-10000","NO","D:\github\ron-english-light-cult-9001-10000\images\9901-10000\LCCC-9942.png","https://i2c.seadn.io/ethereum/0xbe85fbd182af91290be7293438ae67549638189f/d8102a7537261f2f4f99c34ddb5efacb.png?w=350","https://i2c.seadn.io/ethereum/0xbe85fbd182af91290be7293438ae67549638189f/d8102a7537261f2f4f99c34ddb5efacb.png","READY","Would download.",""
"9943","9943","RE-010571","ron-english-light-cult-9001-10000","NO","D:\github\ron-english-light-cult-9001-10000\images\9901-10000\LCCC-9943.png","https://i2c.seadn.io/ethereum/0xbe85fbd182af91290be7293438ae67549638189f/741ce4dd6d64e5257e7302b2394d4b17.png?w=350","https://i2c.seadn.io/ethereum/0xbe85fbd182af91290be7293438ae67549638189f/741ce4dd6d64e5257e7302b2394d4b17.png","READY","Would download.",""
"9944","9944","RE-010572","ron-english-light-cult-9001-10000","NO","D:\github\ron-english-light-cult-9001-10000\images\9901-10000\LCCC-9944.png","https://i2c.seadn.io/ethereum/0xbe85fbd182af91290be7293438ae67549638189f/ffbadf5cad0ec17e14bbf6c1557c378e.png?w=350","https://i2c.seadn.io/ethereum/0xbe85fbd182af91290be7293438ae67549638189f/ffbadf5cad0ec17e14bbf6c1557c378e.png","READY","Would download.",""
"9945","9945","RE-010573","ron-english-light-cult-9001-10000","NO","D:\github\ron-english-light-cult-9001-10000\images\9901-10000\LCCC-9945.png","https://i2c.seadn.io/ethereum/0xbe85fbd182af91290be7293438ae67549638189f/0d9c4a95b2b2dbb7feddd28b190199f5.png?w=350","https://i2c.seadn.io/ethereum/0xbe85fbd182af91290be7293438ae67549638189f/0d9c4a95b2b2dbb7feddd28b190199f5.png","READY","Would download.",""
"9946","9946","RE-010574","ron-english-light-cult-9001-10000","NO","D:\github\ron-english-light-cult-9001-10000\images\9901-10000\LCCC-9946.png","https://i2c.seadn.io/ethereum/0xbe85fbd182af91290be7293438ae67549638189f/01ce7d9c5d876cef2eb1143243a59605.png?w=350","https://i2c.seadn.io/ethereum/0xbe85fbd182af91290be7293438ae67549638189f/01ce7d9c5d876cef2eb1143243a59605.png","READY","Would download.",""
"9947","9947","RE-010575","ron-english-light-cult-9001-10000","NO","D:\github\ron-english-light-cult-9001-10000\images\9901-10000\LCCC-9947.png","https://i2c.seadn.io/ethereum/0xbe85fbd182af91290be7293438ae67549638189f/45bb79a0f183ea12a66fe8ce9476d128.png?w=350","https://i2c.seadn.io/ethereum/0xbe85fbd182af91290be7293438ae67549638189f/45bb79a0f183ea12a66fe8ce9476d128.png","READY","Would download.",""
"9948","9948","RE-010576","ron-english-light-cult-9001-10000","NO","D:\github\ron-english-light-cult-9001-10000\images\9901-10000\LCCC-9948.png","https://i2c.seadn.io/ethereum/0xbe85fbd182af91290be7293438ae67549638189f/4d6bbe7ab8a32036455940ec02c7a0f1.png?w=350","https://i2c.seadn.io/ethereum/0xbe85fbd182af91290be7293438ae67549638189f/4d6bbe7ab8a32036455940ec02c7a0f1.png","READY","Would download.",""
"9949","9949","RE-010577","ron-english-light-cult-9001-10000","NO","D:\github\ron-english-light-cult-9001-10000\images\9901-10000\LCCC-9949.png","https://i2c.seadn.io/ethereum/0xbe85fbd182af91290be7293438ae67549638189f/63a45634a11b7f662977f7baaa4bd364.png?w=350","https://i2c.seadn.io/ethereum/0xbe85fbd182af91290be7293438ae67549638189f/63a45634a11b7f662977f7baaa4bd364.png","READY","Would download.",""
"9950","9950","RE-010578","ron-english-light-cult-9001-10000","NO","D:\github\ron-english-light-cult-9001-10000\images\9901-10000\LCCC-9950.png","https://i2c.seadn.io/ethereum/0xbe85fbd182af91290be7293438ae67549638189f/0d2940ed37f6d8237207444f1d36b550.png?w=350","https://i2c.seadn.io/ethereum/0xbe85fbd182af91290be7293438ae67549638189f/0d2940ed37f6d8237207444f1d36b550.png","READY","Would download.",""
"9951","9951","RE-010579","ron-english-light-cult-9001-10000","NO","D:\github\ron-english-light-cult-9001-10000\images\9901-10000\LCCC-9951.png","https://i2c.seadn.io/ethereum/0xbe85fbd182af91290be7293438ae67549638189f/1e4eb441571d4abcd2beccd4bf3f58a3.png?w=350","https://i2c.seadn.io/ethereum/0xbe85fbd182af91290be7293438ae67549638189f/1e4eb441571d4abcd2beccd4bf3f58a3.png","READY","Would download.",""
"9952","9952","RE-010580","ron-english-light-cult-9001-10000","NO","D:\github\ron-english-light-cult-9001-10000\images\9901-10000\LCCC-9952.png","https://i2c.seadn.io/ethereum/0xbe85fbd182af91290be7293438ae67549638189f/c840bd6b307a4adc9e5cca2a9b45a566.png?w=350","https://i2c.seadn.io/ethereum/0xbe85fbd182af91290be7293438ae67549638189f/c840bd6b307a4adc9e5cca2a9b45a566.png","READY","Would download.",""
"9953","9953","RE-010581","ron-english-light-cult-9001-10000","NO","D:\github\ron-english-light-cult-9001-10000\images\9901-10000\LCCC-9953.png","https://i2c.seadn.io/ethereum/0xbe85fbd182af91290be7293438ae67549638189f/b456ef1a267c74ead20fce15c2c4eda7.png?w=350","https://i2c.seadn.io/ethereum/0xbe85fbd182af91290be7293438ae67549638189f/b456ef1a267c74ead20fce15c2c4eda7.png","READY","Would download.",""
"9954","9954","RE-010582","ron-english-light-cult-9001-10000","NO","D:\github\ron-english-light-cult-9001-10000\images\9901-10000\LCCC-9954.png","https://i2c.seadn.io/ethereum/0xbe85fbd182af91290be7293438ae67549638189f/3f0d7748e5e8c781d763653fa79151d1.png?w=350","https://i2c.seadn.io/ethereum/0xbe85fbd182af91290be7293438ae67549638189f/3f0d7748e5e8c781d763653fa79151d1.png","READY","Would download.",""
"9955","9955","RE-010583","ron-english-light-cult-9001-10000","NO","D:\github\ron-english-light-cult-9001-10000\images\9901-10000\LCCC-9955.png","https://i2c.seadn.io/ethereum/0xbe85fbd182af91290be7293438ae67549638189f/a34adceee337d6b2bc380920c5c89eb1.png?w=350","https://i2c.seadn.io/ethereum/0xbe85fbd182af91290be7293438ae67549638189f/a34adceee337d6b2bc380920c5c89eb1.png","READY","Would download.",""
"9957","9957","RE-010584","ron-english-light-cult-9001-10000","NO","D:\github\ron-english-light-cult-9001-10000\images\9901-10000\LCCC-9957.png","https://i2c.seadn.io/ethereum/0xbe85fbd182af91290be7293438ae67549638189f/8878c48e7b6afd158ba970ad0e6d159c.png?w=350","https://i2c.seadn.io/ethereum/0xbe85fbd182af91290be7293438ae67549638189f/8878c48e7b6afd158ba970ad0e6d159c.png","READY","Would download.",""
"9958","9958","RE-010585","ron-english-light-cult-9001-10000","NO","D:\github\ron-english-light-cult-9001-10000\images\9901-10000\LCCC-9958.png","https://i2c.seadn.io/ethereum/0xbe85fbd182af91290be7293438ae67549638189f/1a992fbd77ef598c14605752d1d40e6a.png?w=350","https://i2c.seadn.io/ethereum/0xbe85fbd182af91290be7293438ae67549638189f/1a992fbd77ef598c14605752d1d40e6a.png","READY","Would download.",""
"9959","9959","RE-010586","ron-english-light-cult-9001-10000","NO","D:\github\ron-english-light-cult-9001-10000\images\9901-10000\LCCC-9959.png","https://i2c.seadn.io/ethereum/0xbe85fbd182af91290be7293438ae67549638189f/4af85e1bac1d5581a1c78c3febfabb97.png?w=350","https://i2c.seadn.io/ethereum/0xbe85fbd182af91290be7293438ae67549638189f/4af85e1bac1d5581a1c78c3febfabb97.png","READY","Would download.",""
"9960","9960","RE-010587","ron-english-light-cult-9001-10000","NO","D:\github\ron-english-light-cult-9001-10000\images\9901-10000\LCCC-9960.png","https://i2c.seadn.io/ethereum/0xbe85fbd182af91290be7293438ae67549638189f/7f23cbea3424a6b6a542bef5189a658b.png?w=350","https://i2c.seadn.io/ethereum/0xbe85fbd182af91290be7293438ae67549638189f/7f23cbea3424a6b6a542bef5189a658b.png","READY","Would download.",""
"9961","9961","RE-010588","ron-english-light-cult-9001-10000","NO","D:\github\ron-english-light-cult-9001-10000\images\9901-10000\LCCC-9961.png","https://i2c.seadn.io/ethereum/0xbe85fbd182af91290be7293438ae67549638189f/25b2f04e0557ab1fead3fd84822a52a9.png?w=350","https://i2c.seadn.io/ethereum/0xbe85fbd182af91290be7293438ae67549638189f/25b2f04e0557ab1fead3fd84822a52a9.png","READY","Would download.",""
"9962","9962","RE-010589","ron-english-light-cult-9001-10000","NO","D:\github\ron-english-light-cult-9001-10000\images\9901-10000\LCCC-9962.png","https://i2c.seadn.io/ethereum/0xbe85fbd182af91290be7293438ae67549638189f/58493c79c040d5d62bc879b141d8636a.png?w=350","https://i2c.seadn.io/ethereum/0xbe85fbd182af91290be7293438ae67549638189f/58493c79c040d5d62bc879b141d8636a.png","READY","Would download.",""
"9963","9963","RE-010590","ron-english-light-cult-9001-10000","NO","D:\github\ron-english-light-cult-9001-10000\images\9901-10000\LCCC-9963.png","https://i2c.seadn.io/ethereum/0xbe85fbd182af91290be7293438ae67549638189f/bb2d81edd9b39f1a2726ed9277750cb1.png?w=350","https://i2c.seadn.io/ethereum/0xbe85fbd182af91290be7293438ae67549638189f/bb2d81edd9b39f1a2726ed9277750cb1.png","READY","Would download.",""
"9964","9964","RE-010591","ron-english-light-cult-9001-10000","NO","D:\github\ron-english-light-cult-9001-10000\images\9901-10000\LCCC-9964.png","https://i2c.seadn.io/ethereum/0xbe85fbd182af91290be7293438ae67549638189f/c8ba221bd3a0937a2cca957c6324c39c.png?w=350","https://i2c.seadn.io/ethereum/0xbe85fbd182af91290be7293438ae67549638189f/c8ba221bd3a0937a2cca957c6324c39c.png","READY","Would download.",""
"9965","9965","RE-010592","ron-english-light-cult-9001-10000","NO","D:\github\ron-english-light-cult-9001-10000\images\9901-10000\LCCC-9965.png","https://i2c.seadn.io/ethereum/0xbe85fbd182af91290be7293438ae67549638189f/d82c78461ccae3cb18a526a0f7bb9a1a.png?w=350","https://i2c.seadn.io/ethereum/0xbe85fbd182af91290be7293438ae67549638189f/d82c78461ccae3cb18a526a0f7bb9a1a.png","READY","Would download.",""
"9967","9967","RE-010593","ron-english-light-cult-9001-10000","NO","D:\github\ron-english-light-cult-9001-10000\images\9901-10000\LCCC-9967.png","https://i2c.seadn.io/ethereum/0xbe85fbd182af91290be7293438ae67549638189f/5934f2f3601d411164c0267237396017.png?w=350","https://i2c.seadn.io/ethereum/0xbe85fbd182af91290be7293438ae67549638189f/5934f2f3601d411164c0267237396017.png","READY","Would download.",""
"9968","9968","RE-010594","ron-english-light-cult-9001-10000","NO","D:\github\ron-english-light-cult-9001-10000\images\9901-10000\LCCC-9968.png","https://i2c.seadn.io/ethereum/0xbe85fbd182af91290be7293438ae67549638189f/8dbcf535c8f1ea3ab5a2250946bb1820.png?w=350","https://i2c.seadn.io/ethereum/0xbe85fbd182af91290be7293438ae67549638189f/8dbcf535c8f1ea3ab5a2250946bb1820.png","READY","Would download.",""
"9969","9969","RE-010595","ron-english-light-cult-9001-10000","NO","D:\github\ron-english-light-cult-9001-10000\images\9901-10000\LCCC-9969.png","https://i2c.seadn.io/ethereum/0xbe85fbd182af91290be7293438ae67549638189f/ded3ac4d17d0b57f9471878887dcea0d.png?w=350","https://i2c.seadn.io/ethereum/0xbe85fbd182af91290be7293438ae67549638189f/ded3ac4d17d0b57f9471878887dcea0d.png","READY","Would download.",""
"9970","9970","RE-010596","ron-english-light-cult-9001-10000","NO","D:\github\ron-english-light-cult-9001-10000\images\9901-10000\LCCC-9970.png","https://i2c.seadn.io/ethereum/0xbe85fbd182af91290be7293438ae67549638189f/ee6e6fc7be8df5ef6d0fa345ec596b1f.png?w=350","https://i2c.seadn.io/ethereum/0xbe85fbd182af91290be7293438ae67549638189f/ee6e6fc7be8df5ef6d0fa345ec596b1f.png","READY","Would download.",""
"9971","9971","RE-010597","ron-english-light-cult-9001-10000","NO","D:\github\ron-english-light-cult-9001-10000\images\9901-10000\LCCC-9971.png","https://i2c.seadn.io/ethereum/0xbe85fbd182af91290be7293438ae67549638189f/6cb762f1d824e262ce07e666be56fa95.png?w=350","https://i2c.seadn.io/ethereum/0xbe85fbd182af91290be7293438ae67549638189f/6cb762f1d824e262ce07e666be56fa95.png","READY","Would download.",""
"9972","9972","RE-010598","ron-english-light-cult-9001-10000","NO","D:\github\ron-english-light-cult-9001-10000\images\9901-10000\LCCC-9972.png","https://i2c.seadn.io/ethereum/0xbe85fbd182af91290be7293438ae67549638189f/a277cc20ea3cf25548802215274c0963.png?w=350","https://i2c.seadn.io/ethereum/0xbe85fbd182af91290be7293438ae67549638189f/a277cc20ea3cf25548802215274c0963.png","READY","Would download.",""
"9973","9973","RE-010599","ron-english-light-cult-9001-10000","NO","D:\github\ron-english-light-cult-9001-10000\images\9901-10000\LCCC-9973.png","https://i2c.seadn.io/ethereum/0xbe85fbd182af91290be7293438ae67549638189f/63d018dc419c1a93a02761913bf159f7.png?w=350","https://i2c.seadn.io/ethereum/0xbe85fbd182af91290be7293438ae67549638189f/63d018dc419c1a93a02761913bf159f7.png","READY","Would download.",""
"9974","9974","RE-010600","ron-english-light-cult-9001-10000","NO","D:\github\ron-english-light-cult-9001-10000\images\9901-10000\LCCC-9974.png","https://i2c.seadn.io/ethereum/0xbe85fbd182af91290be7293438ae67549638189f/2fd5e9cbdcb2122c95f5489a988c6c2d.png?w=350","https://i2c.seadn.io/ethereum/0xbe85fbd182af91290be7293438ae67549638189f/2fd5e9cbdcb2122c95f5489a988c6c2d.png","READY","Would download.",""
"9975","9975","RE-010601","ron-english-light-cult-9001-10000","NO","D:\github\ron-english-light-cult-9001-10000\images\9901-10000\LCCC-9975.png","https://i2c.seadn.io/ethereum/0xbe85fbd182af91290be7293438ae67549638189f/fcb24956cd8ebebe22b363db4e8923b2.png?w=350","https://i2c.seadn.io/ethereum/0xbe85fbd182af91290be7293438ae67549638189f/fcb24956cd8ebebe22b363db4e8923b2.png","READY","Would download.",""
"9976","9976","RE-010602","ron-english-light-cult-9001-10000","NO","D:\github\ron-english-light-cult-9001-10000\images\9901-10000\LCCC-9976.png","https://i2c.seadn.io/ethereum/0xbe85fbd182af91290be7293438ae67549638189f/bd81032cc76a767b95c484b71467bc0e.png?w=350","https://i2c.seadn.io/ethereum/0xbe85fbd182af91290be7293438ae67549638189f/bd81032cc76a767b95c484b71467bc0e.png","READY","Would download.",""
"9977","9977","RE-010603","ron-english-light-cult-9001-10000","NO","D:\github\ron-english-light-cult-9001-10000\images\9901-10000\LCCC-9977.png","https://i2c.seadn.io/ethereum/0xbe85fbd182af91290be7293438ae67549638189f/a9c52c1c6797787de592cbf14c834def.png?w=350","https://i2c.seadn.io/ethereum/0xbe85fbd182af91290be7293438ae67549638189f/a9c52c1c6797787de592cbf14c834def.png","READY","Would download.",""
"9979","9979","RE-010604","ron-english-light-cult-9001-10000","NO","D:\github\ron-english-light-cult-9001-10000\images\9901-10000\LCCC-9979.png","https://i2c.seadn.io/ethereum/0xbe85fbd182af91290be7293438ae67549638189f/f4032a10f2ba5c3de6f4cb3e885a444e.png?w=350","https://i2c.seadn.io/ethereum/0xbe85fbd182af91290be7293438ae67549638189f/f4032a10f2ba5c3de6f4cb3e885a444e.png","READY","Would download.",""
"9980","9980","RE-010605","ron-english-light-cult-9001-10000","NO","D:\github\ron-english-light-cult-9001-10000\images\9901-10000\LCCC-9980.png","https://i2c.seadn.io/ethereum/0xbe85fbd182af91290be7293438ae67549638189f/1996bab9b70b068935f57d8f4d0d1766.png?w=350","https://i2c.seadn.io/ethereum/0xbe85fbd182af91290be7293438ae67549638189f/1996bab9b70b068935f57d8f4d0d1766.png","READY","Would download.",""
"9981","9981","RE-010606","ron-english-light-cult-9001-10000","NO","D:\github\ron-english-light-cult-9001-10000\images\9901-10000\LCCC-9981.png","https://i2c.seadn.io/ethereum/0xbe85fbd182af91290be7293438ae67549638189f/f197ae7cd1cd9f7c7593007cb39f66ee.png?w=350","https://i2c.seadn.io/ethereum/0xbe85fbd182af91290be7293438ae67549638189f/f197ae7cd1cd9f7c7593007cb39f66ee.png","READY","Would download.",""
"9982","9982","RE-010607","ron-english-light-cult-9001-10000","NO","D:\github\ron-english-light-cult-9001-10000\images\9901-10000\LCCC-9982.png","https://i2c.seadn.io/ethereum/0xbe85fbd182af91290be7293438ae67549638189f/ebda52f682eb32af5c0c5b24bc3620f7.png?w=350","https://i2c.seadn.io/ethereum/0xbe85fbd182af91290be7293438ae67549638189f/ebda52f682eb32af5c0c5b24bc3620f7.png","READY","Would download.",""
"9983","9983","RE-010608","ron-english-light-cult-9001-10000","NO","D:\github\ron-english-light-cult-9001-10000\images\9901-10000\LCCC-9983.png","https://i2c.seadn.io/ethereum/0xbe85fbd182af91290be7293438ae67549638189f/0a9dac6f108db7233d2c538625cfa2ea.png?w=350","https://i2c.seadn.io/ethereum/0xbe85fbd182af91290be7293438ae67549638189f/0a9dac6f108db7233d2c538625cfa2ea.png","READY","Would download.",""
"9984","9984","RE-010609","ron-english-light-cult-9001-10000","NO","D:\github\ron-english-light-cult-9001-10000\images\9901-10000\LCCC-9984.png","https://i2c.seadn.io/ethereum/0xbe85fbd182af91290be7293438ae67549638189f/f75435e1261126afcc624f970008fd29.png?w=350","https://i2c.seadn.io/ethereum/0xbe85fbd182af91290be7293438ae67549638189f/f75435e1261126afcc624f970008fd29.png","READY","Would download.",""
"9986","9986","RE-010610","ron-english-light-cult-9001-10000","NO","D:\github\ron-english-light-cult-9001-10000\images\9901-10000\LCCC-9986.png","https://i2c.seadn.io/ethereum/0xbe85fbd182af91290be7293438ae67549638189f/b669e89f82913f7d3b7e510154791f79.png?w=350","https://i2c.seadn.io/ethereum/0xbe85fbd182af91290be7293438ae67549638189f/b669e89f82913f7d3b7e510154791f79.png","READY","Would download.",""
"9988","9988","RE-010611","ron-english-light-cult-9001-10000","NO","D:\github\ron-english-light-cult-9001-10000\images\9901-10000\LCCC-9988.png","https://i2c.seadn.io/ethereum/0xbe85fbd182af91290be7293438ae67549638189f/60a82585acec2e3544c68d6a2b78ad7c.png?w=350","https://i2c.seadn.io/ethereum/0xbe85fbd182af91290be7293438ae67549638189f/60a82585acec2e3544c68d6a2b78ad7c.png","READY","Would download.",""
"9989","9989","RE-010612","ron-english-light-cult-9001-10000","NO","D:\github\ron-english-light-cult-9001-10000\images\9901-10000\LCCC-9989.png","https://i2c.seadn.io/ethereum/0xbe85fbd182af91290be7293438ae67549638189f/f01fc063abc91b3dbe9b2b302231eb9e.png?w=350","https://i2c.seadn.io/ethereum/0xbe85fbd182af91290be7293438ae67549638189f/f01fc063abc91b3dbe9b2b302231eb9e.png","READY","Would download.",""
"9990","9990","RE-010613","ron-english-light-cult-9001-10000","NO","D:\github\ron-english-light-cult-9001-10000\images\9901-10000\LCCC-9990.png","https://i2c.seadn.io/ethereum/0xbe85fbd182af91290be7293438ae67549638189f/d19bdfce30b67e66ef66072e3629aaec.png?w=350","https://i2c.seadn.io/ethereum/0xbe85fbd182af91290be7293438ae67549638189f/d19bdfce30b67e66ef66072e3629aaec.png","READY","Would download.",""
"9991","9991","RE-010614","ron-english-light-cult-9001-10000","NO","D:\github\ron-english-light-cult-9001-10000\images\9901-10000\LCCC-9991.png","https://i2c.seadn.io/ethereum/0xbe85fbd182af91290be7293438ae67549638189f/71acb2e05f8537be2fa2c1817c9b1e32.png?w=350","https://i2c.seadn.io/ethereum/0xbe85fbd182af91290be7293438ae67549638189f/71acb2e05f8537be2fa2c1817c9b1e32.png","READY","Would download.",""
"9992","9992","RE-010615","ron-english-light-cult-9001-10000","NO","D:\github\ron-english-light-cult-9001-10000\images\9901-10000\LCCC-9992.png","https://i2c.seadn.io/ethereum/0xbe85fbd182af91290be7293438ae67549638189f/2abcd79c12131c72b1c679c5d30a7b1d.png?w=350","https://i2c.seadn.io/ethereum/0xbe85fbd182af91290be7293438ae67549638189f/2abcd79c12131c72b1c679c5d30a7b1d.png","READY","Would download.",""
"9993","9993","RE-010616","ron-english-light-cult-9001-10000","NO","D:\github\ron-english-light-cult-9001-10000\images\9901-10000\LCCC-9993.png","https://i2c.seadn.io/ethereum/0xbe85fbd182af91290be7293438ae67549638189f/cbc84c4c9816a94830c45884229815ce.png?w=350","https://i2c.seadn.io/ethereum/0xbe85fbd182af91290be7293438ae67549638189f/cbc84c4c9816a94830c45884229815ce.png","READY","Would download.",""
"9994","9994","RE-010617","ron-english-light-cult-9001-10000","NO","D:\github\ron-english-light-cult-9001-10000\images\9901-10000\LCCC-9994.png","https://i2c.seadn.io/ethereum/0xbe85fbd182af91290be7293438ae67549638189f/94e7d59858bdaf4f9d3267afc70c3569.png?w=350","https://i2c.seadn.io/ethereum/0xbe85fbd182af91290be7293438ae67549638189f/94e7d59858bdaf4f9d3267afc70c3569.png","READY","Would download.",""
"9995","9995","RE-010618","ron-english-light-cult-9001-10000","NO","D:\github\ron-english-light-cult-9001-10000\images\9901-10000\LCCC-9995.png","https://i2c.seadn.io/ethereum/0xbe85fbd182af91290be7293438ae67549638189f/9d4ba9588af4b83ed56fc1979d8d75c7.png?w=350","https://i2c.seadn.io/ethereum/0xbe85fbd182af91290be7293438ae67549638189f/9d4ba9588af4b83ed56fc1979d8d75c7.png","READY","Would download.",""
"9996","9996","RE-010619","ron-english-light-cult-9001-10000","NO","D:\github\ron-english-light-cult-9001-10000\images\9901-10000\LCCC-9996.png","https://i2c.seadn.io/ethereum/0xbe85fbd182af91290be7293438ae67549638189f/21fb42eb7f46da0f432de376c4184f90.png?w=350","https://i2c.seadn.io/ethereum/0xbe85fbd182af91290be7293438ae67549638189f/21fb42eb7f46da0f432de376c4184f90.png","READY","Would download.",""
"9997","9997","RE-010620","ron-english-light-cult-9001-10000","NO","D:\github\ron-english-light-cult-9001-10000\images\9901-10000\LCCC-9997.png","https://i2c.seadn.io/ethereum/0xbe85fbd182af91290be7293438ae67549638189f/9ebee1de4dc0bb357a2556bac03f580f.png?w=350","https://i2c.seadn.io/ethereum/0xbe85fbd182af91290be7293438ae67549638189f/9ebee1de4dc0bb357a2556bac03f580f.png","READY","Would download.",""
"9998","9998","RE-010621","ron-english-light-cult-9001-10000","NO","D:\github\ron-english-light-cult-9001-10000\images\9901-10000\LCCC-9998.png","https://i2c.seadn.io/ethereum/0xbe85fbd182af91290be7293438ae67549638189f/ec87877dd92fc8a13f75ab2c69faa137.png?w=350","https://i2c.seadn.io/ethereum/0xbe85fbd182af91290be7293438ae67549638189f/ec87877dd92fc8a13f75ab2c69faa137.png","READY","Would download.",""
"9999","9999","RE-010622","ron-english-light-cult-9001-10000","NO","D:\github\ron-english-light-cult-9001-10000\images\9901-10000\LCCC-9999.png","https://i2c.seadn.io/ethereum/0xbe85fbd182af91290be7293438ae67549638189f/75624340a4fdff333a03535f2a94a17f.png?w=350","https://i2c.seadn.io/ethereum/0xbe85fbd182af91290be7293438ae67549638189f/75624340a4fdff333a03535f2a94a17f.png","READY","Would download.",""
"10000","10000","RE-010623","ron-english-light-cult-9001-10000","NO","D:\github\ron-english-light-cult-9001-10000\images\9901-10000\LCCC-10000.png","https://i2c.seadn.io/ethereum/0xbe85fbd182af91290be7293438ae67549638189f/639010459bd48920c09be9a0190ae942.png?w=350","https://i2c.seadn.io/ethereum/0xbe85fbd182af91290be7293438ae67549638189f/639010459bd48920c09be9a0190ae942.png","READY","Would download.",""
"10001","10001","RE-010624","ron-english-light-cult-9001-10000","NO","D:\github\ron-english-light-cult-9001-10000\images\10001-10100\LCCC-10001.png","https://i2c.seadn.io/ethereum/0xbe85fbd182af91290be7293438ae67549638189f/7375fbc61c31a7ba36820894baa8bf2e.png?w=350","https://i2c.seadn.io/ethereum/0xbe85fbd182af91290be7293438ae67549638189f/7375fbc61c31a7ba36820894baa8bf2e.png","READY","Would download.",""
"10002","10002","RE-010625","ron-english-light-cult-9001-10000","NO","D:\github\ron-english-light-cult-9001-10000\images\10001-10100\LCCC-10002.png","https://i2c.seadn.io/ethereum/0xbe85fbd182af91290be7293438ae67549638189f/15076ca56fa3325fc804f9c72ce32db2.png?w=350","https://i2c.seadn.io/ethereum/0xbe85fbd182af91290be7293438ae67549638189f/15076ca56fa3325fc804f9c72ce32db2.png","READY","Would download.",""
"10003","10003","RE-010626","ron-english-light-cult-9001-10000","NO","D:\github\ron-english-light-cult-9001-10000\images\10001-10100\LCCC-10003.png","https://i2c.seadn.io/ethereum/0xbe85fbd182af91290be7293438ae67549638189f/68e9a6bf463d82b4514951125a6827ba.png?w=350","https://i2c.seadn.io/ethereum/0xbe85fbd182af91290be7293438ae67549638189f/68e9a6bf463d82b4514951125a6827ba.png","READY","Would download.",""
"10004","10004","RE-010627","ron-english-light-cult-9001-10000","NO","D:\github\ron-english-light-cult-9001-10000\images\10001-10100\LCCC-10004.png","https://i2c.seadn.io/ethereum/0xbe85fbd182af91290be7293438ae67549638189f/682b7b80b21bff06b68ab9738107e54b.png?w=350","https://i2c.seadn.io/ethereum/0xbe85fbd182af91290be7293438ae67549638189f/682b7b80b21bff06b68ab9738107e54b.png","READY","Would download.",""
"10005","10005","RE-010628","ron-english-light-cult-9001-10000","NO","D:\github\ron-english-light-cult-9001-10000\images\10001-10100\LCCC-10005.png","https://i2c.seadn.io/ethereum/0xbe85fbd182af91290be7293438ae67549638189f/ca24b0a5d3a9173924b43d70bd87e39e.png?w=350","https://i2c.seadn.io/ethereum/0xbe85fbd182af91290be7293438ae67549638189f/ca24b0a5d3a9173924b43d70bd87e39e.png","READY","Would download.",""
