"TokenNumber","TokenPadded","Title","NewWorkID","OldWorkID","RepoName","ExpectedItemPath","ItemPageExists","PageStatus","PageContainsNewWorkID","PageContainsOldWorkID","WorkIDsFoundInPage","ExpectedImagePath","ExpectedImageExists","LocalImageCandidateCount","SameRepoImageCandidateCount","ImageStatus","BestLocalImagePath","BestImageRelativeToRepo","BestImagePublicURLGuess","OpenSeaImageURL","OpenSeaItemURL","CanCreateMissingPage"
"0","0000","Light Cult Crypto Club #0000","RE-001811","","ron-english-light-cult-0001-1000","D:\github\ron-english-light-cult-0001-1000\items\lccc-0000.html","NO","MISSING_PAGE","","","","D:\github\ron-english-light-cult-0001-1000\images\0001-0100\LCCC-0000.png","YES","1","1","EXPECTED_IMAGE_EXISTS","D:\github\ron-english-light-cult-0001-1000\images\0001-0100\LCCC-0000.png","images\0001-0100\LCCC-0000.png","https://ronenglish-archive.github.io/ron-english-light-cult-0001-1000/images/0001-0100/LCCC-0000.png","https://i2c.seadn.io/ethereum/0xbe85fbd182af91290be7293438ae67549638189f/0833c64e7021b3df79743557579d3214.png?w=350","https://opensea.io/item/ethereum/0xbe85fbd182af91290be7293438ae67549638189f/0","YES_LOCAL_IMAGE_FOUND"
"9747","9747","Light Cult Crypto Club #9747","RE-010398","RE-011557","ron-english-light-cult-9001-10000","D:\github\ron-english-light-cult-9001-10000\items\lccc-9747.html","NO","MISSING_PAGE","","","","D:\github\ron-english-light-cult-9001-10000\images\9701-9800\LCCC-9747.png","YES","1","1","EXPECTED_IMAGE_EXISTS","D:\github\ron-english-light-cult-9001-10000\images\9701-9800\LCCC-9747.png","images\9701-9800\LCCC-9747.png","https://ronenglish-archive.github.io/ron-english-light-cult-9001-10000/images/9701-9800/LCCC-9747.png","https://i2c.seadn.io/ethereum/0xbe85fbd182af91290be7293438ae67549638189f/c00725fb85852be3952fba44dc02b7aa.png?w=350","https://opensea.io/item/ethereum/0xbe85fbd182af91290be7293438ae67549638189f/9747","YES_LOCAL_IMAGE_FOUND"
"9748","9748","Light Cult Crypto Club #9748","RE-010399","RE-011558","ron-english-light-cult-9001-10000","D:\github\ron-english-light-cult-9001-10000\items\lccc-9748.html","NO","MISSING_PAGE","","","","D:\github\ron-english-light-cult-9001-10000\images\9701-9800\LCCC-9748.png","YES","1","1","EXPECTED_IMAGE_EXISTS","D:\github\ron-english-light-cult-9001-10000\images\9701-9800\LCCC-9748.png","images\9701-9800\LCCC-9748.png","https://ronenglish-archive.github.io/ron-english-light-cult-9001-10000/images/9701-9800/LCCC-9748.png","https://i2c.seadn.io/ethereum/0xbe85fbd182af91290be7293438ae67549638189f/c6e1aee5d2ed54dd0a948cdbb0debe2f.png?w=350","https://opensea.io/item/ethereum/0xbe85fbd182af91290be7293438ae67549638189f/9748","YES_LOCAL_IMAGE_FOUND"
"9749","9749","Light Cult Crypto Club #9749","RE-010400","RE-011559","ron-english-light-cult-9001-10000","D:\github\ron-english-light-cult-9001-10000\items\lccc-9749.html","NO","MISSING_PAGE","","","","D:\github\ron-english-light-cult-9001-10000\images\9701-9800\LCCC-9749.png","YES","1","1","EXPECTED_IMAGE_EXISTS","D:\github\ron-english-light-cult-9001-10000\images\9701-9800\LCCC-9749.png","images\9701-9800\LCCC-9749.png","https://ronenglish-archive.github.io/ron-english-light-cult-9001-10000/images/9701-9800/LCCC-9749.png","https://i2c.seadn.io/ethereum/0xbe85fbd182af91290be7293438ae67549638189f/cf888379e56644b20dc680cedc443500.png?w=350","https://opensea.io/item/ethereum/0xbe85fbd182af91290be7293438ae67549638189f/9749","YES_LOCAL_IMAGE_FOUND"
"9750","9750","Light Cult Crypto Club #9750","RE-010401","RE-011560","ron-english-light-cult-9001-10000","D:\github\ron-english-light-cult-9001-10000\items\lccc-9750.html","NO","MISSING_PAGE","","","","D:\github\ron-english-light-cult-9001-10000\images\9701-9800\LCCC-9750.png","YES","1","1","EXPECTED_IMAGE_EXISTS","D:\github\ron-english-light-cult-9001-10000\images\9701-9800\LCCC-9750.png","images\9701-9800\LCCC-9750.png","https://ronenglish-archive.github.io/ron-english-light-cult-9001-10000/images/9701-9800/LCCC-9750.png","https://i2c.seadn.io/ethereum/0xbe85fbd182af91290be7293438ae67549638189f/08152473a4d5137f7c7ee1c1918c5d49.png?w=350","https://opensea.io/item/ethereum/0xbe85fbd182af91290be7293438ae67549638189f/9750","YES_LOCAL_IMAGE_FOUND"
"9751","9751","Light Cult Crypto Club #9751","RE-010402","RE-011561","ron-english-light-cult-9001-10000","D:\github\ron-english-light-cult-9001-10000\items\lccc-9751.html","NO","MISSING_PAGE","","","","D:\github\ron-english-light-cult-9001-10000\images\9701-9800\LCCC-9751.png","YES","1","1","EXPECTED_IMAGE_EXISTS","D:\github\ron-english-light-cult-9001-10000\images\9701-9800\LCCC-9751.png","images\9701-9800\LCCC-9751.png","https://ronenglish-archive.github.io/ron-english-light-cult-9001-10000/images/9701-9800/LCCC-9751.png","https://i2c.seadn.io/ethereum/0xbe85fbd182af91290be7293438ae67549638189f/226e0b3b91bd1a98f2154250e0837e2e.png?w=350","https://opensea.io/item/ethereum/0xbe85fbd182af91290be7293438ae67549638189f/9751","YES_LOCAL_IMAGE_FOUND"
"9752","9752","Light Cult Crypto Club #9752","RE-010403","RE-011562","ron-english-light-cult-9001-10000","D:\github\ron-english-light-cult-9001-10000\items\lccc-9752.html","NO","MISSING_PAGE","","","","D:\github\ron-english-light-cult-9001-10000\images\9701-9800\LCCC-9752.png","YES","1","1","EXPECTED_IMAGE_EXISTS","D:\github\ron-english-light-cult-9001-10000\images\9701-9800\LCCC-9752.png","images\9701-9800\LCCC-9752.png","https://ronenglish-archive.github.io/ron-english-light-cult-9001-10000/images/9701-9800/LCCC-9752.png","https://i2c.seadn.io/ethereum/0xbe85fbd182af91290be7293438ae67549638189f/8b224d177caa16c26882a79b8eec8797.png?w=350","https://opensea.io/item/ethereum/0xbe85fbd182af91290be7293438ae67549638189f/9752","YES_LOCAL_IMAGE_FOUND"
"9753","9753","Light Cult Crypto Club #9753","RE-010404","RE-011563","ron-english-light-cult-9001-10000","D:\github\ron-english-light-cult-9001-10000\items\lccc-9753.html","NO","MISSING_PAGE","","","","D:\github\ron-english-light-cult-9001-10000\images\9701-9800\LCCC-9753.png","YES","1","1","EXPECTED_IMAGE_EXISTS","D:\github\ron-english-light-cult-9001-10000\images\9701-9800\LCCC-9753.png","images\9701-9800\LCCC-9753.png","https://ronenglish-archive.github.io/ron-english-light-cult-9001-10000/images/9701-9800/LCCC-9753.png","https://i2c.seadn.io/ethereum/0xbe85fbd182af91290be7293438ae67549638189f/d0f695da6a73061b315b5554b87032f1.png?w=350","https://opensea.io/item/ethereum/0xbe85fbd182af91290be7293438ae67549638189f/9753","YES_LOCAL_IMAGE_FOUND"
"9754","9754","Light Cult Crypto Club #9754","RE-010405","RE-011564","ron-english-light-cult-9001-10000","D:\github\ron-english-light-cult-9001-10000\items\lccc-9754.html","NO","MISSING_PAGE","","","","D:\github\ron-english-light-cult-9001-10000\images\9701-9800\LCCC-9754.png","YES","1","1","EXPECTED_IMAGE_EXISTS","D:\github\ron-english-light-cult-9001-10000\images\9701-9800\LCCC-9754.png","images\9701-9800\LCCC-9754.png","https://ronenglish-archive.github.io/ron-english-light-cult-9001-10000/images/9701-9800/LCCC-9754.png","https://i2c.seadn.io/ethereum/0xbe85fbd182af91290be7293438ae67549638189f/97423885dbb60b66e219e017bd8416a8.png?w=350","https://opensea.io/item/ethereum/0xbe85fbd182af91290be7293438ae67549638189f/9754","YES_LOCAL_IMAGE_FOUND"
"9755","9755","Light Cult Crypto Club #9755","RE-010406","RE-011565","ron-english-light-cult-9001-10000","D:\github\ron-english-light-cult-9001-10000\items\lccc-9755.html","NO","MISSING_PAGE","","","","D:\github\ron-english-light-cult-9001-10000\images\9701-9800\LCCC-9755.png","YES","1","1","EXPECTED_IMAGE_EXISTS","D:\github\ron-english-light-cult-9001-10000\images\9701-9800\LCCC-9755.png","images\9701-9800\LCCC-9755.png","https://ronenglish-archive.github.io/ron-english-light-cult-9001-10000/images/9701-9800/LCCC-9755.png","https://i2c.seadn.io/ethereum/0xbe85fbd182af91290be7293438ae67549638189f/8bda2caa79d275bda367f5f69e202215.png?w=350","https://opensea.io/item/ethereum/0xbe85fbd182af91290be7293438ae67549638189f/9755","YES_LOCAL_IMAGE_FOUND"
"9756","9756","Light Cult Crypto Club #9756","RE-010407","RE-011566","ron-english-light-cult-9001-10000","D:\github\ron-english-light-cult-9001-10000\items\lccc-9756.html","NO","MISSING_PAGE","","","","D:\github\ron-english-light-cult-9001-10000\images\9701-9800\LCCC-9756.png","YES","1","1","EXPECTED_IMAGE_EXISTS","D:\github\ron-english-light-cult-9001-10000\images\9701-9800\LCCC-9756.png","images\9701-9800\LCCC-9756.png","https://ronenglish-archive.github.io/ron-english-light-cult-9001-10000/images/9701-9800/LCCC-9756.png","https://i2c.seadn.io/ethereum/0xbe85fbd182af91290be7293438ae67549638189f/c437bda4e6ff6cb5c4e775feee2f71b2.png?w=350","https://opensea.io/item/ethereum/0xbe85fbd182af91290be7293438ae67549638189f/9756","YES_LOCAL_IMAGE_FOUND"
"9757","9757","Light Cult Crypto Club #9757","RE-010408","RE-011567","ron-english-light-cult-9001-10000","D:\github\ron-english-light-cult-9001-10000\items\lccc-9757.html","NO","MISSING_PAGE","","","","D:\github\ron-english-light-cult-9001-10000\images\9701-9800\LCCC-9757.png","YES","1","1","EXPECTED_IMAGE_EXISTS","D:\github\ron-english-light-cult-9001-10000\images\9701-9800\LCCC-9757.png","images\9701-9800\LCCC-9757.png","https://ronenglish-archive.github.io/ron-english-light-cult-9001-10000/images/9701-9800/LCCC-9757.png","https://i2c.seadn.io/ethereum/0xbe85fbd182af91290be7293438ae67549638189f/59e935beb8be84a05f14a35a123e277f.png?w=350","https://opensea.io/item/ethereum/0xbe85fbd182af91290be7293438ae67549638189f/9757","YES_LOCAL_IMAGE_FOUND"
"9758","9758","Light Cult Crypto Club #9758","RE-010409","RE-011568","ron-english-light-cult-9001-10000","D:\github\ron-english-light-cult-9001-10000\items\lccc-9758.html","NO","MISSING_PAGE","","","","D:\github\ron-english-light-cult-9001-10000\images\9701-9800\LCCC-9758.png","YES","1","1","EXPECTED_IMAGE_EXISTS","D:\github\ron-english-light-cult-9001-10000\images\9701-9800\LCCC-9758.png","images\9701-9800\LCCC-9758.png","https://ronenglish-archive.github.io/ron-english-light-cult-9001-10000/images/9701-9800/LCCC-9758.png","https://i2c.seadn.io/ethereum/0xbe85fbd182af91290be7293438ae67549638189f/f09e055a0096b5e616e8f15fc452f2c7.png?w=350","https://opensea.io/item/ethereum/0xbe85fbd182af91290be7293438ae67549638189f/9758","YES_LOCAL_IMAGE_FOUND"
"9759","9759","Light Cult Crypto Club #9759","RE-010410","RE-011569","ron-english-light-cult-9001-10000","D:\github\ron-english-light-cult-9001-10000\items\lccc-9759.html","NO","MISSING_PAGE","","","","D:\github\ron-english-light-cult-9001-10000\images\9701-9800\LCCC-9759.png","YES","1","1","EXPECTED_IMAGE_EXISTS","D:\github\ron-english-light-cult-9001-10000\images\9701-9800\LCCC-9759.png","images\9701-9800\LCCC-9759.png","https://ronenglish-archive.github.io/ron-english-light-cult-9001-10000/images/9701-9800/LCCC-9759.png","https://i2c.seadn.io/ethereum/0xbe85fbd182af91290be7293438ae67549638189f/90ba04154c5fce155ba1f1b385b65cc6.png?w=350","https://opensea.io/item/ethereum/0xbe85fbd182af91290be7293438ae67549638189f/9759","YES_LOCAL_IMAGE_FOUND"
"9761","9761","Light Cult Crypto Club #9761","RE-010411","RE-011571","ron-english-light-cult-9001-10000","D:\github\ron-english-light-cult-9001-10000\items\lccc-9761.html","NO","MISSING_PAGE","","","","D:\github\ron-english-light-cult-9001-10000\images\9701-9800\LCCC-9761.png","YES","1","1","EXPECTED_IMAGE_EXISTS","D:\github\ron-english-light-cult-9001-10000\images\9701-9800\LCCC-9761.png","images\9701-9800\LCCC-9761.png","https://ronenglish-archive.github.io/ron-english-light-cult-9001-10000/images/9701-9800/LCCC-9761.png","https://i2c.seadn.io/ethereum/0xbe85fbd182af91290be7293438ae67549638189f/fbebd6d4ecfdae3b0b6b19dd8fd8ae7b.png?w=350","https://opensea.io/item/ethereum/0xbe85fbd182af91290be7293438ae67549638189f/9761","YES_LOCAL_IMAGE_FOUND"
"9762","9762","Light Cult Crypto Club #9762","RE-010412","RE-011572","ron-english-light-cult-9001-10000","D:\github\ron-english-light-cult-9001-10000\items\lccc-9762.html","NO","MISSING_PAGE","","","","D:\github\ron-english-light-cult-9001-10000\images\9701-9800\LCCC-9762.png","YES","1","1","EXPECTED_IMAGE_EXISTS","D:\github\ron-english-light-cult-9001-10000\images\9701-9800\LCCC-9762.png","images\9701-9800\LCCC-9762.png","https://ronenglish-archive.github.io/ron-english-light-cult-9001-10000/images/9701-9800/LCCC-9762.png","https://i2c.seadn.io/ethereum/0xbe85fbd182af91290be7293438ae67549638189f/30148c7f3ae2653da5a0456e3688f82e.png?w=350","https://opensea.io/item/ethereum/0xbe85fbd182af91290be7293438ae67549638189f/9762","YES_LOCAL_IMAGE_FOUND"
"9763","9763","Light Cult Crypto Club #9763","RE-010413","RE-011573","ron-english-light-cult-9001-10000","D:\github\ron-english-light-cult-9001-10000\items\lccc-9763.html","NO","MISSING_PAGE","","","","D:\github\ron-english-light-cult-9001-10000\images\9701-9800\LCCC-9763.png","YES","1","1","EXPECTED_IMAGE_EXISTS","D:\github\ron-english-light-cult-9001-10000\images\9701-9800\LCCC-9763.png","images\9701-9800\LCCC-9763.png","https://ronenglish-archive.github.io/ron-english-light-cult-9001-10000/images/9701-9800/LCCC-9763.png","https://i2c.seadn.io/ethereum/0xbe85fbd182af91290be7293438ae67549638189f/aa2dbd23d16a5c1b08c28da7023cb2aa.png?w=350","https://opensea.io/item/ethereum/0xbe85fbd182af91290be7293438ae67549638189f/9763","YES_LOCAL_IMAGE_FOUND"
"9764","9764","Light Cult Crypto Club #9764","RE-010414","RE-011574","ron-english-light-cult-9001-10000","D:\github\ron-english-light-cult-9001-10000\items\lccc-9764.html","NO","MISSING_PAGE","","","","D:\github\ron-english-light-cult-9001-10000\images\9701-9800\LCCC-9764.png","YES","1","1","EXPECTED_IMAGE_EXISTS","D:\github\ron-english-light-cult-9001-10000\images\9701-9800\LCCC-9764.png","images\9701-9800\LCCC-9764.png","https://ronenglish-archive.github.io/ron-english-light-cult-9001-10000/images/9701-9800/LCCC-9764.png","https://i2c.seadn.io/ethereum/0xbe85fbd182af91290be7293438ae67549638189f/e13fe31b52e6cfde74c64e394e2594f4.png?w=350","https://opensea.io/item/ethereum/0xbe85fbd182af91290be7293438ae67549638189f/9764","YES_LOCAL_IMAGE_FOUND"
"9765","9765","Light Cult Crypto Club #9765","RE-010415","RE-011575","ron-english-light-cult-9001-10000","D:\github\ron-english-light-cult-9001-10000\items\lccc-9765.html","NO","MISSING_PAGE","","","","D:\github\ron-english-light-cult-9001-10000\images\9701-9800\LCCC-9765.png","YES","1","1","EXPECTED_IMAGE_EXISTS","D:\github\ron-english-light-cult-9001-10000\images\9701-9800\LCCC-9765.png","images\9701-9800\LCCC-9765.png","https://ronenglish-archive.github.io/ron-english-light-cult-9001-10000/images/9701-9800/LCCC-9765.png","https://i2c.seadn.io/ethereum/0xbe85fbd182af91290be7293438ae67549638189f/9562b9dbfa3f8c386c2739db6c810014.png?w=350","https://opensea.io/item/ethereum/0xbe85fbd182af91290be7293438ae67549638189f/9765","YES_LOCAL_IMAGE_FOUND"
"9766","9766","Light Cult Crypto Club #9766","RE-010416","RE-011576","ron-english-light-cult-9001-10000","D:\github\ron-english-light-cult-9001-10000\items\lccc-9766.html","NO","MISSING_PAGE","","","","D:\github\ron-english-light-cult-9001-10000\images\9701-9800\LCCC-9766.png","YES","1","1","EXPECTED_IMAGE_EXISTS","D:\github\ron-english-light-cult-9001-10000\images\9701-9800\LCCC-9766.png","images\9701-9800\LCCC-9766.png","https://ronenglish-archive.github.io/ron-english-light-cult-9001-10000/images/9701-9800/LCCC-9766.png","https://i2c.seadn.io/ethereum/0xbe85fbd182af91290be7293438ae67549638189f/d085cd9fd6e25a1eb1dd0cab82a8f3ef.png?w=350","https://opensea.io/item/ethereum/0xbe85fbd182af91290be7293438ae67549638189f/9766","YES_LOCAL_IMAGE_FOUND"
"9767","9767","Light Cult Crypto Club #9767","RE-010417","RE-011577","ron-english-light-cult-9001-10000","D:\github\ron-english-light-cult-9001-10000\items\lccc-9767.html","NO","MISSING_PAGE","","","","D:\github\ron-english-light-cult-9001-10000\images\9701-9800\LCCC-9767.png","YES","1","1","EXPECTED_IMAGE_EXISTS","D:\github\ron-english-light-cult-9001-10000\images\9701-9800\LCCC-9767.png","images\9701-9800\LCCC-9767.png","https://ronenglish-archive.github.io/ron-english-light-cult-9001-10000/images/9701-9800/LCCC-9767.png","https://i2c.seadn.io/ethereum/0xbe85fbd182af91290be7293438ae67549638189f/1fd45c676dbaf0596e40b9f7ddce2a8b.png?w=350","https://opensea.io/item/ethereum/0xbe85fbd182af91290be7293438ae67549638189f/9767","YES_LOCAL_IMAGE_FOUND"
"9768","9768","Light Cult Crypto Club #9768","RE-010418","RE-011578","ron-english-light-cult-9001-10000","D:\github\ron-english-light-cult-9001-10000\items\lccc-9768.html","NO","MISSING_PAGE","","","","D:\github\ron-english-light-cult-9001-10000\images\9701-9800\LCCC-9768.png","YES","1","1","EXPECTED_IMAGE_EXISTS","D:\github\ron-english-light-cult-9001-10000\images\9701-9800\LCCC-9768.png","images\9701-9800\LCCC-9768.png","https://ronenglish-archive.github.io/ron-english-light-cult-9001-10000/images/9701-9800/LCCC-9768.png","https://i2c.seadn.io/ethereum/0xbe85fbd182af91290be7293438ae67549638189f/81007f5ac7bb5dd182f8145394e13957.png?w=350","https://opensea.io/item/ethereum/0xbe85fbd182af91290be7293438ae67549638189f/9768","YES_LOCAL_IMAGE_FOUND"
"9769","9769","Light Cult Crypto Club #9769","RE-010419","RE-011579","ron-english-light-cult-9001-10000","D:\github\ron-english-light-cult-9001-10000\items\lccc-9769.html","NO","MISSING_PAGE","","","","D:\github\ron-english-light-cult-9001-10000\images\9701-9800\LCCC-9769.png","YES","1","1","EXPECTED_IMAGE_EXISTS","D:\github\ron-english-light-cult-9001-10000\images\9701-9800\LCCC-9769.png","images\9701-9800\LCCC-9769.png","https://ronenglish-archive.github.io/ron-english-light-cult-9001-10000/images/9701-9800/LCCC-9769.png","https://i2c.seadn.io/ethereum/0xbe85fbd182af91290be7293438ae67549638189f/d0eb1d70edc7c2462b43f639a6008929.png?w=350","https://opensea.io/item/ethereum/0xbe85fbd182af91290be7293438ae67549638189f/9769","YES_LOCAL_IMAGE_FOUND"
"9770","9770","Light Cult Crypto Club #9770","RE-010420","RE-011580","ron-english-light-cult-9001-10000","D:\github\ron-english-light-cult-9001-10000\items\lccc-9770.html","NO","MISSING_PAGE","","","","D:\github\ron-english-light-cult-9001-10000\images\9701-9800\LCCC-9770.png","YES","1","1","EXPECTED_IMAGE_EXISTS","D:\github\ron-english-light-cult-9001-10000\images\9701-9800\LCCC-9770.png","images\9701-9800\LCCC-9770.png","https://ronenglish-archive.github.io/ron-english-light-cult-9001-10000/images/9701-9800/LCCC-9770.png","https://i2c.seadn.io/ethereum/0xbe85fbd182af91290be7293438ae67549638189f/0ed4b2ff0f5cdb5cf6702b130d81ea1c.png?w=350","https://opensea.io/item/ethereum/0xbe85fbd182af91290be7293438ae67549638189f/9770","YES_LOCAL_IMAGE_FOUND"
"9771","9771","Light Cult Crypto Club #9771","RE-010421","RE-011581","ron-english-light-cult-9001-10000","D:\github\ron-english-light-cult-9001-10000\items\lccc-9771.html","NO","MISSING_PAGE","","","","D:\github\ron-english-light-cult-9001-10000\images\9701-9800\LCCC-9771.png","YES","1","1","EXPECTED_IMAGE_EXISTS","D:\github\ron-english-light-cult-9001-10000\images\9701-9800\LCCC-9771.png","images\9701-9800\LCCC-9771.png","https://ronenglish-archive.github.io/ron-english-light-cult-9001-10000/images/9701-9800/LCCC-9771.png","https://i2c.seadn.io/ethereum/0xbe85fbd182af91290be7293438ae67549638189f/30931427808f4c5eb13fc0ca341a234b.png?w=350","https://opensea.io/item/ethereum/0xbe85fbd182af91290be7293438ae67549638189f/9771","YES_LOCAL_IMAGE_FOUND"
"9774","9774","Light Cult Crypto Club #9774","RE-010422","RE-011584","ron-english-light-cult-9001-10000","D:\github\ron-english-light-cult-9001-10000\items\lccc-9774.html","NO","MISSING_PAGE","","","","D:\github\ron-english-light-cult-9001-10000\images\9701-9800\LCCC-9774.png","YES","1","1","EXPECTED_IMAGE_EXISTS","D:\github\ron-english-light-cult-9001-10000\images\9701-9800\LCCC-9774.png","images\9701-9800\LCCC-9774.png","https://ronenglish-archive.github.io/ron-english-light-cult-9001-10000/images/9701-9800/LCCC-9774.png","https://i2c.seadn.io/ethereum/0xbe85fbd182af91290be7293438ae67549638189f/bde63b76ffa88585fe5719801559a2c8.png?w=350","https://opensea.io/item/ethereum/0xbe85fbd182af91290be7293438ae67549638189f/9774","YES_LOCAL_IMAGE_FOUND"
"9775","9775","Light Cult Crypto Club #9775","RE-010423","RE-011585","ron-english-light-cult-9001-10000","D:\github\ron-english-light-cult-9001-10000\items\lccc-9775.html","NO","MISSING_PAGE","","","","D:\github\ron-english-light-cult-9001-10000\images\9701-9800\LCCC-9775.png","YES","1","1","EXPECTED_IMAGE_EXISTS","D:\github\ron-english-light-cult-9001-10000\images\9701-9800\LCCC-9775.png","images\9701-9800\LCCC-9775.png","https://ronenglish-archive.github.io/ron-english-light-cult-9001-10000/images/9701-9800/LCCC-9775.png","https://i2c.seadn.io/ethereum/0xbe85fbd182af91290be7293438ae67549638189f/51863e4752a831295b08ce054801d2cd.png?w=350","https://opensea.io/item/ethereum/0xbe85fbd182af91290be7293438ae67549638189f/9775","YES_LOCAL_IMAGE_FOUND"
"9776","9776","Light Cult Crypto Club #9776","RE-010424","RE-011586","ron-english-light-cult-9001-10000","D:\github\ron-english-light-cult-9001-10000\items\lccc-9776.html","NO","MISSING_PAGE","","","","D:\github\ron-english-light-cult-9001-10000\images\9701-9800\LCCC-9776.png","YES","1","1","EXPECTED_IMAGE_EXISTS","D:\github\ron-english-light-cult-9001-10000\images\9701-9800\LCCC-9776.png","images\9701-9800\LCCC-9776.png","https://ronenglish-archive.github.io/ron-english-light-cult-9001-10000/images/9701-9800/LCCC-9776.png","https://i2c.seadn.io/ethereum/0xbe85fbd182af91290be7293438ae67549638189f/9a71217e869464f34885fbac02481d7a.png?w=350","https://opensea.io/item/ethereum/0xbe85fbd182af91290be7293438ae67549638189f/9776","YES_LOCAL_IMAGE_FOUND"
"9777","9777","Light Cult Crypto Club #9777","RE-010425","RE-011587","ron-english-light-cult-9001-10000","D:\github\ron-english-light-cult-9001-10000\items\lccc-9777.html","NO","MISSING_PAGE","","","","D:\github\ron-english-light-cult-9001-10000\images\9701-9800\LCCC-9777.png","YES","1","1","EXPECTED_IMAGE_EXISTS","D:\github\ron-english-light-cult-9001-10000\images\9701-9800\LCCC-9777.png","images\9701-9800\LCCC-9777.png","https://ronenglish-archive.github.io/ron-english-light-cult-9001-10000/images/9701-9800/LCCC-9777.png","https://i2c.seadn.io/ethereum/0xbe85fbd182af91290be7293438ae67549638189f/0ce02ea5e228406efce618605eddba56.png?w=350","https://opensea.io/item/ethereum/0xbe85fbd182af91290be7293438ae67549638189f/9777","YES_LOCAL_IMAGE_FOUND"
"9778","9778","Light Cult Crypto Club #9778","RE-010426","RE-011588","ron-english-light-cult-9001-10000","D:\github\ron-english-light-cult-9001-10000\items\lccc-9778.html","NO","MISSING_PAGE","","","","D:\github\ron-english-light-cult-9001-10000\images\9701-9800\LCCC-9778.png","YES","1","1","EXPECTED_IMAGE_EXISTS","D:\github\ron-english-light-cult-9001-10000\images\9701-9800\LCCC-9778.png","images\9701-9800\LCCC-9778.png","https://ronenglish-archive.github.io/ron-english-light-cult-9001-10000/images/9701-9800/LCCC-9778.png","https://i2c.seadn.io/ethereum/0xbe85fbd182af91290be7293438ae67549638189f/0667ec44acce1310f1571c6cb8270735.png?w=350","https://opensea.io/item/ethereum/0xbe85fbd182af91290be7293438ae67549638189f/9778","YES_LOCAL_IMAGE_FOUND"
"9779","9779","Light Cult Crypto Club #9779","RE-010427","RE-011589","ron-english-light-cult-9001-10000","D:\github\ron-english-light-cult-9001-10000\items\lccc-9779.html","NO","MISSING_PAGE","","","","D:\github\ron-english-light-cult-9001-10000\images\9701-9800\LCCC-9779.png","YES","1","1","EXPECTED_IMAGE_EXISTS","D:\github\ron-english-light-cult-9001-10000\images\9701-9800\LCCC-9779.png","images\9701-9800\LCCC-9779.png","https://ronenglish-archive.github.io/ron-english-light-cult-9001-10000/images/9701-9800/LCCC-9779.png","https://i2c.seadn.io/ethereum/0xbe85fbd182af91290be7293438ae67549638189f/580bd903a594cbb3bd8317cc9b381e73.png?w=350","https://opensea.io/item/ethereum/0xbe85fbd182af91290be7293438ae67549638189f/9779","YES_LOCAL_IMAGE_FOUND"
"9780","9780","Light Cult Crypto Club #9780","RE-010428","RE-011590","ron-english-light-cult-9001-10000","D:\github\ron-english-light-cult-9001-10000\items\lccc-9780.html","NO","MISSING_PAGE","","","","D:\github\ron-english-light-cult-9001-10000\images\9701-9800\LCCC-9780.png","YES","1","1","EXPECTED_IMAGE_EXISTS","D:\github\ron-english-light-cult-9001-10000\images\9701-9800\LCCC-9780.png","images\9701-9800\LCCC-9780.png","https://ronenglish-archive.github.io/ron-english-light-cult-9001-10000/images/9701-9800/LCCC-9780.png","https://i2c.seadn.io/ethereum/0xbe85fbd182af91290be7293438ae67549638189f/93bdcbfbee396a7f907ea280bdb64291.png?w=350","https://opensea.io/item/ethereum/0xbe85fbd182af91290be7293438ae67549638189f/9780","YES_LOCAL_IMAGE_FOUND"
"9781","9781","Light Cult Crypto Club #9781","RE-010429","RE-011591","ron-english-light-cult-9001-10000","D:\github\ron-english-light-cult-9001-10000\items\lccc-9781.html","NO","MISSING_PAGE","","","","D:\github\ron-english-light-cult-9001-10000\images\9701-9800\LCCC-9781.png","YES","1","1","EXPECTED_IMAGE_EXISTS","D:\github\ron-english-light-cult-9001-10000\images\9701-9800\LCCC-9781.png","images\9701-9800\LCCC-9781.png","https://ronenglish-archive.github.io/ron-english-light-cult-9001-10000/images/9701-9800/LCCC-9781.png","https://i2c.seadn.io/ethereum/0xbe85fbd182af91290be7293438ae67549638189f/dba6e3b37444a69bb213a4606bf3de67.png?w=350","https://opensea.io/item/ethereum/0xbe85fbd182af91290be7293438ae67549638189f/9781","YES_LOCAL_IMAGE_FOUND"
"9782","9782","Light Cult Crypto Club #9782","RE-010430","RE-011592","ron-english-light-cult-9001-10000","D:\github\ron-english-light-cult-9001-10000\items\lccc-9782.html","NO","MISSING_PAGE","","","","D:\github\ron-english-light-cult-9001-10000\images\9701-9800\LCCC-9782.png","YES","1","1","EXPECTED_IMAGE_EXISTS","D:\github\ron-english-light-cult-9001-10000\images\9701-9800\LCCC-9782.png","images\9701-9800\LCCC-9782.png","https://ronenglish-archive.github.io/ron-english-light-cult-9001-10000/images/9701-9800/LCCC-9782.png","https://i2c.seadn.io/ethereum/0xbe85fbd182af91290be7293438ae67549638189f/c4919310331d8fb0584857bfde60f723.png?w=350","https://opensea.io/item/ethereum/0xbe85fbd182af91290be7293438ae67549638189f/9782","YES_LOCAL_IMAGE_FOUND"
"9783","9783","Light Cult Crypto Club #9783","RE-010431","RE-011593","ron-english-light-cult-9001-10000","D:\github\ron-english-light-cult-9001-10000\items\lccc-9783.html","NO","MISSING_PAGE","","","","D:\github\ron-english-light-cult-9001-10000\images\9701-9800\LCCC-9783.png","YES","1","1","EXPECTED_IMAGE_EXISTS","D:\github\ron-english-light-cult-9001-10000\images\9701-9800\LCCC-9783.png","images\9701-9800\LCCC-9783.png","https://ronenglish-archive.github.io/ron-english-light-cult-9001-10000/images/9701-9800/LCCC-9783.png","https://i2c.seadn.io/ethereum/0xbe85fbd182af91290be7293438ae67549638189f/bf01524233ec62778cb35db495726e0a.png?w=350","https://opensea.io/item/ethereum/0xbe85fbd182af91290be7293438ae67549638189f/9783","YES_LOCAL_IMAGE_FOUND"
"9784","9784","Light Cult Crypto Club #9784","RE-010432","RE-011594","ron-english-light-cult-9001-10000","D:\github\ron-english-light-cult-9001-10000\items\lccc-9784.html","NO","MISSING_PAGE","","","","D:\github\ron-english-light-cult-9001-10000\images\9701-9800\LCCC-9784.png","YES","1","1","EXPECTED_IMAGE_EXISTS","D:\github\ron-english-light-cult-9001-10000\images\9701-9800\LCCC-9784.png","images\9701-9800\LCCC-9784.png","https://ronenglish-archive.github.io/ron-english-light-cult-9001-10000/images/9701-9800/LCCC-9784.png","https://i2c.seadn.io/ethereum/0xbe85fbd182af91290be7293438ae67549638189f/f793bb1fead10546a8243ffe74aff4f1.png?w=350","https://opensea.io/item/ethereum/0xbe85fbd182af91290be7293438ae67549638189f/9784","YES_LOCAL_IMAGE_FOUND"
"9785","9785","Light Cult Crypto Club #9785","RE-010433","RE-011595","ron-english-light-cult-9001-10000","D:\github\ron-english-light-cult-9001-10000\items\lccc-9785.html","NO","MISSING_PAGE","","","","D:\github\ron-english-light-cult-9001-10000\images\9701-9800\LCCC-9785.png","YES","1","1","EXPECTED_IMAGE_EXISTS","D:\github\ron-english-light-cult-9001-10000\images\9701-9800\LCCC-9785.png","images\9701-9800\LCCC-9785.png","https://ronenglish-archive.github.io/ron-english-light-cult-9001-10000/images/9701-9800/LCCC-9785.png","https://i2c.seadn.io/ethereum/0xbe85fbd182af91290be7293438ae67549638189f/f516c73bb68abac509387d724f9e5fb0.png?w=350","https://opensea.io/item/ethereum/0xbe85fbd182af91290be7293438ae67549638189f/9785","YES_LOCAL_IMAGE_FOUND"
"9786","9786","Light Cult Crypto Club #9786","RE-010434","RE-011596","ron-english-light-cult-9001-10000","D:\github\ron-english-light-cult-9001-10000\items\lccc-9786.html","NO","MISSING_PAGE","","","","D:\github\ron-english-light-cult-9001-10000\images\9701-9800\LCCC-9786.png","YES","1","1","EXPECTED_IMAGE_EXISTS","D:\github\ron-english-light-cult-9001-10000\images\9701-9800\LCCC-9786.png","images\9701-9800\LCCC-9786.png","https://ronenglish-archive.github.io/ron-english-light-cult-9001-10000/images/9701-9800/LCCC-9786.png","https://i2c.seadn.io/ethereum/0xbe85fbd182af91290be7293438ae67549638189f/f2aa4d0396dd86dd328cbec14d26137b.png?w=350","https://opensea.io/item/ethereum/0xbe85fbd182af91290be7293438ae67549638189f/9786","YES_LOCAL_IMAGE_FOUND"
"9787","9787","Light Cult Crypto Club #9787","RE-010435","RE-011597","ron-english-light-cult-9001-10000","D:\github\ron-english-light-cult-9001-10000\items\lccc-9787.html","NO","MISSING_PAGE","","","","D:\github\ron-english-light-cult-9001-10000\images\9701-9800\LCCC-9787.png","YES","1","1","EXPECTED_IMAGE_EXISTS","D:\github\ron-english-light-cult-9001-10000\images\9701-9800\LCCC-9787.png","images\9701-9800\LCCC-9787.png","https://ronenglish-archive.github.io/ron-english-light-cult-9001-10000/images/9701-9800/LCCC-9787.png","https://i2c.seadn.io/ethereum/0xbe85fbd182af91290be7293438ae67549638189f/bfc68aacbb55dfd53c7c898e7bcf7225.png?w=350","https://opensea.io/item/ethereum/0xbe85fbd182af91290be7293438ae67549638189f/9787","YES_LOCAL_IMAGE_FOUND"
"9788","9788","Light Cult Crypto Club #9788","RE-010436","RE-011598","ron-english-light-cult-9001-10000","D:\github\ron-english-light-cult-9001-10000\items\lccc-9788.html","NO","MISSING_PAGE","","","","D:\github\ron-english-light-cult-9001-10000\images\9701-9800\LCCC-9788.png","YES","1","1","EXPECTED_IMAGE_EXISTS","D:\github\ron-english-light-cult-9001-10000\images\9701-9800\LCCC-9788.png","images\9701-9800\LCCC-9788.png","https://ronenglish-archive.github.io/ron-english-light-cult-9001-10000/images/9701-9800/LCCC-9788.png","https://i2c.seadn.io/ethereum/0xbe85fbd182af91290be7293438ae67549638189f/867eb1e83e244be58c4216a5cb231119.png?w=350","https://opensea.io/item/ethereum/0xbe85fbd182af91290be7293438ae67549638189f/9788","YES_LOCAL_IMAGE_FOUND"
"9789","9789","Light Cult Crypto Club #9789","RE-010437","RE-011599","ron-english-light-cult-9001-10000","D:\github\ron-english-light-cult-9001-10000\items\lccc-9789.html","NO","MISSING_PAGE","","","","D:\github\ron-english-light-cult-9001-10000\images\9701-9800\LCCC-9789.png","YES","1","1","EXPECTED_IMAGE_EXISTS","D:\github\ron-english-light-cult-9001-10000\images\9701-9800\LCCC-9789.png","images\9701-9800\LCCC-9789.png","https://ronenglish-archive.github.io/ron-english-light-cult-9001-10000/images/9701-9800/LCCC-9789.png","https://i2c.seadn.io/ethereum/0xbe85fbd182af91290be7293438ae67549638189f/61aba68471d5015dcfdfd8c2017185d7.png?w=350","https://opensea.io/item/ethereum/0xbe85fbd182af91290be7293438ae67549638189f/9789","YES_LOCAL_IMAGE_FOUND"
"9790","9790","Light Cult Crypto Club #9790","RE-010438","RE-011600","ron-english-light-cult-9001-10000","D:\github\ron-english-light-cult-9001-10000\items\lccc-9790.html","NO","MISSING_PAGE","","","","D:\github\ron-english-light-cult-9001-10000\images\9701-9800\LCCC-9790.png","YES","1","1","EXPECTED_IMAGE_EXISTS","D:\github\ron-english-light-cult-9001-10000\images\9701-9800\LCCC-9790.png","images\9701-9800\LCCC-9790.png","https://ronenglish-archive.github.io/ron-english-light-cult-9001-10000/images/9701-9800/LCCC-9790.png","https://i2c.seadn.io/ethereum/0xbe85fbd182af91290be7293438ae67549638189f/2490008228df5a2524a2dbd1c4fdd2af.png?w=350","https://opensea.io/item/ethereum/0xbe85fbd182af91290be7293438ae67549638189f/9790","YES_LOCAL_IMAGE_FOUND"
"9791","9791","Light Cult Crypto Club #9791","RE-010439","RE-011601","ron-english-light-cult-9001-10000","D:\github\ron-english-light-cult-9001-10000\items\lccc-9791.html","NO","MISSING_PAGE","","","","D:\github\ron-english-light-cult-9001-10000\images\9701-9800\LCCC-9791.png","YES","1","1","EXPECTED_IMAGE_EXISTS","D:\github\ron-english-light-cult-9001-10000\images\9701-9800\LCCC-9791.png","images\9701-9800\LCCC-9791.png","https://ronenglish-archive.github.io/ron-english-light-cult-9001-10000/images/9701-9800/LCCC-9791.png","https://i2c.seadn.io/ethereum/0xbe85fbd182af91290be7293438ae67549638189f/bcac7fd4d0aee8ce4e4ed7aeee852393.png?w=350","https://opensea.io/item/ethereum/0xbe85fbd182af91290be7293438ae67549638189f/9791","YES_LOCAL_IMAGE_FOUND"
"9792","9792","Light Cult Crypto Club #9792","RE-010440","RE-011602","ron-english-light-cult-9001-10000","D:\github\ron-english-light-cult-9001-10000\items\lccc-9792.html","NO","MISSING_PAGE","","","","D:\github\ron-english-light-cult-9001-10000\images\9701-9800\LCCC-9792.png","YES","1","1","EXPECTED_IMAGE_EXISTS","D:\github\ron-english-light-cult-9001-10000\images\9701-9800\LCCC-9792.png","images\9701-9800\LCCC-9792.png","https://ronenglish-archive.github.io/ron-english-light-cult-9001-10000/images/9701-9800/LCCC-9792.png","https://i2c.seadn.io/ethereum/0xbe85fbd182af91290be7293438ae67549638189f/9aae833f456c685b29c71bf511f41b85.png?w=350","https://opensea.io/item/ethereum/0xbe85fbd182af91290be7293438ae67549638189f/9792","YES_LOCAL_IMAGE_FOUND"
"9793","9793","Light Cult Crypto Club #9793","RE-010441","RE-011603","ron-english-light-cult-9001-10000","D:\github\ron-english-light-cult-9001-10000\items\lccc-9793.html","NO","MISSING_PAGE","","","","D:\github\ron-english-light-cult-9001-10000\images\9701-9800\LCCC-9793.png","YES","1","1","EXPECTED_IMAGE_EXISTS","D:\github\ron-english-light-cult-9001-10000\images\9701-9800\LCCC-9793.png","images\9701-9800\LCCC-9793.png","https://ronenglish-archive.github.io/ron-english-light-cult-9001-10000/images/9701-9800/LCCC-9793.png","https://i2c.seadn.io/ethereum/0xbe85fbd182af91290be7293438ae67549638189f/405f4ca59b42c8dce46272562564f2d9.png?w=350","https://opensea.io/item/ethereum/0xbe85fbd182af91290be7293438ae67549638189f/9793","YES_LOCAL_IMAGE_FOUND"
"9794","9794","Light Cult Crypto Club #9794","RE-010442","RE-011604","ron-english-light-cult-9001-10000","D:\github\ron-english-light-cult-9001-10000\items\lccc-9794.html","NO","MISSING_PAGE","","","","D:\github\ron-english-light-cult-9001-10000\images\9701-9800\LCCC-9794.png","YES","1","1","EXPECTED_IMAGE_EXISTS","D:\github\ron-english-light-cult-9001-10000\images\9701-9800\LCCC-9794.png","images\9701-9800\LCCC-9794.png","https://ronenglish-archive.github.io/ron-english-light-cult-9001-10000/images/9701-9800/LCCC-9794.png","https://i2c.seadn.io/ethereum/0xbe85fbd182af91290be7293438ae67549638189f/313c2edf3b0c0b71c236847e6a373b34.png?w=350","https://opensea.io/item/ethereum/0xbe85fbd182af91290be7293438ae67549638189f/9794","YES_LOCAL_IMAGE_FOUND"
"9795","9795","Light Cult Crypto Club #9795","RE-010443","RE-011605","ron-english-light-cult-9001-10000","D:\github\ron-english-light-cult-9001-10000\items\lccc-9795.html","NO","MISSING_PAGE","","","","D:\github\ron-english-light-cult-9001-10000\images\9701-9800\LCCC-9795.png","YES","1","1","EXPECTED_IMAGE_EXISTS","D:\github\ron-english-light-cult-9001-10000\images\9701-9800\LCCC-9795.png","images\9701-9800\LCCC-9795.png","https://ronenglish-archive.github.io/ron-english-light-cult-9001-10000/images/9701-9800/LCCC-9795.png","https://i2c.seadn.io/ethereum/0xbe85fbd182af91290be7293438ae67549638189f/e093c269414a4a10978c9a60773732f6.png?w=350","https://opensea.io/item/ethereum/0xbe85fbd182af91290be7293438ae67549638189f/9795","YES_LOCAL_IMAGE_FOUND"
"9798","9798","Light Cult Crypto Club #9798","RE-010444","RE-011608","ron-english-light-cult-9001-10000","D:\github\ron-english-light-cult-9001-10000\items\lccc-9798.html","NO","MISSING_PAGE","","","","D:\github\ron-english-light-cult-9001-10000\images\9701-9800\LCCC-9798.png","YES","1","1","EXPECTED_IMAGE_EXISTS","D:\github\ron-english-light-cult-9001-10000\images\9701-9800\LCCC-9798.png","images\9701-9800\LCCC-9798.png","https://ronenglish-archive.github.io/ron-english-light-cult-9001-10000/images/9701-9800/LCCC-9798.png","https://i2c.seadn.io/ethereum/0xbe85fbd182af91290be7293438ae67549638189f/5071b3d9336500fb3ae4f11f2e8ca2c2.png?w=350","https://opensea.io/item/ethereum/0xbe85fbd182af91290be7293438ae67549638189f/9798","YES_LOCAL_IMAGE_FOUND"
"9799","9799","Light Cult Crypto Club #9799","RE-010445","RE-011609","ron-english-light-cult-9001-10000","D:\github\ron-english-light-cult-9001-10000\items\lccc-9799.html","NO","MISSING_PAGE","","","","D:\github\ron-english-light-cult-9001-10000\images\9701-9800\LCCC-9799.png","YES","1","1","EXPECTED_IMAGE_EXISTS","D:\github\ron-english-light-cult-9001-10000\images\9701-9800\LCCC-9799.png","images\9701-9800\LCCC-9799.png","https://ronenglish-archive.github.io/ron-english-light-cult-9001-10000/images/9701-9800/LCCC-9799.png","https://i2c.seadn.io/ethereum/0xbe85fbd182af91290be7293438ae67549638189f/0d9ef98e51e3a7a768e28b140c5f6014.png?w=350","https://opensea.io/item/ethereum/0xbe85fbd182af91290be7293438ae67549638189f/9799","YES_LOCAL_IMAGE_FOUND"
"9800","9800","Light Cult Crypto Club #9800","RE-010446","RE-011610","ron-english-light-cult-9001-10000","D:\github\ron-english-light-cult-9001-10000\items\lccc-9800.html","NO","MISSING_PAGE","","","","D:\github\ron-english-light-cult-9001-10000\images\9701-9800\LCCC-9800.png","YES","1","1","EXPECTED_IMAGE_EXISTS","D:\github\ron-english-light-cult-9001-10000\images\9701-9800\LCCC-9800.png","images\9701-9800\LCCC-9800.png","https://ronenglish-archive.github.io/ron-english-light-cult-9001-10000/images/9701-9800/LCCC-9800.png","https://i2c.seadn.io/ethereum/0xbe85fbd182af91290be7293438ae67549638189f/a501b1d04bd3032e1e3807710d01d1a4.png?w=350","https://opensea.io/item/ethereum/0xbe85fbd182af91290be7293438ae67549638189f/9800","YES_LOCAL_IMAGE_FOUND"
"9801","9801","Light Cult Crypto Club #9801","RE-010447","RE-011611","ron-english-light-cult-9001-10000","D:\github\ron-english-light-cult-9001-10000\items\lccc-9801.html","NO","MISSING_PAGE","","","","D:\github\ron-english-light-cult-9001-10000\images\9801-9900\LCCC-9801.png","YES","1","1","EXPECTED_IMAGE_EXISTS","D:\github\ron-english-light-cult-9001-10000\images\9801-9900\LCCC-9801.png","images\9801-9900\LCCC-9801.png","https://ronenglish-archive.github.io/ron-english-light-cult-9001-10000/images/9801-9900/LCCC-9801.png","https://i2c.seadn.io/ethereum/0xbe85fbd182af91290be7293438ae67549638189f/7b4bfe5c403e5d6ed10bcfa8cd4a7077.png?w=350","https://opensea.io/item/ethereum/0xbe85fbd182af91290be7293438ae67549638189f/9801","YES_LOCAL_IMAGE_FOUND"
"9803","9803","Light Cult Crypto Club #9803","RE-010448","RE-011613","ron-english-light-cult-9001-10000","D:\github\ron-english-light-cult-9001-10000\items\lccc-9803.html","NO","MISSING_PAGE","","","","D:\github\ron-english-light-cult-9001-10000\images\9801-9900\LCCC-9803.png","YES","1","1","EXPECTED_IMAGE_EXISTS","D:\github\ron-english-light-cult-9001-10000\images\9801-9900\LCCC-9803.png","images\9801-9900\LCCC-9803.png","https://ronenglish-archive.github.io/ron-english-light-cult-9001-10000/images/9801-9900/LCCC-9803.png","https://i2c.seadn.io/ethereum/0xbe85fbd182af91290be7293438ae67549638189f/767dde53d56cb5b4d551a74b3b44f1a8.png?w=350","https://opensea.io/item/ethereum/0xbe85fbd182af91290be7293438ae67549638189f/9803","YES_LOCAL_IMAGE_FOUND"
"9804","9804","Light Cult Crypto Club #9804","RE-010449","RE-011614","ron-english-light-cult-9001-10000","D:\github\ron-english-light-cult-9001-10000\items\lccc-9804.html","NO","MISSING_PAGE","","","","D:\github\ron-english-light-cult-9001-10000\images\9801-9900\LCCC-9804.png","YES","1","1","EXPECTED_IMAGE_EXISTS","D:\github\ron-english-light-cult-9001-10000\images\9801-9900\LCCC-9804.png","images\9801-9900\LCCC-9804.png","https://ronenglish-archive.github.io/ron-english-light-cult-9001-10000/images/9801-9900/LCCC-9804.png","https://i2c.seadn.io/ethereum/0xbe85fbd182af91290be7293438ae67549638189f/d0613964159ba9266d2c193c9ffd10b5.png?w=350","https://opensea.io/item/ethereum/0xbe85fbd182af91290be7293438ae67549638189f/9804","YES_LOCAL_IMAGE_FOUND"
"9806","9806","Light Cult Crypto Club #9806","RE-010450","RE-011616","ron-english-light-cult-9001-10000","D:\github\ron-english-light-cult-9001-10000\items\lccc-9806.html","NO","MISSING_PAGE","","","","D:\github\ron-english-light-cult-9001-10000\images\9801-9900\LCCC-9806.png","YES","1","1","EXPECTED_IMAGE_EXISTS","D:\github\ron-english-light-cult-9001-10000\images\9801-9900\LCCC-9806.png","images\9801-9900\LCCC-9806.png","https://ronenglish-archive.github.io/ron-english-light-cult-9001-10000/images/9801-9900/LCCC-9806.png","https://i2c.seadn.io/ethereum/0xbe85fbd182af91290be7293438ae67549638189f/a5cfa9487f317c9032a99f33ba676608.png?w=350","https://opensea.io/item/ethereum/0xbe85fbd182af91290be7293438ae67549638189f/9806","YES_LOCAL_IMAGE_FOUND"
"9807","9807","Light Cult Crypto Club #9807","RE-010451","RE-011617","ron-english-light-cult-9001-10000","D:\github\ron-english-light-cult-9001-10000\items\lccc-9807.html","NO","MISSING_PAGE","","","","D:\github\ron-english-light-cult-9001-10000\images\9801-9900\LCCC-9807.png","YES","1","1","EXPECTED_IMAGE_EXISTS","D:\github\ron-english-light-cult-9001-10000\images\9801-9900\LCCC-9807.png","images\9801-9900\LCCC-9807.png","https://ronenglish-archive.github.io/ron-english-light-cult-9001-10000/images/9801-9900/LCCC-9807.png","https://i2c.seadn.io/ethereum/0xbe85fbd182af91290be7293438ae67549638189f/24402d6502db1efc9408490152a17ad3.png?w=350","https://opensea.io/item/ethereum/0xbe85fbd182af91290be7293438ae67549638189f/9807","YES_LOCAL_IMAGE_FOUND"
"9808","9808","Light Cult Crypto Club #9808","RE-010452","RE-011618","ron-english-light-cult-9001-10000","D:\github\ron-english-light-cult-9001-10000\items\lccc-9808.html","NO","MISSING_PAGE","","","","D:\github\ron-english-light-cult-9001-10000\images\9801-9900\LCCC-9808.png","YES","1","1","EXPECTED_IMAGE_EXISTS","D:\github\ron-english-light-cult-9001-10000\images\9801-9900\LCCC-9808.png","images\9801-9900\LCCC-9808.png","https://ronenglish-archive.github.io/ron-english-light-cult-9001-10000/images/9801-9900/LCCC-9808.png","https://i2c.seadn.io/ethereum/0xbe85fbd182af91290be7293438ae67549638189f/eeeae54a60f0af71fc4e49b3c323e3f0.png?w=350","https://opensea.io/item/ethereum/0xbe85fbd182af91290be7293438ae67549638189f/9808","YES_LOCAL_IMAGE_FOUND"
"9809","9809","Light Cult Crypto Club #9809","RE-010453","RE-011619","ron-english-light-cult-9001-10000","D:\github\ron-english-light-cult-9001-10000\items\lccc-9809.html","NO","MISSING_PAGE","","","","D:\github\ron-english-light-cult-9001-10000\images\9801-9900\LCCC-9809.png","YES","1","1","EXPECTED_IMAGE_EXISTS","D:\github\ron-english-light-cult-9001-10000\images\9801-9900\LCCC-9809.png","images\9801-9900\LCCC-9809.png","https://ronenglish-archive.github.io/ron-english-light-cult-9001-10000/images/9801-9900/LCCC-9809.png","https://i2c.seadn.io/ethereum/0xbe85fbd182af91290be7293438ae67549638189f/0380d649b8e0d0fa1cb00dc9a2e3ae24.png?w=350","https://opensea.io/item/ethereum/0xbe85fbd182af91290be7293438ae67549638189f/9809","YES_LOCAL_IMAGE_FOUND"
"9810","9810","Light Cult Crypto Club #9810","RE-010454","RE-011620","ron-english-light-cult-9001-10000","D:\github\ron-english-light-cult-9001-10000\items\lccc-9810.html","NO","MISSING_PAGE","","","","D:\github\ron-english-light-cult-9001-10000\images\9801-9900\LCCC-9810.png","YES","1","1","EXPECTED_IMAGE_EXISTS","D:\github\ron-english-light-cult-9001-10000\images\9801-9900\LCCC-9810.png","images\9801-9900\LCCC-9810.png","https://ronenglish-archive.github.io/ron-english-light-cult-9001-10000/images/9801-9900/LCCC-9810.png","https://i2c.seadn.io/ethereum/0xbe85fbd182af91290be7293438ae67549638189f/815ce43d83082fa5528cadaaafdcc149.png?w=350","https://opensea.io/item/ethereum/0xbe85fbd182af91290be7293438ae67549638189f/9810","YES_LOCAL_IMAGE_FOUND"
"9812","9812","Light Cult Crypto Club #9812","RE-010455","RE-011622","ron-english-light-cult-9001-10000","D:\github\ron-english-light-cult-9001-10000\items\lccc-9812.html","NO","MISSING_PAGE","","","","D:\github\ron-english-light-cult-9001-10000\images\9801-9900\LCCC-9812.png","YES","1","1","EXPECTED_IMAGE_EXISTS","D:\github\ron-english-light-cult-9001-10000\images\9801-9900\LCCC-9812.png","images\9801-9900\LCCC-9812.png","https://ronenglish-archive.github.io/ron-english-light-cult-9001-10000/images/9801-9900/LCCC-9812.png","https://i2c.seadn.io/ethereum/0xbe85fbd182af91290be7293438ae67549638189f/b5749652b8b0cdeda05a500e3714e971.png?w=350","https://opensea.io/item/ethereum/0xbe85fbd182af91290be7293438ae67549638189f/9812","YES_LOCAL_IMAGE_FOUND"
"9813","9813","Light Cult Crypto Club #9813","RE-010456","RE-011623","ron-english-light-cult-9001-10000","D:\github\ron-english-light-cult-9001-10000\items\lccc-9813.html","NO","MISSING_PAGE","","","","D:\github\ron-english-light-cult-9001-10000\images\9801-9900\LCCC-9813.png","YES","1","1","EXPECTED_IMAGE_EXISTS","D:\github\ron-english-light-cult-9001-10000\images\9801-9900\LCCC-9813.png","images\9801-9900\LCCC-9813.png","https://ronenglish-archive.github.io/ron-english-light-cult-9001-10000/images/9801-9900/LCCC-9813.png","https://i2c.seadn.io/ethereum/0xbe85fbd182af91290be7293438ae67549638189f/eb42dfc7bfa1be6acfbe31d167521aa8.png?w=350","https://opensea.io/item/ethereum/0xbe85fbd182af91290be7293438ae67549638189f/9813","YES_LOCAL_IMAGE_FOUND"
"9814","9814","Light Cult Crypto Club #9814","RE-010457","RE-011624","ron-english-light-cult-9001-10000","D:\github\ron-english-light-cult-9001-10000\items\lccc-9814.html","NO","MISSING_PAGE","","","","D:\github\ron-english-light-cult-9001-10000\images\9801-9900\LCCC-9814.png","YES","1","1","EXPECTED_IMAGE_EXISTS","D:\github\ron-english-light-cult-9001-10000\images\9801-9900\LCCC-9814.png","images\9801-9900\LCCC-9814.png","https://ronenglish-archive.github.io/ron-english-light-cult-9001-10000/images/9801-9900/LCCC-9814.png","https://i2c.seadn.io/ethereum/0xbe85fbd182af91290be7293438ae67549638189f/f3d449cafda4bd4d70876fec1d4d28da.png?w=350","https://opensea.io/item/ethereum/0xbe85fbd182af91290be7293438ae67549638189f/9814","YES_LOCAL_IMAGE_FOUND"
"9815","9815","Light Cult Crypto Club #9815","RE-010458","RE-011625","ron-english-light-cult-9001-10000","D:\github\ron-english-light-cult-9001-10000\items\lccc-9815.html","NO","MISSING_PAGE","","","","D:\github\ron-english-light-cult-9001-10000\images\9801-9900\LCCC-9815.png","YES","1","1","EXPECTED_IMAGE_EXISTS","D:\github\ron-english-light-cult-9001-10000\images\9801-9900\LCCC-9815.png","images\9801-9900\LCCC-9815.png","https://ronenglish-archive.github.io/ron-english-light-cult-9001-10000/images/9801-9900/LCCC-9815.png","https://i2c.seadn.io/ethereum/0xbe85fbd182af91290be7293438ae67549638189f/9030605c9a09ff88c9eb83675f84e385.png?w=350","https://opensea.io/item/ethereum/0xbe85fbd182af91290be7293438ae67549638189f/9815","YES_LOCAL_IMAGE_FOUND"
"9816","9816","Light Cult Crypto Club #9816","RE-010459","RE-011626","ron-english-light-cult-9001-10000","D:\github\ron-english-light-cult-9001-10000\items\lccc-9816.html","NO","MISSING_PAGE","","","","D:\github\ron-english-light-cult-9001-10000\images\9801-9900\LCCC-9816.png","YES","1","1","EXPECTED_IMAGE_EXISTS","D:\github\ron-english-light-cult-9001-10000\images\9801-9900\LCCC-9816.png","images\9801-9900\LCCC-9816.png","https://ronenglish-archive.github.io/ron-english-light-cult-9001-10000/images/9801-9900/LCCC-9816.png","https://i2c.seadn.io/ethereum/0xbe85fbd182af91290be7293438ae67549638189f/ed4cce472bf9cb850796bfdc25d56b03.png?w=350","https://opensea.io/item/ethereum/0xbe85fbd182af91290be7293438ae67549638189f/9816","YES_LOCAL_IMAGE_FOUND"
"9817","9817","Light Cult Crypto Club #9817","RE-010460","RE-011627","ron-english-light-cult-9001-10000","D:\github\ron-english-light-cult-9001-10000\items\lccc-9817.html","NO","MISSING_PAGE","","","","D:\github\ron-english-light-cult-9001-10000\images\9801-9900\LCCC-9817.png","YES","1","1","EXPECTED_IMAGE_EXISTS","D:\github\ron-english-light-cult-9001-10000\images\9801-9900\LCCC-9817.png","images\9801-9900\LCCC-9817.png","https://ronenglish-archive.github.io/ron-english-light-cult-9001-10000/images/9801-9900/LCCC-9817.png","https://i2c.seadn.io/ethereum/0xbe85fbd182af91290be7293438ae67549638189f/73ec314b7c68dca2abdbf56d96265601.png?w=350","https://opensea.io/item/ethereum/0xbe85fbd182af91290be7293438ae67549638189f/9817","YES_LOCAL_IMAGE_FOUND"
"9818","9818","Light Cult Crypto Club #9818","RE-010461","RE-011628","ron-english-light-cult-9001-10000","D:\github\ron-english-light-cult-9001-10000\items\lccc-9818.html","NO","MISSING_PAGE","","","","D:\github\ron-english-light-cult-9001-10000\images\9801-9900\LCCC-9818.png","YES","1","1","EXPECTED_IMAGE_EXISTS","D:\github\ron-english-light-cult-9001-10000\images\9801-9900\LCCC-9818.png","images\9801-9900\LCCC-9818.png","https://ronenglish-archive.github.io/ron-english-light-cult-9001-10000/images/9801-9900/LCCC-9818.png","https://i2c.seadn.io/ethereum/0xbe85fbd182af91290be7293438ae67549638189f/00add66719bb11028e69000ff0a4362b.png?w=350","https://opensea.io/item/ethereum/0xbe85fbd182af91290be7293438ae67549638189f/9818","YES_LOCAL_IMAGE_FOUND"
"9819","9819","Light Cult Crypto Club #9819","RE-010462","RE-011629","ron-english-light-cult-9001-10000","D:\github\ron-english-light-cult-9001-10000\items\lccc-9819.html","NO","MISSING_PAGE","","","","D:\github\ron-english-light-cult-9001-10000\images\9801-9900\LCCC-9819.png","YES","1","1","EXPECTED_IMAGE_EXISTS","D:\github\ron-english-light-cult-9001-10000\images\9801-9900\LCCC-9819.png","images\9801-9900\LCCC-9819.png","https://ronenglish-archive.github.io/ron-english-light-cult-9001-10000/images/9801-9900/LCCC-9819.png","https://i2c.seadn.io/ethereum/0xbe85fbd182af91290be7293438ae67549638189f/6ae0d2fa374372a0d985119c16ea132d.png?w=350","https://opensea.io/item/ethereum/0xbe85fbd182af91290be7293438ae67549638189f/9819","YES_LOCAL_IMAGE_FOUND"
"9820","9820","Light Cult Crypto Club #9820","RE-010463","RE-011630","ron-english-light-cult-9001-10000","D:\github\ron-english-light-cult-9001-10000\items\lccc-9820.html","NO","MISSING_PAGE","","","","D:\github\ron-english-light-cult-9001-10000\images\9801-9900\LCCC-9820.png","YES","1","1","EXPECTED_IMAGE_EXISTS","D:\github\ron-english-light-cult-9001-10000\images\9801-9900\LCCC-9820.png","images\9801-9900\LCCC-9820.png","https://ronenglish-archive.github.io/ron-english-light-cult-9001-10000/images/9801-9900/LCCC-9820.png","https://i2c.seadn.io/ethereum/0xbe85fbd182af91290be7293438ae67549638189f/3234d4e690fb51ab601860e75fa72dd2.png?w=350","https://opensea.io/item/ethereum/0xbe85fbd182af91290be7293438ae67549638189f/9820","YES_LOCAL_IMAGE_FOUND"
"9821","9821","Light Cult Crypto Club #9821","RE-010464","RE-011631","ron-english-light-cult-9001-10000","D:\github\ron-english-light-cult-9001-10000\items\lccc-9821.html","NO","MISSING_PAGE","","","","D:\github\ron-english-light-cult-9001-10000\images\9801-9900\LCCC-9821.png","YES","1","1","EXPECTED_IMAGE_EXISTS","D:\github\ron-english-light-cult-9001-10000\images\9801-9900\LCCC-9821.png","images\9801-9900\LCCC-9821.png","https://ronenglish-archive.github.io/ron-english-light-cult-9001-10000/images/9801-9900/LCCC-9821.png","https://i2c.seadn.io/ethereum/0xbe85fbd182af91290be7293438ae67549638189f/55e46dcb59eaee159bb1203857212b0a.png?w=350","https://opensea.io/item/ethereum/0xbe85fbd182af91290be7293438ae67549638189f/9821","YES_LOCAL_IMAGE_FOUND"
"9822","9822","Light Cult Crypto Club #9822","RE-010465","RE-011632","ron-english-light-cult-9001-10000","D:\github\ron-english-light-cult-9001-10000\items\lccc-9822.html","NO","MISSING_PAGE","","","","D:\github\ron-english-light-cult-9001-10000\images\9801-9900\LCCC-9822.png","YES","1","1","EXPECTED_IMAGE_EXISTS","D:\github\ron-english-light-cult-9001-10000\images\9801-9900\LCCC-9822.png","images\9801-9900\LCCC-9822.png","https://ronenglish-archive.github.io/ron-english-light-cult-9001-10000/images/9801-9900/LCCC-9822.png","https://i2c.seadn.io/ethereum/0xbe85fbd182af91290be7293438ae67549638189f/5d0f632b194567761481b580df136fb2.png?w=350","https://opensea.io/item/ethereum/0xbe85fbd182af91290be7293438ae67549638189f/9822","YES_LOCAL_IMAGE_FOUND"
"9825","9825","Light Cult Crypto Club #9825","RE-010466","RE-011635","ron-english-light-cult-9001-10000","D:\github\ron-english-light-cult-9001-10000\items\lccc-9825.html","NO","MISSING_PAGE","","","","D:\github\ron-english-light-cult-9001-10000\images\9801-9900\LCCC-9825.png","YES","1","1","EXPECTED_IMAGE_EXISTS","D:\github\ron-english-light-cult-9001-10000\images\9801-9900\LCCC-9825.png","images\9801-9900\LCCC-9825.png","https://ronenglish-archive.github.io/ron-english-light-cult-9001-10000/images/9801-9900/LCCC-9825.png","https://i2c.seadn.io/ethereum/0xbe85fbd182af91290be7293438ae67549638189f/151c80e7e5f3dd4b4fb42beac1993fd9.png?w=350","https://opensea.io/item/ethereum/0xbe85fbd182af91290be7293438ae67549638189f/9825","YES_LOCAL_IMAGE_FOUND"
"9826","9826","Light Cult Crypto Club #9826","RE-010467","RE-011636","ron-english-light-cult-9001-10000","D:\github\ron-english-light-cult-9001-10000\items\lccc-9826.html","NO","MISSING_PAGE","","","","D:\github\ron-english-light-cult-9001-10000\images\9801-9900\LCCC-9826.png","YES","1","1","EXPECTED_IMAGE_EXISTS","D:\github\ron-english-light-cult-9001-10000\images\9801-9900\LCCC-9826.png","images\9801-9900\LCCC-9826.png","https://ronenglish-archive.github.io/ron-english-light-cult-9001-10000/images/9801-9900/LCCC-9826.png","https://i2c.seadn.io/ethereum/0xbe85fbd182af91290be7293438ae67549638189f/de27818fa413318bbafcfcd6fc5df2f1.png?w=350","https://opensea.io/item/ethereum/0xbe85fbd182af91290be7293438ae67549638189f/9826","YES_LOCAL_IMAGE_FOUND"
"9827","9827","Light Cult Crypto Club #9827","RE-010468","RE-011637","ron-english-light-cult-9001-10000","D:\github\ron-english-light-cult-9001-10000\items\lccc-9827.html","NO","MISSING_PAGE","","","","D:\github\ron-english-light-cult-9001-10000\images\9801-9900\LCCC-9827.png","YES","1","1","EXPECTED_IMAGE_EXISTS","D:\github\ron-english-light-cult-9001-10000\images\9801-9900\LCCC-9827.png","images\9801-9900\LCCC-9827.png","https://ronenglish-archive.github.io/ron-english-light-cult-9001-10000/images/9801-9900/LCCC-9827.png","https://i2c.seadn.io/ethereum/0xbe85fbd182af91290be7293438ae67549638189f/96ab8107f1894f774e77d3ff7b9af5a5.png?w=350","https://opensea.io/item/ethereum/0xbe85fbd182af91290be7293438ae67549638189f/9827","YES_LOCAL_IMAGE_FOUND"
"9828","9828","Light Cult Crypto Club #9828","RE-010469","RE-011638","ron-english-light-cult-9001-10000","D:\github\ron-english-light-cult-9001-10000\items\lccc-9828.html","NO","MISSING_PAGE","","","","D:\github\ron-english-light-cult-9001-10000\images\9801-9900\LCCC-9828.png","YES","1","1","EXPECTED_IMAGE_EXISTS","D:\github\ron-english-light-cult-9001-10000\images\9801-9900\LCCC-9828.png","images\9801-9900\LCCC-9828.png","https://ronenglish-archive.github.io/ron-english-light-cult-9001-10000/images/9801-9900/LCCC-9828.png","https://i2c.seadn.io/ethereum/0xbe85fbd182af91290be7293438ae67549638189f/12580e9d231de48f2684a313cd9da4dd.png?w=350","https://opensea.io/item/ethereum/0xbe85fbd182af91290be7293438ae67549638189f/9828","YES_LOCAL_IMAGE_FOUND"
"9829","9829","Light Cult Crypto Club #9829","RE-010470","RE-011639","ron-english-light-cult-9001-10000","D:\github\ron-english-light-cult-9001-10000\items\lccc-9829.html","NO","MISSING_PAGE","","","","D:\github\ron-english-light-cult-9001-10000\images\9801-9900\LCCC-9829.png","YES","1","1","EXPECTED_IMAGE_EXISTS","D:\github\ron-english-light-cult-9001-10000\images\9801-9900\LCCC-9829.png","images\9801-9900\LCCC-9829.png","https://ronenglish-archive.github.io/ron-english-light-cult-9001-10000/images/9801-9900/LCCC-9829.png","https://i2c.seadn.io/ethereum/0xbe85fbd182af91290be7293438ae67549638189f/544a5db1c8f1061d87e177b4f2f89fd3.png?w=350","https://opensea.io/item/ethereum/0xbe85fbd182af91290be7293438ae67549638189f/9829","YES_LOCAL_IMAGE_FOUND"
"9830","9830","Light Cult Crypto Club #9830","RE-010471","RE-011640","ron-english-light-cult-9001-10000","D:\github\ron-english-light-cult-9001-10000\items\lccc-9830.html","NO","MISSING_PAGE","","","","D:\github\ron-english-light-cult-9001-10000\images\9801-9900\LCCC-9830.png","YES","1","1","EXPECTED_IMAGE_EXISTS","D:\github\ron-english-light-cult-9001-10000\images\9801-9900\LCCC-9830.png","images\9801-9900\LCCC-9830.png","https://ronenglish-archive.github.io/ron-english-light-cult-9001-10000/images/9801-9900/LCCC-9830.png","https://i2c.seadn.io/ethereum/0xbe85fbd182af91290be7293438ae67549638189f/6ba29f1ecea59cfb32842ff77234f9af.png?w=350","https://opensea.io/item/ethereum/0xbe85fbd182af91290be7293438ae67549638189f/9830","YES_LOCAL_IMAGE_FOUND"
"9831","9831","Light Cult Crypto Club #9831","RE-010472","RE-011641","ron-english-light-cult-9001-10000","D:\github\ron-english-light-cult-9001-10000\items\lccc-9831.html","NO","MISSING_PAGE","","","","D:\github\ron-english-light-cult-9001-10000\images\9801-9900\LCCC-9831.png","YES","1","1","EXPECTED_IMAGE_EXISTS","D:\github\ron-english-light-cult-9001-10000\images\9801-9900\LCCC-9831.png","images\9801-9900\LCCC-9831.png","https://ronenglish-archive.github.io/ron-english-light-cult-9001-10000/images/9801-9900/LCCC-9831.png","https://i2c.seadn.io/ethereum/0xbe85fbd182af91290be7293438ae67549638189f/91d4a5eb44d8485b780a3b6326461997.png?w=350","https://opensea.io/item/ethereum/0xbe85fbd182af91290be7293438ae67549638189f/9831","YES_LOCAL_IMAGE_FOUND"
"9832","9832","Light Cult Crypto Club #9832","RE-010473","RE-011642","ron-english-light-cult-9001-10000","D:\github\ron-english-light-cult-9001-10000\items\lccc-9832.html","NO","MISSING_PAGE","","","","D:\github\ron-english-light-cult-9001-10000\images\9801-9900\LCCC-9832.png","YES","1","1","EXPECTED_IMAGE_EXISTS","D:\github\ron-english-light-cult-9001-10000\images\9801-9900\LCCC-9832.png","images\9801-9900\LCCC-9832.png","https://ronenglish-archive.github.io/ron-english-light-cult-9001-10000/images/9801-9900/LCCC-9832.png","https://i2c.seadn.io/ethereum/0xbe85fbd182af91290be7293438ae67549638189f/e48e3f4fce3de1bca38e0938d2aa83ff.png?w=350","https://opensea.io/item/ethereum/0xbe85fbd182af91290be7293438ae67549638189f/9832","YES_LOCAL_IMAGE_FOUND"
"9834","9834","Light Cult Crypto Club #9834","RE-010474","RE-011644","ron-english-light-cult-9001-10000","D:\github\ron-english-light-cult-9001-10000\items\lccc-9834.html","NO","MISSING_PAGE","","","","D:\github\ron-english-light-cult-9001-10000\images\9801-9900\LCCC-9834.png","YES","1","1","EXPECTED_IMAGE_EXISTS","D:\github\ron-english-light-cult-9001-10000\images\9801-9900\LCCC-9834.png","images\9801-9900\LCCC-9834.png","https://ronenglish-archive.github.io/ron-english-light-cult-9001-10000/images/9801-9900/LCCC-9834.png","https://i2c.seadn.io/ethereum/0xbe85fbd182af91290be7293438ae67549638189f/b2ead12ae2d7e58eb94b04488c62f7e5.png?w=350","https://opensea.io/item/ethereum/0xbe85fbd182af91290be7293438ae67549638189f/9834","YES_LOCAL_IMAGE_FOUND"
"9835","9835","Light Cult Crypto Club #9835","RE-010475","RE-011645","ron-english-light-cult-9001-10000","D:\github\ron-english-light-cult-9001-10000\items\lccc-9835.html","NO","MISSING_PAGE","","","","D:\github\ron-english-light-cult-9001-10000\images\9801-9900\LCCC-9835.png","YES","1","1","EXPECTED_IMAGE_EXISTS","D:\github\ron-english-light-cult-9001-10000\images\9801-9900\LCCC-9835.png","images\9801-9900\LCCC-9835.png","https://ronenglish-archive.github.io/ron-english-light-cult-9001-10000/images/9801-9900/LCCC-9835.png","https://i2c.seadn.io/ethereum/0xbe85fbd182af91290be7293438ae67549638189f/fcf7b533cd1d5644ad85f79f165583a4.png?w=350","https://opensea.io/item/ethereum/0xbe85fbd182af91290be7293438ae67549638189f/9835","YES_LOCAL_IMAGE_FOUND"
"9836","9836","Light Cult Crypto Club #9836","RE-010476","RE-011646","ron-english-light-cult-9001-10000","D:\github\ron-english-light-cult-9001-10000\items\lccc-9836.html","NO","MISSING_PAGE","","","","D:\github\ron-english-light-cult-9001-10000\images\9801-9900\LCCC-9836.png","YES","1","1","EXPECTED_IMAGE_EXISTS","D:\github\ron-english-light-cult-9001-10000\images\9801-9900\LCCC-9836.png","images\9801-9900\LCCC-9836.png","https://ronenglish-archive.github.io/ron-english-light-cult-9001-10000/images/9801-9900/LCCC-9836.png","https://i2c.seadn.io/ethereum/0xbe85fbd182af91290be7293438ae67549638189f/e4f74f8b442092eb491fe528ec9fde4a.png?w=350","https://opensea.io/item/ethereum/0xbe85fbd182af91290be7293438ae67549638189f/9836","YES_LOCAL_IMAGE_FOUND"
"9837","9837","Light Cult Crypto Club #9837","RE-010477","RE-011647","ron-english-light-cult-9001-10000","D:\github\ron-english-light-cult-9001-10000\items\lccc-9837.html","NO","MISSING_PAGE","","","","D:\github\ron-english-light-cult-9001-10000\images\9801-9900\LCCC-9837.png","YES","1","1","EXPECTED_IMAGE_EXISTS","D:\github\ron-english-light-cult-9001-10000\images\9801-9900\LCCC-9837.png","images\9801-9900\LCCC-9837.png","https://ronenglish-archive.github.io/ron-english-light-cult-9001-10000/images/9801-9900/LCCC-9837.png","https://i2c.seadn.io/ethereum/0xbe85fbd182af91290be7293438ae67549638189f/6e73cc2a737a29f7f391ae3da25e1610.png?w=350","https://opensea.io/item/ethereum/0xbe85fbd182af91290be7293438ae67549638189f/9837","YES_LOCAL_IMAGE_FOUND"
"9838","9838","Light Cult Crypto Club #9838","RE-010478","RE-011648","ron-english-light-cult-9001-10000","D:\github\ron-english-light-cult-9001-10000\items\lccc-9838.html","NO","MISSING_PAGE","","","","D:\github\ron-english-light-cult-9001-10000\images\9801-9900\LCCC-9838.png","YES","1","1","EXPECTED_IMAGE_EXISTS","D:\github\ron-english-light-cult-9001-10000\images\9801-9900\LCCC-9838.png","images\9801-9900\LCCC-9838.png","https://ronenglish-archive.github.io/ron-english-light-cult-9001-10000/images/9801-9900/LCCC-9838.png","https://i2c.seadn.io/ethereum/0xbe85fbd182af91290be7293438ae67549638189f/0ac11a872207f40528aa42623ce43cc3.png?w=350","https://opensea.io/item/ethereum/0xbe85fbd182af91290be7293438ae67549638189f/9838","YES_LOCAL_IMAGE_FOUND"
"9839","9839","Light Cult Crypto Club #9839","RE-010479","RE-011649","ron-english-light-cult-9001-10000","D:\github\ron-english-light-cult-9001-10000\items\lccc-9839.html","NO","MISSING_PAGE","","","","D:\github\ron-english-light-cult-9001-10000\images\9801-9900\LCCC-9839.png","YES","1","1","EXPECTED_IMAGE_EXISTS","D:\github\ron-english-light-cult-9001-10000\images\9801-9900\LCCC-9839.png","images\9801-9900\LCCC-9839.png","https://ronenglish-archive.github.io/ron-english-light-cult-9001-10000/images/9801-9900/LCCC-9839.png","https://i2c.seadn.io/ethereum/0xbe85fbd182af91290be7293438ae67549638189f/6694c26ce01ec1dc0a1aa1c1839bd764.png?w=350","https://opensea.io/item/ethereum/0xbe85fbd182af91290be7293438ae67549638189f/9839","YES_LOCAL_IMAGE_FOUND"
"9840","9840","Light Cult Crypto Club #9840","RE-010480","RE-011650","ron-english-light-cult-9001-10000","D:\github\ron-english-light-cult-9001-10000\items\lccc-9840.html","NO","MISSING_PAGE","","","","D:\github\ron-english-light-cult-9001-10000\images\9801-9900\LCCC-9840.png","YES","1","1","EXPECTED_IMAGE_EXISTS","D:\github\ron-english-light-cult-9001-10000\images\9801-9900\LCCC-9840.png","images\9801-9900\LCCC-9840.png","https://ronenglish-archive.github.io/ron-english-light-cult-9001-10000/images/9801-9900/LCCC-9840.png","https://i2c.seadn.io/ethereum/0xbe85fbd182af91290be7293438ae67549638189f/ac8301ba3bad497f78266f4b3ee4e22d.png?w=350","https://opensea.io/item/ethereum/0xbe85fbd182af91290be7293438ae67549638189f/9840","YES_LOCAL_IMAGE_FOUND"
"9841","9841","Light Cult Crypto Club #9841","RE-010481","RE-011651","ron-english-light-cult-9001-10000","D:\github\ron-english-light-cult-9001-10000\items\lccc-9841.html","NO","MISSING_PAGE","","","","D:\github\ron-english-light-cult-9001-10000\images\9801-9900\LCCC-9841.png","YES","1","1","EXPECTED_IMAGE_EXISTS","D:\github\ron-english-light-cult-9001-10000\images\9801-9900\LCCC-9841.png","images\9801-9900\LCCC-9841.png","https://ronenglish-archive.github.io/ron-english-light-cult-9001-10000/images/9801-9900/LCCC-9841.png","https://i2c.seadn.io/ethereum/0xbe85fbd182af91290be7293438ae67549638189f/6bc3e792c4a6f7e95816e30800a1c64e.png?w=350","https://opensea.io/item/ethereum/0xbe85fbd182af91290be7293438ae67549638189f/9841","YES_LOCAL_IMAGE_FOUND"
"9843","9843","Light Cult Crypto Club #9843","RE-010482","RE-011653","ron-english-light-cult-9001-10000","D:\github\ron-english-light-cult-9001-10000\items\lccc-9843.html","NO","MISSING_PAGE","","","","D:\github\ron-english-light-cult-9001-10000\images\9801-9900\LCCC-9843.png","YES","1","1","EXPECTED_IMAGE_EXISTS","D:\github\ron-english-light-cult-9001-10000\images\9801-9900\LCCC-9843.png","images\9801-9900\LCCC-9843.png","https://ronenglish-archive.github.io/ron-english-light-cult-9001-10000/images/9801-9900/LCCC-9843.png","https://i2c.seadn.io/ethereum/0xbe85fbd182af91290be7293438ae67549638189f/007648db38a72869cb92fcbc20d00649.png?w=350","https://opensea.io/item/ethereum/0xbe85fbd182af91290be7293438ae67549638189f/9843","YES_LOCAL_IMAGE_FOUND"
"9844","9844","Light Cult Crypto Club #9844","RE-010483","RE-011654","ron-english-light-cult-9001-10000","D:\github\ron-english-light-cult-9001-10000\items\lccc-9844.html","NO","MISSING_PAGE","","","","D:\github\ron-english-light-cult-9001-10000\images\9801-9900\LCCC-9844.png","YES","1","1","EXPECTED_IMAGE_EXISTS","D:\github\ron-english-light-cult-9001-10000\images\9801-9900\LCCC-9844.png","images\9801-9900\LCCC-9844.png","https://ronenglish-archive.github.io/ron-english-light-cult-9001-10000/images/9801-9900/LCCC-9844.png","https://i2c.seadn.io/ethereum/0xbe85fbd182af91290be7293438ae67549638189f/161f30ebfb4a8441f73b29a9ac197b16.png?w=350","https://opensea.io/item/ethereum/0xbe85fbd182af91290be7293438ae67549638189f/9844","YES_LOCAL_IMAGE_FOUND"
"9845","9845","Light Cult Crypto Club #9845","RE-010484","RE-011655","ron-english-light-cult-9001-10000","D:\github\ron-english-light-cult-9001-10000\items\lccc-9845.html","NO","MISSING_PAGE","","","","D:\github\ron-english-light-cult-9001-10000\images\9801-9900\LCCC-9845.png","YES","1","1","EXPECTED_IMAGE_EXISTS","D:\github\ron-english-light-cult-9001-10000\images\9801-9900\LCCC-9845.png","images\9801-9900\LCCC-9845.png","https://ronenglish-archive.github.io/ron-english-light-cult-9001-10000/images/9801-9900/LCCC-9845.png","https://i2c.seadn.io/ethereum/0xbe85fbd182af91290be7293438ae67549638189f/eccc9588482b29ad85aaf6a47d64d485.png?w=350","https://opensea.io/item/ethereum/0xbe85fbd182af91290be7293438ae67549638189f/9845","YES_LOCAL_IMAGE_FOUND"
"9846","9846","Light Cult Crypto Club #9846","RE-010485","RE-011656","ron-english-light-cult-9001-10000","D:\github\ron-english-light-cult-9001-10000\items\lccc-9846.html","NO","MISSING_PAGE","","","","D:\github\ron-english-light-cult-9001-10000\images\9801-9900\LCCC-9846.png","YES","1","1","EXPECTED_IMAGE_EXISTS","D:\github\ron-english-light-cult-9001-10000\images\9801-9900\LCCC-9846.png","images\9801-9900\LCCC-9846.png","https://ronenglish-archive.github.io/ron-english-light-cult-9001-10000/images/9801-9900/LCCC-9846.png","https://i2c.seadn.io/ethereum/0xbe85fbd182af91290be7293438ae67549638189f/b3a565716186094924282a70e09e20f0.png?w=350","https://opensea.io/item/ethereum/0xbe85fbd182af91290be7293438ae67549638189f/9846","YES_LOCAL_IMAGE_FOUND"
"9847","9847","Light Cult Crypto Club #9847","RE-010486","RE-011657","ron-english-light-cult-9001-10000","D:\github\ron-english-light-cult-9001-10000\items\lccc-9847.html","NO","MISSING_PAGE","","","","D:\github\ron-english-light-cult-9001-10000\images\9801-9900\LCCC-9847.png","YES","1","1","EXPECTED_IMAGE_EXISTS","D:\github\ron-english-light-cult-9001-10000\images\9801-9900\LCCC-9847.png","images\9801-9900\LCCC-9847.png","https://ronenglish-archive.github.io/ron-english-light-cult-9001-10000/images/9801-9900/LCCC-9847.png","https://i2c.seadn.io/ethereum/0xbe85fbd182af91290be7293438ae67549638189f/5ef545ed02d94651079d9804f27ac866.png?w=350","https://opensea.io/item/ethereum/0xbe85fbd182af91290be7293438ae67549638189f/9847","YES_LOCAL_IMAGE_FOUND"
"9848","9848","Light Cult Crypto Club #9848","RE-010487","RE-011658","ron-english-light-cult-9001-10000","D:\github\ron-english-light-cult-9001-10000\items\lccc-9848.html","NO","MISSING_PAGE","","","","D:\github\ron-english-light-cult-9001-10000\images\9801-9900\LCCC-9848.png","YES","1","1","EXPECTED_IMAGE_EXISTS","D:\github\ron-english-light-cult-9001-10000\images\9801-9900\LCCC-9848.png","images\9801-9900\LCCC-9848.png","https://ronenglish-archive.github.io/ron-english-light-cult-9001-10000/images/9801-9900/LCCC-9848.png","https://i2c.seadn.io/ethereum/0xbe85fbd182af91290be7293438ae67549638189f/e54a1d2b7d24b376fbafcb8390b36b87.png?w=350","https://opensea.io/item/ethereum/0xbe85fbd182af91290be7293438ae67549638189f/9848","YES_LOCAL_IMAGE_FOUND"
"9849","9849","Light Cult Crypto Club #9849","RE-010488","RE-011659","ron-english-light-cult-9001-10000","D:\github\ron-english-light-cult-9001-10000\items\lccc-9849.html","NO","MISSING_PAGE","","","","D:\github\ron-english-light-cult-9001-10000\images\9801-9900\LCCC-9849.png","YES","1","1","EXPECTED_IMAGE_EXISTS","D:\github\ron-english-light-cult-9001-10000\images\9801-9900\LCCC-9849.png","images\9801-9900\LCCC-9849.png","https://ronenglish-archive.github.io/ron-english-light-cult-9001-10000/images/9801-9900/LCCC-9849.png","https://i2c.seadn.io/ethereum/0xbe85fbd182af91290be7293438ae67549638189f/c799728830b2c883b5d9176694c4d871.png?w=350","https://opensea.io/item/ethereum/0xbe85fbd182af91290be7293438ae67549638189f/9849","YES_LOCAL_IMAGE_FOUND"
"9850","9850","Light Cult Crypto Club #9850","RE-010489","RE-011660","ron-english-light-cult-9001-10000","D:\github\ron-english-light-cult-9001-10000\items\lccc-9850.html","NO","MISSING_PAGE","","","","D:\github\ron-english-light-cult-9001-10000\images\9801-9900\LCCC-9850.png","YES","1","1","EXPECTED_IMAGE_EXISTS","D:\github\ron-english-light-cult-9001-10000\images\9801-9900\LCCC-9850.png","images\9801-9900\LCCC-9850.png","https://ronenglish-archive.github.io/ron-english-light-cult-9001-10000/images/9801-9900/LCCC-9850.png","https://i2c.seadn.io/ethereum/0xbe85fbd182af91290be7293438ae67549638189f/1c73accd960944fc99b6cc083fcd4f76.png?w=350","https://opensea.io/item/ethereum/0xbe85fbd182af91290be7293438ae67549638189f/9850","YES_LOCAL_IMAGE_FOUND"
"9851","9851","Light Cult Crypto Club #9851","RE-010490","RE-011661","ron-english-light-cult-9001-10000","D:\github\ron-english-light-cult-9001-10000\items\lccc-9851.html","NO","MISSING_PAGE","","","","D:\github\ron-english-light-cult-9001-10000\images\9801-9900\LCCC-9851.png","YES","1","1","EXPECTED_IMAGE_EXISTS","D:\github\ron-english-light-cult-9001-10000\images\9801-9900\LCCC-9851.png","images\9801-9900\LCCC-9851.png","https://ronenglish-archive.github.io/ron-english-light-cult-9001-10000/images/9801-9900/LCCC-9851.png","https://i2c.seadn.io/ethereum/0xbe85fbd182af91290be7293438ae67549638189f/2a1d5ba17639353e9832b853e3e2f9ab.png?w=350","https://opensea.io/item/ethereum/0xbe85fbd182af91290be7293438ae67549638189f/9851","YES_LOCAL_IMAGE_FOUND"
"9852","9852","Light Cult Crypto Club #9852","RE-010491","RE-011662","ron-english-light-cult-9001-10000","D:\github\ron-english-light-cult-9001-10000\items\lccc-9852.html","NO","MISSING_PAGE","","","","D:\github\ron-english-light-cult-9001-10000\images\9801-9900\LCCC-9852.png","YES","1","1","EXPECTED_IMAGE_EXISTS","D:\github\ron-english-light-cult-9001-10000\images\9801-9900\LCCC-9852.png","images\9801-9900\LCCC-9852.png","https://ronenglish-archive.github.io/ron-english-light-cult-9001-10000/images/9801-9900/LCCC-9852.png","https://i2c.seadn.io/ethereum/0xbe85fbd182af91290be7293438ae67549638189f/96a4ccde786fd557a482bc24e6d8f3cd.png?w=350","https://opensea.io/item/ethereum/0xbe85fbd182af91290be7293438ae67549638189f/9852","YES_LOCAL_IMAGE_FOUND"
"9853","9853","Light Cult Crypto Club #9853","RE-010492","RE-011663","ron-english-light-cult-9001-10000","D:\github\ron-english-light-cult-9001-10000\items\lccc-9853.html","NO","MISSING_PAGE","","","","D:\github\ron-english-light-cult-9001-10000\images\9801-9900\LCCC-9853.png","YES","1","1","EXPECTED_IMAGE_EXISTS","D:\github\ron-english-light-cult-9001-10000\images\9801-9900\LCCC-9853.png","images\9801-9900\LCCC-9853.png","https://ronenglish-archive.github.io/ron-english-light-cult-9001-10000/images/9801-9900/LCCC-9853.png","https://i2c.seadn.io/ethereum/0xbe85fbd182af91290be7293438ae67549638189f/3c55bc9decb9b4320ed08f815a33e37d.png?w=350","https://opensea.io/item/ethereum/0xbe85fbd182af91290be7293438ae67549638189f/9853","YES_LOCAL_IMAGE_FOUND"
"9855","9855","Light Cult Crypto Club #9855","RE-010493","RE-011665","ron-english-light-cult-9001-10000","D:\github\ron-english-light-cult-9001-10000\items\lccc-9855.html","NO","MISSING_PAGE","","","","D:\github\ron-english-light-cult-9001-10000\images\9801-9900\LCCC-9855.png","YES","1","1","EXPECTED_IMAGE_EXISTS","D:\github\ron-english-light-cult-9001-10000\images\9801-9900\LCCC-9855.png","images\9801-9900\LCCC-9855.png","https://ronenglish-archive.github.io/ron-english-light-cult-9001-10000/images/9801-9900/LCCC-9855.png","https://i2c.seadn.io/ethereum/0xbe85fbd182af91290be7293438ae67549638189f/0f3036f1ec2d37553bcc06a7dd65b669.png?w=350","https://opensea.io/item/ethereum/0xbe85fbd182af91290be7293438ae67549638189f/9855","YES_LOCAL_IMAGE_FOUND"
"9857","9857","Light Cult Crypto Club #9857","RE-010494","RE-011667","ron-english-light-cult-9001-10000","D:\github\ron-english-light-cult-9001-10000\items\lccc-9857.html","NO","MISSING_PAGE","","","","D:\github\ron-english-light-cult-9001-10000\images\9801-9900\LCCC-9857.png","YES","1","1","EXPECTED_IMAGE_EXISTS","D:\github\ron-english-light-cult-9001-10000\images\9801-9900\LCCC-9857.png","images\9801-9900\LCCC-9857.png","https://ronenglish-archive.github.io/ron-english-light-cult-9001-10000/images/9801-9900/LCCC-9857.png","https://i2c.seadn.io/ethereum/0xbe85fbd182af91290be7293438ae67549638189f/3eac232ff5ff6990c3b5634d58fd249a.png?w=350","https://opensea.io/item/ethereum/0xbe85fbd182af91290be7293438ae67549638189f/9857","YES_LOCAL_IMAGE_FOUND"
"9859","9859","Light Cult Crypto Club #9859","RE-010495","RE-011669","ron-english-light-cult-9001-10000","D:\github\ron-english-light-cult-9001-10000\items\lccc-9859.html","NO","MISSING_PAGE","","","","D:\github\ron-english-light-cult-9001-10000\images\9801-9900\LCCC-9859.png","YES","1","1","EXPECTED_IMAGE_EXISTS","D:\github\ron-english-light-cult-9001-10000\images\9801-9900\LCCC-9859.png","images\9801-9900\LCCC-9859.png","https://ronenglish-archive.github.io/ron-english-light-cult-9001-10000/images/9801-9900/LCCC-9859.png","https://i2c.seadn.io/ethereum/0xbe85fbd182af91290be7293438ae67549638189f/cc3d917c8a974bb03b7831fe05836ed5.png?w=350","https://opensea.io/item/ethereum/0xbe85fbd182af91290be7293438ae67549638189f/9859","YES_LOCAL_IMAGE_FOUND"
"9860","9860","Light Cult Crypto Club #9860","RE-010496","RE-011670","ron-english-light-cult-9001-10000","D:\github\ron-english-light-cult-9001-10000\items\lccc-9860.html","NO","MISSING_PAGE","","","","D:\github\ron-english-light-cult-9001-10000\images\9801-9900\LCCC-9860.png","YES","1","1","EXPECTED_IMAGE_EXISTS","D:\github\ron-english-light-cult-9001-10000\images\9801-9900\LCCC-9860.png","images\9801-9900\LCCC-9860.png","https://ronenglish-archive.github.io/ron-english-light-cult-9001-10000/images/9801-9900/LCCC-9860.png","https://i2c.seadn.io/ethereum/0xbe85fbd182af91290be7293438ae67549638189f/9d53f770696289f9c4c1dc4f11309c22.png?w=350","https://opensea.io/item/ethereum/0xbe85fbd182af91290be7293438ae67549638189f/9860","YES_LOCAL_IMAGE_FOUND"
"9861","9861","Light Cult Crypto Club #9861","RE-010497","RE-011671","ron-english-light-cult-9001-10000","D:\github\ron-english-light-cult-9001-10000\items\lccc-9861.html","NO","MISSING_PAGE","","","","D:\github\ron-english-light-cult-9001-10000\images\9801-9900\LCCC-9861.png","YES","1","1","EXPECTED_IMAGE_EXISTS","D:\github\ron-english-light-cult-9001-10000\images\9801-9900\LCCC-9861.png","images\9801-9900\LCCC-9861.png","https://ronenglish-archive.github.io/ron-english-light-cult-9001-10000/images/9801-9900/LCCC-9861.png","https://i2c.seadn.io/ethereum/0xbe85fbd182af91290be7293438ae67549638189f/8769c69c962d64812cac896f70e71c4d.png?w=350","https://opensea.io/item/ethereum/0xbe85fbd182af91290be7293438ae67549638189f/9861","YES_LOCAL_IMAGE_FOUND"
"9862","9862","Light Cult Crypto Club #9862","RE-010498","RE-011672","ron-english-light-cult-9001-10000","D:\github\ron-english-light-cult-9001-10000\items\lccc-9862.html","NO","MISSING_PAGE","","","","D:\github\ron-english-light-cult-9001-10000\images\9801-9900\LCCC-9862.png","YES","1","1","EXPECTED_IMAGE_EXISTS","D:\github\ron-english-light-cult-9001-10000\images\9801-9900\LCCC-9862.png","images\9801-9900\LCCC-9862.png","https://ronenglish-archive.github.io/ron-english-light-cult-9001-10000/images/9801-9900/LCCC-9862.png","https://i2c.seadn.io/ethereum/0xbe85fbd182af91290be7293438ae67549638189f/3ef1474cc0aa05c9b356e47eb24c88f3.png?w=350","https://opensea.io/item/ethereum/0xbe85fbd182af91290be7293438ae67549638189f/9862","YES_LOCAL_IMAGE_FOUND"
"9863","9863","Light Cult Crypto Club #9863","RE-010499","RE-011673","ron-english-light-cult-9001-10000","D:\github\ron-english-light-cult-9001-10000\items\lccc-9863.html","NO","MISSING_PAGE","","","","D:\github\ron-english-light-cult-9001-10000\images\9801-9900\LCCC-9863.png","YES","1","1","EXPECTED_IMAGE_EXISTS","D:\github\ron-english-light-cult-9001-10000\images\9801-9900\LCCC-9863.png","images\9801-9900\LCCC-9863.png","https://ronenglish-archive.github.io/ron-english-light-cult-9001-10000/images/9801-9900/LCCC-9863.png","https://i2c.seadn.io/ethereum/0xbe85fbd182af91290be7293438ae67549638189f/c767ac2529b6be4c9c07be508eeee998.png?w=350","https://opensea.io/item/ethereum/0xbe85fbd182af91290be7293438ae67549638189f/9863","YES_LOCAL_IMAGE_FOUND"
"9865","9865","Light Cult Crypto Club #9865","RE-010500","RE-011675","ron-english-light-cult-9001-10000","D:\github\ron-english-light-cult-9001-10000\items\lccc-9865.html","NO","MISSING_PAGE","","","","D:\github\ron-english-light-cult-9001-10000\images\9801-9900\LCCC-9865.png","YES","1","1","EXPECTED_IMAGE_EXISTS","D:\github\ron-english-light-cult-9001-10000\images\9801-9900\LCCC-9865.png","images\9801-9900\LCCC-9865.png","https://ronenglish-archive.github.io/ron-english-light-cult-9001-10000/images/9801-9900/LCCC-9865.png","https://i2c.seadn.io/ethereum/0xbe85fbd182af91290be7293438ae67549638189f/e9a789bb729af9ac2d0a8b7c3316c0d4.png?w=350","https://opensea.io/item/ethereum/0xbe85fbd182af91290be7293438ae67549638189f/9865","YES_LOCAL_IMAGE_FOUND"
"9866","9866","Light Cult Crypto Club #9866","RE-010501","RE-011676","ron-english-light-cult-9001-10000","D:\github\ron-english-light-cult-9001-10000\items\lccc-9866.html","NO","MISSING_PAGE","","","","D:\github\ron-english-light-cult-9001-10000\images\9801-9900\LCCC-9866.png","YES","1","1","EXPECTED_IMAGE_EXISTS","D:\github\ron-english-light-cult-9001-10000\images\9801-9900\LCCC-9866.png","images\9801-9900\LCCC-9866.png","https://ronenglish-archive.github.io/ron-english-light-cult-9001-10000/images/9801-9900/LCCC-9866.png","https://i2c.seadn.io/ethereum/0xbe85fbd182af91290be7293438ae67549638189f/bd94406bdc0d047252d4075136d9b448.png?w=350","https://opensea.io/item/ethereum/0xbe85fbd182af91290be7293438ae67549638189f/9866","YES_LOCAL_IMAGE_FOUND"
"9867","9867","Light Cult Crypto Club #9867","RE-010502","RE-011677","ron-english-light-cult-9001-10000","D:\github\ron-english-light-cult-9001-10000\items\lccc-9867.html","NO","MISSING_PAGE","","","","D:\github\ron-english-light-cult-9001-10000\images\9801-9900\LCCC-9867.png","YES","1","1","EXPECTED_IMAGE_EXISTS","D:\github\ron-english-light-cult-9001-10000\images\9801-9900\LCCC-9867.png","images\9801-9900\LCCC-9867.png","https://ronenglish-archive.github.io/ron-english-light-cult-9001-10000/images/9801-9900/LCCC-9867.png","https://i2c.seadn.io/ethereum/0xbe85fbd182af91290be7293438ae67549638189f/b5469e472116fafcf368e520016257f4.png?w=350","https://opensea.io/item/ethereum/0xbe85fbd182af91290be7293438ae67549638189f/9867","YES_LOCAL_IMAGE_FOUND"
"9868","9868","Light Cult Crypto Club #9868","RE-010503","RE-011678","ron-english-light-cult-9001-10000","D:\github\ron-english-light-cult-9001-10000\items\lccc-9868.html","NO","MISSING_PAGE","","","","D:\github\ron-english-light-cult-9001-10000\images\9801-9900\LCCC-9868.png","YES","1","1","EXPECTED_IMAGE_EXISTS","D:\github\ron-english-light-cult-9001-10000\images\9801-9900\LCCC-9868.png","images\9801-9900\LCCC-9868.png","https://ronenglish-archive.github.io/ron-english-light-cult-9001-10000/images/9801-9900/LCCC-9868.png","https://i2c.seadn.io/ethereum/0xbe85fbd182af91290be7293438ae67549638189f/696792726952f6cbf1dba3e7a30481c1.png?w=350","https://opensea.io/item/ethereum/0xbe85fbd182af91290be7293438ae67549638189f/9868","YES_LOCAL_IMAGE_FOUND"
"9869","9869","Light Cult Crypto Club #9869","RE-010504","RE-011679","ron-english-light-cult-9001-10000","D:\github\ron-english-light-cult-9001-10000\items\lccc-9869.html","NO","MISSING_PAGE","","","","D:\github\ron-english-light-cult-9001-10000\images\9801-9900\LCCC-9869.png","YES","1","1","EXPECTED_IMAGE_EXISTS","D:\github\ron-english-light-cult-9001-10000\images\9801-9900\LCCC-9869.png","images\9801-9900\LCCC-9869.png","https://ronenglish-archive.github.io/ron-english-light-cult-9001-10000/images/9801-9900/LCCC-9869.png","https://i2c.seadn.io/ethereum/0xbe85fbd182af91290be7293438ae67549638189f/b2b11b023a91387794b508b68cc97b0d.png?w=350","https://opensea.io/item/ethereum/0xbe85fbd182af91290be7293438ae67549638189f/9869","YES_LOCAL_IMAGE_FOUND"
"9870","9870","Light Cult Crypto Club #9870","RE-010505","RE-011680","ron-english-light-cult-9001-10000","D:\github\ron-english-light-cult-9001-10000\items\lccc-9870.html","NO","MISSING_PAGE","","","","D:\github\ron-english-light-cult-9001-10000\images\9801-9900\LCCC-9870.png","YES","1","1","EXPECTED_IMAGE_EXISTS","D:\github\ron-english-light-cult-9001-10000\images\9801-9900\LCCC-9870.png","images\9801-9900\LCCC-9870.png","https://ronenglish-archive.github.io/ron-english-light-cult-9001-10000/images/9801-9900/LCCC-9870.png","https://i2c.seadn.io/ethereum/0xbe85fbd182af91290be7293438ae67549638189f/d3a8ef230b1f0b4435608a8a1f465c80.png?w=350","https://opensea.io/item/ethereum/0xbe85fbd182af91290be7293438ae67549638189f/9870","YES_LOCAL_IMAGE_FOUND"
"9871","9871","Light Cult Crypto Club #9871","RE-010506","RE-011681","ron-english-light-cult-9001-10000","D:\github\ron-english-light-cult-9001-10000\items\lccc-9871.html","NO","MISSING_PAGE","","","","D:\github\ron-english-light-cult-9001-10000\images\9801-9900\LCCC-9871.png","YES","1","1","EXPECTED_IMAGE_EXISTS","D:\github\ron-english-light-cult-9001-10000\images\9801-9900\LCCC-9871.png","images\9801-9900\LCCC-9871.png","https://ronenglish-archive.github.io/ron-english-light-cult-9001-10000/images/9801-9900/LCCC-9871.png","https://i2c.seadn.io/ethereum/0xbe85fbd182af91290be7293438ae67549638189f/a2f716e89f76e241dffdfd9d3c34277f.png?w=350","https://opensea.io/item/ethereum/0xbe85fbd182af91290be7293438ae67549638189f/9871","YES_LOCAL_IMAGE_FOUND"
"9872","9872","Light Cult Crypto Club #9872","RE-010507","RE-011682","ron-english-light-cult-9001-10000","D:\github\ron-english-light-cult-9001-10000\items\lccc-9872.html","NO","MISSING_PAGE","","","","D:\github\ron-english-light-cult-9001-10000\images\9801-9900\LCCC-9872.png","YES","1","1","EXPECTED_IMAGE_EXISTS","D:\github\ron-english-light-cult-9001-10000\images\9801-9900\LCCC-9872.png","images\9801-9900\LCCC-9872.png","https://ronenglish-archive.github.io/ron-english-light-cult-9001-10000/images/9801-9900/LCCC-9872.png","https://i2c.seadn.io/ethereum/0xbe85fbd182af91290be7293438ae67549638189f/07ee0cae1a9510d287c8db4e3aeb94d9.png?w=350","https://opensea.io/item/ethereum/0xbe85fbd182af91290be7293438ae67549638189f/9872","YES_LOCAL_IMAGE_FOUND"
"9873","9873","Light Cult Crypto Club #9873","RE-010508","RE-011683","ron-english-light-cult-9001-10000","D:\github\ron-english-light-cult-9001-10000\items\lccc-9873.html","NO","MISSING_PAGE","","","","D:\github\ron-english-light-cult-9001-10000\images\9801-9900\LCCC-9873.png","YES","1","1","EXPECTED_IMAGE_EXISTS","D:\github\ron-english-light-cult-9001-10000\images\9801-9900\LCCC-9873.png","images\9801-9900\LCCC-9873.png","https://ronenglish-archive.github.io/ron-english-light-cult-9001-10000/images/9801-9900/LCCC-9873.png","https://i2c.seadn.io/ethereum/0xbe85fbd182af91290be7293438ae67549638189f/bc5bd89533b64e1ce41c26cd3fd54591.png?w=350","https://opensea.io/item/ethereum/0xbe85fbd182af91290be7293438ae67549638189f/9873","YES_LOCAL_IMAGE_FOUND"
"9874","9874","Light Cult Crypto Club #9874","RE-010509","RE-011684","ron-english-light-cult-9001-10000","D:\github\ron-english-light-cult-9001-10000\items\lccc-9874.html","NO","MISSING_PAGE","","","","D:\github\ron-english-light-cult-9001-10000\images\9801-9900\LCCC-9874.png","YES","1","1","EXPECTED_IMAGE_EXISTS","D:\github\ron-english-light-cult-9001-10000\images\9801-9900\LCCC-9874.png","images\9801-9900\LCCC-9874.png","https://ronenglish-archive.github.io/ron-english-light-cult-9001-10000/images/9801-9900/LCCC-9874.png","https://i2c.seadn.io/ethereum/0xbe85fbd182af91290be7293438ae67549638189f/755ad5832b888f3294758fc87d3ef7ca.png?w=350","https://opensea.io/item/ethereum/0xbe85fbd182af91290be7293438ae67549638189f/9874","YES_LOCAL_IMAGE_FOUND"
"9875","9875","Light Cult Crypto Club #9875","RE-010510","RE-011685","ron-english-light-cult-9001-10000","D:\github\ron-english-light-cult-9001-10000\items\lccc-9875.html","NO","MISSING_PAGE","","","","D:\github\ron-english-light-cult-9001-10000\images\9801-9900\LCCC-9875.png","YES","1","1","EXPECTED_IMAGE_EXISTS","D:\github\ron-english-light-cult-9001-10000\images\9801-9900\LCCC-9875.png","images\9801-9900\LCCC-9875.png","https://ronenglish-archive.github.io/ron-english-light-cult-9001-10000/images/9801-9900/LCCC-9875.png","https://i2c.seadn.io/ethereum/0xbe85fbd182af91290be7293438ae67549638189f/0d15d1f896f64650fa44fe4681fff734.png?w=350","https://opensea.io/item/ethereum/0xbe85fbd182af91290be7293438ae67549638189f/9875","YES_LOCAL_IMAGE_FOUND"
"9876","9876","Light Cult Crypto Club #9876","RE-010511","RE-011686","ron-english-light-cult-9001-10000","D:\github\ron-english-light-cult-9001-10000\items\lccc-9876.html","NO","MISSING_PAGE","","","","D:\github\ron-english-light-cult-9001-10000\images\9801-9900\LCCC-9876.png","YES","1","1","EXPECTED_IMAGE_EXISTS","D:\github\ron-english-light-cult-9001-10000\images\9801-9900\LCCC-9876.png","images\9801-9900\LCCC-9876.png","https://ronenglish-archive.github.io/ron-english-light-cult-9001-10000/images/9801-9900/LCCC-9876.png","https://i2c.seadn.io/ethereum/0xbe85fbd182af91290be7293438ae67549638189f/5d869e9d5e4d86e8de8f9213d655afba.png?w=350","https://opensea.io/item/ethereum/0xbe85fbd182af91290be7293438ae67549638189f/9876","YES_LOCAL_IMAGE_FOUND"
"9877","9877","Light Cult Crypto Club #9877","RE-010512","RE-011687","ron-english-light-cult-9001-10000","D:\github\ron-english-light-cult-9001-10000\items\lccc-9877.html","NO","MISSING_PAGE","","","","D:\github\ron-english-light-cult-9001-10000\images\9801-9900\LCCC-9877.png","YES","1","1","EXPECTED_IMAGE_EXISTS","D:\github\ron-english-light-cult-9001-10000\images\9801-9900\LCCC-9877.png","images\9801-9900\LCCC-9877.png","https://ronenglish-archive.github.io/ron-english-light-cult-9001-10000/images/9801-9900/LCCC-9877.png","https://i2c.seadn.io/ethereum/0xbe85fbd182af91290be7293438ae67549638189f/ed2a85675351cd68982f6b8ae1506dc7.png?w=350","https://opensea.io/item/ethereum/0xbe85fbd182af91290be7293438ae67549638189f/9877","YES_LOCAL_IMAGE_FOUND"
"9878","9878","Light Cult Crypto Club #9878","RE-010513","RE-011688","ron-english-light-cult-9001-10000","D:\github\ron-english-light-cult-9001-10000\items\lccc-9878.html","NO","MISSING_PAGE","","","","D:\github\ron-english-light-cult-9001-10000\images\9801-9900\LCCC-9878.png","YES","1","1","EXPECTED_IMAGE_EXISTS","D:\github\ron-english-light-cult-9001-10000\images\9801-9900\LCCC-9878.png","images\9801-9900\LCCC-9878.png","https://ronenglish-archive.github.io/ron-english-light-cult-9001-10000/images/9801-9900/LCCC-9878.png","https://i2c.seadn.io/ethereum/0xbe85fbd182af91290be7293438ae67549638189f/2361f0a397b459460139e750acfb98b5.png?w=350","https://opensea.io/item/ethereum/0xbe85fbd182af91290be7293438ae67549638189f/9878","YES_LOCAL_IMAGE_FOUND"
"9879","9879","Light Cult Crypto Club #9879","RE-010514","RE-011689","ron-english-light-cult-9001-10000","D:\github\ron-english-light-cult-9001-10000\items\lccc-9879.html","NO","MISSING_PAGE","","","","D:\github\ron-english-light-cult-9001-10000\images\9801-9900\LCCC-9879.png","YES","1","1","EXPECTED_IMAGE_EXISTS","D:\github\ron-english-light-cult-9001-10000\images\9801-9900\LCCC-9879.png","images\9801-9900\LCCC-9879.png","https://ronenglish-archive.github.io/ron-english-light-cult-9001-10000/images/9801-9900/LCCC-9879.png","https://i2c.seadn.io/ethereum/0xbe85fbd182af91290be7293438ae67549638189f/5fe891ee451971e0a08b5e5e49cc51f0.png?w=350","https://opensea.io/item/ethereum/0xbe85fbd182af91290be7293438ae67549638189f/9879","YES_LOCAL_IMAGE_FOUND"
"9880","9880","Light Cult Crypto Club #9880","RE-010515","RE-011690","ron-english-light-cult-9001-10000","D:\github\ron-english-light-cult-9001-10000\items\lccc-9880.html","NO","MISSING_PAGE","","","","D:\github\ron-english-light-cult-9001-10000\images\9801-9900\LCCC-9880.png","YES","1","1","EXPECTED_IMAGE_EXISTS","D:\github\ron-english-light-cult-9001-10000\images\9801-9900\LCCC-9880.png","images\9801-9900\LCCC-9880.png","https://ronenglish-archive.github.io/ron-english-light-cult-9001-10000/images/9801-9900/LCCC-9880.png","https://i2c.seadn.io/ethereum/0xbe85fbd182af91290be7293438ae67549638189f/e9ec1d6dbfb1b305d64fa38c51fb72bc.png?w=350","https://opensea.io/item/ethereum/0xbe85fbd182af91290be7293438ae67549638189f/9880","YES_LOCAL_IMAGE_FOUND"
"9882","9882","Light Cult Crypto Club #9882","RE-010516","RE-011692","ron-english-light-cult-9001-10000","D:\github\ron-english-light-cult-9001-10000\items\lccc-9882.html","NO","MISSING_PAGE","","","","D:\github\ron-english-light-cult-9001-10000\images\9801-9900\LCCC-9882.png","YES","1","1","EXPECTED_IMAGE_EXISTS","D:\github\ron-english-light-cult-9001-10000\images\9801-9900\LCCC-9882.png","images\9801-9900\LCCC-9882.png","https://ronenglish-archive.github.io/ron-english-light-cult-9001-10000/images/9801-9900/LCCC-9882.png","https://i2c.seadn.io/ethereum/0xbe85fbd182af91290be7293438ae67549638189f/acca73ffc3d14e2e91c3bf53964cbf33.png?w=350","https://opensea.io/item/ethereum/0xbe85fbd182af91290be7293438ae67549638189f/9882","YES_LOCAL_IMAGE_FOUND"
"9883","9883","Light Cult Crypto Club #9883","RE-010517","RE-011693","ron-english-light-cult-9001-10000","D:\github\ron-english-light-cult-9001-10000\items\lccc-9883.html","NO","MISSING_PAGE","","","","D:\github\ron-english-light-cult-9001-10000\images\9801-9900\LCCC-9883.png","YES","1","1","EXPECTED_IMAGE_EXISTS","D:\github\ron-english-light-cult-9001-10000\images\9801-9900\LCCC-9883.png","images\9801-9900\LCCC-9883.png","https://ronenglish-archive.github.io/ron-english-light-cult-9001-10000/images/9801-9900/LCCC-9883.png","https://i2c.seadn.io/ethereum/0xbe85fbd182af91290be7293438ae67549638189f/3a0ac1df0c4d2039d3527f9a82c3b308.png?w=350","https://opensea.io/item/ethereum/0xbe85fbd182af91290be7293438ae67549638189f/9883","YES_LOCAL_IMAGE_FOUND"
"9884","9884","Light Cult Crypto Club #9884","RE-010518","RE-011694","ron-english-light-cult-9001-10000","D:\github\ron-english-light-cult-9001-10000\items\lccc-9884.html","NO","MISSING_PAGE","","","","D:\github\ron-english-light-cult-9001-10000\images\9801-9900\LCCC-9884.png","YES","1","1","EXPECTED_IMAGE_EXISTS","D:\github\ron-english-light-cult-9001-10000\images\9801-9900\LCCC-9884.png","images\9801-9900\LCCC-9884.png","https://ronenglish-archive.github.io/ron-english-light-cult-9001-10000/images/9801-9900/LCCC-9884.png","https://i2c.seadn.io/ethereum/0xbe85fbd182af91290be7293438ae67549638189f/ad6960072bad33ce0fa755c7dd83f9b2.png?w=350","https://opensea.io/item/ethereum/0xbe85fbd182af91290be7293438ae67549638189f/9884","YES_LOCAL_IMAGE_FOUND"
"9885","9885","Light Cult Crypto Club #9885","RE-010519","RE-011695","ron-english-light-cult-9001-10000","D:\github\ron-english-light-cult-9001-10000\items\lccc-9885.html","NO","MISSING_PAGE","","","","D:\github\ron-english-light-cult-9001-10000\images\9801-9900\LCCC-9885.png","YES","1","1","EXPECTED_IMAGE_EXISTS","D:\github\ron-english-light-cult-9001-10000\images\9801-9900\LCCC-9885.png","images\9801-9900\LCCC-9885.png","https://ronenglish-archive.github.io/ron-english-light-cult-9001-10000/images/9801-9900/LCCC-9885.png","https://i2c.seadn.io/ethereum/0xbe85fbd182af91290be7293438ae67549638189f/daeba710a5bedc46811d29e8b5eebdf8.png?w=350","https://opensea.io/item/ethereum/0xbe85fbd182af91290be7293438ae67549638189f/9885","YES_LOCAL_IMAGE_FOUND"
"9886","9886","Light Cult Crypto Club #9886","RE-010520","RE-011696","ron-english-light-cult-9001-10000","D:\github\ron-english-light-cult-9001-10000\items\lccc-9886.html","NO","MISSING_PAGE","","","","D:\github\ron-english-light-cult-9001-10000\images\9801-9900\LCCC-9886.png","YES","1","1","EXPECTED_IMAGE_EXISTS","D:\github\ron-english-light-cult-9001-10000\images\9801-9900\LCCC-9886.png","images\9801-9900\LCCC-9886.png","https://ronenglish-archive.github.io/ron-english-light-cult-9001-10000/images/9801-9900/LCCC-9886.png","https://i2c.seadn.io/ethereum/0xbe85fbd182af91290be7293438ae67549638189f/4b85e6054b8515465a818376e36155d3.png?w=350","https://opensea.io/item/ethereum/0xbe85fbd182af91290be7293438ae67549638189f/9886","YES_LOCAL_IMAGE_FOUND"
"9887","9887","Light Cult Crypto Club #9887","RE-010521","RE-011697","ron-english-light-cult-9001-10000","D:\github\ron-english-light-cult-9001-10000\items\lccc-9887.html","NO","MISSING_PAGE","","","","D:\github\ron-english-light-cult-9001-10000\images\9801-9900\LCCC-9887.png","YES","1","1","EXPECTED_IMAGE_EXISTS","D:\github\ron-english-light-cult-9001-10000\images\9801-9900\LCCC-9887.png","images\9801-9900\LCCC-9887.png","https://ronenglish-archive.github.io/ron-english-light-cult-9001-10000/images/9801-9900/LCCC-9887.png","https://i2c.seadn.io/ethereum/0xbe85fbd182af91290be7293438ae67549638189f/1815027604c3553c978d0b049f16634d.png?w=350","https://opensea.io/item/ethereum/0xbe85fbd182af91290be7293438ae67549638189f/9887","YES_LOCAL_IMAGE_FOUND"
"9888","9888","Light Cult Crypto Club #9888","RE-010522","RE-011698","ron-english-light-cult-9001-10000","D:\github\ron-english-light-cult-9001-10000\items\lccc-9888.html","NO","MISSING_PAGE","","","","D:\github\ron-english-light-cult-9001-10000\images\9801-9900\LCCC-9888.png","YES","1","1","EXPECTED_IMAGE_EXISTS","D:\github\ron-english-light-cult-9001-10000\images\9801-9900\LCCC-9888.png","images\9801-9900\LCCC-9888.png","https://ronenglish-archive.github.io/ron-english-light-cult-9001-10000/images/9801-9900/LCCC-9888.png","https://i2c.seadn.io/ethereum/0xbe85fbd182af91290be7293438ae67549638189f/8990ae831ec0e255b3c1701beb290c17.png?w=350","https://opensea.io/item/ethereum/0xbe85fbd182af91290be7293438ae67549638189f/9888","YES_LOCAL_IMAGE_FOUND"
"9889","9889","Light Cult Crypto Club #9889","RE-010523","RE-011699","ron-english-light-cult-9001-10000","D:\github\ron-english-light-cult-9001-10000\items\lccc-9889.html","NO","MISSING_PAGE","","","","D:\github\ron-english-light-cult-9001-10000\images\9801-9900\LCCC-9889.png","YES","1","1","EXPECTED_IMAGE_EXISTS","D:\github\ron-english-light-cult-9001-10000\images\9801-9900\LCCC-9889.png","images\9801-9900\LCCC-9889.png","https://ronenglish-archive.github.io/ron-english-light-cult-9001-10000/images/9801-9900/LCCC-9889.png","https://i2c.seadn.io/ethereum/0xbe85fbd182af91290be7293438ae67549638189f/ae5faaf0aead9b5c246a43bf910dae1d.png?w=350","https://opensea.io/item/ethereum/0xbe85fbd182af91290be7293438ae67549638189f/9889","YES_LOCAL_IMAGE_FOUND"
"9891","9891","Light Cult Crypto Club #9891","RE-010524","RE-011701","ron-english-light-cult-9001-10000","D:\github\ron-english-light-cult-9001-10000\items\lccc-9891.html","NO","MISSING_PAGE","","","","D:\github\ron-english-light-cult-9001-10000\images\9801-9900\LCCC-9891.png","YES","1","1","EXPECTED_IMAGE_EXISTS","D:\github\ron-english-light-cult-9001-10000\images\9801-9900\LCCC-9891.png","images\9801-9900\LCCC-9891.png","https://ronenglish-archive.github.io/ron-english-light-cult-9001-10000/images/9801-9900/LCCC-9891.png","https://i2c.seadn.io/ethereum/0xbe85fbd182af91290be7293438ae67549638189f/7157807410eb13a27a3647466340fe22.png?w=350","https://opensea.io/item/ethereum/0xbe85fbd182af91290be7293438ae67549638189f/9891","YES_LOCAL_IMAGE_FOUND"
"9892","9892","Light Cult Crypto Club #9892","RE-010525","RE-011702","ron-english-light-cult-9001-10000","D:\github\ron-english-light-cult-9001-10000\items\lccc-9892.html","NO","MISSING_PAGE","","","","D:\github\ron-english-light-cult-9001-10000\images\9801-9900\LCCC-9892.png","YES","1","1","EXPECTED_IMAGE_EXISTS","D:\github\ron-english-light-cult-9001-10000\images\9801-9900\LCCC-9892.png","images\9801-9900\LCCC-9892.png","https://ronenglish-archive.github.io/ron-english-light-cult-9001-10000/images/9801-9900/LCCC-9892.png","https://i2c.seadn.io/ethereum/0xbe85fbd182af91290be7293438ae67549638189f/6dde0a01811dfe39e67968e23b90de30.png?w=350","https://opensea.io/item/ethereum/0xbe85fbd182af91290be7293438ae67549638189f/9892","YES_LOCAL_IMAGE_FOUND"
"9893","9893","Light Cult Crypto Club #9893","RE-010526","RE-011703","ron-english-light-cult-9001-10000","D:\github\ron-english-light-cult-9001-10000\items\lccc-9893.html","NO","MISSING_PAGE","","","","D:\github\ron-english-light-cult-9001-10000\images\9801-9900\LCCC-9893.png","YES","1","1","EXPECTED_IMAGE_EXISTS","D:\github\ron-english-light-cult-9001-10000\images\9801-9900\LCCC-9893.png","images\9801-9900\LCCC-9893.png","https://ronenglish-archive.github.io/ron-english-light-cult-9001-10000/images/9801-9900/LCCC-9893.png","https://i2c.seadn.io/ethereum/0xbe85fbd182af91290be7293438ae67549638189f/74de8a3cde39256691cf46253a93d54b.png?w=350","https://opensea.io/item/ethereum/0xbe85fbd182af91290be7293438ae67549638189f/9893","YES_LOCAL_IMAGE_FOUND"
"9894","9894","Light Cult Crypto Club #9894","RE-010527","RE-011704","ron-english-light-cult-9001-10000","D:\github\ron-english-light-cult-9001-10000\items\lccc-9894.html","NO","MISSING_PAGE","","","","D:\github\ron-english-light-cult-9001-10000\images\9801-9900\LCCC-9894.png","YES","1","1","EXPECTED_IMAGE_EXISTS","D:\github\ron-english-light-cult-9001-10000\images\9801-9900\LCCC-9894.png","images\9801-9900\LCCC-9894.png","https://ronenglish-archive.github.io/ron-english-light-cult-9001-10000/images/9801-9900/LCCC-9894.png","https://i2c.seadn.io/ethereum/0xbe85fbd182af91290be7293438ae67549638189f/399f62f121a85ff3836e6c75197a69ad.png?w=350","https://opensea.io/item/ethereum/0xbe85fbd182af91290be7293438ae67549638189f/9894","YES_LOCAL_IMAGE_FOUND"
"9895","9895","Light Cult Crypto Club #9895","RE-010528","RE-011705","ron-english-light-cult-9001-10000","D:\github\ron-english-light-cult-9001-10000\items\lccc-9895.html","NO","MISSING_PAGE","","","","D:\github\ron-english-light-cult-9001-10000\images\9801-9900\LCCC-9895.png","YES","1","1","EXPECTED_IMAGE_EXISTS","D:\github\ron-english-light-cult-9001-10000\images\9801-9900\LCCC-9895.png","images\9801-9900\LCCC-9895.png","https://ronenglish-archive.github.io/ron-english-light-cult-9001-10000/images/9801-9900/LCCC-9895.png","https://i2c.seadn.io/ethereum/0xbe85fbd182af91290be7293438ae67549638189f/ea1b4719c0fb25bb1c0c5b3d44a21ee6.png?w=350","https://opensea.io/item/ethereum/0xbe85fbd182af91290be7293438ae67549638189f/9895","YES_LOCAL_IMAGE_FOUND"
"9897","9897","Light Cult Crypto Club #9897","RE-010529","RE-011707","ron-english-light-cult-9001-10000","D:\github\ron-english-light-cult-9001-10000\items\lccc-9897.html","NO","MISSING_PAGE","","","","D:\github\ron-english-light-cult-9001-10000\images\9801-9900\LCCC-9897.png","YES","1","1","EXPECTED_IMAGE_EXISTS","D:\github\ron-english-light-cult-9001-10000\images\9801-9900\LCCC-9897.png","images\9801-9900\LCCC-9897.png","https://ronenglish-archive.github.io/ron-english-light-cult-9001-10000/images/9801-9900/LCCC-9897.png","https://i2c.seadn.io/ethereum/0xbe85fbd182af91290be7293438ae67549638189f/4bfb3932cd0ae7a0725fb988554ff612.png?w=350","https://opensea.io/item/ethereum/0xbe85fbd182af91290be7293438ae67549638189f/9897","YES_LOCAL_IMAGE_FOUND"
"9898","9898","Light Cult Crypto Club #9898","RE-010530","RE-011708","ron-english-light-cult-9001-10000","D:\github\ron-english-light-cult-9001-10000\items\lccc-9898.html","NO","MISSING_PAGE","","","","D:\github\ron-english-light-cult-9001-10000\images\9801-9900\LCCC-9898.png","YES","1","1","EXPECTED_IMAGE_EXISTS","D:\github\ron-english-light-cult-9001-10000\images\9801-9900\LCCC-9898.png","images\9801-9900\LCCC-9898.png","https://ronenglish-archive.github.io/ron-english-light-cult-9001-10000/images/9801-9900/LCCC-9898.png","https://i2c.seadn.io/ethereum/0xbe85fbd182af91290be7293438ae67549638189f/8ba656eaa8ce4a8d640e7c5a06b4486d.png?w=350","https://opensea.io/item/ethereum/0xbe85fbd182af91290be7293438ae67549638189f/9898","YES_LOCAL_IMAGE_FOUND"
"9899","9899","Light Cult Crypto Club #9899","RE-010531","RE-011709","ron-english-light-cult-9001-10000","D:\github\ron-english-light-cult-9001-10000\items\lccc-9899.html","NO","MISSING_PAGE","","","","D:\github\ron-english-light-cult-9001-10000\images\9801-9900\LCCC-9899.png","YES","1","1","EXPECTED_IMAGE_EXISTS","D:\github\ron-english-light-cult-9001-10000\images\9801-9900\LCCC-9899.png","images\9801-9900\LCCC-9899.png","https://ronenglish-archive.github.io/ron-english-light-cult-9001-10000/images/9801-9900/LCCC-9899.png","https://i2c.seadn.io/ethereum/0xbe85fbd182af91290be7293438ae67549638189f/799931ed1e4853552fff01ba28293fd9.png?w=350","https://opensea.io/item/ethereum/0xbe85fbd182af91290be7293438ae67549638189f/9899","YES_LOCAL_IMAGE_FOUND"
"9900","9900","Light Cult Crypto Club #9900","RE-010532","RE-011710","ron-english-light-cult-9001-10000","D:\github\ron-english-light-cult-9001-10000\items\lccc-9900.html","NO","MISSING_PAGE","","","","D:\github\ron-english-light-cult-9001-10000\images\9801-9900\LCCC-9900.png","YES","1","1","EXPECTED_IMAGE_EXISTS","D:\github\ron-english-light-cult-9001-10000\images\9801-9900\LCCC-9900.png","images\9801-9900\LCCC-9900.png","https://ronenglish-archive.github.io/ron-english-light-cult-9001-10000/images/9801-9900/LCCC-9900.png","https://i2c.seadn.io/ethereum/0xbe85fbd182af91290be7293438ae67549638189f/62e1628a643f08fb158fe917c54f44aa.png?w=350","https://opensea.io/item/ethereum/0xbe85fbd182af91290be7293438ae67549638189f/9900","YES_LOCAL_IMAGE_FOUND"
"9901","9901","Light Cult Crypto Club #9901","RE-010533","RE-011711","ron-english-light-cult-9001-10000","D:\github\ron-english-light-cult-9001-10000\items\lccc-9901.html","NO","MISSING_PAGE","","","","D:\github\ron-english-light-cult-9001-10000\images\9901-10000\LCCC-9901.png","YES","1","1","EXPECTED_IMAGE_EXISTS","D:\github\ron-english-light-cult-9001-10000\images\9901-10000\LCCC-9901.png","images\9901-10000\LCCC-9901.png","https://ronenglish-archive.github.io/ron-english-light-cult-9001-10000/images/9901-10000/LCCC-9901.png","https://i2c.seadn.io/ethereum/0xbe85fbd182af91290be7293438ae67549638189f/0faacd82eae275d3bdfb77c3132ebba1.png?w=350","https://opensea.io/item/ethereum/0xbe85fbd182af91290be7293438ae67549638189f/9901","YES_LOCAL_IMAGE_FOUND"
"9902","9902","Light Cult Crypto Club #9902","RE-010534","RE-011712","ron-english-light-cult-9001-10000","D:\github\ron-english-light-cult-9001-10000\items\lccc-9902.html","NO","MISSING_PAGE","","","","D:\github\ron-english-light-cult-9001-10000\images\9901-10000\LCCC-9902.png","YES","1","1","EXPECTED_IMAGE_EXISTS","D:\github\ron-english-light-cult-9001-10000\images\9901-10000\LCCC-9902.png","images\9901-10000\LCCC-9902.png","https://ronenglish-archive.github.io/ron-english-light-cult-9001-10000/images/9901-10000/LCCC-9902.png","https://i2c.seadn.io/ethereum/0xbe85fbd182af91290be7293438ae67549638189f/28f8116c56a985168d46b17c544e47d3.png?w=350","https://opensea.io/item/ethereum/0xbe85fbd182af91290be7293438ae67549638189f/9902","YES_LOCAL_IMAGE_FOUND"
"9903","9903","Light Cult Crypto Club #9903","RE-010535","RE-011713","ron-english-light-cult-9001-10000","D:\github\ron-english-light-cult-9001-10000\items\lccc-9903.html","NO","MISSING_PAGE","","","","D:\github\ron-english-light-cult-9001-10000\images\9901-10000\LCCC-9903.png","YES","1","1","EXPECTED_IMAGE_EXISTS","D:\github\ron-english-light-cult-9001-10000\images\9901-10000\LCCC-9903.png","images\9901-10000\LCCC-9903.png","https://ronenglish-archive.github.io/ron-english-light-cult-9001-10000/images/9901-10000/LCCC-9903.png","https://i2c.seadn.io/ethereum/0xbe85fbd182af91290be7293438ae67549638189f/b0b85a0424412bdb909f3c08d0c61c0c.png?w=350","https://opensea.io/item/ethereum/0xbe85fbd182af91290be7293438ae67549638189f/9903","YES_LOCAL_IMAGE_FOUND"
"9904","9904","Light Cult Crypto Club #9904","RE-010536","RE-011714","ron-english-light-cult-9001-10000","D:\github\ron-english-light-cult-9001-10000\items\lccc-9904.html","NO","MISSING_PAGE","","","","D:\github\ron-english-light-cult-9001-10000\images\9901-10000\LCCC-9904.png","YES","1","1","EXPECTED_IMAGE_EXISTS","D:\github\ron-english-light-cult-9001-10000\images\9901-10000\LCCC-9904.png","images\9901-10000\LCCC-9904.png","https://ronenglish-archive.github.io/ron-english-light-cult-9001-10000/images/9901-10000/LCCC-9904.png","https://i2c.seadn.io/ethereum/0xbe85fbd182af91290be7293438ae67549638189f/4964483a2f0c9977d449e7208e392ec9.png?w=350","https://opensea.io/item/ethereum/0xbe85fbd182af91290be7293438ae67549638189f/9904","YES_LOCAL_IMAGE_FOUND"
"9905","9905","Light Cult Crypto Club #9905","RE-010537","RE-011715","ron-english-light-cult-9001-10000","D:\github\ron-english-light-cult-9001-10000\items\lccc-9905.html","NO","MISSING_PAGE","","","","D:\github\ron-english-light-cult-9001-10000\images\9901-10000\LCCC-9905.png","YES","1","1","EXPECTED_IMAGE_EXISTS","D:\github\ron-english-light-cult-9001-10000\images\9901-10000\LCCC-9905.png","images\9901-10000\LCCC-9905.png","https://ronenglish-archive.github.io/ron-english-light-cult-9001-10000/images/9901-10000/LCCC-9905.png","https://i2c.seadn.io/ethereum/0xbe85fbd182af91290be7293438ae67549638189f/1f2b5b31e25a05d3fae76a6bf6612fd0.png?w=350","https://opensea.io/item/ethereum/0xbe85fbd182af91290be7293438ae67549638189f/9905","YES_LOCAL_IMAGE_FOUND"
"9906","9906","Light Cult Crypto Club #9906","RE-010538","RE-011716","ron-english-light-cult-9001-10000","D:\github\ron-english-light-cult-9001-10000\items\lccc-9906.html","NO","MISSING_PAGE","","","","D:\github\ron-english-light-cult-9001-10000\images\9901-10000\LCCC-9906.png","YES","1","1","EXPECTED_IMAGE_EXISTS","D:\github\ron-english-light-cult-9001-10000\images\9901-10000\LCCC-9906.png","images\9901-10000\LCCC-9906.png","https://ronenglish-archive.github.io/ron-english-light-cult-9001-10000/images/9901-10000/LCCC-9906.png","https://i2c.seadn.io/ethereum/0xbe85fbd182af91290be7293438ae67549638189f/aa14a32fb0e0b6541a5fa3977f0cff2c.png?w=350","https://opensea.io/item/ethereum/0xbe85fbd182af91290be7293438ae67549638189f/9906","YES_LOCAL_IMAGE_FOUND"
"9907","9907","Light Cult Crypto Club #9907","RE-010539","RE-011717","ron-english-light-cult-9001-10000","D:\github\ron-english-light-cult-9001-10000\items\lccc-9907.html","NO","MISSING_PAGE","","","","D:\github\ron-english-light-cult-9001-10000\images\9901-10000\LCCC-9907.png","YES","1","1","EXPECTED_IMAGE_EXISTS","D:\github\ron-english-light-cult-9001-10000\images\9901-10000\LCCC-9907.png","images\9901-10000\LCCC-9907.png","https://ronenglish-archive.github.io/ron-english-light-cult-9001-10000/images/9901-10000/LCCC-9907.png","https://i2c.seadn.io/ethereum/0xbe85fbd182af91290be7293438ae67549638189f/8f56074c696e03c2c23654fdf17109fb.png?w=350","https://opensea.io/item/ethereum/0xbe85fbd182af91290be7293438ae67549638189f/9907","YES_LOCAL_IMAGE_FOUND"
"9908","9908","Light Cult Crypto Club #9908","RE-010540","RE-011718","ron-english-light-cult-9001-10000","D:\github\ron-english-light-cult-9001-10000\items\lccc-9908.html","NO","MISSING_PAGE","","","","D:\github\ron-english-light-cult-9001-10000\images\9901-10000\LCCC-9908.png","YES","1","1","EXPECTED_IMAGE_EXISTS","D:\github\ron-english-light-cult-9001-10000\images\9901-10000\LCCC-9908.png","images\9901-10000\LCCC-9908.png","https://ronenglish-archive.github.io/ron-english-light-cult-9001-10000/images/9901-10000/LCCC-9908.png","https://i2c.seadn.io/ethereum/0xbe85fbd182af91290be7293438ae67549638189f/41ba2f11c380cda336dbff5e43ab2506.png?w=350","https://opensea.io/item/ethereum/0xbe85fbd182af91290be7293438ae67549638189f/9908","YES_LOCAL_IMAGE_FOUND"
"9909","9909","Light Cult Crypto Club #9909","RE-010541","RE-011719","ron-english-light-cult-9001-10000","D:\github\ron-english-light-cult-9001-10000\items\lccc-9909.html","NO","MISSING_PAGE","","","","D:\github\ron-english-light-cult-9001-10000\images\9901-10000\LCCC-9909.png","YES","1","1","EXPECTED_IMAGE_EXISTS","D:\github\ron-english-light-cult-9001-10000\images\9901-10000\LCCC-9909.png","images\9901-10000\LCCC-9909.png","https://ronenglish-archive.github.io/ron-english-light-cult-9001-10000/images/9901-10000/LCCC-9909.png","https://i2c.seadn.io/ethereum/0xbe85fbd182af91290be7293438ae67549638189f/59bcdd9ae026d7c911a6e1d02ad96c32.png?w=350","https://opensea.io/item/ethereum/0xbe85fbd182af91290be7293438ae67549638189f/9909","YES_LOCAL_IMAGE_FOUND"
"9910","9910","Light Cult Crypto Club #9910","RE-010542","RE-011720","ron-english-light-cult-9001-10000","D:\github\ron-english-light-cult-9001-10000\items\lccc-9910.html","NO","MISSING_PAGE","","","","D:\github\ron-english-light-cult-9001-10000\images\9901-10000\LCCC-9910.png","YES","1","1","EXPECTED_IMAGE_EXISTS","D:\github\ron-english-light-cult-9001-10000\images\9901-10000\LCCC-9910.png","images\9901-10000\LCCC-9910.png","https://ronenglish-archive.github.io/ron-english-light-cult-9001-10000/images/9901-10000/LCCC-9910.png","https://i2c.seadn.io/ethereum/0xbe85fbd182af91290be7293438ae67549638189f/d174e9b112989ca492307d59c45d4214.png?w=350","https://opensea.io/item/ethereum/0xbe85fbd182af91290be7293438ae67549638189f/9910","YES_LOCAL_IMAGE_FOUND"
"9911","9911","Light Cult Crypto Club #9911","RE-010543","RE-011721","ron-english-light-cult-9001-10000","D:\github\ron-english-light-cult-9001-10000\items\lccc-9911.html","NO","MISSING_PAGE","","","","D:\github\ron-english-light-cult-9001-10000\images\9901-10000\LCCC-9911.png","YES","1","1","EXPECTED_IMAGE_EXISTS","D:\github\ron-english-light-cult-9001-10000\images\9901-10000\LCCC-9911.png","images\9901-10000\LCCC-9911.png","https://ronenglish-archive.github.io/ron-english-light-cult-9001-10000/images/9901-10000/LCCC-9911.png","https://i2c.seadn.io/ethereum/0xbe85fbd182af91290be7293438ae67549638189f/5bee3d4cf4d4a3aec5c48152f1fdeb07.png?w=350","https://opensea.io/item/ethereum/0xbe85fbd182af91290be7293438ae67549638189f/9911","YES_LOCAL_IMAGE_FOUND"
"9912","9912","Light Cult Crypto Club #9912","RE-010544","RE-011722","ron-english-light-cult-9001-10000","D:\github\ron-english-light-cult-9001-10000\items\lccc-9912.html","NO","MISSING_PAGE","","","","D:\github\ron-english-light-cult-9001-10000\images\9901-10000\LCCC-9912.png","YES","1","1","EXPECTED_IMAGE_EXISTS","D:\github\ron-english-light-cult-9001-10000\images\9901-10000\LCCC-9912.png","images\9901-10000\LCCC-9912.png","https://ronenglish-archive.github.io/ron-english-light-cult-9001-10000/images/9901-10000/LCCC-9912.png","https://i2c.seadn.io/ethereum/0xbe85fbd182af91290be7293438ae67549638189f/76f6f04235d723926bfcf121d1749564.png?w=350","https://opensea.io/item/ethereum/0xbe85fbd182af91290be7293438ae67549638189f/9912","YES_LOCAL_IMAGE_FOUND"
"9913","9913","Light Cult Crypto Club #9913","RE-010545","RE-011723","ron-english-light-cult-9001-10000","D:\github\ron-english-light-cult-9001-10000\items\lccc-9913.html","NO","MISSING_PAGE","","","","D:\github\ron-english-light-cult-9001-10000\images\9901-10000\LCCC-9913.png","YES","1","1","EXPECTED_IMAGE_EXISTS","D:\github\ron-english-light-cult-9001-10000\images\9901-10000\LCCC-9913.png","images\9901-10000\LCCC-9913.png","https://ronenglish-archive.github.io/ron-english-light-cult-9001-10000/images/9901-10000/LCCC-9913.png","https://i2c.seadn.io/ethereum/0xbe85fbd182af91290be7293438ae67549638189f/fc36ba3d9edb3608a948a95417215622.png?w=350","https://opensea.io/item/ethereum/0xbe85fbd182af91290be7293438ae67549638189f/9913","YES_LOCAL_IMAGE_FOUND"
"9914","9914","Light Cult Crypto Club #9914","RE-010546","RE-011724","ron-english-light-cult-9001-10000","D:\github\ron-english-light-cult-9001-10000\items\lccc-9914.html","NO","MISSING_PAGE","","","","D:\github\ron-english-light-cult-9001-10000\images\9901-10000\LCCC-9914.png","YES","1","1","EXPECTED_IMAGE_EXISTS","D:\github\ron-english-light-cult-9001-10000\images\9901-10000\LCCC-9914.png","images\9901-10000\LCCC-9914.png","https://ronenglish-archive.github.io/ron-english-light-cult-9001-10000/images/9901-10000/LCCC-9914.png","https://i2c.seadn.io/ethereum/0xbe85fbd182af91290be7293438ae67549638189f/4f4a342d8ec9ec9916c9987be85037af.png?w=350","https://opensea.io/item/ethereum/0xbe85fbd182af91290be7293438ae67549638189f/9914","YES_LOCAL_IMAGE_FOUND"
"9915","9915","Light Cult Crypto Club #9915","RE-010547","RE-011725","ron-english-light-cult-9001-10000","D:\github\ron-english-light-cult-9001-10000\items\lccc-9915.html","NO","MISSING_PAGE","","","","D:\github\ron-english-light-cult-9001-10000\images\9901-10000\LCCC-9915.png","YES","1","1","EXPECTED_IMAGE_EXISTS","D:\github\ron-english-light-cult-9001-10000\images\9901-10000\LCCC-9915.png","images\9901-10000\LCCC-9915.png","https://ronenglish-archive.github.io/ron-english-light-cult-9001-10000/images/9901-10000/LCCC-9915.png","https://i2c.seadn.io/ethereum/0xbe85fbd182af91290be7293438ae67549638189f/5aae2e1be481a2cfd7d5592a85b7fa8f.png?w=350","https://opensea.io/item/ethereum/0xbe85fbd182af91290be7293438ae67549638189f/9915","YES_LOCAL_IMAGE_FOUND"
"9916","9916","Light Cult Crypto Club #9916","RE-010548","RE-011726","ron-english-light-cult-9001-10000","D:\github\ron-english-light-cult-9001-10000\items\lccc-9916.html","NO","MISSING_PAGE","","","","D:\github\ron-english-light-cult-9001-10000\images\9901-10000\LCCC-9916.png","YES","1","1","EXPECTED_IMAGE_EXISTS","D:\github\ron-english-light-cult-9001-10000\images\9901-10000\LCCC-9916.png","images\9901-10000\LCCC-9916.png","https://ronenglish-archive.github.io/ron-english-light-cult-9001-10000/images/9901-10000/LCCC-9916.png","https://i2c.seadn.io/ethereum/0xbe85fbd182af91290be7293438ae67549638189f/a0f8f91088e3f0e6a5f983629ee7d328.png?w=350","https://opensea.io/item/ethereum/0xbe85fbd182af91290be7293438ae67549638189f/9916","YES_LOCAL_IMAGE_FOUND"
"9917","9917","Light Cult Crypto Club #9917","RE-010549","RE-011727","ron-english-light-cult-9001-10000","D:\github\ron-english-light-cult-9001-10000\items\lccc-9917.html","NO","MISSING_PAGE","","","","D:\github\ron-english-light-cult-9001-10000\images\9901-10000\LCCC-9917.png","YES","1","1","EXPECTED_IMAGE_EXISTS","D:\github\ron-english-light-cult-9001-10000\images\9901-10000\LCCC-9917.png","images\9901-10000\LCCC-9917.png","https://ronenglish-archive.github.io/ron-english-light-cult-9001-10000/images/9901-10000/LCCC-9917.png","https://i2c.seadn.io/ethereum/0xbe85fbd182af91290be7293438ae67549638189f/6abf31a6c3a8631a84f02eab7cd93895.png?w=350","https://opensea.io/item/ethereum/0xbe85fbd182af91290be7293438ae67549638189f/9917","YES_LOCAL_IMAGE_FOUND"
"9918","9918","Light Cult Crypto Club #9918","RE-010550","RE-011728","ron-english-light-cult-9001-10000","D:\github\ron-english-light-cult-9001-10000\items\lccc-9918.html","NO","MISSING_PAGE","","","","D:\github\ron-english-light-cult-9001-10000\images\9901-10000\LCCC-9918.png","YES","1","1","EXPECTED_IMAGE_EXISTS","D:\github\ron-english-light-cult-9001-10000\images\9901-10000\LCCC-9918.png","images\9901-10000\LCCC-9918.png","https://ronenglish-archive.github.io/ron-english-light-cult-9001-10000/images/9901-10000/LCCC-9918.png","https://i2c.seadn.io/ethereum/0xbe85fbd182af91290be7293438ae67549638189f/b13aa736b318301e2f17e31956ba89f1.png?w=350","https://opensea.io/item/ethereum/0xbe85fbd182af91290be7293438ae67549638189f/9918","YES_LOCAL_IMAGE_FOUND"
"9919","9919","Light Cult Crypto Club #9919","RE-010551","RE-011729","ron-english-light-cult-9001-10000","D:\github\ron-english-light-cult-9001-10000\items\lccc-9919.html","NO","MISSING_PAGE","","","","D:\github\ron-english-light-cult-9001-10000\images\9901-10000\LCCC-9919.png","YES","1","1","EXPECTED_IMAGE_EXISTS","D:\github\ron-english-light-cult-9001-10000\images\9901-10000\LCCC-9919.png","images\9901-10000\LCCC-9919.png","https://ronenglish-archive.github.io/ron-english-light-cult-9001-10000/images/9901-10000/LCCC-9919.png","https://i2c.seadn.io/ethereum/0xbe85fbd182af91290be7293438ae67549638189f/4ae617daf3976c4e552bfcc7217ecfd8.png?w=350","https://opensea.io/item/ethereum/0xbe85fbd182af91290be7293438ae67549638189f/9919","YES_LOCAL_IMAGE_FOUND"
"9920","9920","Light Cult Crypto Club #9920","RE-010552","RE-011730","ron-english-light-cult-9001-10000","D:\github\ron-english-light-cult-9001-10000\items\lccc-9920.html","NO","MISSING_PAGE","","","","D:\github\ron-english-light-cult-9001-10000\images\9901-10000\LCCC-9920.png","YES","1","1","EXPECTED_IMAGE_EXISTS","D:\github\ron-english-light-cult-9001-10000\images\9901-10000\LCCC-9920.png","images\9901-10000\LCCC-9920.png","https://ronenglish-archive.github.io/ron-english-light-cult-9001-10000/images/9901-10000/LCCC-9920.png","https://i2c.seadn.io/ethereum/0xbe85fbd182af91290be7293438ae67549638189f/341ad3397b9daecefdc55e2a133a2d84.png?w=350","https://opensea.io/item/ethereum/0xbe85fbd182af91290be7293438ae67549638189f/9920","YES_LOCAL_IMAGE_FOUND"
"9921","9921","Light Cult Crypto Club #9921","RE-010553","RE-011731","ron-english-light-cult-9001-10000","D:\github\ron-english-light-cult-9001-10000\items\lccc-9921.html","NO","MISSING_PAGE","","","","D:\github\ron-english-light-cult-9001-10000\images\9901-10000\LCCC-9921.png","YES","1","1","EXPECTED_IMAGE_EXISTS","D:\github\ron-english-light-cult-9001-10000\images\9901-10000\LCCC-9921.png","images\9901-10000\LCCC-9921.png","https://ronenglish-archive.github.io/ron-english-light-cult-9001-10000/images/9901-10000/LCCC-9921.png","https://i2c.seadn.io/ethereum/0xbe85fbd182af91290be7293438ae67549638189f/e841e5269eb9f0b20f258df5c5ff430e.png?w=350","https://opensea.io/item/ethereum/0xbe85fbd182af91290be7293438ae67549638189f/9921","YES_LOCAL_IMAGE_FOUND"
"9923","9923","Light Cult Crypto Club #9923","RE-010554","RE-011733","ron-english-light-cult-9001-10000","D:\github\ron-english-light-cult-9001-10000\items\lccc-9923.html","NO","MISSING_PAGE","","","","D:\github\ron-english-light-cult-9001-10000\images\9901-10000\LCCC-9923.png","YES","1","1","EXPECTED_IMAGE_EXISTS","D:\github\ron-english-light-cult-9001-10000\images\9901-10000\LCCC-9923.png","images\9901-10000\LCCC-9923.png","https://ronenglish-archive.github.io/ron-english-light-cult-9001-10000/images/9901-10000/LCCC-9923.png","https://i2c.seadn.io/ethereum/0xbe85fbd182af91290be7293438ae67549638189f/1dc2ce717fc52a8937ddba82c3211b18.png?w=350","https://opensea.io/item/ethereum/0xbe85fbd182af91290be7293438ae67549638189f/9923","YES_LOCAL_IMAGE_FOUND"
"9924","9924","Light Cult Crypto Club #9924","RE-010555","RE-011734","ron-english-light-cult-9001-10000","D:\github\ron-english-light-cult-9001-10000\items\lccc-9924.html","NO","MISSING_PAGE","","","","D:\github\ron-english-light-cult-9001-10000\images\9901-10000\LCCC-9924.png","YES","1","1","EXPECTED_IMAGE_EXISTS","D:\github\ron-english-light-cult-9001-10000\images\9901-10000\LCCC-9924.png","images\9901-10000\LCCC-9924.png","https://ronenglish-archive.github.io/ron-english-light-cult-9001-10000/images/9901-10000/LCCC-9924.png","https://i2c.seadn.io/ethereum/0xbe85fbd182af91290be7293438ae67549638189f/8dc597e0fa359e7d84e7bedda7110d68.png?w=350","https://opensea.io/item/ethereum/0xbe85fbd182af91290be7293438ae67549638189f/9924","YES_LOCAL_IMAGE_FOUND"
"9925","9925","Light Cult Crypto Club #9925","RE-010556","RE-011735","ron-english-light-cult-9001-10000","D:\github\ron-english-light-cult-9001-10000\items\lccc-9925.html","NO","MISSING_PAGE","","","","D:\github\ron-english-light-cult-9001-10000\images\9901-10000\LCCC-9925.png","YES","1","1","EXPECTED_IMAGE_EXISTS","D:\github\ron-english-light-cult-9001-10000\images\9901-10000\LCCC-9925.png","images\9901-10000\LCCC-9925.png","https://ronenglish-archive.github.io/ron-english-light-cult-9001-10000/images/9901-10000/LCCC-9925.png","https://i2c.seadn.io/ethereum/0xbe85fbd182af91290be7293438ae67549638189f/9f39e7b0afe636cd7ccb50af35cdd833.png?w=350","https://opensea.io/item/ethereum/0xbe85fbd182af91290be7293438ae67549638189f/9925","YES_LOCAL_IMAGE_FOUND"
"9926","9926","Light Cult Crypto Club #9926","RE-010557","RE-011736","ron-english-light-cult-9001-10000","D:\github\ron-english-light-cult-9001-10000\items\lccc-9926.html","NO","MISSING_PAGE","","","","D:\github\ron-english-light-cult-9001-10000\images\9901-10000\LCCC-9926.png","YES","1","1","EXPECTED_IMAGE_EXISTS","D:\github\ron-english-light-cult-9001-10000\images\9901-10000\LCCC-9926.png","images\9901-10000\LCCC-9926.png","https://ronenglish-archive.github.io/ron-english-light-cult-9001-10000/images/9901-10000/LCCC-9926.png","https://i2c.seadn.io/ethereum/0xbe85fbd182af91290be7293438ae67549638189f/9729256d14e5aacdf674fdd66c52d65c.png?w=350","https://opensea.io/item/ethereum/0xbe85fbd182af91290be7293438ae67549638189f/9926","YES_LOCAL_IMAGE_FOUND"
"9927","9927","Light Cult Crypto Club #9927","RE-010558","RE-011737","ron-english-light-cult-9001-10000","D:\github\ron-english-light-cult-9001-10000\items\lccc-9927.html","NO","MISSING_PAGE","","","","D:\github\ron-english-light-cult-9001-10000\images\9901-10000\LCCC-9927.png","YES","1","1","EXPECTED_IMAGE_EXISTS","D:\github\ron-english-light-cult-9001-10000\images\9901-10000\LCCC-9927.png","images\9901-10000\LCCC-9927.png","https://ronenglish-archive.github.io/ron-english-light-cult-9001-10000/images/9901-10000/LCCC-9927.png","https://i2c.seadn.io/ethereum/0xbe85fbd182af91290be7293438ae67549638189f/ab5be2acd9d2ffc48167e82700adf4d0.png?w=350","https://opensea.io/item/ethereum/0xbe85fbd182af91290be7293438ae67549638189f/9927","YES_LOCAL_IMAGE_FOUND"
"9929","9929","Light Cult Crypto Club #9929","RE-010559","RE-011739","ron-english-light-cult-9001-10000","D:\github\ron-english-light-cult-9001-10000\items\lccc-9929.html","NO","MISSING_PAGE","","","","D:\github\ron-english-light-cult-9001-10000\images\9901-10000\LCCC-9929.png","YES","1","1","EXPECTED_IMAGE_EXISTS","D:\github\ron-english-light-cult-9001-10000\images\9901-10000\LCCC-9929.png","images\9901-10000\LCCC-9929.png","https://ronenglish-archive.github.io/ron-english-light-cult-9001-10000/images/9901-10000/LCCC-9929.png","https://i2c.seadn.io/ethereum/0xbe85fbd182af91290be7293438ae67549638189f/28421ff1167621bfb7b4428812a98ff5.png?w=350","https://opensea.io/item/ethereum/0xbe85fbd182af91290be7293438ae67549638189f/9929","YES_LOCAL_IMAGE_FOUND"
"9930","9930","Light Cult Crypto Club #9930","RE-010560","RE-011740","ron-english-light-cult-9001-10000","D:\github\ron-english-light-cult-9001-10000\items\lccc-9930.html","NO","MISSING_PAGE","","","","D:\github\ron-english-light-cult-9001-10000\images\9901-10000\LCCC-9930.png","YES","1","1","EXPECTED_IMAGE_EXISTS","D:\github\ron-english-light-cult-9001-10000\images\9901-10000\LCCC-9930.png","images\9901-10000\LCCC-9930.png","https://ronenglish-archive.github.io/ron-english-light-cult-9001-10000/images/9901-10000/LCCC-9930.png","https://i2c.seadn.io/ethereum/0xbe85fbd182af91290be7293438ae67549638189f/432b5c7a7c8dd366bedbabbb04c5b83c.png?w=350","https://opensea.io/item/ethereum/0xbe85fbd182af91290be7293438ae67549638189f/9930","YES_LOCAL_IMAGE_FOUND"
"9933","9933","Light Cult Crypto Club #9933","RE-010561","RE-011743","ron-english-light-cult-9001-10000","D:\github\ron-english-light-cult-9001-10000\items\lccc-9933.html","NO","MISSING_PAGE","","","","D:\github\ron-english-light-cult-9001-10000\images\9901-10000\LCCC-9933.png","YES","1","1","EXPECTED_IMAGE_EXISTS","D:\github\ron-english-light-cult-9001-10000\images\9901-10000\LCCC-9933.png","images\9901-10000\LCCC-9933.png","https://ronenglish-archive.github.io/ron-english-light-cult-9001-10000/images/9901-10000/LCCC-9933.png","https://i2c.seadn.io/ethereum/0xbe85fbd182af91290be7293438ae67549638189f/b37c56442d97c0aaae76db019186ec86.png?w=350","https://opensea.io/item/ethereum/0xbe85fbd182af91290be7293438ae67549638189f/9933","YES_LOCAL_IMAGE_FOUND"
"9934","9934","Light Cult Crypto Club #9934","RE-010562","RE-011744","ron-english-light-cult-9001-10000","D:\github\ron-english-light-cult-9001-10000\items\lccc-9934.html","NO","MISSING_PAGE","","","","D:\github\ron-english-light-cult-9001-10000\images\9901-10000\LCCC-9934.png","YES","1","1","EXPECTED_IMAGE_EXISTS","D:\github\ron-english-light-cult-9001-10000\images\9901-10000\LCCC-9934.png","images\9901-10000\LCCC-9934.png","https://ronenglish-archive.github.io/ron-english-light-cult-9001-10000/images/9901-10000/LCCC-9934.png","https://i2c.seadn.io/ethereum/0xbe85fbd182af91290be7293438ae67549638189f/5274466421a8351807069c1f9a220f34.png?w=350","https://opensea.io/item/ethereum/0xbe85fbd182af91290be7293438ae67549638189f/9934","YES_LOCAL_IMAGE_FOUND"
"9935","9935","Light Cult Crypto Club #9935","RE-010563","RE-011745","ron-english-light-cult-9001-10000","D:\github\ron-english-light-cult-9001-10000\items\lccc-9935.html","NO","MISSING_PAGE","","","","D:\github\ron-english-light-cult-9001-10000\images\9901-10000\LCCC-9935.png","YES","1","1","EXPECTED_IMAGE_EXISTS","D:\github\ron-english-light-cult-9001-10000\images\9901-10000\LCCC-9935.png","images\9901-10000\LCCC-9935.png","https://ronenglish-archive.github.io/ron-english-light-cult-9001-10000/images/9901-10000/LCCC-9935.png","https://i2c.seadn.io/ethereum/0xbe85fbd182af91290be7293438ae67549638189f/eb5c371a1e0f581e68ef3aaa478c8f8d.png?w=350","https://opensea.io/item/ethereum/0xbe85fbd182af91290be7293438ae67549638189f/9935","YES_LOCAL_IMAGE_FOUND"
"9936","9936","Light Cult Crypto Club #9936","RE-010564","RE-011746","ron-english-light-cult-9001-10000","D:\github\ron-english-light-cult-9001-10000\items\lccc-9936.html","NO","MISSING_PAGE","","","","D:\github\ron-english-light-cult-9001-10000\images\9901-10000\LCCC-9936.png","YES","1","1","EXPECTED_IMAGE_EXISTS","D:\github\ron-english-light-cult-9001-10000\images\9901-10000\LCCC-9936.png","images\9901-10000\LCCC-9936.png","https://ronenglish-archive.github.io/ron-english-light-cult-9001-10000/images/9901-10000/LCCC-9936.png","https://i2c.seadn.io/ethereum/0xbe85fbd182af91290be7293438ae67549638189f/c8776e67a18184d1617f6ba1426e93ac.png?w=350","https://opensea.io/item/ethereum/0xbe85fbd182af91290be7293438ae67549638189f/9936","YES_LOCAL_IMAGE_FOUND"
"9937","9937","Light Cult Crypto Club #9937","RE-010565","RE-011747","ron-english-light-cult-9001-10000","D:\github\ron-english-light-cult-9001-10000\items\lccc-9937.html","NO","MISSING_PAGE","","","","D:\github\ron-english-light-cult-9001-10000\images\9901-10000\LCCC-9937.png","YES","1","1","EXPECTED_IMAGE_EXISTS","D:\github\ron-english-light-cult-9001-10000\images\9901-10000\LCCC-9937.png","images\9901-10000\LCCC-9937.png","https://ronenglish-archive.github.io/ron-english-light-cult-9001-10000/images/9901-10000/LCCC-9937.png","https://i2c.seadn.io/ethereum/0xbe85fbd182af91290be7293438ae67549638189f/7239b1cc4dd6beb65c030d575c5aea3a.png?w=350","https://opensea.io/item/ethereum/0xbe85fbd182af91290be7293438ae67549638189f/9937","YES_LOCAL_IMAGE_FOUND"
"9938","9938","Light Cult Crypto Club #9938","RE-010566","RE-011748","ron-english-light-cult-9001-10000","D:\github\ron-english-light-cult-9001-10000\items\lccc-9938.html","NO","MISSING_PAGE","","","","D:\github\ron-english-light-cult-9001-10000\images\9901-10000\LCCC-9938.png","YES","1","1","EXPECTED_IMAGE_EXISTS","D:\github\ron-english-light-cult-9001-10000\images\9901-10000\LCCC-9938.png","images\9901-10000\LCCC-9938.png","https://ronenglish-archive.github.io/ron-english-light-cult-9001-10000/images/9901-10000/LCCC-9938.png","https://i2c.seadn.io/ethereum/0xbe85fbd182af91290be7293438ae67549638189f/2074a2e3b0158b6bf96b328be5f40e3b.png?w=350","https://opensea.io/item/ethereum/0xbe85fbd182af91290be7293438ae67549638189f/9938","YES_LOCAL_IMAGE_FOUND"
"9939","9939","Light Cult Crypto Club #9939","RE-010567","RE-011749","ron-english-light-cult-9001-10000","D:\github\ron-english-light-cult-9001-10000\items\lccc-9939.html","NO","MISSING_PAGE","","","","D:\github\ron-english-light-cult-9001-10000\images\9901-10000\LCCC-9939.png","YES","1","1","EXPECTED_IMAGE_EXISTS","D:\github\ron-english-light-cult-9001-10000\images\9901-10000\LCCC-9939.png","images\9901-10000\LCCC-9939.png","https://ronenglish-archive.github.io/ron-english-light-cult-9001-10000/images/9901-10000/LCCC-9939.png","https://i2c.seadn.io/ethereum/0xbe85fbd182af91290be7293438ae67549638189f/d533671c9883b33ee18bca4069c9493e.png?w=350","https://opensea.io/item/ethereum/0xbe85fbd182af91290be7293438ae67549638189f/9939","YES_LOCAL_IMAGE_FOUND"
"9940","9940","Light Cult Crypto Club #9940","RE-010568","RE-011750","ron-english-light-cult-9001-10000","D:\github\ron-english-light-cult-9001-10000\items\lccc-9940.html","NO","MISSING_PAGE","","","","D:\github\ron-english-light-cult-9001-10000\images\9901-10000\LCCC-9940.png","YES","1","1","EXPECTED_IMAGE_EXISTS","D:\github\ron-english-light-cult-9001-10000\images\9901-10000\LCCC-9940.png","images\9901-10000\LCCC-9940.png","https://ronenglish-archive.github.io/ron-english-light-cult-9001-10000/images/9901-10000/LCCC-9940.png","https://i2c.seadn.io/ethereum/0xbe85fbd182af91290be7293438ae67549638189f/7a4c1e1b548fcd98d8cea769892dc119.png?w=350","https://opensea.io/item/ethereum/0xbe85fbd182af91290be7293438ae67549638189f/9940","YES_LOCAL_IMAGE_FOUND"
"9941","9941","Light Cult Crypto Club #9941","RE-010569","RE-011751","ron-english-light-cult-9001-10000","D:\github\ron-english-light-cult-9001-10000\items\lccc-9941.html","NO","MISSING_PAGE","","","","D:\github\ron-english-light-cult-9001-10000\images\9901-10000\LCCC-9941.png","YES","1","1","EXPECTED_IMAGE_EXISTS","D:\github\ron-english-light-cult-9001-10000\images\9901-10000\LCCC-9941.png","images\9901-10000\LCCC-9941.png","https://ronenglish-archive.github.io/ron-english-light-cult-9001-10000/images/9901-10000/LCCC-9941.png","https://i2c.seadn.io/ethereum/0xbe85fbd182af91290be7293438ae67549638189f/fd40d95e80d98ea3ebfb3c17ddf1cebb.png?w=350","https://opensea.io/item/ethereum/0xbe85fbd182af91290be7293438ae67549638189f/9941","YES_LOCAL_IMAGE_FOUND"
"9942","9942","Light Cult Crypto Club #9942","RE-010570","RE-011752","ron-english-light-cult-9001-10000","D:\github\ron-english-light-cult-9001-10000\items\lccc-9942.html","NO","MISSING_PAGE","","","","D:\github\ron-english-light-cult-9001-10000\images\9901-10000\LCCC-9942.png","YES","1","1","EXPECTED_IMAGE_EXISTS","D:\github\ron-english-light-cult-9001-10000\images\9901-10000\LCCC-9942.png","images\9901-10000\LCCC-9942.png","https://ronenglish-archive.github.io/ron-english-light-cult-9001-10000/images/9901-10000/LCCC-9942.png","https://i2c.seadn.io/ethereum/0xbe85fbd182af91290be7293438ae67549638189f/d8102a7537261f2f4f99c34ddb5efacb.png?w=350","https://opensea.io/item/ethereum/0xbe85fbd182af91290be7293438ae67549638189f/9942","YES_LOCAL_IMAGE_FOUND"
"9943","9943","Light Cult Crypto Club #9943","RE-010571","RE-011753","ron-english-light-cult-9001-10000","D:\github\ron-english-light-cult-9001-10000\items\lccc-9943.html","NO","MISSING_PAGE","","","","D:\github\ron-english-light-cult-9001-10000\images\9901-10000\LCCC-9943.png","YES","1","1","EXPECTED_IMAGE_EXISTS","D:\github\ron-english-light-cult-9001-10000\images\9901-10000\LCCC-9943.png","images\9901-10000\LCCC-9943.png","https://ronenglish-archive.github.io/ron-english-light-cult-9001-10000/images/9901-10000/LCCC-9943.png","https://i2c.seadn.io/ethereum/0xbe85fbd182af91290be7293438ae67549638189f/741ce4dd6d64e5257e7302b2394d4b17.png?w=350","https://opensea.io/item/ethereum/0xbe85fbd182af91290be7293438ae67549638189f/9943","YES_LOCAL_IMAGE_FOUND"
"9944","9944","Light Cult Crypto Club #9944","RE-010572","RE-011754","ron-english-light-cult-9001-10000","D:\github\ron-english-light-cult-9001-10000\items\lccc-9944.html","NO","MISSING_PAGE","","","","D:\github\ron-english-light-cult-9001-10000\images\9901-10000\LCCC-9944.png","YES","1","1","EXPECTED_IMAGE_EXISTS","D:\github\ron-english-light-cult-9001-10000\images\9901-10000\LCCC-9944.png","images\9901-10000\LCCC-9944.png","https://ronenglish-archive.github.io/ron-english-light-cult-9001-10000/images/9901-10000/LCCC-9944.png","https://i2c.seadn.io/ethereum/0xbe85fbd182af91290be7293438ae67549638189f/ffbadf5cad0ec17e14bbf6c1557c378e.png?w=350","https://opensea.io/item/ethereum/0xbe85fbd182af91290be7293438ae67549638189f/9944","YES_LOCAL_IMAGE_FOUND"
"9945","9945","Light Cult Crypto Club #9945","RE-010573","RE-011755","ron-english-light-cult-9001-10000","D:\github\ron-english-light-cult-9001-10000\items\lccc-9945.html","NO","MISSING_PAGE","","","","D:\github\ron-english-light-cult-9001-10000\images\9901-10000\LCCC-9945.png","YES","1","1","EXPECTED_IMAGE_EXISTS","D:\github\ron-english-light-cult-9001-10000\images\9901-10000\LCCC-9945.png","images\9901-10000\LCCC-9945.png","https://ronenglish-archive.github.io/ron-english-light-cult-9001-10000/images/9901-10000/LCCC-9945.png","https://i2c.seadn.io/ethereum/0xbe85fbd182af91290be7293438ae67549638189f/0d9c4a95b2b2dbb7feddd28b190199f5.png?w=350","https://opensea.io/item/ethereum/0xbe85fbd182af91290be7293438ae67549638189f/9945","YES_LOCAL_IMAGE_FOUND"
"9946","9946","Light Cult Crypto Club #9946","RE-010574","RE-011756","ron-english-light-cult-9001-10000","D:\github\ron-english-light-cult-9001-10000\items\lccc-9946.html","NO","MISSING_PAGE","","","","D:\github\ron-english-light-cult-9001-10000\images\9901-10000\LCCC-9946.png","YES","1","1","EXPECTED_IMAGE_EXISTS","D:\github\ron-english-light-cult-9001-10000\images\9901-10000\LCCC-9946.png","images\9901-10000\LCCC-9946.png","https://ronenglish-archive.github.io/ron-english-light-cult-9001-10000/images/9901-10000/LCCC-9946.png","https://i2c.seadn.io/ethereum/0xbe85fbd182af91290be7293438ae67549638189f/01ce7d9c5d876cef2eb1143243a59605.png?w=350","https://opensea.io/item/ethereum/0xbe85fbd182af91290be7293438ae67549638189f/9946","YES_LOCAL_IMAGE_FOUND"
"9947","9947","Light Cult Crypto Club #9947","RE-010575","RE-011757","ron-english-light-cult-9001-10000","D:\github\ron-english-light-cult-9001-10000\items\lccc-9947.html","NO","MISSING_PAGE","","","","D:\github\ron-english-light-cult-9001-10000\images\9901-10000\LCCC-9947.png","YES","1","1","EXPECTED_IMAGE_EXISTS","D:\github\ron-english-light-cult-9001-10000\images\9901-10000\LCCC-9947.png","images\9901-10000\LCCC-9947.png","https://ronenglish-archive.github.io/ron-english-light-cult-9001-10000/images/9901-10000/LCCC-9947.png","https://i2c.seadn.io/ethereum/0xbe85fbd182af91290be7293438ae67549638189f/45bb79a0f183ea12a66fe8ce9476d128.png?w=350","https://opensea.io/item/ethereum/0xbe85fbd182af91290be7293438ae67549638189f/9947","YES_LOCAL_IMAGE_FOUND"
"9948","9948","Light Cult Crypto Club #9948","RE-010576","RE-011758","ron-english-light-cult-9001-10000","D:\github\ron-english-light-cult-9001-10000\items\lccc-9948.html","NO","MISSING_PAGE","","","","D:\github\ron-english-light-cult-9001-10000\images\9901-10000\LCCC-9948.png","YES","1","1","EXPECTED_IMAGE_EXISTS","D:\github\ron-english-light-cult-9001-10000\images\9901-10000\LCCC-9948.png","images\9901-10000\LCCC-9948.png","https://ronenglish-archive.github.io/ron-english-light-cult-9001-10000/images/9901-10000/LCCC-9948.png","https://i2c.seadn.io/ethereum/0xbe85fbd182af91290be7293438ae67549638189f/4d6bbe7ab8a32036455940ec02c7a0f1.png?w=350","https://opensea.io/item/ethereum/0xbe85fbd182af91290be7293438ae67549638189f/9948","YES_LOCAL_IMAGE_FOUND"
"9949","9949","Light Cult Crypto Club #9949","RE-010577","RE-011759","ron-english-light-cult-9001-10000","D:\github\ron-english-light-cult-9001-10000\items\lccc-9949.html","NO","MISSING_PAGE","","","","D:\github\ron-english-light-cult-9001-10000\images\9901-10000\LCCC-9949.png","YES","1","1","EXPECTED_IMAGE_EXISTS","D:\github\ron-english-light-cult-9001-10000\images\9901-10000\LCCC-9949.png","images\9901-10000\LCCC-9949.png","https://ronenglish-archive.github.io/ron-english-light-cult-9001-10000/images/9901-10000/LCCC-9949.png","https://i2c.seadn.io/ethereum/0xbe85fbd182af91290be7293438ae67549638189f/63a45634a11b7f662977f7baaa4bd364.png?w=350","https://opensea.io/item/ethereum/0xbe85fbd182af91290be7293438ae67549638189f/9949","YES_LOCAL_IMAGE_FOUND"
"9950","9950","Light Cult Crypto Club #9950","RE-010578","RE-011760","ron-english-light-cult-9001-10000","D:\github\ron-english-light-cult-9001-10000\items\lccc-9950.html","NO","MISSING_PAGE","","","","D:\github\ron-english-light-cult-9001-10000\images\9901-10000\LCCC-9950.png","YES","1","1","EXPECTED_IMAGE_EXISTS","D:\github\ron-english-light-cult-9001-10000\images\9901-10000\LCCC-9950.png","images\9901-10000\LCCC-9950.png","https://ronenglish-archive.github.io/ron-english-light-cult-9001-10000/images/9901-10000/LCCC-9950.png","https://i2c.seadn.io/ethereum/0xbe85fbd182af91290be7293438ae67549638189f/0d2940ed37f6d8237207444f1d36b550.png?w=350","https://opensea.io/item/ethereum/0xbe85fbd182af91290be7293438ae67549638189f/9950","YES_LOCAL_IMAGE_FOUND"
"9951","9951","Light Cult Crypto Club #9951","RE-010579","RE-011761","ron-english-light-cult-9001-10000","D:\github\ron-english-light-cult-9001-10000\items\lccc-9951.html","NO","MISSING_PAGE","","","","D:\github\ron-english-light-cult-9001-10000\images\9901-10000\LCCC-9951.png","YES","1","1","EXPECTED_IMAGE_EXISTS","D:\github\ron-english-light-cult-9001-10000\images\9901-10000\LCCC-9951.png","images\9901-10000\LCCC-9951.png","https://ronenglish-archive.github.io/ron-english-light-cult-9001-10000/images/9901-10000/LCCC-9951.png","https://i2c.seadn.io/ethereum/0xbe85fbd182af91290be7293438ae67549638189f/1e4eb441571d4abcd2beccd4bf3f58a3.png?w=350","https://opensea.io/item/ethereum/0xbe85fbd182af91290be7293438ae67549638189f/9951","YES_LOCAL_IMAGE_FOUND"
"9952","9952","Light Cult Crypto Club #9952","RE-010580","RE-011762","ron-english-light-cult-9001-10000","D:\github\ron-english-light-cult-9001-10000\items\lccc-9952.html","NO","MISSING_PAGE","","","","D:\github\ron-english-light-cult-9001-10000\images\9901-10000\LCCC-9952.png","YES","1","1","EXPECTED_IMAGE_EXISTS","D:\github\ron-english-light-cult-9001-10000\images\9901-10000\LCCC-9952.png","images\9901-10000\LCCC-9952.png","https://ronenglish-archive.github.io/ron-english-light-cult-9001-10000/images/9901-10000/LCCC-9952.png","https://i2c.seadn.io/ethereum/0xbe85fbd182af91290be7293438ae67549638189f/c840bd6b307a4adc9e5cca2a9b45a566.png?w=350","https://opensea.io/item/ethereum/0xbe85fbd182af91290be7293438ae67549638189f/9952","YES_LOCAL_IMAGE_FOUND"
"9953","9953","Light Cult Crypto Club #9953","RE-010581","RE-011763","ron-english-light-cult-9001-10000","D:\github\ron-english-light-cult-9001-10000\items\lccc-9953.html","NO","MISSING_PAGE","","","","D:\github\ron-english-light-cult-9001-10000\images\9901-10000\LCCC-9953.png","YES","1","1","EXPECTED_IMAGE_EXISTS","D:\github\ron-english-light-cult-9001-10000\images\9901-10000\LCCC-9953.png","images\9901-10000\LCCC-9953.png","https://ronenglish-archive.github.io/ron-english-light-cult-9001-10000/images/9901-10000/LCCC-9953.png","https://i2c.seadn.io/ethereum/0xbe85fbd182af91290be7293438ae67549638189f/b456ef1a267c74ead20fce15c2c4eda7.png?w=350","https://opensea.io/item/ethereum/0xbe85fbd182af91290be7293438ae67549638189f/9953","YES_LOCAL_IMAGE_FOUND"
"9954","9954","Light Cult Crypto Club #9954","RE-010582","RE-011764","ron-english-light-cult-9001-10000","D:\github\ron-english-light-cult-9001-10000\items\lccc-9954.html","NO","MISSING_PAGE","","","","D:\github\ron-english-light-cult-9001-10000\images\9901-10000\LCCC-9954.png","YES","1","1","EXPECTED_IMAGE_EXISTS","D:\github\ron-english-light-cult-9001-10000\images\9901-10000\LCCC-9954.png","images\9901-10000\LCCC-9954.png","https://ronenglish-archive.github.io/ron-english-light-cult-9001-10000/images/9901-10000/LCCC-9954.png","https://i2c.seadn.io/ethereum/0xbe85fbd182af91290be7293438ae67549638189f/3f0d7748e5e8c781d763653fa79151d1.png?w=350","https://opensea.io/item/ethereum/0xbe85fbd182af91290be7293438ae67549638189f/9954","YES_LOCAL_IMAGE_FOUND"
"9955","9955","Light Cult Crypto Club #9955","RE-010583","RE-011765","ron-english-light-cult-9001-10000","D:\github\ron-english-light-cult-9001-10000\items\lccc-9955.html","NO","MISSING_PAGE","","","","D:\github\ron-english-light-cult-9001-10000\images\9901-10000\LCCC-9955.png","YES","1","1","EXPECTED_IMAGE_EXISTS","D:\github\ron-english-light-cult-9001-10000\images\9901-10000\LCCC-9955.png","images\9901-10000\LCCC-9955.png","https://ronenglish-archive.github.io/ron-english-light-cult-9001-10000/images/9901-10000/LCCC-9955.png","https://i2c.seadn.io/ethereum/0xbe85fbd182af91290be7293438ae67549638189f/a34adceee337d6b2bc380920c5c89eb1.png?w=350","https://opensea.io/item/ethereum/0xbe85fbd182af91290be7293438ae67549638189f/9955","YES_LOCAL_IMAGE_FOUND"
"9957","9957","Light Cult Crypto Club #9957","RE-010584","RE-011767","ron-english-light-cult-9001-10000","D:\github\ron-english-light-cult-9001-10000\items\lccc-9957.html","NO","MISSING_PAGE","","","","D:\github\ron-english-light-cult-9001-10000\images\9901-10000\LCCC-9957.png","YES","1","1","EXPECTED_IMAGE_EXISTS","D:\github\ron-english-light-cult-9001-10000\images\9901-10000\LCCC-9957.png","images\9901-10000\LCCC-9957.png","https://ronenglish-archive.github.io/ron-english-light-cult-9001-10000/images/9901-10000/LCCC-9957.png","https://i2c.seadn.io/ethereum/0xbe85fbd182af91290be7293438ae67549638189f/8878c48e7b6afd158ba970ad0e6d159c.png?w=350","https://opensea.io/item/ethereum/0xbe85fbd182af91290be7293438ae67549638189f/9957","YES_LOCAL_IMAGE_FOUND"
"9958","9958","Light Cult Crypto Club #9958","RE-010585","RE-011768","ron-english-light-cult-9001-10000","D:\github\ron-english-light-cult-9001-10000\items\lccc-9958.html","NO","MISSING_PAGE","","","","D:\github\ron-english-light-cult-9001-10000\images\9901-10000\LCCC-9958.png","YES","1","1","EXPECTED_IMAGE_EXISTS","D:\github\ron-english-light-cult-9001-10000\images\9901-10000\LCCC-9958.png","images\9901-10000\LCCC-9958.png","https://ronenglish-archive.github.io/ron-english-light-cult-9001-10000/images/9901-10000/LCCC-9958.png","https://i2c.seadn.io/ethereum/0xbe85fbd182af91290be7293438ae67549638189f/1a992fbd77ef598c14605752d1d40e6a.png?w=350","https://opensea.io/item/ethereum/0xbe85fbd182af91290be7293438ae67549638189f/9958","YES_LOCAL_IMAGE_FOUND"
"9959","9959","Light Cult Crypto Club #9959","RE-010586","RE-011769","ron-english-light-cult-9001-10000","D:\github\ron-english-light-cult-9001-10000\items\lccc-9959.html","NO","MISSING_PAGE","","","","D:\github\ron-english-light-cult-9001-10000\images\9901-10000\LCCC-9959.png","YES","1","1","EXPECTED_IMAGE_EXISTS","D:\github\ron-english-light-cult-9001-10000\images\9901-10000\LCCC-9959.png","images\9901-10000\LCCC-9959.png","https://ronenglish-archive.github.io/ron-english-light-cult-9001-10000/images/9901-10000/LCCC-9959.png","https://i2c.seadn.io/ethereum/0xbe85fbd182af91290be7293438ae67549638189f/4af85e1bac1d5581a1c78c3febfabb97.png?w=350","https://opensea.io/item/ethereum/0xbe85fbd182af91290be7293438ae67549638189f/9959","YES_LOCAL_IMAGE_FOUND"
"9960","9960","Light Cult Crypto Club #9960","RE-010587","RE-011770","ron-english-light-cult-9001-10000","D:\github\ron-english-light-cult-9001-10000\items\lccc-9960.html","NO","MISSING_PAGE","","","","D:\github\ron-english-light-cult-9001-10000\images\9901-10000\LCCC-9960.png","YES","1","1","EXPECTED_IMAGE_EXISTS","D:\github\ron-english-light-cult-9001-10000\images\9901-10000\LCCC-9960.png","images\9901-10000\LCCC-9960.png","https://ronenglish-archive.github.io/ron-english-light-cult-9001-10000/images/9901-10000/LCCC-9960.png","https://i2c.seadn.io/ethereum/0xbe85fbd182af91290be7293438ae67549638189f/7f23cbea3424a6b6a542bef5189a658b.png?w=350","https://opensea.io/item/ethereum/0xbe85fbd182af91290be7293438ae67549638189f/9960","YES_LOCAL_IMAGE_FOUND"
"9961","9961","Light Cult Crypto Club #9961","RE-010588","RE-011771","ron-english-light-cult-9001-10000","D:\github\ron-english-light-cult-9001-10000\items\lccc-9961.html","NO","MISSING_PAGE","","","","D:\github\ron-english-light-cult-9001-10000\images\9901-10000\LCCC-9961.png","YES","1","1","EXPECTED_IMAGE_EXISTS","D:\github\ron-english-light-cult-9001-10000\images\9901-10000\LCCC-9961.png","images\9901-10000\LCCC-9961.png","https://ronenglish-archive.github.io/ron-english-light-cult-9001-10000/images/9901-10000/LCCC-9961.png","https://i2c.seadn.io/ethereum/0xbe85fbd182af91290be7293438ae67549638189f/25b2f04e0557ab1fead3fd84822a52a9.png?w=350","https://opensea.io/item/ethereum/0xbe85fbd182af91290be7293438ae67549638189f/9961","YES_LOCAL_IMAGE_FOUND"
"9962","9962","Light Cult Crypto Club #9962","RE-010589","RE-011772","ron-english-light-cult-9001-10000","D:\github\ron-english-light-cult-9001-10000\items\lccc-9962.html","NO","MISSING_PAGE","","","","D:\github\ron-english-light-cult-9001-10000\images\9901-10000\LCCC-9962.png","YES","1","1","EXPECTED_IMAGE_EXISTS","D:\github\ron-english-light-cult-9001-10000\images\9901-10000\LCCC-9962.png","images\9901-10000\LCCC-9962.png","https://ronenglish-archive.github.io/ron-english-light-cult-9001-10000/images/9901-10000/LCCC-9962.png","https://i2c.seadn.io/ethereum/0xbe85fbd182af91290be7293438ae67549638189f/58493c79c040d5d62bc879b141d8636a.png?w=350","https://opensea.io/item/ethereum/0xbe85fbd182af91290be7293438ae67549638189f/9962","YES_LOCAL_IMAGE_FOUND"
"9963","9963","Light Cult Crypto Club #9963","RE-010590","RE-011773","ron-english-light-cult-9001-10000","D:\github\ron-english-light-cult-9001-10000\items\lccc-9963.html","NO","MISSING_PAGE","","","","D:\github\ron-english-light-cult-9001-10000\images\9901-10000\LCCC-9963.png","YES","1","1","EXPECTED_IMAGE_EXISTS","D:\github\ron-english-light-cult-9001-10000\images\9901-10000\LCCC-9963.png","images\9901-10000\LCCC-9963.png","https://ronenglish-archive.github.io/ron-english-light-cult-9001-10000/images/9901-10000/LCCC-9963.png","https://i2c.seadn.io/ethereum/0xbe85fbd182af91290be7293438ae67549638189f/bb2d81edd9b39f1a2726ed9277750cb1.png?w=350","https://opensea.io/item/ethereum/0xbe85fbd182af91290be7293438ae67549638189f/9963","YES_LOCAL_IMAGE_FOUND"
"9964","9964","Light Cult Crypto Club #9964","RE-010591","RE-011774","ron-english-light-cult-9001-10000","D:\github\ron-english-light-cult-9001-10000\items\lccc-9964.html","NO","MISSING_PAGE","","","","D:\github\ron-english-light-cult-9001-10000\images\9901-10000\LCCC-9964.png","YES","1","1","EXPECTED_IMAGE_EXISTS","D:\github\ron-english-light-cult-9001-10000\images\9901-10000\LCCC-9964.png","images\9901-10000\LCCC-9964.png","https://ronenglish-archive.github.io/ron-english-light-cult-9001-10000/images/9901-10000/LCCC-9964.png","https://i2c.seadn.io/ethereum/0xbe85fbd182af91290be7293438ae67549638189f/c8ba221bd3a0937a2cca957c6324c39c.png?w=350","https://opensea.io/item/ethereum/0xbe85fbd182af91290be7293438ae67549638189f/9964","YES_LOCAL_IMAGE_FOUND"
"9965","9965","Light Cult Crypto Club #9965","RE-010592","RE-011775","ron-english-light-cult-9001-10000","D:\github\ron-english-light-cult-9001-10000\items\lccc-9965.html","NO","MISSING_PAGE","","","","D:\github\ron-english-light-cult-9001-10000\images\9901-10000\LCCC-9965.png","YES","1","1","EXPECTED_IMAGE_EXISTS","D:\github\ron-english-light-cult-9001-10000\images\9901-10000\LCCC-9965.png","images\9901-10000\LCCC-9965.png","https://ronenglish-archive.github.io/ron-english-light-cult-9001-10000/images/9901-10000/LCCC-9965.png","https://i2c.seadn.io/ethereum/0xbe85fbd182af91290be7293438ae67549638189f/d82c78461ccae3cb18a526a0f7bb9a1a.png?w=350","https://opensea.io/item/ethereum/0xbe85fbd182af91290be7293438ae67549638189f/9965","YES_LOCAL_IMAGE_FOUND"
"9967","9967","Light Cult Crypto Club #9967","RE-010593","RE-011777","ron-english-light-cult-9001-10000","D:\github\ron-english-light-cult-9001-10000\items\lccc-9967.html","NO","MISSING_PAGE","","","","D:\github\ron-english-light-cult-9001-10000\images\9901-10000\LCCC-9967.png","YES","1","1","EXPECTED_IMAGE_EXISTS","D:\github\ron-english-light-cult-9001-10000\images\9901-10000\LCCC-9967.png","images\9901-10000\LCCC-9967.png","https://ronenglish-archive.github.io/ron-english-light-cult-9001-10000/images/9901-10000/LCCC-9967.png","https://i2c.seadn.io/ethereum/0xbe85fbd182af91290be7293438ae67549638189f/5934f2f3601d411164c0267237396017.png?w=350","https://opensea.io/item/ethereum/0xbe85fbd182af91290be7293438ae67549638189f/9967","YES_LOCAL_IMAGE_FOUND"
"9968","9968","Light Cult Crypto Club #9968","RE-010594","RE-011778","ron-english-light-cult-9001-10000","D:\github\ron-english-light-cult-9001-10000\items\lccc-9968.html","NO","MISSING_PAGE","","","","D:\github\ron-english-light-cult-9001-10000\images\9901-10000\LCCC-9968.png","YES","1","1","EXPECTED_IMAGE_EXISTS","D:\github\ron-english-light-cult-9001-10000\images\9901-10000\LCCC-9968.png","images\9901-10000\LCCC-9968.png","https://ronenglish-archive.github.io/ron-english-light-cult-9001-10000/images/9901-10000/LCCC-9968.png","https://i2c.seadn.io/ethereum/0xbe85fbd182af91290be7293438ae67549638189f/8dbcf535c8f1ea3ab5a2250946bb1820.png?w=350","https://opensea.io/item/ethereum/0xbe85fbd182af91290be7293438ae67549638189f/9968","YES_LOCAL_IMAGE_FOUND"
"9969","9969","Light Cult Crypto Club #9969","RE-010595","RE-011779","ron-english-light-cult-9001-10000","D:\github\ron-english-light-cult-9001-10000\items\lccc-9969.html","NO","MISSING_PAGE","","","","D:\github\ron-english-light-cult-9001-10000\images\9901-10000\LCCC-9969.png","YES","1","1","EXPECTED_IMAGE_EXISTS","D:\github\ron-english-light-cult-9001-10000\images\9901-10000\LCCC-9969.png","images\9901-10000\LCCC-9969.png","https://ronenglish-archive.github.io/ron-english-light-cult-9001-10000/images/9901-10000/LCCC-9969.png","https://i2c.seadn.io/ethereum/0xbe85fbd182af91290be7293438ae67549638189f/ded3ac4d17d0b57f9471878887dcea0d.png?w=350","https://opensea.io/item/ethereum/0xbe85fbd182af91290be7293438ae67549638189f/9969","YES_LOCAL_IMAGE_FOUND"
"9970","9970","Light Cult Crypto Club #9970","RE-010596","RE-011780","ron-english-light-cult-9001-10000","D:\github\ron-english-light-cult-9001-10000\items\lccc-9970.html","NO","MISSING_PAGE","","","","D:\github\ron-english-light-cult-9001-10000\images\9901-10000\LCCC-9970.png","YES","1","1","EXPECTED_IMAGE_EXISTS","D:\github\ron-english-light-cult-9001-10000\images\9901-10000\LCCC-9970.png","images\9901-10000\LCCC-9970.png","https://ronenglish-archive.github.io/ron-english-light-cult-9001-10000/images/9901-10000/LCCC-9970.png","https://i2c.seadn.io/ethereum/0xbe85fbd182af91290be7293438ae67549638189f/ee6e6fc7be8df5ef6d0fa345ec596b1f.png?w=350","https://opensea.io/item/ethereum/0xbe85fbd182af91290be7293438ae67549638189f/9970","YES_LOCAL_IMAGE_FOUND"
"9971","9971","Light Cult Crypto Club #9971","RE-010597","RE-011781","ron-english-light-cult-9001-10000","D:\github\ron-english-light-cult-9001-10000\items\lccc-9971.html","NO","MISSING_PAGE","","","","D:\github\ron-english-light-cult-9001-10000\images\9901-10000\LCCC-9971.png","YES","1","1","EXPECTED_IMAGE_EXISTS","D:\github\ron-english-light-cult-9001-10000\images\9901-10000\LCCC-9971.png","images\9901-10000\LCCC-9971.png","https://ronenglish-archive.github.io/ron-english-light-cult-9001-10000/images/9901-10000/LCCC-9971.png","https://i2c.seadn.io/ethereum/0xbe85fbd182af91290be7293438ae67549638189f/6cb762f1d824e262ce07e666be56fa95.png?w=350","https://opensea.io/item/ethereum/0xbe85fbd182af91290be7293438ae67549638189f/9971","YES_LOCAL_IMAGE_FOUND"
"9972","9972","Light Cult Crypto Club #9972","RE-010598","RE-011782","ron-english-light-cult-9001-10000","D:\github\ron-english-light-cult-9001-10000\items\lccc-9972.html","NO","MISSING_PAGE","","","","D:\github\ron-english-light-cult-9001-10000\images\9901-10000\LCCC-9972.png","YES","1","1","EXPECTED_IMAGE_EXISTS","D:\github\ron-english-light-cult-9001-10000\images\9901-10000\LCCC-9972.png","images\9901-10000\LCCC-9972.png","https://ronenglish-archive.github.io/ron-english-light-cult-9001-10000/images/9901-10000/LCCC-9972.png","https://i2c.seadn.io/ethereum/0xbe85fbd182af91290be7293438ae67549638189f/a277cc20ea3cf25548802215274c0963.png?w=350","https://opensea.io/item/ethereum/0xbe85fbd182af91290be7293438ae67549638189f/9972","YES_LOCAL_IMAGE_FOUND"
"9973","9973","Light Cult Crypto Club #9973","RE-010599","RE-011783","ron-english-light-cult-9001-10000","D:\github\ron-english-light-cult-9001-10000\items\lccc-9973.html","NO","MISSING_PAGE","","","","D:\github\ron-english-light-cult-9001-10000\images\9901-10000\LCCC-9973.png","YES","1","1","EXPECTED_IMAGE_EXISTS","D:\github\ron-english-light-cult-9001-10000\images\9901-10000\LCCC-9973.png","images\9901-10000\LCCC-9973.png","https://ronenglish-archive.github.io/ron-english-light-cult-9001-10000/images/9901-10000/LCCC-9973.png","https://i2c.seadn.io/ethereum/0xbe85fbd182af91290be7293438ae67549638189f/63d018dc419c1a93a02761913bf159f7.png?w=350","https://opensea.io/item/ethereum/0xbe85fbd182af91290be7293438ae67549638189f/9973","YES_LOCAL_IMAGE_FOUND"
"9974","9974","Light Cult Crypto Club #9974","RE-010600","RE-011784","ron-english-light-cult-9001-10000","D:\github\ron-english-light-cult-9001-10000\items\lccc-9974.html","NO","MISSING_PAGE","","","","D:\github\ron-english-light-cult-9001-10000\images\9901-10000\LCCC-9974.png","YES","1","1","EXPECTED_IMAGE_EXISTS","D:\github\ron-english-light-cult-9001-10000\images\9901-10000\LCCC-9974.png","images\9901-10000\LCCC-9974.png","https://ronenglish-archive.github.io/ron-english-light-cult-9001-10000/images/9901-10000/LCCC-9974.png","https://i2c.seadn.io/ethereum/0xbe85fbd182af91290be7293438ae67549638189f/2fd5e9cbdcb2122c95f5489a988c6c2d.png?w=350","https://opensea.io/item/ethereum/0xbe85fbd182af91290be7293438ae67549638189f/9974","YES_LOCAL_IMAGE_FOUND"
"9975","9975","Light Cult Crypto Club #9975","RE-010601","RE-011785","ron-english-light-cult-9001-10000","D:\github\ron-english-light-cult-9001-10000\items\lccc-9975.html","NO","MISSING_PAGE","","","","D:\github\ron-english-light-cult-9001-10000\images\9901-10000\LCCC-9975.png","YES","1","1","EXPECTED_IMAGE_EXISTS","D:\github\ron-english-light-cult-9001-10000\images\9901-10000\LCCC-9975.png","images\9901-10000\LCCC-9975.png","https://ronenglish-archive.github.io/ron-english-light-cult-9001-10000/images/9901-10000/LCCC-9975.png","https://i2c.seadn.io/ethereum/0xbe85fbd182af91290be7293438ae67549638189f/fcb24956cd8ebebe22b363db4e8923b2.png?w=350","https://opensea.io/item/ethereum/0xbe85fbd182af91290be7293438ae67549638189f/9975","YES_LOCAL_IMAGE_FOUND"
"9976","9976","Light Cult Crypto Club #9976","RE-010602","RE-011786","ron-english-light-cult-9001-10000","D:\github\ron-english-light-cult-9001-10000\items\lccc-9976.html","NO","MISSING_PAGE","","","","D:\github\ron-english-light-cult-9001-10000\images\9901-10000\LCCC-9976.png","YES","1","1","EXPECTED_IMAGE_EXISTS","D:\github\ron-english-light-cult-9001-10000\images\9901-10000\LCCC-9976.png","images\9901-10000\LCCC-9976.png","https://ronenglish-archive.github.io/ron-english-light-cult-9001-10000/images/9901-10000/LCCC-9976.png","https://i2c.seadn.io/ethereum/0xbe85fbd182af91290be7293438ae67549638189f/bd81032cc76a767b95c484b71467bc0e.png?w=350","https://opensea.io/item/ethereum/0xbe85fbd182af91290be7293438ae67549638189f/9976","YES_LOCAL_IMAGE_FOUND"
"9977","9977","Light Cult Crypto Club #9977","RE-010603","RE-011787","ron-english-light-cult-9001-10000","D:\github\ron-english-light-cult-9001-10000\items\lccc-9977.html","NO","MISSING_PAGE","","","","D:\github\ron-english-light-cult-9001-10000\images\9901-10000\LCCC-9977.png","YES","1","1","EXPECTED_IMAGE_EXISTS","D:\github\ron-english-light-cult-9001-10000\images\9901-10000\LCCC-9977.png","images\9901-10000\LCCC-9977.png","https://ronenglish-archive.github.io/ron-english-light-cult-9001-10000/images/9901-10000/LCCC-9977.png","https://i2c.seadn.io/ethereum/0xbe85fbd182af91290be7293438ae67549638189f/a9c52c1c6797787de592cbf14c834def.png?w=350","https://opensea.io/item/ethereum/0xbe85fbd182af91290be7293438ae67549638189f/9977","YES_LOCAL_IMAGE_FOUND"
"9979","9979","Light Cult Crypto Club #9979","RE-010604","RE-011789","ron-english-light-cult-9001-10000","D:\github\ron-english-light-cult-9001-10000\items\lccc-9979.html","NO","MISSING_PAGE","","","","D:\github\ron-english-light-cult-9001-10000\images\9901-10000\LCCC-9979.png","YES","1","1","EXPECTED_IMAGE_EXISTS","D:\github\ron-english-light-cult-9001-10000\images\9901-10000\LCCC-9979.png","images\9901-10000\LCCC-9979.png","https://ronenglish-archive.github.io/ron-english-light-cult-9001-10000/images/9901-10000/LCCC-9979.png","https://i2c.seadn.io/ethereum/0xbe85fbd182af91290be7293438ae67549638189f/f4032a10f2ba5c3de6f4cb3e885a444e.png?w=350","https://opensea.io/item/ethereum/0xbe85fbd182af91290be7293438ae67549638189f/9979","YES_LOCAL_IMAGE_FOUND"
"9980","9980","Light Cult Crypto Club #9980","RE-010605","RE-011790","ron-english-light-cult-9001-10000","D:\github\ron-english-light-cult-9001-10000\items\lccc-9980.html","NO","MISSING_PAGE","","","","D:\github\ron-english-light-cult-9001-10000\images\9901-10000\LCCC-9980.png","YES","1","1","EXPECTED_IMAGE_EXISTS","D:\github\ron-english-light-cult-9001-10000\images\9901-10000\LCCC-9980.png","images\9901-10000\LCCC-9980.png","https://ronenglish-archive.github.io/ron-english-light-cult-9001-10000/images/9901-10000/LCCC-9980.png","https://i2c.seadn.io/ethereum/0xbe85fbd182af91290be7293438ae67549638189f/1996bab9b70b068935f57d8f4d0d1766.png?w=350","https://opensea.io/item/ethereum/0xbe85fbd182af91290be7293438ae67549638189f/9980","YES_LOCAL_IMAGE_FOUND"
"9981","9981","Light Cult Crypto Club #9981","RE-010606","RE-011791","ron-english-light-cult-9001-10000","D:\github\ron-english-light-cult-9001-10000\items\lccc-9981.html","NO","MISSING_PAGE","","","","D:\github\ron-english-light-cult-9001-10000\images\9901-10000\LCCC-9981.png","YES","1","1","EXPECTED_IMAGE_EXISTS","D:\github\ron-english-light-cult-9001-10000\images\9901-10000\LCCC-9981.png","images\9901-10000\LCCC-9981.png","https://ronenglish-archive.github.io/ron-english-light-cult-9001-10000/images/9901-10000/LCCC-9981.png","https://i2c.seadn.io/ethereum/0xbe85fbd182af91290be7293438ae67549638189f/f197ae7cd1cd9f7c7593007cb39f66ee.png?w=350","https://opensea.io/item/ethereum/0xbe85fbd182af91290be7293438ae67549638189f/9981","YES_LOCAL_IMAGE_FOUND"
"9982","9982","Light Cult Crypto Club #9982","RE-010607","RE-011792","ron-english-light-cult-9001-10000","D:\github\ron-english-light-cult-9001-10000\items\lccc-9982.html","NO","MISSING_PAGE","","","","D:\github\ron-english-light-cult-9001-10000\images\9901-10000\LCCC-9982.png","YES","1","1","EXPECTED_IMAGE_EXISTS","D:\github\ron-english-light-cult-9001-10000\images\9901-10000\LCCC-9982.png","images\9901-10000\LCCC-9982.png","https://ronenglish-archive.github.io/ron-english-light-cult-9001-10000/images/9901-10000/LCCC-9982.png","https://i2c.seadn.io/ethereum/0xbe85fbd182af91290be7293438ae67549638189f/ebda52f682eb32af5c0c5b24bc3620f7.png?w=350","https://opensea.io/item/ethereum/0xbe85fbd182af91290be7293438ae67549638189f/9982","YES_LOCAL_IMAGE_FOUND"
"9983","9983","Light Cult Crypto Club #9983","RE-010608","RE-011793","ron-english-light-cult-9001-10000","D:\github\ron-english-light-cult-9001-10000\items\lccc-9983.html","NO","MISSING_PAGE","","","","D:\github\ron-english-light-cult-9001-10000\images\9901-10000\LCCC-9983.png","YES","1","1","EXPECTED_IMAGE_EXISTS","D:\github\ron-english-light-cult-9001-10000\images\9901-10000\LCCC-9983.png","images\9901-10000\LCCC-9983.png","https://ronenglish-archive.github.io/ron-english-light-cult-9001-10000/images/9901-10000/LCCC-9983.png","https://i2c.seadn.io/ethereum/0xbe85fbd182af91290be7293438ae67549638189f/0a9dac6f108db7233d2c538625cfa2ea.png?w=350","https://opensea.io/item/ethereum/0xbe85fbd182af91290be7293438ae67549638189f/9983","YES_LOCAL_IMAGE_FOUND"
"9984","9984","Light Cult Crypto Club #9984","RE-010609","RE-011794","ron-english-light-cult-9001-10000","D:\github\ron-english-light-cult-9001-10000\items\lccc-9984.html","NO","MISSING_PAGE","","","","D:\github\ron-english-light-cult-9001-10000\images\9901-10000\LCCC-9984.png","YES","1","1","EXPECTED_IMAGE_EXISTS","D:\github\ron-english-light-cult-9001-10000\images\9901-10000\LCCC-9984.png","images\9901-10000\LCCC-9984.png","https://ronenglish-archive.github.io/ron-english-light-cult-9001-10000/images/9901-10000/LCCC-9984.png","https://i2c.seadn.io/ethereum/0xbe85fbd182af91290be7293438ae67549638189f/f75435e1261126afcc624f970008fd29.png?w=350","https://opensea.io/item/ethereum/0xbe85fbd182af91290be7293438ae67549638189f/9984","YES_LOCAL_IMAGE_FOUND"
"9986","9986","Light Cult Crypto Club #9986","RE-010610","RE-011796","ron-english-light-cult-9001-10000","D:\github\ron-english-light-cult-9001-10000\items\lccc-9986.html","NO","MISSING_PAGE","","","","D:\github\ron-english-light-cult-9001-10000\images\9901-10000\LCCC-9986.png","YES","1","1","EXPECTED_IMAGE_EXISTS","D:\github\ron-english-light-cult-9001-10000\images\9901-10000\LCCC-9986.png","images\9901-10000\LCCC-9986.png","https://ronenglish-archive.github.io/ron-english-light-cult-9001-10000/images/9901-10000/LCCC-9986.png","https://i2c.seadn.io/ethereum/0xbe85fbd182af91290be7293438ae67549638189f/b669e89f82913f7d3b7e510154791f79.png?w=350","https://opensea.io/item/ethereum/0xbe85fbd182af91290be7293438ae67549638189f/9986","YES_LOCAL_IMAGE_FOUND"
"9988","9988","Light Cult Crypto Club #9988","RE-010611","RE-011798","ron-english-light-cult-9001-10000","D:\github\ron-english-light-cult-9001-10000\items\lccc-9988.html","NO","MISSING_PAGE","","","","D:\github\ron-english-light-cult-9001-10000\images\9901-10000\LCCC-9988.png","YES","1","1","EXPECTED_IMAGE_EXISTS","D:\github\ron-english-light-cult-9001-10000\images\9901-10000\LCCC-9988.png","images\9901-10000\LCCC-9988.png","https://ronenglish-archive.github.io/ron-english-light-cult-9001-10000/images/9901-10000/LCCC-9988.png","https://i2c.seadn.io/ethereum/0xbe85fbd182af91290be7293438ae67549638189f/60a82585acec2e3544c68d6a2b78ad7c.png?w=350","https://opensea.io/item/ethereum/0xbe85fbd182af91290be7293438ae67549638189f/9988","YES_LOCAL_IMAGE_FOUND"
"9989","9989","Light Cult Crypto Club #9989","RE-010612","RE-011799","ron-english-light-cult-9001-10000","D:\github\ron-english-light-cult-9001-10000\items\lccc-9989.html","NO","MISSING_PAGE","","","","D:\github\ron-english-light-cult-9001-10000\images\9901-10000\LCCC-9989.png","YES","1","1","EXPECTED_IMAGE_EXISTS","D:\github\ron-english-light-cult-9001-10000\images\9901-10000\LCCC-9989.png","images\9901-10000\LCCC-9989.png","https://ronenglish-archive.github.io/ron-english-light-cult-9001-10000/images/9901-10000/LCCC-9989.png","https://i2c.seadn.io/ethereum/0xbe85fbd182af91290be7293438ae67549638189f/f01fc063abc91b3dbe9b2b302231eb9e.png?w=350","https://opensea.io/item/ethereum/0xbe85fbd182af91290be7293438ae67549638189f/9989","YES_LOCAL_IMAGE_FOUND"
"9990","9990","Light Cult Crypto Club #9990","RE-010613","RE-011800","ron-english-light-cult-9001-10000","D:\github\ron-english-light-cult-9001-10000\items\lccc-9990.html","NO","MISSING_PAGE","","","","D:\github\ron-english-light-cult-9001-10000\images\9901-10000\LCCC-9990.png","YES","1","1","EXPECTED_IMAGE_EXISTS","D:\github\ron-english-light-cult-9001-10000\images\9901-10000\LCCC-9990.png","images\9901-10000\LCCC-9990.png","https://ronenglish-archive.github.io/ron-english-light-cult-9001-10000/images/9901-10000/LCCC-9990.png","https://i2c.seadn.io/ethereum/0xbe85fbd182af91290be7293438ae67549638189f/d19bdfce30b67e66ef66072e3629aaec.png?w=350","https://opensea.io/item/ethereum/0xbe85fbd182af91290be7293438ae67549638189f/9990","YES_LOCAL_IMAGE_FOUND"
"9991","9991","Light Cult Crypto Club #9991","RE-010614","RE-011801","ron-english-light-cult-9001-10000","D:\github\ron-english-light-cult-9001-10000\items\lccc-9991.html","NO","MISSING_PAGE","","","","D:\github\ron-english-light-cult-9001-10000\images\9901-10000\LCCC-9991.png","YES","1","1","EXPECTED_IMAGE_EXISTS","D:\github\ron-english-light-cult-9001-10000\images\9901-10000\LCCC-9991.png","images\9901-10000\LCCC-9991.png","https://ronenglish-archive.github.io/ron-english-light-cult-9001-10000/images/9901-10000/LCCC-9991.png","https://i2c.seadn.io/ethereum/0xbe85fbd182af91290be7293438ae67549638189f/71acb2e05f8537be2fa2c1817c9b1e32.png?w=350","https://opensea.io/item/ethereum/0xbe85fbd182af91290be7293438ae67549638189f/9991","YES_LOCAL_IMAGE_FOUND"
"9992","9992","Light Cult Crypto Club #9992","RE-010615","RE-011802","ron-english-light-cult-9001-10000","D:\github\ron-english-light-cult-9001-10000\items\lccc-9992.html","NO","MISSING_PAGE","","","","D:\github\ron-english-light-cult-9001-10000\images\9901-10000\LCCC-9992.png","YES","1","1","EXPECTED_IMAGE_EXISTS","D:\github\ron-english-light-cult-9001-10000\images\9901-10000\LCCC-9992.png","images\9901-10000\LCCC-9992.png","https://ronenglish-archive.github.io/ron-english-light-cult-9001-10000/images/9901-10000/LCCC-9992.png","https://i2c.seadn.io/ethereum/0xbe85fbd182af91290be7293438ae67549638189f/2abcd79c12131c72b1c679c5d30a7b1d.png?w=350","https://opensea.io/item/ethereum/0xbe85fbd182af91290be7293438ae67549638189f/9992","YES_LOCAL_IMAGE_FOUND"
"9993","9993","Light Cult Crypto Club #9993","RE-010616","RE-011803","ron-english-light-cult-9001-10000","D:\github\ron-english-light-cult-9001-10000\items\lccc-9993.html","NO","MISSING_PAGE","","","","D:\github\ron-english-light-cult-9001-10000\images\9901-10000\LCCC-9993.png","YES","1","1","EXPECTED_IMAGE_EXISTS","D:\github\ron-english-light-cult-9001-10000\images\9901-10000\LCCC-9993.png","images\9901-10000\LCCC-9993.png","https://ronenglish-archive.github.io/ron-english-light-cult-9001-10000/images/9901-10000/LCCC-9993.png","https://i2c.seadn.io/ethereum/0xbe85fbd182af91290be7293438ae67549638189f/cbc84c4c9816a94830c45884229815ce.png?w=350","https://opensea.io/item/ethereum/0xbe85fbd182af91290be7293438ae67549638189f/9993","YES_LOCAL_IMAGE_FOUND"
"9994","9994","Light Cult Crypto Club #9994","RE-010617","RE-011804","ron-english-light-cult-9001-10000","D:\github\ron-english-light-cult-9001-10000\items\lccc-9994.html","NO","MISSING_PAGE","","","","D:\github\ron-english-light-cult-9001-10000\images\9901-10000\LCCC-9994.png","YES","1","1","EXPECTED_IMAGE_EXISTS","D:\github\ron-english-light-cult-9001-10000\images\9901-10000\LCCC-9994.png","images\9901-10000\LCCC-9994.png","https://ronenglish-archive.github.io/ron-english-light-cult-9001-10000/images/9901-10000/LCCC-9994.png","https://i2c.seadn.io/ethereum/0xbe85fbd182af91290be7293438ae67549638189f/94e7d59858bdaf4f9d3267afc70c3569.png?w=350","https://opensea.io/item/ethereum/0xbe85fbd182af91290be7293438ae67549638189f/9994","YES_LOCAL_IMAGE_FOUND"
"9995","9995","Light Cult Crypto Club #9995","RE-010618","RE-011805","ron-english-light-cult-9001-10000","D:\github\ron-english-light-cult-9001-10000\items\lccc-9995.html","NO","MISSING_PAGE","","","","D:\github\ron-english-light-cult-9001-10000\images\9901-10000\LCCC-9995.png","YES","1","1","EXPECTED_IMAGE_EXISTS","D:\github\ron-english-light-cult-9001-10000\images\9901-10000\LCCC-9995.png","images\9901-10000\LCCC-9995.png","https://ronenglish-archive.github.io/ron-english-light-cult-9001-10000/images/9901-10000/LCCC-9995.png","https://i2c.seadn.io/ethereum/0xbe85fbd182af91290be7293438ae67549638189f/9d4ba9588af4b83ed56fc1979d8d75c7.png?w=350","https://opensea.io/item/ethereum/0xbe85fbd182af91290be7293438ae67549638189f/9995","YES_LOCAL_IMAGE_FOUND"
"9996","9996","Light Cult Crypto Club #9996","RE-010619","RE-011806","ron-english-light-cult-9001-10000","D:\github\ron-english-light-cult-9001-10000\items\lccc-9996.html","NO","MISSING_PAGE","","","","D:\github\ron-english-light-cult-9001-10000\images\9901-10000\LCCC-9996.png","YES","1","1","EXPECTED_IMAGE_EXISTS","D:\github\ron-english-light-cult-9001-10000\images\9901-10000\LCCC-9996.png","images\9901-10000\LCCC-9996.png","https://ronenglish-archive.github.io/ron-english-light-cult-9001-10000/images/9901-10000/LCCC-9996.png","https://i2c.seadn.io/ethereum/0xbe85fbd182af91290be7293438ae67549638189f/21fb42eb7f46da0f432de376c4184f90.png?w=350","https://opensea.io/item/ethereum/0xbe85fbd182af91290be7293438ae67549638189f/9996","YES_LOCAL_IMAGE_FOUND"
"9997","9997","Light Cult Crypto Club #9997","RE-010620","RE-011807","ron-english-light-cult-9001-10000","D:\github\ron-english-light-cult-9001-10000\items\lccc-9997.html","NO","MISSING_PAGE","","","","D:\github\ron-english-light-cult-9001-10000\images\9901-10000\LCCC-9997.png","YES","1","1","EXPECTED_IMAGE_EXISTS","D:\github\ron-english-light-cult-9001-10000\images\9901-10000\LCCC-9997.png","images\9901-10000\LCCC-9997.png","https://ronenglish-archive.github.io/ron-english-light-cult-9001-10000/images/9901-10000/LCCC-9997.png","https://i2c.seadn.io/ethereum/0xbe85fbd182af91290be7293438ae67549638189f/9ebee1de4dc0bb357a2556bac03f580f.png?w=350","https://opensea.io/item/ethereum/0xbe85fbd182af91290be7293438ae67549638189f/9997","YES_LOCAL_IMAGE_FOUND"
"9998","9998","Light Cult Crypto Club #9998","RE-010621","RE-011808","ron-english-light-cult-9001-10000","D:\github\ron-english-light-cult-9001-10000\items\lccc-9998.html","NO","MISSING_PAGE","","","","D:\github\ron-english-light-cult-9001-10000\images\9901-10000\LCCC-9998.png","YES","1","1","EXPECTED_IMAGE_EXISTS","D:\github\ron-english-light-cult-9001-10000\images\9901-10000\LCCC-9998.png","images\9901-10000\LCCC-9998.png","https://ronenglish-archive.github.io/ron-english-light-cult-9001-10000/images/9901-10000/LCCC-9998.png","https://i2c.seadn.io/ethereum/0xbe85fbd182af91290be7293438ae67549638189f/ec87877dd92fc8a13f75ab2c69faa137.png?w=350","https://opensea.io/item/ethereum/0xbe85fbd182af91290be7293438ae67549638189f/9998","YES_LOCAL_IMAGE_FOUND"
"9999","9999","Light Cult Crypto Club #9999","RE-010622","RE-011809","ron-english-light-cult-9001-10000","D:\github\ron-english-light-cult-9001-10000\items\lccc-9999.html","NO","MISSING_PAGE","","","","D:\github\ron-english-light-cult-9001-10000\images\9901-10000\LCCC-9999.png","YES","1","1","EXPECTED_IMAGE_EXISTS","D:\github\ron-english-light-cult-9001-10000\images\9901-10000\LCCC-9999.png","images\9901-10000\LCCC-9999.png","https://ronenglish-archive.github.io/ron-english-light-cult-9001-10000/images/9901-10000/LCCC-9999.png","https://i2c.seadn.io/ethereum/0xbe85fbd182af91290be7293438ae67549638189f/75624340a4fdff333a03535f2a94a17f.png?w=350","https://opensea.io/item/ethereum/0xbe85fbd182af91290be7293438ae67549638189f/9999","YES_LOCAL_IMAGE_FOUND"
"10000","10000","Light Cult Crypto Club #10000","RE-010623","RE-011810","ron-english-light-cult-9001-10000","D:\github\ron-english-light-cult-9001-10000\items\lccc-10000.html","NO","MISSING_PAGE","","","","D:\github\ron-english-light-cult-9001-10000\images\9901-10000\LCCC-10000.png","YES","1","1","EXPECTED_IMAGE_EXISTS","D:\github\ron-english-light-cult-9001-10000\images\9901-10000\LCCC-10000.png","images\9901-10000\LCCC-10000.png","https://ronenglish-archive.github.io/ron-english-light-cult-9001-10000/images/9901-10000/LCCC-10000.png","https://i2c.seadn.io/ethereum/0xbe85fbd182af91290be7293438ae67549638189f/639010459bd48920c09be9a0190ae942.png?w=350","https://opensea.io/item/ethereum/0xbe85fbd182af91290be7293438ae67549638189f/10000","YES_LOCAL_IMAGE_FOUND"
"10001","10001","Light Cult Crypto Club #10001","RE-010624","","ron-english-light-cult-9001-10000","D:\github\ron-english-light-cult-9001-10000\items\lccc-10001.html","NO","MISSING_PAGE","","","","D:\github\ron-english-light-cult-9001-10000\images\10001-10100\LCCC-10001.png","YES","1","1","EXPECTED_IMAGE_EXISTS","D:\github\ron-english-light-cult-9001-10000\images\10001-10100\LCCC-10001.png","images\10001-10100\LCCC-10001.png","https://ronenglish-archive.github.io/ron-english-light-cult-9001-10000/images/10001-10100/LCCC-10001.png","https://i2c.seadn.io/ethereum/0xbe85fbd182af91290be7293438ae67549638189f/7375fbc61c31a7ba36820894baa8bf2e.png?w=350","https://opensea.io/item/ethereum/0xbe85fbd182af91290be7293438ae67549638189f/10001","YES_LOCAL_IMAGE_FOUND"
"10002","10002","Light Cult Crypto Club #10002","RE-010625","","ron-english-light-cult-9001-10000","D:\github\ron-english-light-cult-9001-10000\items\lccc-10002.html","NO","MISSING_PAGE","","","","D:\github\ron-english-light-cult-9001-10000\images\10001-10100\LCCC-10002.png","YES","1","1","EXPECTED_IMAGE_EXISTS","D:\github\ron-english-light-cult-9001-10000\images\10001-10100\LCCC-10002.png","images\10001-10100\LCCC-10002.png","https://ronenglish-archive.github.io/ron-english-light-cult-9001-10000/images/10001-10100/LCCC-10002.png","https://i2c.seadn.io/ethereum/0xbe85fbd182af91290be7293438ae67549638189f/15076ca56fa3325fc804f9c72ce32db2.png?w=350","https://opensea.io/item/ethereum/0xbe85fbd182af91290be7293438ae67549638189f/10002","YES_LOCAL_IMAGE_FOUND"
"10003","10003","Light Cult Crypto Club #10003","RE-010626","","ron-english-light-cult-9001-10000","D:\github\ron-english-light-cult-9001-10000\items\lccc-10003.html","NO","MISSING_PAGE","","","","D:\github\ron-english-light-cult-9001-10000\images\10001-10100\LCCC-10003.png","YES","1","1","EXPECTED_IMAGE_EXISTS","D:\github\ron-english-light-cult-9001-10000\images\10001-10100\LCCC-10003.png","images\10001-10100\LCCC-10003.png","https://ronenglish-archive.github.io/ron-english-light-cult-9001-10000/images/10001-10100/LCCC-10003.png","https://i2c.seadn.io/ethereum/0xbe85fbd182af91290be7293438ae67549638189f/68e9a6bf463d82b4514951125a6827ba.png?w=350","https://opensea.io/item/ethereum/0xbe85fbd182af91290be7293438ae67549638189f/10003","YES_LOCAL_IMAGE_FOUND"
"10004","10004","Light Cult Crypto Club #10004","RE-010627","","ron-english-light-cult-9001-10000","D:\github\ron-english-light-cult-9001-10000\items\lccc-10004.html","NO","MISSING_PAGE","","","","D:\github\ron-english-light-cult-9001-10000\images\10001-10100\LCCC-10004.png","YES","1","1","EXPECTED_IMAGE_EXISTS","D:\github\ron-english-light-cult-9001-10000\images\10001-10100\LCCC-10004.png","images\10001-10100\LCCC-10004.png","https://ronenglish-archive.github.io/ron-english-light-cult-9001-10000/images/10001-10100/LCCC-10004.png","https://i2c.seadn.io/ethereum/0xbe85fbd182af91290be7293438ae67549638189f/682b7b80b21bff06b68ab9738107e54b.png?w=350","https://opensea.io/item/ethereum/0xbe85fbd182af91290be7293438ae67549638189f/10004","YES_LOCAL_IMAGE_FOUND"
"10005","10005","Light Cult Crypto Club #10005","RE-010628","","ron-english-light-cult-9001-10000","D:\github\ron-english-light-cult-9001-10000\items\lccc-10005.html","NO","MISSING_PAGE","","","","D:\github\ron-english-light-cult-9001-10000\images\10001-10100\LCCC-10005.png","YES","1","1","EXPECTED_IMAGE_EXISTS","D:\github\ron-english-light-cult-9001-10000\images\10001-10100\LCCC-10005.png","images\10001-10100\LCCC-10005.png","https://ronenglish-archive.github.io/ron-english-light-cult-9001-10000/images/10001-10100/LCCC-10005.png","https://i2c.seadn.io/ethereum/0xbe85fbd182af91290be7293438ae67549638189f/ca24b0a5d3a9173924b43d70bd87e39e.png?w=350","https://opensea.io/item/ethereum/0xbe85fbd182af91290be7293438ae67549638189f/10005","YES_LOCAL_IMAGE_FOUND"
