CardName	CardNumber	Image	ImageURL	FileName
Orion	1	=IMAGE("https://ronenglish-archive.github.io/ron-english-nfts/area-54-cards-packs/images/Area%2054%20Cards%20-%201%20-%20Orion.jpg",4,160,110)	https://ronenglish-archive.github.io/ron-english-nfts/area-54-cards-packs/images/Area%2054%20Cards%20-%201%20-%20Orion.jpg	Area 54 Cards - 1 - Orion.jpg
Wingman Miller	10	=IMAGE("https://ronenglish-archive.github.io/ron-english-nfts/area-54-cards-packs/images/Area%2054%20Cards%20-%2010%20-%20Wingman%20Miller.jpg",4,160,110)	https://ronenglish-archive.github.io/ron-english-nfts/area-54-cards-packs/images/Area%2054%20Cards%20-%2010%20-%20Wingman%20Miller.jpg	Area 54 Cards - 10 - Wingman Miller.jpg
Cosmo Titian	100	=IMAGE("https://ronenglish-archive.github.io/ron-english-nfts/area-54-cards-packs/images/Area%2054%20Cards%20-%20100%20-%20Cosmo%20Titian.jpg",4,160,110)	https://ronenglish-archive.github.io/ron-english-nfts/area-54-cards-packs/images/Area%2054%20Cards%20-%20100%20-%20Cosmo%20Titian.jpg	Area 54 Cards - 100 - Cosmo Titian.jpg
Cosmo Titian	101	=IMAGE("https://ronenglish-archive.github.io/ron-english-nfts/area-54-cards-packs/images/Area%2054%20Cards%20-%20101%20-%20Cosmo%20Titian.jpg",4,160,110)	https://ronenglish-archive.github.io/ron-english-nfts/area-54-cards-packs/images/Area%2054%20Cards%20-%20101%20-%20Cosmo%20Titian.jpg	Area 54 Cards - 101 - Cosmo Titian.jpg
Cosmo Titian	102	=IMAGE("https://ronenglish-archive.github.io/ron-english-nfts/area-54-cards-packs/images/Area%2054%20Cards%20-%20102%20-%20Cosmo%20Titian.jpg",4,160,110)	https://ronenglish-archive.github.io/ron-english-nfts/area-54-cards-packs/images/Area%2054%20Cards%20-%20102%20-%20Cosmo%20Titian.jpg	Area 54 Cards - 102 - Cosmo Titian.jpg
Cosmo Titian	103	=IMAGE("https://ronenglish-archive.github.io/ron-english-nfts/area-54-cards-packs/images/Area%2054%20Cards%20-%20103%20-%20Cosmo%20Titian.jpg",4,160,110)	https://ronenglish-archive.github.io/ron-english-nfts/area-54-cards-packs/images/Area%2054%20Cards%20-%20103%20-%20Cosmo%20Titian.jpg	Area 54 Cards - 103 - Cosmo Titian.jpg
Cosmo Titian	104	=IMAGE("https://ronenglish-archive.github.io/ron-english-nfts/area-54-cards-packs/images/Area%2054%20Cards%20-%20104%20-%20Cosmo%20Titian.jpg",4,160,110)	https://ronenglish-archive.github.io/ron-english-nfts/area-54-cards-packs/images/Area%2054%20Cards%20-%20104%20-%20Cosmo%20Titian.jpg	Area 54 Cards - 104 - Cosmo Titian.jpg
Cosmo Titian	105	=IMAGE("https://ronenglish-archive.github.io/ron-english-nfts/area-54-cards-packs/images/Area%2054%20Cards%20-%20105%20-%20Cosmo%20Titian.jpg",4,160,110)	https://ronenglish-archive.github.io/ron-english-nfts/area-54-cards-packs/images/Area%2054%20Cards%20-%20105%20-%20Cosmo%20Titian.jpg	Area 54 Cards - 105 - Cosmo Titian.jpg
Cosmo Titian	106	=IMAGE("https://ronenglish-archive.github.io/ron-english-nfts/area-54-cards-packs/images/Area%2054%20Cards%20-%20106%20-%20Cosmo%20Titian.jpg",4,160,110)	https://ronenglish-archive.github.io/ron-english-nfts/area-54-cards-packs/images/Area%2054%20Cards%20-%20106%20-%20Cosmo%20Titian.jpg	Area 54 Cards - 106 - Cosmo Titian.jpg
Cosmo Titian	107	=IMAGE("https://ronenglish-archive.github.io/ron-english-nfts/area-54-cards-packs/images/Area%2054%20Cards%20-%20107%20-%20Cosmo%20Titian.jpg",4,160,110)	https://ronenglish-archive.github.io/ron-english-nfts/area-54-cards-packs/images/Area%2054%20Cards%20-%20107%20-%20Cosmo%20Titian.jpg	Area 54 Cards - 107 - Cosmo Titian.jpg
Cosmo Titian	108	=IMAGE("https://ronenglish-archive.github.io/ron-english-nfts/area-54-cards-packs/images/Area%2054%20Cards%20-%20108%20-%20Cosmo%20Titian.jpg",4,160,110)	https://ronenglish-archive.github.io/ron-english-nfts/area-54-cards-packs/images/Area%2054%20Cards%20-%20108%20-%20Cosmo%20Titian.jpg	Area 54 Cards - 108 - Cosmo Titian.jpg
Cosmo Titian	109	=IMAGE("https://ronenglish-archive.github.io/ron-english-nfts/area-54-cards-packs/images/Area%2054%20Cards%20-%20109%20-%20Cosmo%20Titian.jpg",4,160,110)	https://ronenglish-archive.github.io/ron-english-nfts/area-54-cards-packs/images/Area%2054%20Cards%20-%20109%20-%20Cosmo%20Titian.jpg	Area 54 Cards - 109 - Cosmo Titian.jpg
Mickey Fin	11	=IMAGE("https://ronenglish-archive.github.io/ron-english-nfts/area-54-cards-packs/images/Area%2054%20Cards%20-%2011%20-%20Mickey%20Fin.jpg",4,160,110)	https://ronenglish-archive.github.io/ron-english-nfts/area-54-cards-packs/images/Area%2054%20Cards%20-%2011%20-%20Mickey%20Fin.jpg	Area 54 Cards - 11 - Mickey Fin.jpg
Cosmo Titian	110	=IMAGE("https://ronenglish-archive.github.io/ron-english-nfts/area-54-cards-packs/images/Area%2054%20Cards%20-%20110%20-%20Cosmo%20Titian.jpg",4,160,110)	https://ronenglish-archive.github.io/ron-english-nfts/area-54-cards-packs/images/Area%2054%20Cards%20-%20110%20-%20Cosmo%20Titian.jpg	Area 54 Cards - 110 - Cosmo Titian.jpg
Cosmo Titian	111	=IMAGE("https://ronenglish-archive.github.io/ron-english-nfts/area-54-cards-packs/images/Area%2054%20Cards%20-%20111%20-%20Cosmo%20Titian.jpg",4,160,110)	https://ronenglish-archive.github.io/ron-english-nfts/area-54-cards-packs/images/Area%2054%20Cards%20-%20111%20-%20Cosmo%20Titian.jpg	Area 54 Cards - 111 - Cosmo Titian.jpg
Demi Mondaine	112	=IMAGE("https://ronenglish-archive.github.io/ron-english-nfts/area-54-cards-packs/images/Area%2054%20Cards%20-%20112%20-%20Demi%20Mondaine.jpg",4,160,110)	https://ronenglish-archive.github.io/ron-english-nfts/area-54-cards-packs/images/Area%2054%20Cards%20-%20112%20-%20Demi%20Mondaine.jpg	Area 54 Cards - 112 - Demi Mondaine.jpg
Demi Mondaine	113	=IMAGE("https://ronenglish-archive.github.io/ron-english-nfts/area-54-cards-packs/images/Area%2054%20Cards%20-%20113%20-%20Demi%20Mondaine.jpg",4,160,110)	https://ronenglish-archive.github.io/ron-english-nfts/area-54-cards-packs/images/Area%2054%20Cards%20-%20113%20-%20Demi%20Mondaine.jpg	Area 54 Cards - 113 - Demi Mondaine.jpg
Demi Mondaine	114	=IMAGE("https://ronenglish-archive.github.io/ron-english-nfts/area-54-cards-packs/images/Area%2054%20Cards%20-%20114%20-%20Demi%20Mondaine.jpg",4,160,110)	https://ronenglish-archive.github.io/ron-english-nfts/area-54-cards-packs/images/Area%2054%20Cards%20-%20114%20-%20Demi%20Mondaine.jpg	Area 54 Cards - 114 - Demi Mondaine.jpg
Demi Mondaine	115	=IMAGE("https://ronenglish-archive.github.io/ron-english-nfts/area-54-cards-packs/images/Area%2054%20Cards%20-%20115%20-%20Demi%20Mondaine.jpg",4,160,110)	https://ronenglish-archive.github.io/ron-english-nfts/area-54-cards-packs/images/Area%2054%20Cards%20-%20115%20-%20Demi%20Mondaine.jpg	Area 54 Cards - 115 - Demi Mondaine.jpg
Demi Mondaine	116	=IMAGE("https://ronenglish-archive.github.io/ron-english-nfts/area-54-cards-packs/images/Area%2054%20Cards%20-%20116%20-%20Demi%20Mondaine.jpg",4,160,110)	https://ronenglish-archive.github.io/ron-english-nfts/area-54-cards-packs/images/Area%2054%20Cards%20-%20116%20-%20Demi%20Mondaine.jpg	Area 54 Cards - 116 - Demi Mondaine.jpg
Demi Mondaine	117	=IMAGE("https://ronenglish-archive.github.io/ron-english-nfts/area-54-cards-packs/images/Area%2054%20Cards%20-%20117%20-%20Demi%20Mondaine.jpg",4,160,110)	https://ronenglish-archive.github.io/ron-english-nfts/area-54-cards-packs/images/Area%2054%20Cards%20-%20117%20-%20Demi%20Mondaine.jpg	Area 54 Cards - 117 - Demi Mondaine.jpg
Demi Mondaine	118	=IMAGE("https://ronenglish-archive.github.io/ron-english-nfts/area-54-cards-packs/images/Area%2054%20Cards%20-%20118%20-%20Demi%20Mondaine.jpg",4,160,110)	https://ronenglish-archive.github.io/ron-english-nfts/area-54-cards-packs/images/Area%2054%20Cards%20-%20118%20-%20Demi%20Mondaine.jpg	Area 54 Cards - 118 - Demi Mondaine.jpg
Demi Mondaine	119	=IMAGE("https://ronenglish-archive.github.io/ron-english-nfts/area-54-cards-packs/images/Area%2054%20Cards%20-%20119%20-%20Demi%20Mondaine.jpg",4,160,110)	https://ronenglish-archive.github.io/ron-english-nfts/area-54-cards-packs/images/Area%2054%20Cards%20-%20119%20-%20Demi%20Mondaine.jpg	Area 54 Cards - 119 - Demi Mondaine.jpg
Ronnnie Rabbbit	12	=IMAGE("https://ronenglish-archive.github.io/ron-english-nfts/area-54-cards-packs/images/Area%2054%20Cards%20-%2012%20-%20Ronnnie%20Rabbbit.jpg",4,160,110)	https://ronenglish-archive.github.io/ron-english-nfts/area-54-cards-packs/images/Area%2054%20Cards%20-%2012%20-%20Ronnnie%20Rabbbit.jpg	Area 54 Cards - 12 - Ronnnie Rabbbit.jpg
Demi Mondaine	120	=IMAGE("https://ronenglish-archive.github.io/ron-english-nfts/area-54-cards-packs/images/Area%2054%20Cards%20-%20120%20-%20Demi%20Mondaine.jpg",4,160,110)	https://ronenglish-archive.github.io/ron-english-nfts/area-54-cards-packs/images/Area%2054%20Cards%20-%20120%20-%20Demi%20Mondaine.jpg	Area 54 Cards - 120 - Demi Mondaine.jpg
Aerospam Demotron	121	=IMAGE("https://ronenglish-archive.github.io/ron-english-nfts/area-54-cards-packs/images/Area%2054%20Cards%20-%20121%20-%20Aerospam%20Demotron.jpg",4,160,110)	https://ronenglish-archive.github.io/ron-english-nfts/area-54-cards-packs/images/Area%2054%20Cards%20-%20121%20-%20Aerospam%20Demotron.jpg	Area 54 Cards - 121 - Aerospam Demotron.jpg
Aerospam Demotron	122	=IMAGE("https://ronenglish-archive.github.io/ron-english-nfts/area-54-cards-packs/images/Area%2054%20Cards%20-%20122%20-%20Aerospam%20Demotron.jpg",4,160,110)	https://ronenglish-archive.github.io/ron-english-nfts/area-54-cards-packs/images/Area%2054%20Cards%20-%20122%20-%20Aerospam%20Demotron.jpg	Area 54 Cards - 122 - Aerospam Demotron.jpg
Aerospam Demotron	123	=IMAGE("https://ronenglish-archive.github.io/ron-english-nfts/area-54-cards-packs/images/Area%2054%20Cards%20-%20123%20-%20Aerospam%20Demotron.jpg",4,160,110)	https://ronenglish-archive.github.io/ron-english-nfts/area-54-cards-packs/images/Area%2054%20Cards%20-%20123%20-%20Aerospam%20Demotron.jpg	Area 54 Cards - 123 - Aerospam Demotron.jpg
Aerospam Demotron	124	=IMAGE("https://ronenglish-archive.github.io/ron-english-nfts/area-54-cards-packs/images/Area%2054%20Cards%20-%20124%20-%20Aerospam%20Demotron.jpg",4,160,110)	https://ronenglish-archive.github.io/ron-english-nfts/area-54-cards-packs/images/Area%2054%20Cards%20-%20124%20-%20Aerospam%20Demotron.jpg	Area 54 Cards - 124 - Aerospam Demotron.jpg
Aerospam Demotron	125	=IMAGE("https://ronenglish-archive.github.io/ron-english-nfts/area-54-cards-packs/images/Area%2054%20Cards%20-%20125%20-%20Aerospam%20Demotron.jpg",4,160,110)	https://ronenglish-archive.github.io/ron-english-nfts/area-54-cards-packs/images/Area%2054%20Cards%20-%20125%20-%20Aerospam%20Demotron.jpg	Area 54 Cards - 125 - Aerospam Demotron.jpg
Aerospam Demotron	126	=IMAGE("https://ronenglish-archive.github.io/ron-english-nfts/area-54-cards-packs/images/Area%2054%20Cards%20-%20126%20-%20Aerospam%20Demotron.jpg",4,160,110)	https://ronenglish-archive.github.io/ron-english-nfts/area-54-cards-packs/images/Area%2054%20Cards%20-%20126%20-%20Aerospam%20Demotron.jpg	Area 54 Cards - 126 - Aerospam Demotron.jpg
Aerospam Demotron	127	=IMAGE("https://ronenglish-archive.github.io/ron-english-nfts/area-54-cards-packs/images/Area%2054%20Cards%20-%20127%20-%20Aerospam%20Demotron.jpg",4,160,110)	https://ronenglish-archive.github.io/ron-english-nfts/area-54-cards-packs/images/Area%2054%20Cards%20-%20127%20-%20Aerospam%20Demotron.jpg	Area 54 Cards - 127 - Aerospam Demotron.jpg
Aerospam Demotron	128	=IMAGE("https://ronenglish-archive.github.io/ron-english-nfts/area-54-cards-packs/images/Area%2054%20Cards%20-%20128%20-%20Aerospam%20Demotron.jpg",4,160,110)	https://ronenglish-archive.github.io/ron-english-nfts/area-54-cards-packs/images/Area%2054%20Cards%20-%20128%20-%20Aerospam%20Demotron.jpg	Area 54 Cards - 128 - Aerospam Demotron.jpg
Aerospam Demotron	129	=IMAGE("https://ronenglish-archive.github.io/ron-english-nfts/area-54-cards-packs/images/Area%2054%20Cards%20-%20129%20-%20Aerospam%20Demotron.jpg",4,160,110)	https://ronenglish-archive.github.io/ron-english-nfts/area-54-cards-packs/images/Area%2054%20Cards%20-%20129%20-%20Aerospam%20Demotron.jpg	Area 54 Cards - 129 - Aerospam Demotron.jpg
Poultry Rex	13	=IMAGE("https://ronenglish-archive.github.io/ron-english-nfts/area-54-cards-packs/images/Area%2054%20Cards%20-%2013%20-%20Poultry%20Rex.jpg",4,160,110)	https://ronenglish-archive.github.io/ron-english-nfts/area-54-cards-packs/images/Area%2054%20Cards%20-%2013%20-%20Poultry%20Rex.jpg	Area 54 Cards - 13 - Poultry Rex.jpg
Scrabismus Estropian	130	=IMAGE("https://ronenglish-archive.github.io/ron-english-nfts/area-54-cards-packs/images/Area%2054%20Cards%20-%20130%20-%20Scrabismus%20Estropian.jpg",4,160,110)	https://ronenglish-archive.github.io/ron-english-nfts/area-54-cards-packs/images/Area%2054%20Cards%20-%20130%20-%20Scrabismus%20Estropian.jpg	Area 54 Cards - 130 - Scrabismus Estropian.jpg
Scrabismus Estropian	131	=IMAGE("https://ronenglish-archive.github.io/ron-english-nfts/area-54-cards-packs/images/Area%2054%20Cards%20-%20131%20-%20Scrabismus%20Estropian.jpg",4,160,110)	https://ronenglish-archive.github.io/ron-english-nfts/area-54-cards-packs/images/Area%2054%20Cards%20-%20131%20-%20Scrabismus%20Estropian.jpg	Area 54 Cards - 131 - Scrabismus Estropian.jpg
Scrabismus Estropian	132	=IMAGE("https://ronenglish-archive.github.io/ron-english-nfts/area-54-cards-packs/images/Area%2054%20Cards%20-%20132%20-%20Scrabismus%20Estropian.jpg",4,160,110)	https://ronenglish-archive.github.io/ron-english-nfts/area-54-cards-packs/images/Area%2054%20Cards%20-%20132%20-%20Scrabismus%20Estropian.jpg	Area 54 Cards - 132 - Scrabismus Estropian.jpg
Scrabismus Estropian	133	=IMAGE("https://ronenglish-archive.github.io/ron-english-nfts/area-54-cards-packs/images/Area%2054%20Cards%20-%20133%20-%20Scrabismus%20Estropian.jpg",4,160,110)	https://ronenglish-archive.github.io/ron-english-nfts/area-54-cards-packs/images/Area%2054%20Cards%20-%20133%20-%20Scrabismus%20Estropian.jpg	Area 54 Cards - 133 - Scrabismus Estropian.jpg
Scrabismus Estropian	134	=IMAGE("https://ronenglish-archive.github.io/ron-english-nfts/area-54-cards-packs/images/Area%2054%20Cards%20-%20134%20-%20Scrabismus%20Estropian.jpg",4,160,110)	https://ronenglish-archive.github.io/ron-english-nfts/area-54-cards-packs/images/Area%2054%20Cards%20-%20134%20-%20Scrabismus%20Estropian.jpg	Area 54 Cards - 134 - Scrabismus Estropian.jpg
Scrabismus Estropian	135	=IMAGE("https://ronenglish-archive.github.io/ron-english-nfts/area-54-cards-packs/images/Area%2054%20Cards%20-%20135%20-%20Scrabismus%20Estropian.jpg",4,160,110)	https://ronenglish-archive.github.io/ron-english-nfts/area-54-cards-packs/images/Area%2054%20Cards%20-%20135%20-%20Scrabismus%20Estropian.jpg	Area 54 Cards - 135 - Scrabismus Estropian.jpg
Scrabismus Estropian	136	=IMAGE("https://ronenglish-archive.github.io/ron-english-nfts/area-54-cards-packs/images/Area%2054%20Cards%20-%20136%20-%20Scrabismus%20Estropian.jpg",4,160,110)	https://ronenglish-archive.github.io/ron-english-nfts/area-54-cards-packs/images/Area%2054%20Cards%20-%20136%20-%20Scrabismus%20Estropian.jpg	Area 54 Cards - 136 - Scrabismus Estropian.jpg
Scrabismus Estropian	137	=IMAGE("https://ronenglish-archive.github.io/ron-english-nfts/area-54-cards-packs/images/Area%2054%20Cards%20-%20137%20-%20Scrabismus%20Estropian.jpg",4,160,110)	https://ronenglish-archive.github.io/ron-english-nfts/area-54-cards-packs/images/Area%2054%20Cards%20-%20137%20-%20Scrabismus%20Estropian.jpg	Area 54 Cards - 137 - Scrabismus Estropian.jpg
Scrabismus Estropian	138	=IMAGE("https://ronenglish-archive.github.io/ron-english-nfts/area-54-cards-packs/images/Area%2054%20Cards%20-%20138%20-%20Scrabismus%20Estropian.jpg",4,160,110)	https://ronenglish-archive.github.io/ron-english-nfts/area-54-cards-packs/images/Area%2054%20Cards%20-%20138%20-%20Scrabismus%20Estropian.jpg	Area 54 Cards - 138 - Scrabismus Estropian.jpg
Cronik Comet	139	=IMAGE("https://ronenglish-archive.github.io/ron-english-nfts/area-54-cards-packs/images/Area%2054%20Cards%20-%20139%20-%20Cronik%20Comet.jpg",4,160,110)	https://ronenglish-archive.github.io/ron-english-nfts/area-54-cards-packs/images/Area%2054%20Cards%20-%20139%20-%20Cronik%20Comet.jpg	Area 54 Cards - 139 - Cronik Comet.jpg
Cathy Cowgirl	14	=IMAGE("https://ronenglish-archive.github.io/ron-english-nfts/area-54-cards-packs/images/Area%2054%20Cards%20-%2014%20-%20Cathy%20Cowgirl.jpg",4,160,110)	https://ronenglish-archive.github.io/ron-english-nfts/area-54-cards-packs/images/Area%2054%20Cards%20-%2014%20-%20Cathy%20Cowgirl.jpg	Area 54 Cards - 14 - Cathy Cowgirl.jpg
Cronik Comet	140	=IMAGE("https://ronenglish-archive.github.io/ron-english-nfts/area-54-cards-packs/images/Area%2054%20Cards%20-%20140%20-%20Cronik%20Comet.jpg",4,160,110)	https://ronenglish-archive.github.io/ron-english-nfts/area-54-cards-packs/images/Area%2054%20Cards%20-%20140%20-%20Cronik%20Comet.jpg	Area 54 Cards - 140 - Cronik Comet.jpg
Cronik Comet	141	=IMAGE("https://ronenglish-archive.github.io/ron-english-nfts/area-54-cards-packs/images/Area%2054%20Cards%20-%20141%20-%20Cronik%20Comet.jpg",4,160,110)	https://ronenglish-archive.github.io/ron-english-nfts/area-54-cards-packs/images/Area%2054%20Cards%20-%20141%20-%20Cronik%20Comet.jpg	Area 54 Cards - 141 - Cronik Comet.jpg
Cronik Comet	142	=IMAGE("https://ronenglish-archive.github.io/ron-english-nfts/area-54-cards-packs/images/Area%2054%20Cards%20-%20142%20-%20Cronik%20Comet.jpg",4,160,110)	https://ronenglish-archive.github.io/ron-english-nfts/area-54-cards-packs/images/Area%2054%20Cards%20-%20142%20-%20Cronik%20Comet.jpg	Area 54 Cards - 142 - Cronik Comet.jpg
Cronik Comet	143	=IMAGE("https://ronenglish-archive.github.io/ron-english-nfts/area-54-cards-packs/images/Area%2054%20Cards%20-%20143%20-%20Cronik%20Comet.jpg",4,160,110)	https://ronenglish-archive.github.io/ron-english-nfts/area-54-cards-packs/images/Area%2054%20Cards%20-%20143%20-%20Cronik%20Comet.jpg	Area 54 Cards - 143 - Cronik Comet.jpg
Cronik Comet	144	=IMAGE("https://ronenglish-archive.github.io/ron-english-nfts/area-54-cards-packs/images/Area%2054%20Cards%20-%20144%20-%20Cronik%20Comet.jpg",4,160,110)	https://ronenglish-archive.github.io/ron-english-nfts/area-54-cards-packs/images/Area%2054%20Cards%20-%20144%20-%20Cronik%20Comet.jpg	Area 54 Cards - 144 - Cronik Comet.jpg
Cronik Comet	145	=IMAGE("https://ronenglish-archive.github.io/ron-english-nfts/area-54-cards-packs/images/Area%2054%20Cards%20-%20145%20-%20Cronik%20Comet.jpg",4,160,110)	https://ronenglish-archive.github.io/ron-english-nfts/area-54-cards-packs/images/Area%2054%20Cards%20-%20145%20-%20Cronik%20Comet.jpg	Area 54 Cards - 145 - Cronik Comet.jpg
Cronik Comet	146	=IMAGE("https://ronenglish-archive.github.io/ron-english-nfts/area-54-cards-packs/images/Area%2054%20Cards%20-%20146%20-%20Cronik%20Comet.jpg",4,160,110)	https://ronenglish-archive.github.io/ron-english-nfts/area-54-cards-packs/images/Area%2054%20Cards%20-%20146%20-%20Cronik%20Comet.jpg	Area 54 Cards - 146 - Cronik Comet.jpg
Cronik Comet	147	=IMAGE("https://ronenglish-archive.github.io/ron-english-nfts/area-54-cards-packs/images/Area%2054%20Cards%20-%20147%20-%20Cronik%20Comet.jpg",4,160,110)	https://ronenglish-archive.github.io/ron-english-nfts/area-54-cards-packs/images/Area%2054%20Cards%20-%20147%20-%20Cronik%20Comet.jpg	Area 54 Cards - 147 - Cronik Comet.jpg
Samboner Infaspace	148	=IMAGE("https://ronenglish-archive.github.io/ron-english-nfts/area-54-cards-packs/images/Area%2054%20Cards%20-%20148%20-%20Samboner%20Infaspace.jpg",4,160,110)	https://ronenglish-archive.github.io/ron-english-nfts/area-54-cards-packs/images/Area%2054%20Cards%20-%20148%20-%20Samboner%20Infaspace.jpg	Area 54 Cards - 148 - Samboner Infaspace.jpg
Samboner Infaspace	149	=IMAGE("https://ronenglish-archive.github.io/ron-english-nfts/area-54-cards-packs/images/Area%2054%20Cards%20-%20149%20-%20Samboner%20Infaspace.jpg",4,160,110)	https://ronenglish-archive.github.io/ron-english-nfts/area-54-cards-packs/images/Area%2054%20Cards%20-%20149%20-%20Samboner%20Infaspace.jpg	Area 54 Cards - 149 - Samboner Infaspace.jpg
Grinny Saturn	15	=IMAGE("https://ronenglish-archive.github.io/ron-english-nfts/area-54-cards-packs/images/Area%2054%20Cards%20-%2015%20-%20Grinny%20Saturn.jpg",4,160,110)	https://ronenglish-archive.github.io/ron-english-nfts/area-54-cards-packs/images/Area%2054%20Cards%20-%2015%20-%20Grinny%20Saturn.jpg	Area 54 Cards - 15 - Grinny Saturn.jpg
Samboner Infaspace	150	=IMAGE("https://ronenglish-archive.github.io/ron-english-nfts/area-54-cards-packs/images/Area%2054%20Cards%20-%20150%20-%20Samboner%20Infaspace.jpg",4,160,110)	https://ronenglish-archive.github.io/ron-english-nfts/area-54-cards-packs/images/Area%2054%20Cards%20-%20150%20-%20Samboner%20Infaspace.jpg	Area 54 Cards - 150 - Samboner Infaspace.jpg
Samboner Infaspace	151	=IMAGE("https://ronenglish-archive.github.io/ron-english-nfts/area-54-cards-packs/images/Area%2054%20Cards%20-%20151%20-%20Samboner%20Infaspace.jpg",4,160,110)	https://ronenglish-archive.github.io/ron-english-nfts/area-54-cards-packs/images/Area%2054%20Cards%20-%20151%20-%20Samboner%20Infaspace.jpg	Area 54 Cards - 151 - Samboner Infaspace.jpg
Samboner Infaspace	152	=IMAGE("https://ronenglish-archive.github.io/ron-english-nfts/area-54-cards-packs/images/Area%2054%20Cards%20-%20152%20-%20Samboner%20Infaspace.jpg",4,160,110)	https://ronenglish-archive.github.io/ron-english-nfts/area-54-cards-packs/images/Area%2054%20Cards%20-%20152%20-%20Samboner%20Infaspace.jpg	Area 54 Cards - 152 - Samboner Infaspace.jpg
Samboner Infaspace	153	=IMAGE("https://ronenglish-archive.github.io/ron-english-nfts/area-54-cards-packs/images/Area%2054%20Cards%20-%20153%20-%20Samboner%20Infaspace.jpg",4,160,110)	https://ronenglish-archive.github.io/ron-english-nfts/area-54-cards-packs/images/Area%2054%20Cards%20-%20153%20-%20Samboner%20Infaspace.jpg	Area 54 Cards - 153 - Samboner Infaspace.jpg
Samboner Infaspace	154	=IMAGE("https://ronenglish-archive.github.io/ron-english-nfts/area-54-cards-packs/images/Area%2054%20Cards%20-%20154%20-%20Samboner%20Infaspace.jpg",4,160,110)	https://ronenglish-archive.github.io/ron-english-nfts/area-54-cards-packs/images/Area%2054%20Cards%20-%20154%20-%20Samboner%20Infaspace.jpg	Area 54 Cards - 154 - Samboner Infaspace.jpg
Samboner Infaspace	155	=IMAGE("https://ronenglish-archive.github.io/ron-english-nfts/area-54-cards-packs/images/Area%2054%20Cards%20-%20155%20-%20Samboner%20Infaspace.jpg",4,160,110)	https://ronenglish-archive.github.io/ron-english-nfts/area-54-cards-packs/images/Area%2054%20Cards%20-%20155%20-%20Samboner%20Infaspace.jpg	Area 54 Cards - 155 - Samboner Infaspace.jpg
Samboner Infaspace	156	=IMAGE("https://ronenglish-archive.github.io/ron-english-nfts/area-54-cards-packs/images/Area%2054%20Cards%20-%20156%20-%20Samboner%20Infaspace.jpg",4,160,110)	https://ronenglish-archive.github.io/ron-english-nfts/area-54-cards-packs/images/Area%2054%20Cards%20-%20156%20-%20Samboner%20Infaspace.jpg	Area 54 Cards - 156 - Samboner Infaspace.jpg
Schlubber	157	=IMAGE("https://ronenglish-archive.github.io/ron-english-nfts/area-54-cards-packs/images/Area%2054%20Cards%20-%20157%20-%20Schlubber.jpg",4,160,110)	https://ronenglish-archive.github.io/ron-english-nfts/area-54-cards-packs/images/Area%2054%20Cards%20-%20157%20-%20Schlubber.jpg	Area 54 Cards - 157 - Schlubber.jpg
Schlubber	158	=IMAGE("https://ronenglish-archive.github.io/ron-english-nfts/area-54-cards-packs/images/Area%2054%20Cards%20-%20158%20-%20Schlubber.jpg",4,160,110)	https://ronenglish-archive.github.io/ron-english-nfts/area-54-cards-packs/images/Area%2054%20Cards%20-%20158%20-%20Schlubber.jpg	Area 54 Cards - 158 - Schlubber.jpg
Schlubber	159	=IMAGE("https://ronenglish-archive.github.io/ron-english-nfts/area-54-cards-packs/images/Area%2054%20Cards%20-%20159%20-%20Schlubber.jpg",4,160,110)	https://ronenglish-archive.github.io/ron-english-nfts/area-54-cards-packs/images/Area%2054%20Cards%20-%20159%20-%20Schlubber.jpg	Area 54 Cards - 159 - Schlubber.jpg
Space Face UFO	16	=IMAGE("https://ronenglish-archive.github.io/ron-english-nfts/area-54-cards-packs/images/Area%2054%20Cards%20-%2016%20-%20Space%20Face%20UFO.jpg",4,160,110)	https://ronenglish-archive.github.io/ron-english-nfts/area-54-cards-packs/images/Area%2054%20Cards%20-%2016%20-%20Space%20Face%20UFO.jpg	Area 54 Cards - 16 - Space Face UFO.jpg
Schlubber	160	=IMAGE("https://ronenglish-archive.github.io/ron-english-nfts/area-54-cards-packs/images/Area%2054%20Cards%20-%20160%20-%20Schlubber.jpg",4,160,110)	https://ronenglish-archive.github.io/ron-english-nfts/area-54-cards-packs/images/Area%2054%20Cards%20-%20160%20-%20Schlubber.jpg	Area 54 Cards - 160 - Schlubber.jpg
Schlubber	161	=IMAGE("https://ronenglish-archive.github.io/ron-english-nfts/area-54-cards-packs/images/Area%2054%20Cards%20-%20161%20-%20Schlubber.jpg",4,160,110)	https://ronenglish-archive.github.io/ron-english-nfts/area-54-cards-packs/images/Area%2054%20Cards%20-%20161%20-%20Schlubber.jpg	Area 54 Cards - 161 - Schlubber.jpg
Schlubber	162	=IMAGE("https://ronenglish-archive.github.io/ron-english-nfts/area-54-cards-packs/images/Area%2054%20Cards%20-%20162%20-%20Schlubber.jpg",4,160,110)	https://ronenglish-archive.github.io/ron-english-nfts/area-54-cards-packs/images/Area%2054%20Cards%20-%20162%20-%20Schlubber.jpg	Area 54 Cards - 162 - Schlubber.jpg
Schlubber	163	=IMAGE("https://ronenglish-archive.github.io/ron-english-nfts/area-54-cards-packs/images/Area%2054%20Cards%20-%20163%20-%20Schlubber.jpg",4,160,110)	https://ronenglish-archive.github.io/ron-english-nfts/area-54-cards-packs/images/Area%2054%20Cards%20-%20163%20-%20Schlubber.jpg	Area 54 Cards - 163 - Schlubber.jpg
Schlubber	164	=IMAGE("https://ronenglish-archive.github.io/ron-english-nfts/area-54-cards-packs/images/Area%2054%20Cards%20-%20164%20-%20Schlubber.jpg",4,160,110)	https://ronenglish-archive.github.io/ron-english-nfts/area-54-cards-packs/images/Area%2054%20Cards%20-%20164%20-%20Schlubber.jpg	Area 54 Cards - 164 - Schlubber.jpg
Schlubber	165	=IMAGE("https://ronenglish-archive.github.io/ron-english-nfts/area-54-cards-packs/images/Area%2054%20Cards%20-%20165%20-%20Schlubber.jpg",4,160,110)	https://ronenglish-archive.github.io/ron-english-nfts/area-54-cards-packs/images/Area%2054%20Cards%20-%20165%20-%20Schlubber.jpg	Area 54 Cards - 165 - Schlubber.jpg
Perp Petual	166	=IMAGE("https://ronenglish-archive.github.io/ron-english-nfts/area-54-cards-packs/images/Area%2054%20Cards%20-%20166%20-%20Perp%20Petual.jpg",4,160,110)	https://ronenglish-archive.github.io/ron-english-nfts/area-54-cards-packs/images/Area%2054%20Cards%20-%20166%20-%20Perp%20Petual.jpg	Area 54 Cards - 166 - Perp Petual.jpg
Perp Petual	167	=IMAGE("https://ronenglish-archive.github.io/ron-english-nfts/area-54-cards-packs/images/Area%2054%20Cards%20-%20167%20-%20Perp%20Petual.jpg",4,160,110)	https://ronenglish-archive.github.io/ron-english-nfts/area-54-cards-packs/images/Area%2054%20Cards%20-%20167%20-%20Perp%20Petual.jpg	Area 54 Cards - 167 - Perp Petual.jpg
Perp Petual	168	=IMAGE("https://ronenglish-archive.github.io/ron-english-nfts/area-54-cards-packs/images/Area%2054%20Cards%20-%20168%20-%20Perp%20Petual.jpg",4,160,110)	https://ronenglish-archive.github.io/ron-english-nfts/area-54-cards-packs/images/Area%2054%20Cards%20-%20168%20-%20Perp%20Petual.jpg	Area 54 Cards - 168 - Perp Petual.jpg
Perp Petual	169	=IMAGE("https://ronenglish-archive.github.io/ron-english-nfts/area-54-cards-packs/images/Area%2054%20Cards%20-%20169%20-%20Perp%20Petual.jpg",4,160,110)	https://ronenglish-archive.github.io/ron-english-nfts/area-54-cards-packs/images/Area%2054%20Cards%20-%20169%20-%20Perp%20Petual.jpg	Area 54 Cards - 169 - Perp Petual.jpg
UFO Liberty	17	=IMAGE("https://ronenglish-archive.github.io/ron-english-nfts/area-54-cards-packs/images/Area%2054%20Cards%20-%2017%20-%20UFO%20Liberty.jpg",4,160,110)	https://ronenglish-archive.github.io/ron-english-nfts/area-54-cards-packs/images/Area%2054%20Cards%20-%2017%20-%20UFO%20Liberty.jpg	Area 54 Cards - 17 - UFO Liberty.jpg
Perp Petual	170	=IMAGE("https://ronenglish-archive.github.io/ron-english-nfts/area-54-cards-packs/images/Area%2054%20Cards%20-%20170%20-%20Perp%20Petual.jpg",4,160,110)	https://ronenglish-archive.github.io/ron-english-nfts/area-54-cards-packs/images/Area%2054%20Cards%20-%20170%20-%20Perp%20Petual.jpg	Area 54 Cards - 170 - Perp Petual.jpg
Perp Petual	171	=IMAGE("https://ronenglish-archive.github.io/ron-english-nfts/area-54-cards-packs/images/Area%2054%20Cards%20-%20171%20-%20Perp%20Petual.jpg",4,160,110)	https://ronenglish-archive.github.io/ron-english-nfts/area-54-cards-packs/images/Area%2054%20Cards%20-%20171%20-%20Perp%20Petual.jpg	Area 54 Cards - 171 - Perp Petual.jpg
Perp Petual	172	=IMAGE("https://ronenglish-archive.github.io/ron-english-nfts/area-54-cards-packs/images/Area%2054%20Cards%20-%20172%20-%20Perp%20Petual.jpg",4,160,110)	https://ronenglish-archive.github.io/ron-english-nfts/area-54-cards-packs/images/Area%2054%20Cards%20-%20172%20-%20Perp%20Petual.jpg	Area 54 Cards - 172 - Perp Petual.jpg
Perp Petual	173	=IMAGE("https://ronenglish-archive.github.io/ron-english-nfts/area-54-cards-packs/images/Area%2054%20Cards%20-%20173%20-%20Perp%20Petual.jpg",4,160,110)	https://ronenglish-archive.github.io/ron-english-nfts/area-54-cards-packs/images/Area%2054%20Cards%20-%20173%20-%20Perp%20Petual.jpg	Area 54 Cards - 173 - Perp Petual.jpg
Perp Petual	174	=IMAGE("https://ronenglish-archive.github.io/ron-english-nfts/area-54-cards-packs/images/Area%2054%20Cards%20-%20174%20-%20Perp%20Petual.jpg",4,160,110)	https://ronenglish-archive.github.io/ron-english-nfts/area-54-cards-packs/images/Area%2054%20Cards%20-%20174%20-%20Perp%20Petual.jpg	Area 54 Cards - 174 - Perp Petual.jpg
Ardent Adventurer	175	=IMAGE("https://ronenglish-archive.github.io/ron-english-nfts/area-54-cards-packs/images/Area%2054%20Cards%20-%20175%20-%20Ardent%20Adventurer.jpg",4,160,110)	https://ronenglish-archive.github.io/ron-english-nfts/area-54-cards-packs/images/Area%2054%20Cards%20-%20175%20-%20Ardent%20Adventurer.jpg	Area 54 Cards - 175 - Ardent Adventurer.jpg
Ardent Adventurer	176	=IMAGE("https://ronenglish-archive.github.io/ron-english-nfts/area-54-cards-packs/images/Area%2054%20Cards%20-%20176%20-%20Ardent%20Adventurer.jpg",4,160,110)	https://ronenglish-archive.github.io/ron-english-nfts/area-54-cards-packs/images/Area%2054%20Cards%20-%20176%20-%20Ardent%20Adventurer.jpg	Area 54 Cards - 176 - Ardent Adventurer.jpg
Ardent Adventurer	177	=IMAGE("https://ronenglish-archive.github.io/ron-english-nfts/area-54-cards-packs/images/Area%2054%20Cards%20-%20177%20-%20Ardent%20Adventurer.jpg",4,160,110)	https://ronenglish-archive.github.io/ron-english-nfts/area-54-cards-packs/images/Area%2054%20Cards%20-%20177%20-%20Ardent%20Adventurer.jpg	Area 54 Cards - 177 - Ardent Adventurer.jpg
Ardent Adventurer	178	=IMAGE("https://ronenglish-archive.github.io/ron-english-nfts/area-54-cards-packs/images/Area%2054%20Cards%20-%20178%20-%20Ardent%20Adventurer.jpg",4,160,110)	https://ronenglish-archive.github.io/ron-english-nfts/area-54-cards-packs/images/Area%2054%20Cards%20-%20178%20-%20Ardent%20Adventurer.jpg	Area 54 Cards - 178 - Ardent Adventurer.jpg
Ardent Adventurer	179	=IMAGE("https://ronenglish-archive.github.io/ron-english-nfts/area-54-cards-packs/images/Area%2054%20Cards%20-%20179%20-%20Ardent%20Adventurer.jpg",4,160,110)	https://ronenglish-archive.github.io/ron-english-nfts/area-54-cards-packs/images/Area%2054%20Cards%20-%20179%20-%20Ardent%20Adventurer.jpg	Area 54 Cards - 179 - Ardent Adventurer.jpg
Light Cult Crypto Alien	18	=IMAGE("https://ronenglish-archive.github.io/ron-english-nfts/area-54-cards-packs/images/Area%2054%20Cards%20-%2018%20-%20Light%20Cult%20Crypto%20Alien.jpg",4,160,110)	https://ronenglish-archive.github.io/ron-english-nfts/area-54-cards-packs/images/Area%2054%20Cards%20-%2018%20-%20Light%20Cult%20Crypto%20Alien.jpg	Area 54 Cards - 18 - Light Cult Crypto Alien.jpg
Ardent Adventurer	180	=IMAGE("https://ronenglish-archive.github.io/ron-english-nfts/area-54-cards-packs/images/Area%2054%20Cards%20-%20180%20-%20Ardent%20Adventurer.jpg",4,160,110)	https://ronenglish-archive.github.io/ron-english-nfts/area-54-cards-packs/images/Area%2054%20Cards%20-%20180%20-%20Ardent%20Adventurer.jpg	Area 54 Cards - 180 - Ardent Adventurer.jpg
Ardent Adventurer	181	=IMAGE("https://ronenglish-archive.github.io/ron-english-nfts/area-54-cards-packs/images/Area%2054%20Cards%20-%20181%20-%20Ardent%20Adventurer.jpg",4,160,110)	https://ronenglish-archive.github.io/ron-english-nfts/area-54-cards-packs/images/Area%2054%20Cards%20-%20181%20-%20Ardent%20Adventurer.jpg	Area 54 Cards - 181 - Ardent Adventurer.jpg
Ardent Adventurer	182	=IMAGE("https://ronenglish-archive.github.io/ron-english-nfts/area-54-cards-packs/images/Area%2054%20Cards%20-%20182%20-%20Ardent%20Adventurer.jpg",4,160,110)	https://ronenglish-archive.github.io/ron-english-nfts/area-54-cards-packs/images/Area%2054%20Cards%20-%20182%20-%20Ardent%20Adventurer.jpg	Area 54 Cards - 182 - Ardent Adventurer.jpg
Ardent Adventurer	183	=IMAGE("https://ronenglish-archive.github.io/ron-english-nfts/area-54-cards-packs/images/Area%2054%20Cards%20-%20183%20-%20Ardent%20Adventurer.jpg",4,160,110)	https://ronenglish-archive.github.io/ron-english-nfts/area-54-cards-packs/images/Area%2054%20Cards%20-%20183%20-%20Ardent%20Adventurer.jpg	Area 54 Cards - 183 - Ardent Adventurer.jpg
Gangrenous Blast	184	=IMAGE("https://ronenglish-archive.github.io/ron-english-nfts/area-54-cards-packs/images/Area%2054%20Cards%20-%20184%20-%20Gangrenous%20Blast.jpg",4,160,110)	https://ronenglish-archive.github.io/ron-english-nfts/area-54-cards-packs/images/Area%2054%20Cards%20-%20184%20-%20Gangrenous%20Blast.jpg	Area 54 Cards - 184 - Gangrenous Blast.jpg
Gangrenous Blast	185	=IMAGE("https://ronenglish-archive.github.io/ron-english-nfts/area-54-cards-packs/images/Area%2054%20Cards%20-%20185%20-%20Gangrenous%20Blast.jpg",4,160,110)	https://ronenglish-archive.github.io/ron-english-nfts/area-54-cards-packs/images/Area%2054%20Cards%20-%20185%20-%20Gangrenous%20Blast.jpg	Area 54 Cards - 185 - Gangrenous Blast.jpg
Gangrenous Blast	186	=IMAGE("https://ronenglish-archive.github.io/ron-english-nfts/area-54-cards-packs/images/Area%2054%20Cards%20-%20186%20-%20Gangrenous%20Blast.jpg",4,160,110)	https://ronenglish-archive.github.io/ron-english-nfts/area-54-cards-packs/images/Area%2054%20Cards%20-%20186%20-%20Gangrenous%20Blast.jpg	Area 54 Cards - 186 - Gangrenous Blast.jpg
Gangrenous Blast	187	=IMAGE("https://ronenglish-archive.github.io/ron-english-nfts/area-54-cards-packs/images/Area%2054%20Cards%20-%20187%20-%20Gangrenous%20Blast.jpg",4,160,110)	https://ronenglish-archive.github.io/ron-english-nfts/area-54-cards-packs/images/Area%2054%20Cards%20-%20187%20-%20Gangrenous%20Blast.jpg	Area 54 Cards - 187 - Gangrenous Blast.jpg
Gangrenous Blast	188	=IMAGE("https://ronenglish-archive.github.io/ron-english-nfts/area-54-cards-packs/images/Area%2054%20Cards%20-%20188%20-%20Gangrenous%20Blast.jpg",4,160,110)	https://ronenglish-archive.github.io/ron-english-nfts/area-54-cards-packs/images/Area%2054%20Cards%20-%20188%20-%20Gangrenous%20Blast.jpg	Area 54 Cards - 188 - Gangrenous Blast.jpg
Gangrenous Blast	189	=IMAGE("https://ronenglish-archive.github.io/ron-english-nfts/area-54-cards-packs/images/Area%2054%20Cards%20-%20189%20-%20Gangrenous%20Blast.jpg",4,160,110)	https://ronenglish-archive.github.io/ron-english-nfts/area-54-cards-packs/images/Area%2054%20Cards%20-%20189%20-%20Gangrenous%20Blast.jpg	Area 54 Cards - 189 - Gangrenous Blast.jpg
Orion Pod Slime	19	=IMAGE("https://ronenglish-archive.github.io/ron-english-nfts/area-54-cards-packs/images/Area%2054%20Cards%20-%2019%20-%20Orion%20Pod%20Slime.jpg",4,160,110)	https://ronenglish-archive.github.io/ron-english-nfts/area-54-cards-packs/images/Area%2054%20Cards%20-%2019%20-%20Orion%20Pod%20Slime.jpg	Area 54 Cards - 19 - Orion Pod Slime.jpg
Gangrenous Blast	190	=IMAGE("https://ronenglish-archive.github.io/ron-english-nfts/area-54-cards-packs/images/Area%2054%20Cards%20-%20190%20-%20Gangrenous%20Blast.jpg",4,160,110)	https://ronenglish-archive.github.io/ron-english-nfts/area-54-cards-packs/images/Area%2054%20Cards%20-%20190%20-%20Gangrenous%20Blast.jpg	Area 54 Cards - 190 - Gangrenous Blast.jpg
Gangrenous Blast	191	=IMAGE("https://ronenglish-archive.github.io/ron-english-nfts/area-54-cards-packs/images/Area%2054%20Cards%20-%20191%20-%20Gangrenous%20Blast.jpg",4,160,110)	https://ronenglish-archive.github.io/ron-english-nfts/area-54-cards-packs/images/Area%2054%20Cards%20-%20191%20-%20Gangrenous%20Blast.jpg	Area 54 Cards - 191 - Gangrenous Blast.jpg
Gangrenous Blast	192	=IMAGE("https://ronenglish-archive.github.io/ron-english-nfts/area-54-cards-packs/images/Area%2054%20Cards%20-%20192%20-%20Gangrenous%20Blast.jpg",4,160,110)	https://ronenglish-archive.github.io/ron-english-nfts/area-54-cards-packs/images/Area%2054%20Cards%20-%20192%20-%20Gangrenous%20Blast.jpg	Area 54 Cards - 192 - Gangrenous Blast.jpg
Zonk Temulent	193	=IMAGE("https://ronenglish-archive.github.io/ron-english-nfts/area-54-cards-packs/images/Area%2054%20Cards%20-%20193%20-%20Zonk%20Temulent.jpg",4,160,110)	https://ronenglish-archive.github.io/ron-english-nfts/area-54-cards-packs/images/Area%2054%20Cards%20-%20193%20-%20Zonk%20Temulent.jpg	Area 54 Cards - 193 - Zonk Temulent.jpg
Zonk Temulent	194	=IMAGE("https://ronenglish-archive.github.io/ron-english-nfts/area-54-cards-packs/images/Area%2054%20Cards%20-%20194%20-%20Zonk%20Temulent.jpg",4,160,110)	https://ronenglish-archive.github.io/ron-english-nfts/area-54-cards-packs/images/Area%2054%20Cards%20-%20194%20-%20Zonk%20Temulent.jpg	Area 54 Cards - 194 - Zonk Temulent.jpg
Zonk Temulent	195	=IMAGE("https://ronenglish-archive.github.io/ron-english-nfts/area-54-cards-packs/images/Area%2054%20Cards%20-%20195%20-%20Zonk%20Temulent.jpg",4,160,110)	https://ronenglish-archive.github.io/ron-english-nfts/area-54-cards-packs/images/Area%2054%20Cards%20-%20195%20-%20Zonk%20Temulent.jpg	Area 54 Cards - 195 - Zonk Temulent.jpg
Zonk Temulent	196	=IMAGE("https://ronenglish-archive.github.io/ron-english-nfts/area-54-cards-packs/images/Area%2054%20Cards%20-%20196%20-%20Zonk%20Temulent.jpg",4,160,110)	https://ronenglish-archive.github.io/ron-english-nfts/area-54-cards-packs/images/Area%2054%20Cards%20-%20196%20-%20Zonk%20Temulent.jpg	Area 54 Cards - 196 - Zonk Temulent.jpg
Zonk Temulent	197	=IMAGE("https://ronenglish-archive.github.io/ron-english-nfts/area-54-cards-packs/images/Area%2054%20Cards%20-%20197%20-%20Zonk%20Temulent.jpg",4,160,110)	https://ronenglish-archive.github.io/ron-english-nfts/area-54-cards-packs/images/Area%2054%20Cards%20-%20197%20-%20Zonk%20Temulent.jpg	Area 54 Cards - 197 - Zonk Temulent.jpg
Zonk Temulent	198	=IMAGE("https://ronenglish-archive.github.io/ron-english-nfts/area-54-cards-packs/images/Area%2054%20Cards%20-%20198%20-%20Zonk%20Temulent.jpg",4,160,110)	https://ronenglish-archive.github.io/ron-english-nfts/area-54-cards-packs/images/Area%2054%20Cards%20-%20198%20-%20Zonk%20Temulent.jpg	Area 54 Cards - 198 - Zonk Temulent.jpg
Zonk Temulent	199	=IMAGE("https://ronenglish-archive.github.io/ron-english-nfts/area-54-cards-packs/images/Area%2054%20Cards%20-%20199%20-%20Zonk%20Temulent.jpg",4,160,110)	https://ronenglish-archive.github.io/ron-english-nfts/area-54-cards-packs/images/Area%2054%20Cards%20-%20199%20-%20Zonk%20Temulent.jpg	Area 54 Cards - 199 - Zonk Temulent.jpg
DJ Alien Angel	2	=IMAGE("https://ronenglish-archive.github.io/ron-english-nfts/area-54-cards-packs/images/Area%2054%20Cards%20-%202%20-%20DJ%20Alien%20Angel.jpg",4,160,110)	https://ronenglish-archive.github.io/ron-english-nfts/area-54-cards-packs/images/Area%2054%20Cards%20-%202%20-%20DJ%20Alien%20Angel.jpg	Area 54 Cards - 2 - DJ Alien Angel.jpg
Gimme Unipig	20	=IMAGE("https://ronenglish-archive.github.io/ron-english-nfts/area-54-cards-packs/images/Area%2054%20Cards%20-%2020%20-%20Gimme%20Unipig.jpg",4,160,110)	https://ronenglish-archive.github.io/ron-english-nfts/area-54-cards-packs/images/Area%2054%20Cards%20-%2020%20-%20Gimme%20Unipig.jpg	Area 54 Cards - 20 - Gimme Unipig.jpg
Zonk Temulent	200	=IMAGE("https://ronenglish-archive.github.io/ron-english-nfts/area-54-cards-packs/images/Area%2054%20Cards%20-%20200%20-%20Zonk%20Temulent.jpg",4,160,110)	https://ronenglish-archive.github.io/ron-english-nfts/area-54-cards-packs/images/Area%2054%20Cards%20-%20200%20-%20Zonk%20Temulent.jpg	Area 54 Cards - 200 - Zonk Temulent.jpg
Zonk Temulent	201	=IMAGE("https://ronenglish-archive.github.io/ron-english-nfts/area-54-cards-packs/images/Area%2054%20Cards%20-%20201%20-%20Zonk%20Temulent.jpg",4,160,110)	https://ronenglish-archive.github.io/ron-english-nfts/area-54-cards-packs/images/Area%2054%20Cards%20-%20201%20-%20Zonk%20Temulent.jpg	Area 54 Cards - 201 - Zonk Temulent.jpg
Storm Thunder	202	=IMAGE("https://ronenglish-archive.github.io/ron-english-nfts/area-54-cards-packs/images/Area%2054%20Cards%20-%20202%20-%20Storm%20Thunder.jpg",4,160,110)	https://ronenglish-archive.github.io/ron-english-nfts/area-54-cards-packs/images/Area%2054%20Cards%20-%20202%20-%20Storm%20Thunder.jpg	Area 54 Cards - 202 - Storm Thunder.jpg
Storm Thunder	203	=IMAGE("https://ronenglish-archive.github.io/ron-english-nfts/area-54-cards-packs/images/Area%2054%20Cards%20-%20203%20-%20Storm%20Thunder.jpg",4,160,110)	https://ronenglish-archive.github.io/ron-english-nfts/area-54-cards-packs/images/Area%2054%20Cards%20-%20203%20-%20Storm%20Thunder.jpg	Area 54 Cards - 203 - Storm Thunder.jpg
Storm Thunder	204	=IMAGE("https://ronenglish-archive.github.io/ron-english-nfts/area-54-cards-packs/images/Area%2054%20Cards%20-%20204%20-%20Storm%20Thunder.jpg",4,160,110)	https://ronenglish-archive.github.io/ron-english-nfts/area-54-cards-packs/images/Area%2054%20Cards%20-%20204%20-%20Storm%20Thunder.jpg	Area 54 Cards - 204 - Storm Thunder.jpg
Storm Thunder	205	=IMAGE("https://ronenglish-archive.github.io/ron-english-nfts/area-54-cards-packs/images/Area%2054%20Cards%20-%20205%20-%20Storm%20Thunder.jpg",4,160,110)	https://ronenglish-archive.github.io/ron-english-nfts/area-54-cards-packs/images/Area%2054%20Cards%20-%20205%20-%20Storm%20Thunder.jpg	Area 54 Cards - 205 - Storm Thunder.jpg
Storm Thunder	206	=IMAGE("https://ronenglish-archive.github.io/ron-english-nfts/area-54-cards-packs/images/Area%2054%20Cards%20-%20206%20-%20Storm%20Thunder.jpg",4,160,110)	https://ronenglish-archive.github.io/ron-english-nfts/area-54-cards-packs/images/Area%2054%20Cards%20-%20206%20-%20Storm%20Thunder.jpg	Area 54 Cards - 206 - Storm Thunder.jpg
Storm Thunder	207	=IMAGE("https://ronenglish-archive.github.io/ron-english-nfts/area-54-cards-packs/images/Area%2054%20Cards%20-%20207%20-%20Storm%20Thunder.jpg",4,160,110)	https://ronenglish-archive.github.io/ron-english-nfts/area-54-cards-packs/images/Area%2054%20Cards%20-%20207%20-%20Storm%20Thunder.jpg	Area 54 Cards - 207 - Storm Thunder.jpg
Storm Thunder	208	=IMAGE("https://ronenglish-archive.github.io/ron-english-nfts/area-54-cards-packs/images/Area%2054%20Cards%20-%20208%20-%20Storm%20Thunder.jpg",4,160,110)	https://ronenglish-archive.github.io/ron-english-nfts/area-54-cards-packs/images/Area%2054%20Cards%20-%20208%20-%20Storm%20Thunder.jpg	Area 54 Cards - 208 - Storm Thunder.jpg
Storm Thunder	209	=IMAGE("https://ronenglish-archive.github.io/ron-english-nfts/area-54-cards-packs/images/Area%2054%20Cards%20-%20209%20-%20Storm%20Thunder.jpg",4,160,110)	https://ronenglish-archive.github.io/ron-english-nfts/area-54-cards-packs/images/Area%2054%20Cards%20-%20209%20-%20Storm%20Thunder.jpg	Area 54 Cards - 209 - Storm Thunder.jpg
Slo Mo UFO	21	=IMAGE("https://ronenglish-archive.github.io/ron-english-nfts/area-54-cards-packs/images/Area%2054%20Cards%20-%2021%20-%20Slo%20Mo%20UFO.jpg",4,160,110)	https://ronenglish-archive.github.io/ron-english-nfts/area-54-cards-packs/images/Area%2054%20Cards%20-%2021%20-%20Slo%20Mo%20UFO.jpg	Area 54 Cards - 21 - Slo Mo UFO.jpg
Storm Thunder	210	=IMAGE("https://ronenglish-archive.github.io/ron-english-nfts/area-54-cards-packs/images/Area%2054%20Cards%20-%20210%20-%20Storm%20Thunder.jpg",4,160,110)	https://ronenglish-archive.github.io/ron-english-nfts/area-54-cards-packs/images/Area%2054%20Cards%20-%20210%20-%20Storm%20Thunder.jpg	Area 54 Cards - 210 - Storm Thunder.jpg
Alexandrinus Reflection	211	=IMAGE("https://ronenglish-archive.github.io/ron-english-nfts/area-54-cards-packs/images/Area%2054%20Cards%20-%20211%20-%20Alexandrinus%20Reflection.jpg",4,160,110)	https://ronenglish-archive.github.io/ron-english-nfts/area-54-cards-packs/images/Area%2054%20Cards%20-%20211%20-%20Alexandrinus%20Reflection.jpg	Area 54 Cards - 211 - Alexandrinus Reflection.jpg
Alexandrinus Reflection	212	=IMAGE("https://ronenglish-archive.github.io/ron-english-nfts/area-54-cards-packs/images/Area%2054%20Cards%20-%20212%20-%20Alexandrinus%20Reflection.jpg",4,160,110)	https://ronenglish-archive.github.io/ron-english-nfts/area-54-cards-packs/images/Area%2054%20Cards%20-%20212%20-%20Alexandrinus%20Reflection.jpg	Area 54 Cards - 212 - Alexandrinus Reflection.jpg
Alexandrinus Reflection	213	=IMAGE("https://ronenglish-archive.github.io/ron-english-nfts/area-54-cards-packs/images/Area%2054%20Cards%20-%20213%20-%20Alexandrinus%20Reflection.jpg",4,160,110)	https://ronenglish-archive.github.io/ron-english-nfts/area-54-cards-packs/images/Area%2054%20Cards%20-%20213%20-%20Alexandrinus%20Reflection.jpg	Area 54 Cards - 213 - Alexandrinus Reflection.jpg
Alexandrinus Reflection	214	=IMAGE("https://ronenglish-archive.github.io/ron-english-nfts/area-54-cards-packs/images/Area%2054%20Cards%20-%20214%20-%20Alexandrinus%20Reflection.jpg",4,160,110)	https://ronenglish-archive.github.io/ron-english-nfts/area-54-cards-packs/images/Area%2054%20Cards%20-%20214%20-%20Alexandrinus%20Reflection.jpg	Area 54 Cards - 214 - Alexandrinus Reflection.jpg
Alexandrinus Reflection	215	=IMAGE("https://ronenglish-archive.github.io/ron-english-nfts/area-54-cards-packs/images/Area%2054%20Cards%20-%20215%20-%20Alexandrinus%20Reflection.jpg",4,160,110)	https://ronenglish-archive.github.io/ron-english-nfts/area-54-cards-packs/images/Area%2054%20Cards%20-%20215%20-%20Alexandrinus%20Reflection.jpg	Area 54 Cards - 215 - Alexandrinus Reflection.jpg
Alexandrinus Reflection	216	=IMAGE("https://ronenglish-archive.github.io/ron-english-nfts/area-54-cards-packs/images/Area%2054%20Cards%20-%20216%20-%20Alexandrinus%20Reflection.jpg",4,160,110)	https://ronenglish-archive.github.io/ron-english-nfts/area-54-cards-packs/images/Area%2054%20Cards%20-%20216%20-%20Alexandrinus%20Reflection.jpg	Area 54 Cards - 216 - Alexandrinus Reflection.jpg
Alexandrinus Reflection	217	=IMAGE("https://ronenglish-archive.github.io/ron-english-nfts/area-54-cards-packs/images/Area%2054%20Cards%20-%20217%20-%20Alexandrinus%20Reflection.jpg",4,160,110)	https://ronenglish-archive.github.io/ron-english-nfts/area-54-cards-packs/images/Area%2054%20Cards%20-%20217%20-%20Alexandrinus%20Reflection.jpg	Area 54 Cards - 217 - Alexandrinus Reflection.jpg
Alexandrinus Reflection	218	=IMAGE("https://ronenglish-archive.github.io/ron-english-nfts/area-54-cards-packs/images/Area%2054%20Cards%20-%20218%20-%20Alexandrinus%20Reflection.jpg",4,160,110)	https://ronenglish-archive.github.io/ron-english-nfts/area-54-cards-packs/images/Area%2054%20Cards%20-%20218%20-%20Alexandrinus%20Reflection.jpg	Area 54 Cards - 218 - Alexandrinus Reflection.jpg
Alexandrinus Reflection	219	=IMAGE("https://ronenglish-archive.github.io/ron-english-nfts/area-54-cards-packs/images/Area%2054%20Cards%20-%20219%20-%20Alexandrinus%20Reflection.jpg",4,160,110)	https://ronenglish-archive.github.io/ron-english-nfts/area-54-cards-packs/images/Area%2054%20Cards%20-%20219%20-%20Alexandrinus%20Reflection.jpg	Area 54 Cards - 219 - Alexandrinus Reflection.jpg
Goldie Aquanaut	22	=IMAGE("https://ronenglish-archive.github.io/ron-english-nfts/area-54-cards-packs/images/Area%2054%20Cards%20-%2022%20-%20Goldie%20Aquanaut.jpg",4,160,110)	https://ronenglish-archive.github.io/ron-english-nfts/area-54-cards-packs/images/Area%2054%20Cards%20-%2022%20-%20Goldie%20Aquanaut.jpg	Area 54 Cards - 22 - Goldie Aquanaut.jpg
Extratron Gallexyz	220	=IMAGE("https://ronenglish-archive.github.io/ron-english-nfts/area-54-cards-packs/images/Area%2054%20Cards%20-%20220%20-%20Extratron%20Gallexyz.jpg",4,160,110)	https://ronenglish-archive.github.io/ron-english-nfts/area-54-cards-packs/images/Area%2054%20Cards%20-%20220%20-%20Extratron%20Gallexyz.jpg	Area 54 Cards - 220 - Extratron Gallexyz.jpg
Extratron Gallexyz	221	=IMAGE("https://ronenglish-archive.github.io/ron-english-nfts/area-54-cards-packs/images/Area%2054%20Cards%20-%20221%20-%20Extratron%20Gallexyz.jpg",4,160,110)	https://ronenglish-archive.github.io/ron-english-nfts/area-54-cards-packs/images/Area%2054%20Cards%20-%20221%20-%20Extratron%20Gallexyz.jpg	Area 54 Cards - 221 - Extratron Gallexyz.jpg
Extratron Gallexyz	222	=IMAGE("https://ronenglish-archive.github.io/ron-english-nfts/area-54-cards-packs/images/Area%2054%20Cards%20-%20222%20-%20Extratron%20Gallexyz.jpg",4,160,110)	https://ronenglish-archive.github.io/ron-english-nfts/area-54-cards-packs/images/Area%2054%20Cards%20-%20222%20-%20Extratron%20Gallexyz.jpg	Area 54 Cards - 222 - Extratron Gallexyz.jpg
Extratron Gallexyz	223	=IMAGE("https://ronenglish-archive.github.io/ron-english-nfts/area-54-cards-packs/images/Area%2054%20Cards%20-%20223%20-%20Extratron%20Gallexyz.jpg",4,160,110)	https://ronenglish-archive.github.io/ron-english-nfts/area-54-cards-packs/images/Area%2054%20Cards%20-%20223%20-%20Extratron%20Gallexyz.jpg	Area 54 Cards - 223 - Extratron Gallexyz.jpg
Extratron Gallexyz24	224	=IMAGE("https://ronenglish-archive.github.io/ron-english-nfts/area-54-cards-packs/images/Area%2054%20Cards%20-%20224%20-%20Extratron%20Gallexyz24.jpg",4,160,110)	https://ronenglish-archive.github.io/ron-english-nfts/area-54-cards-packs/images/Area%2054%20Cards%20-%20224%20-%20Extratron%20Gallexyz24.jpg	Area 54 Cards - 224 - Extratron Gallexyz24.jpg
Extratron Gallexyz	225	=IMAGE("https://ronenglish-archive.github.io/ron-english-nfts/area-54-cards-packs/images/Area%2054%20Cards%20-%20225%20-%20Extratron%20Gallexyz.jpg",4,160,110)	https://ronenglish-archive.github.io/ron-english-nfts/area-54-cards-packs/images/Area%2054%20Cards%20-%20225%20-%20Extratron%20Gallexyz.jpg	Area 54 Cards - 225 - Extratron Gallexyz.jpg
Extratron Gallexyz	226	=IMAGE("https://ronenglish-archive.github.io/ron-english-nfts/area-54-cards-packs/images/Area%2054%20Cards%20-%20226%20-%20Extratron%20Gallexyz.jpg",4,160,110)	https://ronenglish-archive.github.io/ron-english-nfts/area-54-cards-packs/images/Area%2054%20Cards%20-%20226%20-%20Extratron%20Gallexyz.jpg	Area 54 Cards - 226 - Extratron Gallexyz.jpg
Extratron Gallexyz	227	=IMAGE("https://ronenglish-archive.github.io/ron-english-nfts/area-54-cards-packs/images/Area%2054%20Cards%20-%20227%20-%20Extratron%20Gallexyz.jpg",4,160,110)	https://ronenglish-archive.github.io/ron-english-nfts/area-54-cards-packs/images/Area%2054%20Cards%20-%20227%20-%20Extratron%20Gallexyz.jpg	Area 54 Cards - 227 - Extratron Gallexyz.jpg
Extratron Gallexyz	228	=IMAGE("https://ronenglish-archive.github.io/ron-english-nfts/area-54-cards-packs/images/Area%2054%20Cards%20-%20228%20-%20Extratron%20Gallexyz.jpg",4,160,110)	https://ronenglish-archive.github.io/ron-english-nfts/area-54-cards-packs/images/Area%2054%20Cards%20-%20228%20-%20Extratron%20Gallexyz.jpg	Area 54 Cards - 228 - Extratron Gallexyz.jpg
Fetal Fraxulus	229	=IMAGE("https://ronenglish-archive.github.io/ron-english-nfts/area-54-cards-packs/images/Area%2054%20Cards%20-%20229%20-%20Fetal%20Fraxulus.jpg",4,160,110)	https://ronenglish-archive.github.io/ron-english-nfts/area-54-cards-packs/images/Area%2054%20Cards%20-%20229%20-%20Fetal%20Fraxulus.jpg	Area 54 Cards - 229 - Fetal Fraxulus.jpg
Triclopsian	23	=IMAGE("https://ronenglish-archive.github.io/ron-english-nfts/area-54-cards-packs/images/Area%2054%20Cards%20-%2023%20-%20Triclopsian.jpg",4,160,110)	https://ronenglish-archive.github.io/ron-english-nfts/area-54-cards-packs/images/Area%2054%20Cards%20-%2023%20-%20Triclopsian.jpg	Area 54 Cards - 23 - Triclopsian.jpg
Fetal Fraxulus	230	=IMAGE("https://ronenglish-archive.github.io/ron-english-nfts/area-54-cards-packs/images/Area%2054%20Cards%20-%20230%20-%20Fetal%20Fraxulus.jpg",4,160,110)	https://ronenglish-archive.github.io/ron-english-nfts/area-54-cards-packs/images/Area%2054%20Cards%20-%20230%20-%20Fetal%20Fraxulus.jpg	Area 54 Cards - 230 - Fetal Fraxulus.jpg
Fetal Fraxulus	231	=IMAGE("https://ronenglish-archive.github.io/ron-english-nfts/area-54-cards-packs/images/Area%2054%20Cards%20-%20231%20-%20Fetal%20Fraxulus.jpg",4,160,110)	https://ronenglish-archive.github.io/ron-english-nfts/area-54-cards-packs/images/Area%2054%20Cards%20-%20231%20-%20Fetal%20Fraxulus.jpg	Area 54 Cards - 231 - Fetal Fraxulus.jpg
Fetal Fraxulus	232	=IMAGE("https://ronenglish-archive.github.io/ron-english-nfts/area-54-cards-packs/images/Area%2054%20Cards%20-%20232%20-%20Fetal%20Fraxulus.jpg",4,160,110)	https://ronenglish-archive.github.io/ron-english-nfts/area-54-cards-packs/images/Area%2054%20Cards%20-%20232%20-%20Fetal%20Fraxulus.jpg	Area 54 Cards - 232 - Fetal Fraxulus.jpg
Fetal Fraxulus	233	=IMAGE("https://ronenglish-archive.github.io/ron-english-nfts/area-54-cards-packs/images/Area%2054%20Cards%20-%20233%20-%20Fetal%20Fraxulus.jpg",4,160,110)	https://ronenglish-archive.github.io/ron-english-nfts/area-54-cards-packs/images/Area%2054%20Cards%20-%20233%20-%20Fetal%20Fraxulus.jpg	Area 54 Cards - 233 - Fetal Fraxulus.jpg
Fetal Fraxulus	234	=IMAGE("https://ronenglish-archive.github.io/ron-english-nfts/area-54-cards-packs/images/Area%2054%20Cards%20-%20234%20-%20Fetal%20Fraxulus.jpg",4,160,110)	https://ronenglish-archive.github.io/ron-english-nfts/area-54-cards-packs/images/Area%2054%20Cards%20-%20234%20-%20Fetal%20Fraxulus.jpg	Area 54 Cards - 234 - Fetal Fraxulus.jpg
Fetal Fraxulus	235	=IMAGE("https://ronenglish-archive.github.io/ron-english-nfts/area-54-cards-packs/images/Area%2054%20Cards%20-%20235%20-%20Fetal%20Fraxulus.jpg",4,160,110)	https://ronenglish-archive.github.io/ron-english-nfts/area-54-cards-packs/images/Area%2054%20Cards%20-%20235%20-%20Fetal%20Fraxulus.jpg	Area 54 Cards - 235 - Fetal Fraxulus.jpg
Fetal Fraxulus	236	=IMAGE("https://ronenglish-archive.github.io/ron-english-nfts/area-54-cards-packs/images/Area%2054%20Cards%20-%20236%20-%20Fetal%20Fraxulus.jpg",4,160,110)	https://ronenglish-archive.github.io/ron-english-nfts/area-54-cards-packs/images/Area%2054%20Cards%20-%20236%20-%20Fetal%20Fraxulus.jpg	Area 54 Cards - 236 - Fetal Fraxulus.jpg
Fetal Fraxulus	237	=IMAGE("https://ronenglish-archive.github.io/ron-english-nfts/area-54-cards-packs/images/Area%2054%20Cards%20-%20237%20-%20Fetal%20Fraxulus.jpg",4,160,110)	https://ronenglish-archive.github.io/ron-english-nfts/area-54-cards-packs/images/Area%2054%20Cards%20-%20237%20-%20Fetal%20Fraxulus.jpg	Area 54 Cards - 237 - Fetal Fraxulus.jpg
Mystical Visitor	238	=IMAGE("https://ronenglish-archive.github.io/ron-english-nfts/area-54-cards-packs/images/Area%2054%20Cards%20-%20238%20-%20Mystical%20Visitor.jpg",4,160,110)	https://ronenglish-archive.github.io/ron-english-nfts/area-54-cards-packs/images/Area%2054%20Cards%20-%20238%20-%20Mystical%20Visitor.jpg	Area 54 Cards - 238 - Mystical Visitor.jpg
Mystical Visitor	239	=IMAGE("https://ronenglish-archive.github.io/ron-english-nfts/area-54-cards-packs/images/Area%2054%20Cards%20-%20239%20-%20Mystical%20Visitor.jpg",4,160,110)	https://ronenglish-archive.github.io/ron-english-nfts/area-54-cards-packs/images/Area%2054%20Cards%20-%20239%20-%20Mystical%20Visitor.jpg	Area 54 Cards - 239 - Mystical Visitor.jpg
Snailien King	24	=IMAGE("https://ronenglish-archive.github.io/ron-english-nfts/area-54-cards-packs/images/Area%2054%20Cards%20-%2024%20-%20Snailien%20King.jpg",4,160,110)	https://ronenglish-archive.github.io/ron-english-nfts/area-54-cards-packs/images/Area%2054%20Cards%20-%2024%20-%20Snailien%20King.jpg	Area 54 Cards - 24 - Snailien King.jpg
Mystical Visitor	240	=IMAGE("https://ronenglish-archive.github.io/ron-english-nfts/area-54-cards-packs/images/Area%2054%20Cards%20-%20240%20-%20Mystical%20Visitor.jpg",4,160,110)	https://ronenglish-archive.github.io/ron-english-nfts/area-54-cards-packs/images/Area%2054%20Cards%20-%20240%20-%20Mystical%20Visitor.jpg	Area 54 Cards - 240 - Mystical Visitor.jpg
Mystical Visitor	241	=IMAGE("https://ronenglish-archive.github.io/ron-english-nfts/area-54-cards-packs/images/Area%2054%20Cards%20-%20241%20-%20Mystical%20Visitor.jpg",4,160,110)	https://ronenglish-archive.github.io/ron-english-nfts/area-54-cards-packs/images/Area%2054%20Cards%20-%20241%20-%20Mystical%20Visitor.jpg	Area 54 Cards - 241 - Mystical Visitor.jpg
Mystical Visitor	242	=IMAGE("https://ronenglish-archive.github.io/ron-english-nfts/area-54-cards-packs/images/Area%2054%20Cards%20-%20242%20-%20Mystical%20Visitor.jpg",4,160,110)	https://ronenglish-archive.github.io/ron-english-nfts/area-54-cards-packs/images/Area%2054%20Cards%20-%20242%20-%20Mystical%20Visitor.jpg	Area 54 Cards - 242 - Mystical Visitor.jpg
Mystical Visitor	243	=IMAGE("https://ronenglish-archive.github.io/ron-english-nfts/area-54-cards-packs/images/Area%2054%20Cards%20-%20243%20-%20Mystical%20Visitor.jpg",4,160,110)	https://ronenglish-archive.github.io/ron-english-nfts/area-54-cards-packs/images/Area%2054%20Cards%20-%20243%20-%20Mystical%20Visitor.jpg	Area 54 Cards - 243 - Mystical Visitor.jpg
Mystical Visitor	244	=IMAGE("https://ronenglish-archive.github.io/ron-english-nfts/area-54-cards-packs/images/Area%2054%20Cards%20-%20244%20-%20Mystical%20Visitor.jpg",4,160,110)	https://ronenglish-archive.github.io/ron-english-nfts/area-54-cards-packs/images/Area%2054%20Cards%20-%20244%20-%20Mystical%20Visitor.jpg	Area 54 Cards - 244 - Mystical Visitor.jpg
Mystical Visitor	245	=IMAGE("https://ronenglish-archive.github.io/ron-english-nfts/area-54-cards-packs/images/Area%2054%20Cards%20-%20245%20-%20Mystical%20Visitor.jpg",4,160,110)	https://ronenglish-archive.github.io/ron-english-nfts/area-54-cards-packs/images/Area%2054%20Cards%20-%20245%20-%20Mystical%20Visitor.jpg	Area 54 Cards - 245 - Mystical Visitor.jpg
Mystical Visitor	246	=IMAGE("https://ronenglish-archive.github.io/ron-english-nfts/area-54-cards-packs/images/Area%2054%20Cards%20-%20246%20-%20Mystical%20Visitor.jpg",4,160,110)	https://ronenglish-archive.github.io/ron-english-nfts/area-54-cards-packs/images/Area%2054%20Cards%20-%20246%20-%20Mystical%20Visitor.jpg	Area 54 Cards - 246 - Mystical Visitor.jpg
Fetal Deceit Phil	247	=IMAGE("https://ronenglish-archive.github.io/ron-english-nfts/area-54-cards-packs/images/Area%2054%20Cards%20-%20247%20-%20Fetal%20Deceit%20Phil.jpg",4,160,110)	https://ronenglish-archive.github.io/ron-english-nfts/area-54-cards-packs/images/Area%2054%20Cards%20-%20247%20-%20Fetal%20Deceit%20Phil.jpg	Area 54 Cards - 247 - Fetal Deceit Phil.jpg
Fetal Deceit Phil	248	=IMAGE("https://ronenglish-archive.github.io/ron-english-nfts/area-54-cards-packs/images/Area%2054%20Cards%20-%20248%20-%20Fetal%20Deceit%20Phil.jpg",4,160,110)	https://ronenglish-archive.github.io/ron-english-nfts/area-54-cards-packs/images/Area%2054%20Cards%20-%20248%20-%20Fetal%20Deceit%20Phil.jpg	Area 54 Cards - 248 - Fetal Deceit Phil.jpg
Fetal Deceit Phil	249	=IMAGE("https://ronenglish-archive.github.io/ron-english-nfts/area-54-cards-packs/images/Area%2054%20Cards%20-%20249%20-%20Fetal%20Deceit%20Phil.jpg",4,160,110)	https://ronenglish-archive.github.io/ron-english-nfts/area-54-cards-packs/images/Area%2054%20Cards%20-%20249%20-%20Fetal%20Deceit%20Phil.jpg	Area 54 Cards - 249 - Fetal Deceit Phil.jpg
Grinnie Martian	25	=IMAGE("https://ronenglish-archive.github.io/ron-english-nfts/area-54-cards-packs/images/Area%2054%20Cards%20-%2025%20-%20Grinnie%20Martian.jpg",4,160,110)	https://ronenglish-archive.github.io/ron-english-nfts/area-54-cards-packs/images/Area%2054%20Cards%20-%2025%20-%20Grinnie%20Martian.jpg	Area 54 Cards - 25 - Grinnie Martian.jpg
Fetal Deceit Phil	250	=IMAGE("https://ronenglish-archive.github.io/ron-english-nfts/area-54-cards-packs/images/Area%2054%20Cards%20-%20250%20-%20Fetal%20Deceit%20Phil.jpg",4,160,110)	https://ronenglish-archive.github.io/ron-english-nfts/area-54-cards-packs/images/Area%2054%20Cards%20-%20250%20-%20Fetal%20Deceit%20Phil.jpg	Area 54 Cards - 250 - Fetal Deceit Phil.jpg
Fetal Deceit Phil	251	=IMAGE("https://ronenglish-archive.github.io/ron-english-nfts/area-54-cards-packs/images/Area%2054%20Cards%20-%20251%20-%20Fetal%20Deceit%20Phil.jpg",4,160,110)	https://ronenglish-archive.github.io/ron-english-nfts/area-54-cards-packs/images/Area%2054%20Cards%20-%20251%20-%20Fetal%20Deceit%20Phil.jpg	Area 54 Cards - 251 - Fetal Deceit Phil.jpg
Fetal Deceit Phil	252	=IMAGE("https://ronenglish-archive.github.io/ron-english-nfts/area-54-cards-packs/images/Area%2054%20Cards%20-%20252%20-%20Fetal%20Deceit%20Phil.jpg",4,160,110)	https://ronenglish-archive.github.io/ron-english-nfts/area-54-cards-packs/images/Area%2054%20Cards%20-%20252%20-%20Fetal%20Deceit%20Phil.jpg	Area 54 Cards - 252 - Fetal Deceit Phil.jpg
Fetal Deceit Phil	253	=IMAGE("https://ronenglish-archive.github.io/ron-english-nfts/area-54-cards-packs/images/Area%2054%20Cards%20-%20253%20-%20Fetal%20Deceit%20Phil.jpg",4,160,110)	https://ronenglish-archive.github.io/ron-english-nfts/area-54-cards-packs/images/Area%2054%20Cards%20-%20253%20-%20Fetal%20Deceit%20Phil.jpg	Area 54 Cards - 253 - Fetal Deceit Phil.jpg
Fetal Deceit Phil	254	=IMAGE("https://ronenglish-archive.github.io/ron-english-nfts/area-54-cards-packs/images/Area%2054%20Cards%20-%20254%20-%20Fetal%20Deceit%20Phil.jpg",4,160,110)	https://ronenglish-archive.github.io/ron-english-nfts/area-54-cards-packs/images/Area%2054%20Cards%20-%20254%20-%20Fetal%20Deceit%20Phil.jpg	Area 54 Cards - 254 - Fetal Deceit Phil.jpg
Fetal Deceit Phil	255	=IMAGE("https://ronenglish-archive.github.io/ron-english-nfts/area-54-cards-packs/images/Area%2054%20Cards%20-%20255%20-%20Fetal%20Deceit%20Phil.jpg",4,160,110)	https://ronenglish-archive.github.io/ron-english-nfts/area-54-cards-packs/images/Area%2054%20Cards%20-%20255%20-%20Fetal%20Deceit%20Phil.jpg	Area 54 Cards - 255 - Fetal Deceit Phil.jpg
Astral Galexic	256	=IMAGE("https://ronenglish-archive.github.io/ron-english-nfts/area-54-cards-packs/images/Area%2054%20Cards%20-%20256%20-%20Astral%20Galexic.jpg",4,160,110)	https://ronenglish-archive.github.io/ron-english-nfts/area-54-cards-packs/images/Area%2054%20Cards%20-%20256%20-%20Astral%20Galexic.jpg	Area 54 Cards - 256 - Astral Galexic.jpg
Galexic	257	=IMAGE("https://ronenglish-archive.github.io/ron-english-nfts/area-54-cards-packs/images/Area%2054%20Cards%20-%20257%20-%20Galexic.jpg",4,160,110)	https://ronenglish-archive.github.io/ron-english-nfts/area-54-cards-packs/images/Area%2054%20Cards%20-%20257%20-%20Galexic.jpg	Area 54 Cards - 257 - Galexic.jpg
Astral Galexic	258	=IMAGE("https://ronenglish-archive.github.io/ron-english-nfts/area-54-cards-packs/images/Area%2054%20Cards%20-%20258%20-%20Astral%20Galexic.jpg",4,160,110)	https://ronenglish-archive.github.io/ron-english-nfts/area-54-cards-packs/images/Area%2054%20Cards%20-%20258%20-%20Astral%20Galexic.jpg	Area 54 Cards - 258 - Astral Galexic.jpg
Astral Galexic	259	=IMAGE("https://ronenglish-archive.github.io/ron-english-nfts/area-54-cards-packs/images/Area%2054%20Cards%20-%20259%20-%20Astral%20Galexic.jpg",4,160,110)	https://ronenglish-archive.github.io/ron-english-nfts/area-54-cards-packs/images/Area%2054%20Cards%20-%20259%20-%20Astral%20Galexic.jpg	Area 54 Cards - 259 - Astral Galexic.jpg
Grinnie Martian	26	=IMAGE("https://ronenglish-archive.github.io/ron-english-nfts/area-54-cards-packs/images/Area%2054%20Cards%20-%2026%20-%20Grinnie%20Martian.jpg",4,160,110)	https://ronenglish-archive.github.io/ron-english-nfts/area-54-cards-packs/images/Area%2054%20Cards%20-%2026%20-%20Grinnie%20Martian.jpg	Area 54 Cards - 26 - Grinnie Martian.jpg
Astral Galexic	260	=IMAGE("https://ronenglish-archive.github.io/ron-english-nfts/area-54-cards-packs/images/Area%2054%20Cards%20-%20260%20-%20Astral%20Galexic.jpg",4,160,110)	https://ronenglish-archive.github.io/ron-english-nfts/area-54-cards-packs/images/Area%2054%20Cards%20-%20260%20-%20Astral%20Galexic.jpg	Area 54 Cards - 260 - Astral Galexic.jpg
Astral Galexic	261	=IMAGE("https://ronenglish-archive.github.io/ron-english-nfts/area-54-cards-packs/images/Area%2054%20Cards%20-%20261%20-%20Astral%20Galexic.jpg",4,160,110)	https://ronenglish-archive.github.io/ron-english-nfts/area-54-cards-packs/images/Area%2054%20Cards%20-%20261%20-%20Astral%20Galexic.jpg	Area 54 Cards - 261 - Astral Galexic.jpg
Astral Galexic	262	=IMAGE("https://ronenglish-archive.github.io/ron-english-nfts/area-54-cards-packs/images/Area%2054%20Cards%20-%20262%20-%20Astral%20Galexic.jpg",4,160,110)	https://ronenglish-archive.github.io/ron-english-nfts/area-54-cards-packs/images/Area%2054%20Cards%20-%20262%20-%20Astral%20Galexic.jpg	Area 54 Cards - 262 - Astral Galexic.jpg
Astral Galexic	263	=IMAGE("https://ronenglish-archive.github.io/ron-english-nfts/area-54-cards-packs/images/Area%2054%20Cards%20-%20263%20-%20Astral%20Galexic.jpg",4,160,110)	https://ronenglish-archive.github.io/ron-english-nfts/area-54-cards-packs/images/Area%2054%20Cards%20-%20263%20-%20Astral%20Galexic.jpg	Area 54 Cards - 263 - Astral Galexic.jpg
Astral Galexic	264	=IMAGE("https://ronenglish-archive.github.io/ron-english-nfts/area-54-cards-packs/images/Area%2054%20Cards%20-%20264%20-%20Astral%20Galexic.jpg",4,160,110)	https://ronenglish-archive.github.io/ron-english-nfts/area-54-cards-packs/images/Area%2054%20Cards%20-%20264%20-%20Astral%20Galexic.jpg	Area 54 Cards - 264 - Astral Galexic.jpg
Elexacon Angel	265	=IMAGE("https://ronenglish-archive.github.io/ron-english-nfts/area-54-cards-packs/images/Area%2054%20Cards%20-%20265%20-%20Elexacon%20Angel.jpg",4,160,110)	https://ronenglish-archive.github.io/ron-english-nfts/area-54-cards-packs/images/Area%2054%20Cards%20-%20265%20-%20Elexacon%20Angel.jpg	Area 54 Cards - 265 - Elexacon Angel.jpg
Elexacon Angel	266	=IMAGE("https://ronenglish-archive.github.io/ron-english-nfts/area-54-cards-packs/images/Area%2054%20Cards%20-%20266%20-%20Elexacon%20Angel.jpg",4,160,110)	https://ronenglish-archive.github.io/ron-english-nfts/area-54-cards-packs/images/Area%2054%20Cards%20-%20266%20-%20Elexacon%20Angel.jpg	Area 54 Cards - 266 - Elexacon Angel.jpg
Elexacon Angel	267	=IMAGE("https://ronenglish-archive.github.io/ron-english-nfts/area-54-cards-packs/images/Area%2054%20Cards%20-%20267%20-%20Elexacon%20Angel.jpg",4,160,110)	https://ronenglish-archive.github.io/ron-english-nfts/area-54-cards-packs/images/Area%2054%20Cards%20-%20267%20-%20Elexacon%20Angel.jpg	Area 54 Cards - 267 - Elexacon Angel.jpg
Elexacon Angel	268	=IMAGE("https://ronenglish-archive.github.io/ron-english-nfts/area-54-cards-packs/images/Area%2054%20Cards%20-%20268%20-%20Elexacon%20Angel.jpg",4,160,110)	https://ronenglish-archive.github.io/ron-english-nfts/area-54-cards-packs/images/Area%2054%20Cards%20-%20268%20-%20Elexacon%20Angel.jpg	Area 54 Cards - 268 - Elexacon Angel.jpg
Elexacon Angel	269	=IMAGE("https://ronenglish-archive.github.io/ron-english-nfts/area-54-cards-packs/images/Area%2054%20Cards%20-%20269%20-%20Elexacon%20Angel.jpg",4,160,110)	https://ronenglish-archive.github.io/ron-english-nfts/area-54-cards-packs/images/Area%2054%20Cards%20-%20269%20-%20Elexacon%20Angel.jpg	Area 54 Cards - 269 - Elexacon Angel.jpg
Grinnie Martian	27	=IMAGE("https://ronenglish-archive.github.io/ron-english-nfts/area-54-cards-packs/images/Area%2054%20Cards%20-%2027%20-%20Grinnie%20Martian.jpg",4,160,110)	https://ronenglish-archive.github.io/ron-english-nfts/area-54-cards-packs/images/Area%2054%20Cards%20-%2027%20-%20Grinnie%20Martian.jpg	Area 54 Cards - 27 - Grinnie Martian.jpg
Elexacon Angel	270	=IMAGE("https://ronenglish-archive.github.io/ron-english-nfts/area-54-cards-packs/images/Area%2054%20Cards%20-%20270%20-%20Elexacon%20Angel.jpg",4,160,110)	https://ronenglish-archive.github.io/ron-english-nfts/area-54-cards-packs/images/Area%2054%20Cards%20-%20270%20-%20Elexacon%20Angel.jpg	Area 54 Cards - 270 - Elexacon Angel.jpg
Elexacon Angel	271	=IMAGE("https://ronenglish-archive.github.io/ron-english-nfts/area-54-cards-packs/images/Area%2054%20Cards%20-%20271%20-%20Elexacon%20Angel.jpg",4,160,110)	https://ronenglish-archive.github.io/ron-english-nfts/area-54-cards-packs/images/Area%2054%20Cards%20-%20271%20-%20Elexacon%20Angel.jpg	Area 54 Cards - 271 - Elexacon Angel.jpg
Elexacon Angel	272	=IMAGE("https://ronenglish-archive.github.io/ron-english-nfts/area-54-cards-packs/images/Area%2054%20Cards%20-%20272%20-%20Elexacon%20Angel.jpg",4,160,110)	https://ronenglish-archive.github.io/ron-english-nfts/area-54-cards-packs/images/Area%2054%20Cards%20-%20272%20-%20Elexacon%20Angel.jpg	Area 54 Cards - 272 - Elexacon Angel.jpg
Elexacon Angel	273	=IMAGE("https://ronenglish-archive.github.io/ron-english-nfts/area-54-cards-packs/images/Area%2054%20Cards%20-%20273%20-%20Elexacon%20Angel.jpg",4,160,110)	https://ronenglish-archive.github.io/ron-english-nfts/area-54-cards-packs/images/Area%2054%20Cards%20-%20273%20-%20Elexacon%20Angel.jpg	Area 54 Cards - 273 - Elexacon Angel.jpg
Vulcan Vortex	274	=IMAGE("https://ronenglish-archive.github.io/ron-english-nfts/area-54-cards-packs/images/Area%2054%20Cards%20-%20274%20-%20Vulcan%20Vortex.jpg",4,160,110)	https://ronenglish-archive.github.io/ron-english-nfts/area-54-cards-packs/images/Area%2054%20Cards%20-%20274%20-%20Vulcan%20Vortex.jpg	Area 54 Cards - 274 - Vulcan Vortex.jpg
Vulcan Vortex	275	=IMAGE("https://ronenglish-archive.github.io/ron-english-nfts/area-54-cards-packs/images/Area%2054%20Cards%20-%20275%20-%20Vulcan%20Vortex.jpg",4,160,110)	https://ronenglish-archive.github.io/ron-english-nfts/area-54-cards-packs/images/Area%2054%20Cards%20-%20275%20-%20Vulcan%20Vortex.jpg	Area 54 Cards - 275 - Vulcan Vortex.jpg
Vulcan Vortex	276	=IMAGE("https://ronenglish-archive.github.io/ron-english-nfts/area-54-cards-packs/images/Area%2054%20Cards%20-%20276%20-%20Vulcan%20Vortex.jpg",4,160,110)	https://ronenglish-archive.github.io/ron-english-nfts/area-54-cards-packs/images/Area%2054%20Cards%20-%20276%20-%20Vulcan%20Vortex.jpg	Area 54 Cards - 276 - Vulcan Vortex.jpg
Vulcan Vortex	277	=IMAGE("https://ronenglish-archive.github.io/ron-english-nfts/area-54-cards-packs/images/Area%2054%20Cards%20-%20277%20-%20Vulcan%20Vortex.jpg",4,160,110)	https://ronenglish-archive.github.io/ron-english-nfts/area-54-cards-packs/images/Area%2054%20Cards%20-%20277%20-%20Vulcan%20Vortex.jpg	Area 54 Cards - 277 - Vulcan Vortex.jpg
Vulcan Vortex	278	=IMAGE("https://ronenglish-archive.github.io/ron-english-nfts/area-54-cards-packs/images/Area%2054%20Cards%20-%20278%20-%20Vulcan%20Vortex.jpg",4,160,110)	https://ronenglish-archive.github.io/ron-english-nfts/area-54-cards-packs/images/Area%2054%20Cards%20-%20278%20-%20Vulcan%20Vortex.jpg	Area 54 Cards - 278 - Vulcan Vortex.jpg
Vulcan Vortex	279	=IMAGE("https://ronenglish-archive.github.io/ron-english-nfts/area-54-cards-packs/images/Area%2054%20Cards%20-%20279%20-%20Vulcan%20Vortex.jpg",4,160,110)	https://ronenglish-archive.github.io/ron-english-nfts/area-54-cards-packs/images/Area%2054%20Cards%20-%20279%20-%20Vulcan%20Vortex.jpg	Area 54 Cards - 279 - Vulcan Vortex.jpg
Grinnie Martian	28	=IMAGE("https://ronenglish-archive.github.io/ron-english-nfts/area-54-cards-packs/images/Area%2054%20Cards%20-%2028%20-%20Grinnie%20Martian.jpg",4,160,110)	https://ronenglish-archive.github.io/ron-english-nfts/area-54-cards-packs/images/Area%2054%20Cards%20-%2028%20-%20Grinnie%20Martian.jpg	Area 54 Cards - 28 - Grinnie Martian.jpg
Vulcan Vortex	280	=IMAGE("https://ronenglish-archive.github.io/ron-english-nfts/area-54-cards-packs/images/Area%2054%20Cards%20-%20280%20-%20Vulcan%20Vortex.jpg",4,160,110)	https://ronenglish-archive.github.io/ron-english-nfts/area-54-cards-packs/images/Area%2054%20Cards%20-%20280%20-%20Vulcan%20Vortex.jpg	Area 54 Cards - 280 - Vulcan Vortex.jpg
Vulcan Vortex	281	=IMAGE("https://ronenglish-archive.github.io/ron-english-nfts/area-54-cards-packs/images/Area%2054%20Cards%20-%20281%20-%20Vulcan%20Vortex.jpg",4,160,110)	https://ronenglish-archive.github.io/ron-english-nfts/area-54-cards-packs/images/Area%2054%20Cards%20-%20281%20-%20Vulcan%20Vortex.jpg	Area 54 Cards - 281 - Vulcan Vortex.jpg
Vulcan Vortex	282	=IMAGE("https://ronenglish-archive.github.io/ron-english-nfts/area-54-cards-packs/images/Area%2054%20Cards%20-%20282%20-%20Vulcan%20Vortex.jpg",4,160,110)	https://ronenglish-archive.github.io/ron-english-nfts/area-54-cards-packs/images/Area%2054%20Cards%20-%20282%20-%20Vulcan%20Vortex.jpg	Area 54 Cards - 282 - Vulcan Vortex.jpg
Otherworld Overlord	283	=IMAGE("https://ronenglish-archive.github.io/ron-english-nfts/area-54-cards-packs/images/Area%2054%20Cards%20-%20283%20-%20Otherworld%20Overlord.jpg",4,160,110)	https://ronenglish-archive.github.io/ron-english-nfts/area-54-cards-packs/images/Area%2054%20Cards%20-%20283%20-%20Otherworld%20Overlord.jpg	Area 54 Cards - 283 - Otherworld Overlord.jpg
Otherworld Overlord	284	=IMAGE("https://ronenglish-archive.github.io/ron-english-nfts/area-54-cards-packs/images/Area%2054%20Cards%20-%20284%20-%20Otherworld%20Overlord.jpg",4,160,110)	https://ronenglish-archive.github.io/ron-english-nfts/area-54-cards-packs/images/Area%2054%20Cards%20-%20284%20-%20Otherworld%20Overlord.jpg	Area 54 Cards - 284 - Otherworld Overlord.jpg
Otherworld Overlord	285	=IMAGE("https://ronenglish-archive.github.io/ron-english-nfts/area-54-cards-packs/images/Area%2054%20Cards%20-%20285%20-%20Otherworld%20Overlord.jpg",4,160,110)	https://ronenglish-archive.github.io/ron-english-nfts/area-54-cards-packs/images/Area%2054%20Cards%20-%20285%20-%20Otherworld%20Overlord.jpg	Area 54 Cards - 285 - Otherworld Overlord.jpg
Otherworld Overlord	286	=IMAGE("https://ronenglish-archive.github.io/ron-english-nfts/area-54-cards-packs/images/Area%2054%20Cards%20-%20286%20-%20Otherworld%20Overlord.jpg",4,160,110)	https://ronenglish-archive.github.io/ron-english-nfts/area-54-cards-packs/images/Area%2054%20Cards%20-%20286%20-%20Otherworld%20Overlord.jpg	Area 54 Cards - 286 - Otherworld Overlord.jpg
Otherworld Overlord	287	=IMAGE("https://ronenglish-archive.github.io/ron-english-nfts/area-54-cards-packs/images/Area%2054%20Cards%20-%20287%20-%20Otherworld%20Overlord.jpg",4,160,110)	https://ronenglish-archive.github.io/ron-english-nfts/area-54-cards-packs/images/Area%2054%20Cards%20-%20287%20-%20Otherworld%20Overlord.jpg	Area 54 Cards - 287 - Otherworld Overlord.jpg
Otherworld Overlord	288	=IMAGE("https://ronenglish-archive.github.io/ron-english-nfts/area-54-cards-packs/images/Area%2054%20Cards%20-%20288%20-%20Otherworld%20Overlord.jpg",4,160,110)	https://ronenglish-archive.github.io/ron-english-nfts/area-54-cards-packs/images/Area%2054%20Cards%20-%20288%20-%20Otherworld%20Overlord.jpg	Area 54 Cards - 288 - Otherworld Overlord.jpg
Otherworld Overlord	289	=IMAGE("https://ronenglish-archive.github.io/ron-english-nfts/area-54-cards-packs/images/Area%2054%20Cards%20-%20289%20-%20Otherworld%20Overlord.jpg",4,160,110)	https://ronenglish-archive.github.io/ron-english-nfts/area-54-cards-packs/images/Area%2054%20Cards%20-%20289%20-%20Otherworld%20Overlord.jpg	Area 54 Cards - 289 - Otherworld Overlord.jpg
Grinnie Martian	29	=IMAGE("https://ronenglish-archive.github.io/ron-english-nfts/area-54-cards-packs/images/Area%2054%20Cards%20-%2029%20-%20Grinnie%20Martian.jpg",4,160,110)	https://ronenglish-archive.github.io/ron-english-nfts/area-54-cards-packs/images/Area%2054%20Cards%20-%2029%20-%20Grinnie%20Martian.jpg	Area 54 Cards - 29 - Grinnie Martian.jpg
Otherworld Overlord	290	=IMAGE("https://ronenglish-archive.github.io/ron-english-nfts/area-54-cards-packs/images/Area%2054%20Cards%20-%20290%20-%20Otherworld%20Overlord.jpg",4,160,110)	https://ronenglish-archive.github.io/ron-english-nfts/area-54-cards-packs/images/Area%2054%20Cards%20-%20290%20-%20Otherworld%20Overlord.jpg	Area 54 Cards - 290 - Otherworld Overlord.jpg
Otherworld Overlord	291	=IMAGE("https://ronenglish-archive.github.io/ron-english-nfts/area-54-cards-packs/images/Area%2054%20Cards%20-%20291%20-%20Otherworld%20Overlord.jpg",4,160,110)	https://ronenglish-archive.github.io/ron-english-nfts/area-54-cards-packs/images/Area%2054%20Cards%20-%20291%20-%20Otherworld%20Overlord.jpg	Area 54 Cards - 291 - Otherworld Overlord.jpg
Forgon Intruder	292	=IMAGE("https://ronenglish-archive.github.io/ron-english-nfts/area-54-cards-packs/images/Area%2054%20Cards%20-%20292%20-%20Forgon%20Intruder.jpg",4,160,110)	https://ronenglish-archive.github.io/ron-english-nfts/area-54-cards-packs/images/Area%2054%20Cards%20-%20292%20-%20Forgon%20Intruder.jpg	Area 54 Cards - 292 - Forgon Intruder.jpg
Forgon Intruder	293	=IMAGE("https://ronenglish-archive.github.io/ron-english-nfts/area-54-cards-packs/images/Area%2054%20Cards%20-%20293%20-%20Forgon%20Intruder.jpg",4,160,110)	https://ronenglish-archive.github.io/ron-english-nfts/area-54-cards-packs/images/Area%2054%20Cards%20-%20293%20-%20Forgon%20Intruder.jpg	Area 54 Cards - 293 - Forgon Intruder.jpg
Forgon Intruder	294	=IMAGE("https://ronenglish-archive.github.io/ron-english-nfts/area-54-cards-packs/images/Area%2054%20Cards%20-%20294%20-%20Forgon%20Intruder.jpg",4,160,110)	https://ronenglish-archive.github.io/ron-english-nfts/area-54-cards-packs/images/Area%2054%20Cards%20-%20294%20-%20Forgon%20Intruder.jpg	Area 54 Cards - 294 - Forgon Intruder.jpg
Forgon Intruder	295	=IMAGE("https://ronenglish-archive.github.io/ron-english-nfts/area-54-cards-packs/images/Area%2054%20Cards%20-%20295%20-%20Forgon%20Intruder.jpg",4,160,110)	https://ronenglish-archive.github.io/ron-english-nfts/area-54-cards-packs/images/Area%2054%20Cards%20-%20295%20-%20Forgon%20Intruder.jpg	Area 54 Cards - 295 - Forgon Intruder.jpg
Forgon Intruder	296	=IMAGE("https://ronenglish-archive.github.io/ron-english-nfts/area-54-cards-packs/images/Area%2054%20Cards%20-%20296%20-%20Forgon%20Intruder.jpg",4,160,110)	https://ronenglish-archive.github.io/ron-english-nfts/area-54-cards-packs/images/Area%2054%20Cards%20-%20296%20-%20Forgon%20Intruder.jpg	Area 54 Cards - 296 - Forgon Intruder.jpg
Forgon Intruder	297	=IMAGE("https://ronenglish-archive.github.io/ron-english-nfts/area-54-cards-packs/images/Area%2054%20Cards%20-%20297%20-%20Forgon%20Intruder.jpg",4,160,110)	https://ronenglish-archive.github.io/ron-english-nfts/area-54-cards-packs/images/Area%2054%20Cards%20-%20297%20-%20Forgon%20Intruder.jpg	Area 54 Cards - 297 - Forgon Intruder.jpg
Forgon Intruder	298	=IMAGE("https://ronenglish-archive.github.io/ron-english-nfts/area-54-cards-packs/images/Area%2054%20Cards%20-%20298%20-%20Forgon%20Intruder.jpg",4,160,110)	https://ronenglish-archive.github.io/ron-english-nfts/area-54-cards-packs/images/Area%2054%20Cards%20-%20298%20-%20Forgon%20Intruder.jpg	Area 54 Cards - 298 - Forgon Intruder.jpg
Forgon Intruder	299	=IMAGE("https://ronenglish-archive.github.io/ron-english-nfts/area-54-cards-packs/images/Area%2054%20Cards%20-%20299%20-%20Forgon%20Intruder.jpg",4,160,110)	https://ronenglish-archive.github.io/ron-english-nfts/area-54-cards-packs/images/Area%2054%20Cards%20-%20299%20-%20Forgon%20Intruder.jpg	Area 54 Cards - 299 - Forgon Intruder.jpg
Saturn Sam	3	=IMAGE("https://ronenglish-archive.github.io/ron-english-nfts/area-54-cards-packs/images/Area%2054%20Cards%20-%203%20-%20Saturn%20Sam.jpg",4,160,110)	https://ronenglish-archive.github.io/ron-english-nfts/area-54-cards-packs/images/Area%2054%20Cards%20-%203%20-%20Saturn%20Sam.jpg	Area 54 Cards - 3 - Saturn Sam.jpg
Grinnie Martian	30	=IMAGE("https://ronenglish-archive.github.io/ron-english-nfts/area-54-cards-packs/images/Area%2054%20Cards%20-%2030%20-%20Grinnie%20Martian.jpg",4,160,110)	https://ronenglish-archive.github.io/ron-english-nfts/area-54-cards-packs/images/Area%2054%20Cards%20-%2030%20-%20Grinnie%20Martian.jpg	Area 54 Cards - 30 - Grinnie Martian.jpg
Forgon Intruder	300	=IMAGE("https://ronenglish-archive.github.io/ron-english-nfts/area-54-cards-packs/images/Area%2054%20Cards%20-%20300%20-%20Forgon%20Intruder.jpg",4,160,110)	https://ronenglish-archive.github.io/ron-english-nfts/area-54-cards-packs/images/Area%2054%20Cards%20-%20300%20-%20Forgon%20Intruder.jpg	Area 54 Cards - 300 - Forgon Intruder.jpg
Cybor External	301	=IMAGE("https://ronenglish-archive.github.io/ron-english-nfts/area-54-cards-packs/images/Area%2054%20Cards%20-%20301%20-%20Cybor%20External.jpg",4,160,110)	https://ronenglish-archive.github.io/ron-english-nfts/area-54-cards-packs/images/Area%2054%20Cards%20-%20301%20-%20Cybor%20External.jpg	Area 54 Cards - 301 - Cybor External.jpg
Cybor External	302	=IMAGE("https://ronenglish-archive.github.io/ron-english-nfts/area-54-cards-packs/images/Area%2054%20Cards%20-%20302%20-%20Cybor%20External.jpg",4,160,110)	https://ronenglish-archive.github.io/ron-english-nfts/area-54-cards-packs/images/Area%2054%20Cards%20-%20302%20-%20Cybor%20External.jpg	Area 54 Cards - 302 - Cybor External.jpg
Cybor External	303	=IMAGE("https://ronenglish-archive.github.io/ron-english-nfts/area-54-cards-packs/images/Area%2054%20Cards%20-%20303%20-%20Cybor%20External.jpg",4,160,110)	https://ronenglish-archive.github.io/ron-english-nfts/area-54-cards-packs/images/Area%2054%20Cards%20-%20303%20-%20Cybor%20External.jpg	Area 54 Cards - 303 - Cybor External.jpg
Cybor External	304	=IMAGE("https://ronenglish-archive.github.io/ron-english-nfts/area-54-cards-packs/images/Area%2054%20Cards%20-%20304%20-%20Cybor%20External.jpg",4,160,110)	https://ronenglish-archive.github.io/ron-english-nfts/area-54-cards-packs/images/Area%2054%20Cards%20-%20304%20-%20Cybor%20External.jpg	Area 54 Cards - 304 - Cybor External.jpg
Cybor External	305	=IMAGE("https://ronenglish-archive.github.io/ron-english-nfts/area-54-cards-packs/images/Area%2054%20Cards%20-%20305%20-%20Cybor%20External.jpg",4,160,110)	https://ronenglish-archive.github.io/ron-english-nfts/area-54-cards-packs/images/Area%2054%20Cards%20-%20305%20-%20Cybor%20External.jpg	Area 54 Cards - 305 - Cybor External.jpg
Cybor External	306	=IMAGE("https://ronenglish-archive.github.io/ron-english-nfts/area-54-cards-packs/images/Area%2054%20Cards%20-%20306%20-%20Cybor%20External.jpg",4,160,110)	https://ronenglish-archive.github.io/ron-english-nfts/area-54-cards-packs/images/Area%2054%20Cards%20-%20306%20-%20Cybor%20External.jpg	Area 54 Cards - 306 - Cybor External.jpg
Cybor External	307	=IMAGE("https://ronenglish-archive.github.io/ron-english-nfts/area-54-cards-packs/images/Area%2054%20Cards%20-%20307%20-%20Cybor%20External.jpg",4,160,110)	https://ronenglish-archive.github.io/ron-english-nfts/area-54-cards-packs/images/Area%2054%20Cards%20-%20307%20-%20Cybor%20External.jpg	Area 54 Cards - 307 - Cybor External.jpg
Cybor External	308	=IMAGE("https://ronenglish-archive.github.io/ron-english-nfts/area-54-cards-packs/images/Area%2054%20Cards%20-%20308%20-%20Cybor%20External.jpg",4,160,110)	https://ronenglish-archive.github.io/ron-english-nfts/area-54-cards-packs/images/Area%2054%20Cards%20-%20308%20-%20Cybor%20External.jpg	Area 54 Cards - 308 - Cybor External.jpg
Cybor External	309	=IMAGE("https://ronenglish-archive.github.io/ron-english-nfts/area-54-cards-packs/images/Area%2054%20Cards%20-%20309%20-%20Cybor%20External.jpg",4,160,110)	https://ronenglish-archive.github.io/ron-english-nfts/area-54-cards-packs/images/Area%2054%20Cards%20-%20309%20-%20Cybor%20External.jpg	Area 54 Cards - 309 - Cybor External.jpg
Grinnie Martian	31	=IMAGE("https://ronenglish-archive.github.io/ron-english-nfts/area-54-cards-packs/images/Area%2054%20Cards%20-%2031%20-%20Grinnie%20Martian.jpg",4,160,110)	https://ronenglish-archive.github.io/ron-english-nfts/area-54-cards-packs/images/Area%2054%20Cards%20-%2031%20-%20Grinnie%20Martian.jpg	Area 54 Cards - 31 - Grinnie Martian.jpg
Berzerk Krypton	310	=IMAGE("https://ronenglish-archive.github.io/ron-english-nfts/area-54-cards-packs/images/Area%2054%20Cards%20-%20310%20-%20Berzerk%20Krypton.jpg",4,160,110)	https://ronenglish-archive.github.io/ron-english-nfts/area-54-cards-packs/images/Area%2054%20Cards%20-%20310%20-%20Berzerk%20Krypton.jpg	Area 54 Cards - 310 - Berzerk Krypton.jpg
Berzerk Krypton	311	=IMAGE("https://ronenglish-archive.github.io/ron-english-nfts/area-54-cards-packs/images/Area%2054%20Cards%20-%20311%20-%20Berzerk%20Krypton.jpg",4,160,110)	https://ronenglish-archive.github.io/ron-english-nfts/area-54-cards-packs/images/Area%2054%20Cards%20-%20311%20-%20Berzerk%20Krypton.jpg	Area 54 Cards - 311 - Berzerk Krypton.jpg
Berzerk Krypton	312	=IMAGE("https://ronenglish-archive.github.io/ron-english-nfts/area-54-cards-packs/images/Area%2054%20Cards%20-%20312%20-%20Berzerk%20Krypton.jpg",4,160,110)	https://ronenglish-archive.github.io/ron-english-nfts/area-54-cards-packs/images/Area%2054%20Cards%20-%20312%20-%20Berzerk%20Krypton.jpg	Area 54 Cards - 312 - Berzerk Krypton.jpg
Berzerk Krypton	313	=IMAGE("https://ronenglish-archive.github.io/ron-english-nfts/area-54-cards-packs/images/Area%2054%20Cards%20-%20313%20-%20Berzerk%20Krypton.jpg",4,160,110)	https://ronenglish-archive.github.io/ron-english-nfts/area-54-cards-packs/images/Area%2054%20Cards%20-%20313%20-%20Berzerk%20Krypton.jpg	Area 54 Cards - 313 - Berzerk Krypton.jpg
Berzerk Krypton	314	=IMAGE("https://ronenglish-archive.github.io/ron-english-nfts/area-54-cards-packs/images/Area%2054%20Cards%20-%20314%20-%20Berzerk%20Krypton.jpg",4,160,110)	https://ronenglish-archive.github.io/ron-english-nfts/area-54-cards-packs/images/Area%2054%20Cards%20-%20314%20-%20Berzerk%20Krypton.jpg	Area 54 Cards - 314 - Berzerk Krypton.jpg
Berzerk Krypton	315	=IMAGE("https://ronenglish-archive.github.io/ron-english-nfts/area-54-cards-packs/images/Area%2054%20Cards%20-%20315%20-%20Berzerk%20Krypton.jpg",4,160,110)	https://ronenglish-archive.github.io/ron-english-nfts/area-54-cards-packs/images/Area%2054%20Cards%20-%20315%20-%20Berzerk%20Krypton.jpg	Area 54 Cards - 315 - Berzerk Krypton.jpg
Berzerk Krypton	316	=IMAGE("https://ronenglish-archive.github.io/ron-english-nfts/area-54-cards-packs/images/Area%2054%20Cards%20-%20316%20-%20Berzerk%20Krypton.jpg",4,160,110)	https://ronenglish-archive.github.io/ron-english-nfts/area-54-cards-packs/images/Area%2054%20Cards%20-%20316%20-%20Berzerk%20Krypton.jpg	Area 54 Cards - 316 - Berzerk Krypton.jpg
Berzerk Krypton	317	=IMAGE("https://ronenglish-archive.github.io/ron-english-nfts/area-54-cards-packs/images/Area%2054%20Cards%20-%20317%20-%20Berzerk%20Krypton.jpg",4,160,110)	https://ronenglish-archive.github.io/ron-english-nfts/area-54-cards-packs/images/Area%2054%20Cards%20-%20317%20-%20Berzerk%20Krypton.jpg	Area 54 Cards - 317 - Berzerk Krypton.jpg
Berzerk Krypton	318	=IMAGE("https://ronenglish-archive.github.io/ron-english-nfts/area-54-cards-packs/images/Area%2054%20Cards%20-%20318%20-%20Berzerk%20Krypton.jpg",4,160,110)	https://ronenglish-archive.github.io/ron-english-nfts/area-54-cards-packs/images/Area%2054%20Cards%20-%20318%20-%20Berzerk%20Krypton.jpg	Area 54 Cards - 318 - Berzerk Krypton.jpg
Electropia Exotropia	319	=IMAGE("https://ronenglish-archive.github.io/ron-english-nfts/area-54-cards-packs/images/Area%2054%20Cards%20-%20319%20-%20Electropia%20Exotropia.jpg",4,160,110)	https://ronenglish-archive.github.io/ron-english-nfts/area-54-cards-packs/images/Area%2054%20Cards%20-%20319%20-%20Electropia%20Exotropia.jpg	Area 54 Cards - 319 - Electropia Exotropia.jpg
Star Skull Alien	32	=IMAGE("https://ronenglish-archive.github.io/ron-english-nfts/area-54-cards-packs/images/Area%2054%20Cards%20-%2032%20-%20Star%20Skull%20Alien.jpg",4,160,110)	https://ronenglish-archive.github.io/ron-english-nfts/area-54-cards-packs/images/Area%2054%20Cards%20-%2032%20-%20Star%20Skull%20Alien.jpg	Area 54 Cards - 32 - Star Skull Alien.jpg
Electropia Exotropia	320	=IMAGE("https://ronenglish-archive.github.io/ron-english-nfts/area-54-cards-packs/images/Area%2054%20Cards%20-%20320%20-%20Electropia%20Exotropia.jpg",4,160,110)	https://ronenglish-archive.github.io/ron-english-nfts/area-54-cards-packs/images/Area%2054%20Cards%20-%20320%20-%20Electropia%20Exotropia.jpg	Area 54 Cards - 320 - Electropia Exotropia.jpg
Electropia Exotropia	321	=IMAGE("https://ronenglish-archive.github.io/ron-english-nfts/area-54-cards-packs/images/Area%2054%20Cards%20-%20321%20-%20Electropia%20Exotropia.jpg",4,160,110)	https://ronenglish-archive.github.io/ron-english-nfts/area-54-cards-packs/images/Area%2054%20Cards%20-%20321%20-%20Electropia%20Exotropia.jpg	Area 54 Cards - 321 - Electropia Exotropia.jpg
Electropia Exotropia	322	=IMAGE("https://ronenglish-archive.github.io/ron-english-nfts/area-54-cards-packs/images/Area%2054%20Cards%20-%20322%20-%20Electropia%20Exotropia.jpg",4,160,110)	https://ronenglish-archive.github.io/ron-english-nfts/area-54-cards-packs/images/Area%2054%20Cards%20-%20322%20-%20Electropia%20Exotropia.jpg	Area 54 Cards - 322 - Electropia Exotropia.jpg
Electropia Exotropia	323	=IMAGE("https://ronenglish-archive.github.io/ron-english-nfts/area-54-cards-packs/images/Area%2054%20Cards%20-%20323%20-%20Electropia%20Exotropia.jpg",4,160,110)	https://ronenglish-archive.github.io/ron-english-nfts/area-54-cards-packs/images/Area%2054%20Cards%20-%20323%20-%20Electropia%20Exotropia.jpg	Area 54 Cards - 323 - Electropia Exotropia.jpg
Electropia Exotropia	324	=IMAGE("https://ronenglish-archive.github.io/ron-english-nfts/area-54-cards-packs/images/Area%2054%20Cards%20-%20324%20-%20Electropia%20Exotropia.jpg",4,160,110)	https://ronenglish-archive.github.io/ron-english-nfts/area-54-cards-packs/images/Area%2054%20Cards%20-%20324%20-%20Electropia%20Exotropia.jpg	Area 54 Cards - 324 - Electropia Exotropia.jpg
Electropia Exotropia	325	=IMAGE("https://ronenglish-archive.github.io/ron-english-nfts/area-54-cards-packs/images/Area%2054%20Cards%20-%20325%20-%20Electropia%20Exotropia.jpg",4,160,110)	https://ronenglish-archive.github.io/ron-english-nfts/area-54-cards-packs/images/Area%2054%20Cards%20-%20325%20-%20Electropia%20Exotropia.jpg	Area 54 Cards - 325 - Electropia Exotropia.jpg
Electropia Exotropia	326	=IMAGE("https://ronenglish-archive.github.io/ron-english-nfts/area-54-cards-packs/images/Area%2054%20Cards%20-%20326%20-%20Electropia%20Exotropia.jpg",4,160,110)	https://ronenglish-archive.github.io/ron-english-nfts/area-54-cards-packs/images/Area%2054%20Cards%20-%20326%20-%20Electropia%20Exotropia.jpg	Area 54 Cards - 326 - Electropia Exotropia.jpg
Electropia Exotropia	327	=IMAGE("https://ronenglish-archive.github.io/ron-english-nfts/area-54-cards-packs/images/Area%2054%20Cards%20-%20327%20-%20Electropia%20Exotropia.jpg",4,160,110)	https://ronenglish-archive.github.io/ron-english-nfts/area-54-cards-packs/images/Area%2054%20Cards%20-%20327%20-%20Electropia%20Exotropia.jpg	Area 54 Cards - 327 - Electropia Exotropia.jpg
Blotto Grog	328	=IMAGE("https://ronenglish-archive.github.io/ron-english-nfts/area-54-cards-packs/images/Area%2054%20Cards%20-%20328%20-%20Blotto%20Grog.jpg",4,160,110)	https://ronenglish-archive.github.io/ron-english-nfts/area-54-cards-packs/images/Area%2054%20Cards%20-%20328%20-%20Blotto%20Grog.jpg	Area 54 Cards - 328 - Blotto Grog.jpg
Blotto Grog	329	=IMAGE("https://ronenglish-archive.github.io/ron-english-nfts/area-54-cards-packs/images/Area%2054%20Cards%20-%20329%20-%20Blotto%20Grog.jpg",4,160,110)	https://ronenglish-archive.github.io/ron-english-nfts/area-54-cards-packs/images/Area%2054%20Cards%20-%20329%20-%20Blotto%20Grog.jpg	Area 54 Cards - 329 - Blotto Grog.jpg
Star Skull Alien	33	=IMAGE("https://ronenglish-archive.github.io/ron-english-nfts/area-54-cards-packs/images/Area%2054%20Cards%20-%2033%20-%20Star%20Skull%20Alien.jpg",4,160,110)	https://ronenglish-archive.github.io/ron-english-nfts/area-54-cards-packs/images/Area%2054%20Cards%20-%2033%20-%20Star%20Skull%20Alien.jpg	Area 54 Cards - 33 - Star Skull Alien.jpg
Blotto Grog	330	=IMAGE("https://ronenglish-archive.github.io/ron-english-nfts/area-54-cards-packs/images/Area%2054%20Cards%20-%20330%20-%20Blotto%20Grog.jpg",4,160,110)	https://ronenglish-archive.github.io/ron-english-nfts/area-54-cards-packs/images/Area%2054%20Cards%20-%20330%20-%20Blotto%20Grog.jpg	Area 54 Cards - 330 - Blotto Grog.jpg
Blotto Grog	331	=IMAGE("https://ronenglish-archive.github.io/ron-english-nfts/area-54-cards-packs/images/Area%2054%20Cards%20-%20331%20-%20Blotto%20Grog.jpg",4,160,110)	https://ronenglish-archive.github.io/ron-english-nfts/area-54-cards-packs/images/Area%2054%20Cards%20-%20331%20-%20Blotto%20Grog.jpg	Area 54 Cards - 331 - Blotto Grog.jpg
Blotto Grog	332	=IMAGE("https://ronenglish-archive.github.io/ron-english-nfts/area-54-cards-packs/images/Area%2054%20Cards%20-%20332%20-%20Blotto%20Grog.jpg",4,160,110)	https://ronenglish-archive.github.io/ron-english-nfts/area-54-cards-packs/images/Area%2054%20Cards%20-%20332%20-%20Blotto%20Grog.jpg	Area 54 Cards - 332 - Blotto Grog.jpg
Blotto Grog	333	=IMAGE("https://ronenglish-archive.github.io/ron-english-nfts/area-54-cards-packs/images/Area%2054%20Cards%20-%20333%20-%20Blotto%20Grog.jpg",4,160,110)	https://ronenglish-archive.github.io/ron-english-nfts/area-54-cards-packs/images/Area%2054%20Cards%20-%20333%20-%20Blotto%20Grog.jpg	Area 54 Cards - 333 - Blotto Grog.jpg
Blotto Grog	334	=IMAGE("https://ronenglish-archive.github.io/ron-english-nfts/area-54-cards-packs/images/Area%2054%20Cards%20-%20334%20-%20Blotto%20Grog.jpg",4,160,110)	https://ronenglish-archive.github.io/ron-english-nfts/area-54-cards-packs/images/Area%2054%20Cards%20-%20334%20-%20Blotto%20Grog.jpg	Area 54 Cards - 334 - Blotto Grog.jpg
Blotto Grog	335	=IMAGE("https://ronenglish-archive.github.io/ron-english-nfts/area-54-cards-packs/images/Area%2054%20Cards%20-%20335%20-%20Blotto%20Grog.jpg",4,160,110)	https://ronenglish-archive.github.io/ron-english-nfts/area-54-cards-packs/images/Area%2054%20Cards%20-%20335%20-%20Blotto%20Grog.jpg	Area 54 Cards - 335 - Blotto Grog.jpg
Blotto Grog	336	=IMAGE("https://ronenglish-archive.github.io/ron-english-nfts/area-54-cards-packs/images/Area%2054%20Cards%20-%20336%20-%20Blotto%20Grog.jpg",4,160,110)	https://ronenglish-archive.github.io/ron-english-nfts/area-54-cards-packs/images/Area%2054%20Cards%20-%20336%20-%20Blotto%20Grog.jpg	Area 54 Cards - 336 - Blotto Grog.jpg
Cavaler Avaler	337	=IMAGE("https://ronenglish-archive.github.io/ron-english-nfts/area-54-cards-packs/images/Area%2054%20Cards%20-%20337%20-%20Cavaler%20Avaler.jpg",4,160,110)	https://ronenglish-archive.github.io/ron-english-nfts/area-54-cards-packs/images/Area%2054%20Cards%20-%20337%20-%20Cavaler%20Avaler.jpg	Area 54 Cards - 337 - Cavaler Avaler.jpg
Cavaler Avaler	338	=IMAGE("https://ronenglish-archive.github.io/ron-english-nfts/area-54-cards-packs/images/Area%2054%20Cards%20-%20338%20-%20Cavaler%20Avaler.jpg",4,160,110)	https://ronenglish-archive.github.io/ron-english-nfts/area-54-cards-packs/images/Area%2054%20Cards%20-%20338%20-%20Cavaler%20Avaler.jpg	Area 54 Cards - 338 - Cavaler Avaler.jpg
Cavaler Avaler	339	=IMAGE("https://ronenglish-archive.github.io/ron-english-nfts/area-54-cards-packs/images/Area%2054%20Cards%20-%20339%20-%20Cavaler%20Avaler.jpg",4,160,110)	https://ronenglish-archive.github.io/ron-english-nfts/area-54-cards-packs/images/Area%2054%20Cards%20-%20339%20-%20Cavaler%20Avaler.jpg	Area 54 Cards - 339 - Cavaler Avaler.jpg
Star Skull Alien	34	=IMAGE("https://ronenglish-archive.github.io/ron-english-nfts/area-54-cards-packs/images/Area%2054%20Cards%20-%2034%20-%20Star%20Skull%20Alien.jpg",4,160,110)	https://ronenglish-archive.github.io/ron-english-nfts/area-54-cards-packs/images/Area%2054%20Cards%20-%2034%20-%20Star%20Skull%20Alien.jpg	Area 54 Cards - 34 - Star Skull Alien.jpg
Cavaler Avaler	340	=IMAGE("https://ronenglish-archive.github.io/ron-english-nfts/area-54-cards-packs/images/Area%2054%20Cards%20-%20340%20-%20Cavaler%20Avaler.jpg",4,160,110)	https://ronenglish-archive.github.io/ron-english-nfts/area-54-cards-packs/images/Area%2054%20Cards%20-%20340%20-%20Cavaler%20Avaler.jpg	Area 54 Cards - 340 - Cavaler Avaler.jpg
Cavaler Avaler	341	=IMAGE("https://ronenglish-archive.github.io/ron-english-nfts/area-54-cards-packs/images/Area%2054%20Cards%20-%20341%20-%20Cavaler%20Avaler.jpg",4,160,110)	https://ronenglish-archive.github.io/ron-english-nfts/area-54-cards-packs/images/Area%2054%20Cards%20-%20341%20-%20Cavaler%20Avaler.jpg	Area 54 Cards - 341 - Cavaler Avaler.jpg
Cavaler Avaler	342	=IMAGE("https://ronenglish-archive.github.io/ron-english-nfts/area-54-cards-packs/images/Area%2054%20Cards%20-%20342%20-%20Cavaler%20Avaler.jpg",4,160,110)	https://ronenglish-archive.github.io/ron-english-nfts/area-54-cards-packs/images/Area%2054%20Cards%20-%20342%20-%20Cavaler%20Avaler.jpg	Area 54 Cards - 342 - Cavaler Avaler.jpg
Cavaler Avaler	343	=IMAGE("https://ronenglish-archive.github.io/ron-english-nfts/area-54-cards-packs/images/Area%2054%20Cards%20-%20343%20-%20Cavaler%20Avaler.jpg",4,160,110)	https://ronenglish-archive.github.io/ron-english-nfts/area-54-cards-packs/images/Area%2054%20Cards%20-%20343%20-%20Cavaler%20Avaler.jpg	Area 54 Cards - 343 - Cavaler Avaler.jpg
Cavaler Avaler	344	=IMAGE("https://ronenglish-archive.github.io/ron-english-nfts/area-54-cards-packs/images/Area%2054%20Cards%20-%20344%20-%20Cavaler%20Avaler.jpg",4,160,110)	https://ronenglish-archive.github.io/ron-english-nfts/area-54-cards-packs/images/Area%2054%20Cards%20-%20344%20-%20Cavaler%20Avaler.jpg	Area 54 Cards - 344 - Cavaler Avaler.jpg
Cavaler Avaler	345	=IMAGE("https://ronenglish-archive.github.io/ron-english-nfts/area-54-cards-packs/images/Area%2054%20Cards%20-%20345%20-%20Cavaler%20Avaler.jpg",4,160,110)	https://ronenglish-archive.github.io/ron-english-nfts/area-54-cards-packs/images/Area%2054%20Cards%20-%20345%20-%20Cavaler%20Avaler.jpg	Area 54 Cards - 345 - Cavaler Avaler.jpg
Voyagel Wonderer	346	=IMAGE("https://ronenglish-archive.github.io/ron-english-nfts/area-54-cards-packs/images/Area%2054%20Cards%20-%20346%20-%20Voyagel%20Wonderer.jpg",4,160,110)	https://ronenglish-archive.github.io/ron-english-nfts/area-54-cards-packs/images/Area%2054%20Cards%20-%20346%20-%20Voyagel%20Wonderer.jpg	Area 54 Cards - 346 - Voyagel Wonderer.jpg
Voyagel Wonderer	347	=IMAGE("https://ronenglish-archive.github.io/ron-english-nfts/area-54-cards-packs/images/Area%2054%20Cards%20-%20347%20-%20Voyagel%20Wonderer.jpg",4,160,110)	https://ronenglish-archive.github.io/ron-english-nfts/area-54-cards-packs/images/Area%2054%20Cards%20-%20347%20-%20Voyagel%20Wonderer.jpg	Area 54 Cards - 347 - Voyagel Wonderer.jpg
Voyagel Wonderer	348	=IMAGE("https://ronenglish-archive.github.io/ron-english-nfts/area-54-cards-packs/images/Area%2054%20Cards%20-%20348%20-%20Voyagel%20Wonderer.jpg",4,160,110)	https://ronenglish-archive.github.io/ron-english-nfts/area-54-cards-packs/images/Area%2054%20Cards%20-%20348%20-%20Voyagel%20Wonderer.jpg	Area 54 Cards - 348 - Voyagel Wonderer.jpg
Voyagel Wonderer	349	=IMAGE("https://ronenglish-archive.github.io/ron-english-nfts/area-54-cards-packs/images/Area%2054%20Cards%20-%20349%20-%20Voyagel%20Wonderer.jpg",4,160,110)	https://ronenglish-archive.github.io/ron-english-nfts/area-54-cards-packs/images/Area%2054%20Cards%20-%20349%20-%20Voyagel%20Wonderer.jpg	Area 54 Cards - 349 - Voyagel Wonderer.jpg
Star Skull Alien	35	=IMAGE("https://ronenglish-archive.github.io/ron-english-nfts/area-54-cards-packs/images/Area%2054%20Cards%20-%2035%20-%20Star%20Skull%20Alien.jpg",4,160,110)	https://ronenglish-archive.github.io/ron-english-nfts/area-54-cards-packs/images/Area%2054%20Cards%20-%2035%20-%20Star%20Skull%20Alien.jpg	Area 54 Cards - 35 - Star Skull Alien.jpg
Voyagel Wonderer	350	=IMAGE("https://ronenglish-archive.github.io/ron-english-nfts/area-54-cards-packs/images/Area%2054%20Cards%20-%20350%20-%20Voyagel%20Wonderer.jpg",4,160,110)	https://ronenglish-archive.github.io/ron-english-nfts/area-54-cards-packs/images/Area%2054%20Cards%20-%20350%20-%20Voyagel%20Wonderer.jpg	Area 54 Cards - 350 - Voyagel Wonderer.jpg
Voyagel Wonderer	351	=IMAGE("https://ronenglish-archive.github.io/ron-english-nfts/area-54-cards-packs/images/Area%2054%20Cards%20-%20351%20-%20Voyagel%20Wonderer.jpg",4,160,110)	https://ronenglish-archive.github.io/ron-english-nfts/area-54-cards-packs/images/Area%2054%20Cards%20-%20351%20-%20Voyagel%20Wonderer.jpg	Area 54 Cards - 351 - Voyagel Wonderer.jpg
Voyagel Wonderer	352	=IMAGE("https://ronenglish-archive.github.io/ron-english-nfts/area-54-cards-packs/images/Area%2054%20Cards%20-%20352%20-%20Voyagel%20Wonderer.jpg",4,160,110)	https://ronenglish-archive.github.io/ron-english-nfts/area-54-cards-packs/images/Area%2054%20Cards%20-%20352%20-%20Voyagel%20Wonderer.jpg	Area 54 Cards - 352 - Voyagel Wonderer.jpg
Voyagel Wonderer	353	=IMAGE("https://ronenglish-archive.github.io/ron-english-nfts/area-54-cards-packs/images/Area%2054%20Cards%20-%20353%20-%20Voyagel%20Wonderer.jpg",4,160,110)	https://ronenglish-archive.github.io/ron-english-nfts/area-54-cards-packs/images/Area%2054%20Cards%20-%20353%20-%20Voyagel%20Wonderer.jpg	Area 54 Cards - 353 - Voyagel Wonderer.jpg
Voyagel Wonderer	354	=IMAGE("https://ronenglish-archive.github.io/ron-english-nfts/area-54-cards-packs/images/Area%2054%20Cards%20-%20354%20-%20Voyagel%20Wonderer.jpg",4,160,110)	https://ronenglish-archive.github.io/ron-english-nfts/area-54-cards-packs/images/Area%2054%20Cards%20-%20354%20-%20Voyagel%20Wonderer.jpg	Area 54 Cards - 354 - Voyagel Wonderer.jpg
Blubby Bono	355	=IMAGE("https://ronenglish-archive.github.io/ron-english-nfts/area-54-cards-packs/images/Area%2054%20Cards%20-%20355%20-%20Blubby%20Bono.jpg",4,160,110)	https://ronenglish-archive.github.io/ron-english-nfts/area-54-cards-packs/images/Area%2054%20Cards%20-%20355%20-%20Blubby%20Bono.jpg	Area 54 Cards - 355 - Blubby Bono.jpg
Blubby Bono	356	=IMAGE("https://ronenglish-archive.github.io/ron-english-nfts/area-54-cards-packs/images/Area%2054%20Cards%20-%20356%20-%20Blubby%20Bono.jpg",4,160,110)	https://ronenglish-archive.github.io/ron-english-nfts/area-54-cards-packs/images/Area%2054%20Cards%20-%20356%20-%20Blubby%20Bono.jpg	Area 54 Cards - 356 - Blubby Bono.jpg
Blubby Bono	357	=IMAGE("https://ronenglish-archive.github.io/ron-english-nfts/area-54-cards-packs/images/Area%2054%20Cards%20-%20357%20-%20Blubby%20Bono.jpg",4,160,110)	https://ronenglish-archive.github.io/ron-english-nfts/area-54-cards-packs/images/Area%2054%20Cards%20-%20357%20-%20Blubby%20Bono.jpg	Area 54 Cards - 357 - Blubby Bono.jpg
Blubby Bono	358	=IMAGE("https://ronenglish-archive.github.io/ron-english-nfts/area-54-cards-packs/images/Area%2054%20Cards%20-%20358%20-%20Blubby%20Bono.jpg",4,160,110)	https://ronenglish-archive.github.io/ron-english-nfts/area-54-cards-packs/images/Area%2054%20Cards%20-%20358%20-%20Blubby%20Bono.jpg	Area 54 Cards - 358 - Blubby Bono.jpg
Blubby Bono	359	=IMAGE("https://ronenglish-archive.github.io/ron-english-nfts/area-54-cards-packs/images/Area%2054%20Cards%20-%20359%20-%20Blubby%20Bono.jpg",4,160,110)	https://ronenglish-archive.github.io/ron-english-nfts/area-54-cards-packs/images/Area%2054%20Cards%20-%20359%20-%20Blubby%20Bono.jpg	Area 54 Cards - 359 - Blubby Bono.jpg
Star Skull Alien	36	=IMAGE("https://ronenglish-archive.github.io/ron-english-nfts/area-54-cards-packs/images/Area%2054%20Cards%20-%2036%20-%20Star%20Skull%20Alien.jpg",4,160,110)	https://ronenglish-archive.github.io/ron-english-nfts/area-54-cards-packs/images/Area%2054%20Cards%20-%2036%20-%20Star%20Skull%20Alien.jpg	Area 54 Cards - 36 - Star Skull Alien.jpg
Blubby Bono	360	=IMAGE("https://ronenglish-archive.github.io/ron-english-nfts/area-54-cards-packs/images/Area%2054%20Cards%20-%20360%20-%20Blubby%20Bono.jpg",4,160,110)	https://ronenglish-archive.github.io/ron-english-nfts/area-54-cards-packs/images/Area%2054%20Cards%20-%20360%20-%20Blubby%20Bono.jpg	Area 54 Cards - 360 - Blubby Bono.jpg
Blubby Bono	361	=IMAGE("https://ronenglish-archive.github.io/ron-english-nfts/area-54-cards-packs/images/Area%2054%20Cards%20-%20361%20-%20Blubby%20Bono.jpg",4,160,110)	https://ronenglish-archive.github.io/ron-english-nfts/area-54-cards-packs/images/Area%2054%20Cards%20-%20361%20-%20Blubby%20Bono.jpg	Area 54 Cards - 361 - Blubby Bono.jpg
Blubby Bono	362	=IMAGE("https://ronenglish-archive.github.io/ron-english-nfts/area-54-cards-packs/images/Area%2054%20Cards%20-%20362%20-%20Blubby%20Bono.jpg",4,160,110)	https://ronenglish-archive.github.io/ron-english-nfts/area-54-cards-packs/images/Area%2054%20Cards%20-%20362%20-%20Blubby%20Bono.jpg	Area 54 Cards - 362 - Blubby Bono.jpg
Blubby Bono	363	=IMAGE("https://ronenglish-archive.github.io/ron-english-nfts/area-54-cards-packs/images/Area%2054%20Cards%20-%20363%20-%20Blubby%20Bono.jpg",4,160,110)	https://ronenglish-archive.github.io/ron-english-nfts/area-54-cards-packs/images/Area%2054%20Cards%20-%20363%20-%20Blubby%20Bono.jpg	Area 54 Cards - 363 - Blubby Bono.jpg
Venusian Uranian	364	=IMAGE("https://ronenglish-archive.github.io/ron-english-nfts/area-54-cards-packs/images/Area%2054%20Cards%20-%20364%20-%20Venusian%20Uranian.jpg",4,160,110)	https://ronenglish-archive.github.io/ron-english-nfts/area-54-cards-packs/images/Area%2054%20Cards%20-%20364%20-%20Venusian%20Uranian.jpg	Area 54 Cards - 364 - Venusian Uranian.jpg
Venusian Uranian	365	=IMAGE("https://ronenglish-archive.github.io/ron-english-nfts/area-54-cards-packs/images/Area%2054%20Cards%20-%20365%20-%20Venusian%20Uranian.jpg",4,160,110)	https://ronenglish-archive.github.io/ron-english-nfts/area-54-cards-packs/images/Area%2054%20Cards%20-%20365%20-%20Venusian%20Uranian.jpg	Area 54 Cards - 365 - Venusian Uranian.jpg
Venusian Uranian	366	=IMAGE("https://ronenglish-archive.github.io/ron-english-nfts/area-54-cards-packs/images/Area%2054%20Cards%20-%20366%20-%20Venusian%20Uranian.jpg",4,160,110)	https://ronenglish-archive.github.io/ron-english-nfts/area-54-cards-packs/images/Area%2054%20Cards%20-%20366%20-%20Venusian%20Uranian.jpg	Area 54 Cards - 366 - Venusian Uranian.jpg
Venusian Uranian	367	=IMAGE("https://ronenglish-archive.github.io/ron-english-nfts/area-54-cards-packs/images/Area%2054%20Cards%20-%20367%20-%20Venusian%20Uranian.jpg",4,160,110)	https://ronenglish-archive.github.io/ron-english-nfts/area-54-cards-packs/images/Area%2054%20Cards%20-%20367%20-%20Venusian%20Uranian.jpg	Area 54 Cards - 367 - Venusian Uranian.jpg
Venusian Uranian	368	=IMAGE("https://ronenglish-archive.github.io/ron-english-nfts/area-54-cards-packs/images/Area%2054%20Cards%20-%20368%20-%20Venusian%20Uranian.jpg",4,160,110)	https://ronenglish-archive.github.io/ron-english-nfts/area-54-cards-packs/images/Area%2054%20Cards%20-%20368%20-%20Venusian%20Uranian.jpg	Area 54 Cards - 368 - Venusian Uranian.jpg
Venusian Uranian	369	=IMAGE("https://ronenglish-archive.github.io/ron-english-nfts/area-54-cards-packs/images/Area%2054%20Cards%20-%20369%20-%20Venusian%20Uranian.jpg",4,160,110)	https://ronenglish-archive.github.io/ron-english-nfts/area-54-cards-packs/images/Area%2054%20Cards%20-%20369%20-%20Venusian%20Uranian.jpg	Area 54 Cards - 369 - Venusian Uranian.jpg
Star Skull Alien	37	=IMAGE("https://ronenglish-archive.github.io/ron-english-nfts/area-54-cards-packs/images/Area%2054%20Cards%20-%2037%20-%20Star%20Skull%20Alien.jpg",4,160,110)	https://ronenglish-archive.github.io/ron-english-nfts/area-54-cards-packs/images/Area%2054%20Cards%20-%2037%20-%20Star%20Skull%20Alien.jpg	Area 54 Cards - 37 - Star Skull Alien.jpg
Venusian Uranian	370	=IMAGE("https://ronenglish-archive.github.io/ron-english-nfts/area-54-cards-packs/images/Area%2054%20Cards%20-%20370%20-%20Venusian%20Uranian.jpg",4,160,110)	https://ronenglish-archive.github.io/ron-english-nfts/area-54-cards-packs/images/Area%2054%20Cards%20-%20370%20-%20Venusian%20Uranian.jpg	Area 54 Cards - 370 - Venusian Uranian.jpg
Venusian Uranian	371	=IMAGE("https://ronenglish-archive.github.io/ron-english-nfts/area-54-cards-packs/images/Area%2054%20Cards%20-%20371%20-%20Venusian%20Uranian.jpg",4,160,110)	https://ronenglish-archive.github.io/ron-english-nfts/area-54-cards-packs/images/Area%2054%20Cards%20-%20371%20-%20Venusian%20Uranian.jpg	Area 54 Cards - 371 - Venusian Uranian.jpg
Venusian Uranian	372	=IMAGE("https://ronenglish-archive.github.io/ron-english-nfts/area-54-cards-packs/images/Area%2054%20Cards%20-%20372%20-%20Venusian%20Uranian.jpg",4,160,110)	https://ronenglish-archive.github.io/ron-english-nfts/area-54-cards-packs/images/Area%2054%20Cards%20-%20372%20-%20Venusian%20Uranian.jpg	Area 54 Cards - 372 - Venusian Uranian.jpg
Genus Dexus	373	=IMAGE("https://ronenglish-archive.github.io/ron-english-nfts/area-54-cards-packs/images/Area%2054%20Cards%20-%20373%20-%20Genus%20Dexus.jpg",4,160,110)	https://ronenglish-archive.github.io/ron-english-nfts/area-54-cards-packs/images/Area%2054%20Cards%20-%20373%20-%20Genus%20Dexus.jpg	Area 54 Cards - 373 - Genus Dexus.jpg
Transretinal Orion	374	=IMAGE("https://ronenglish-archive.github.io/ron-english-nfts/area-54-cards-packs/images/Area%2054%20Cards%20-%20374%20-%20Transretinal%20Orion.jpg",4,160,110)	https://ronenglish-archive.github.io/ron-english-nfts/area-54-cards-packs/images/Area%2054%20Cards%20-%20374%20-%20Transretinal%20Orion.jpg	Area 54 Cards - 374 - Transretinal Orion.jpg
Astrognoist Centauri	375	=IMAGE("https://ronenglish-archive.github.io/ron-english-nfts/area-54-cards-packs/images/Area%2054%20Cards%20-%20375%20-%20Astrognoist%20Centauri.jpg",4,160,110)	https://ronenglish-archive.github.io/ron-english-nfts/area-54-cards-packs/images/Area%2054%20Cards%20-%20375%20-%20Astrognoist%20Centauri.jpg	Area 54 Cards - 375 - Astrognoist Centauri.jpg
Tsechgo the Terror	376	=IMAGE("https://ronenglish-archive.github.io/ron-english-nfts/area-54-cards-packs/images/Area%2054%20Cards%20-%20376%20-%20Tsechgo%20the%20Terror.jpg",4,160,110)	https://ronenglish-archive.github.io/ron-english-nfts/area-54-cards-packs/images/Area%2054%20Cards%20-%20376%20-%20Tsechgo%20the%20Terror.jpg	Area 54 Cards - 376 - Tsechgo the Terror.jpg
Grey Omomyid	377	=IMAGE("https://ronenglish-archive.github.io/ron-english-nfts/area-54-cards-packs/images/Area%2054%20Cards%20-%20377%20-%20Grey%20Omomyid.jpg",4,160,110)	https://ronenglish-archive.github.io/ron-english-nfts/area-54-cards-packs/images/Area%2054%20Cards%20-%20377%20-%20Grey%20Omomyid.jpg	Area 54 Cards - 377 - Grey Omomyid.jpg
Etymogual Benedictus	378	=IMAGE("https://ronenglish-archive.github.io/ron-english-nfts/area-54-cards-packs/images/Area%2054%20Cards%20-%20378%20-%20Etymogual%20Benedictus.png",4,160,110)	https://ronenglish-archive.github.io/ron-english-nfts/area-54-cards-packs/images/Area%2054%20Cards%20-%20378%20-%20Etymogual%20Benedictus.png	Area 54 Cards - 378 - Etymogual Benedictus.png
Curious Hauge	379	=IMAGE("https://ronenglish-archive.github.io/ron-english-nfts/area-54-cards-packs/images/Area%2054%20Cards%20-%20379%20-%20Curious%20Hauge.png",4,160,110)	https://ronenglish-archive.github.io/ron-english-nfts/area-54-cards-packs/images/Area%2054%20Cards%20-%20379%20-%20Curious%20Hauge.png	Area 54 Cards - 379 - Curious Hauge.png
Star Skull Alien	38	=IMAGE("https://ronenglish-archive.github.io/ron-english-nfts/area-54-cards-packs/images/Area%2054%20Cards%20-%2038%20-%20Star%20Skull%20Alien.jpg",4,160,110)	https://ronenglish-archive.github.io/ron-english-nfts/area-54-cards-packs/images/Area%2054%20Cards%20-%2038%20-%20Star%20Skull%20Alien.jpg	Area 54 Cards - 38 - Star Skull Alien.jpg
Lillithone Saviour	380	=IMAGE("https://ronenglish-archive.github.io/ron-english-nfts/area-54-cards-packs/images/Area%2054%20Cards%20-%20380%20-%20Lillithone%20Saviour.png",4,160,110)	https://ronenglish-archive.github.io/ron-english-nfts/area-54-cards-packs/images/Area%2054%20Cards%20-%20380%20-%20Lillithone%20Saviour.png	Area 54 Cards - 380 - Lillithone Saviour.png
Kidmark Que	381	=IMAGE("https://ronenglish-archive.github.io/ron-english-nfts/area-54-cards-packs/images/Area%2054%20Cards%20-%20381%20-%20Kidmark%20Que.png",4,160,110)	https://ronenglish-archive.github.io/ron-english-nfts/area-54-cards-packs/images/Area%2054%20Cards%20-%20381%20-%20Kidmark%20Que.png	Area 54 Cards - 381 - Kidmark Que.png
Vivatous Vee	382	=IMAGE("https://ronenglish-archive.github.io/ron-english-nfts/area-54-cards-packs/images/Area%2054%20Cards%20-%20382%20-%20Vivatous%20Vee.png",4,160,110)	https://ronenglish-archive.github.io/ron-english-nfts/area-54-cards-packs/images/Area%2054%20Cards%20-%20382%20-%20Vivatous%20Vee.png	Area 54 Cards - 382 - Vivatous Vee.png
Blacksoul Sun	383	=IMAGE("https://ronenglish-archive.github.io/ron-english-nfts/area-54-cards-packs/images/Area%2054%20Cards%20-%20383%20-%20Blacksoul%20Sun.png",4,160,110)	https://ronenglish-archive.github.io/ron-english-nfts/area-54-cards-packs/images/Area%2054%20Cards%20-%20383%20-%20Blacksoul%20Sun.png	Area 54 Cards - 383 - Blacksoul Sun.png
Psalty Turin Shout	384	=IMAGE("https://ronenglish-archive.github.io/ron-english-nfts/area-54-cards-packs/images/Area%2054%20Cards%20-%20384%20-%20Psalty%20Turin%20Shout.png",4,160,110)	https://ronenglish-archive.github.io/ron-english-nfts/area-54-cards-packs/images/Area%2054%20Cards%20-%20384%20-%20Psalty%20Turin%20Shout.png	Area 54 Cards - 384 - Psalty Turin Shout.png
Veronese Testucalius	385	=IMAGE("https://ronenglish-archive.github.io/ron-english-nfts/area-54-cards-packs/images/Area%2054%20Cards%20-%20385%20-%20Veronese%20Testucalius.png",4,160,110)	https://ronenglish-archive.github.io/ron-english-nfts/area-54-cards-packs/images/Area%2054%20Cards%20-%20385%20-%20Veronese%20Testucalius.png	Area 54 Cards - 385 - Veronese Testucalius.png
Ampadextal Testamonk	386	=IMAGE("https://ronenglish-archive.github.io/ron-english-nfts/area-54-cards-packs/images/Area%2054%20Cards%20-%20386%20-%20Ampadextal%20Testamonk.png",4,160,110)	https://ronenglish-archive.github.io/ron-english-nfts/area-54-cards-packs/images/Area%2054%20Cards%20-%20386%20-%20Ampadextal%20Testamonk.png	Area 54 Cards - 386 - Ampadextal Testamonk.png
Genhumas Transretnal	387	=IMAGE("https://ronenglish-archive.github.io/ron-english-nfts/area-54-cards-packs/images/Area%2054%20Cards%20-%20387%20-%20Genhumas%20Transretnal.png",4,160,110)	https://ronenglish-archive.github.io/ron-english-nfts/area-54-cards-packs/images/Area%2054%20Cards%20-%20387%20-%20Genhumas%20Transretnal.png	Area 54 Cards - 387 - Genhumas Transretnal.png
Denarius Asspatcher	388	=IMAGE("https://ronenglish-archive.github.io/ron-english-nfts/area-54-cards-packs/images/Area%2054%20Cards%20-%20388%20-%20Denarius%20Asspatcher.png",4,160,110)	https://ronenglish-archive.github.io/ron-english-nfts/area-54-cards-packs/images/Area%2054%20Cards%20-%20388%20-%20Denarius%20Asspatcher.png	Area 54 Cards - 388 - Denarius Asspatcher.png
Grimical Credance	389	=IMAGE("https://ronenglish-archive.github.io/ron-english-nfts/area-54-cards-packs/images/Area%2054%20Cards%20-%20389%20-%20Grimical%20Credance.png",4,160,110)	https://ronenglish-archive.github.io/ron-english-nfts/area-54-cards-packs/images/Area%2054%20Cards%20-%20389%20-%20Grimical%20Credance.png	Area 54 Cards - 389 - Grimical Credance.png
Star Skull Alien	39	=IMAGE("https://ronenglish-archive.github.io/ron-english-nfts/area-54-cards-packs/images/Area%2054%20Cards%20-%2039%20-%20Star%20Skull%20Alien.jpg",4,160,110)	https://ronenglish-archive.github.io/ron-english-nfts/area-54-cards-packs/images/Area%2054%20Cards%20-%2039%20-%20Star%20Skull%20Alien.jpg	Area 54 Cards - 39 - Star Skull Alien.jpg
Scantor Pan Ki Moon	390	=IMAGE("https://ronenglish-archive.github.io/ron-english-nfts/area-54-cards-packs/images/Area%2054%20Cards%20-%20390%20-%20Scantor%20Pan%20Ki%20Moon.png",4,160,110)	https://ronenglish-archive.github.io/ron-english-nfts/area-54-cards-packs/images/Area%2054%20Cards%20-%20390%20-%20Scantor%20Pan%20Ki%20Moon.png	Area 54 Cards - 390 - Scantor Pan Ki Moon.png
Ratrental Adreheum	391	=IMAGE("https://ronenglish-archive.github.io/ron-english-nfts/area-54-cards-packs/images/Area%2054%20Cards%20-%20391%20-%20Ratrental%20Adreheum.png",4,160,110)	https://ronenglish-archive.github.io/ron-english-nfts/area-54-cards-packs/images/Area%2054%20Cards%20-%20391%20-%20Ratrental%20Adreheum.png	Area 54 Cards - 391 - Ratrental Adreheum.png
Andresistor Toomoo	392	=IMAGE("https://ronenglish-archive.github.io/ron-english-nfts/area-54-cards-packs/images/Area%2054%20Cards%20-%20392%20-%20Andresistor%20Toomoo.png",4,160,110)	https://ronenglish-archive.github.io/ron-english-nfts/area-54-cards-packs/images/Area%2054%20Cards%20-%20392%20-%20Andresistor%20Toomoo.png	Area 54 Cards - 392 - Andresistor Toomoo.png
Thcycler Sanbow	393	=IMAGE("https://ronenglish-archive.github.io/ron-english-nfts/area-54-cards-packs/images/Area%2054%20Cards%20-%20393%20-%20Thcycler%20Sanbow.png",4,160,110)	https://ronenglish-archive.github.io/ron-english-nfts/area-54-cards-packs/images/Area%2054%20Cards%20-%20393%20-%20Thcycler%20Sanbow.png	Area 54 Cards - 393 - Thcycler Sanbow.png
Sandmo Abstance	394	=IMAGE("https://ronenglish-archive.github.io/ron-english-nfts/area-54-cards-packs/images/Area%2054%20Cards%20-%20394%20-%20Sandmo%20Abstance.png",4,160,110)	https://ronenglish-archive.github.io/ron-english-nfts/area-54-cards-packs/images/Area%2054%20Cards%20-%20394%20-%20Sandmo%20Abstance.png	Area 54 Cards - 394 - Sandmo Abstance.png
Palliduness Flatulence	395	=IMAGE("https://ronenglish-archive.github.io/ron-english-nfts/area-54-cards-packs/images/Area%2054%20Cards%20-%20395%20-%20Palliduness%20Flatulence.png",4,160,110)	https://ronenglish-archive.github.io/ron-english-nfts/area-54-cards-packs/images/Area%2054%20Cards%20-%20395%20-%20Palliduness%20Flatulence.png	Area 54 Cards - 395 - Palliduness Flatulence.png
Flushal Recokon	396	=IMAGE("https://ronenglish-archive.github.io/ron-english-nfts/area-54-cards-packs/images/Area%2054%20Cards%20-%20396%20-%20Flushal%20Recokon.png",4,160,110)	https://ronenglish-archive.github.io/ron-english-nfts/area-54-cards-packs/images/Area%2054%20Cards%20-%20396%20-%20Flushal%20Recokon.png	Area 54 Cards - 396 - Flushal Recokon.png
Andresonor Vanvermon	397	=IMAGE("https://ronenglish-archive.github.io/ron-english-nfts/area-54-cards-packs/images/Area%2054%20Cards%20-%20397%20-%20Andresonor%20Vanvermon.png",4,160,110)	https://ronenglish-archive.github.io/ron-english-nfts/area-54-cards-packs/images/Area%2054%20Cards%20-%20397%20-%20Andresonor%20Vanvermon.png	Area 54 Cards - 397 - Andresonor Vanvermon.png
Celibscent Scanidol	398	=IMAGE("https://ronenglish-archive.github.io/ron-english-nfts/area-54-cards-packs/images/Area%2054%20Cards%20-%20398%20-%20Celibscent%20Scanidol.png",4,160,110)	https://ronenglish-archive.github.io/ron-english-nfts/area-54-cards-packs/images/Area%2054%20Cards%20-%20398%20-%20Celibscent%20Scanidol.png	Area 54 Cards - 398 - Celibscent Scanidol.png
Tantalus Zathuman 45	399	=IMAGE("https://ronenglish-archive.github.io/ron-english-nfts/area-54-cards-packs/images/Area%2054%20Cards%20-%20399%20-%20Tantalus%20Zathuman%2045.png",4,160,110)	https://ronenglish-archive.github.io/ron-english-nfts/area-54-cards-packs/images/Area%2054%20Cards%20-%20399%20-%20Tantalus%20Zathuman%2045.png	Area 54 Cards - 399 - Tantalus Zathuman 45.png
Quarterback Squeak	4	=IMAGE("https://ronenglish-archive.github.io/ron-english-nfts/area-54-cards-packs/images/Area%2054%20Cards%20-%204%20-%20Quarterback%20Squeak.jpg",4,160,110)	https://ronenglish-archive.github.io/ron-english-nfts/area-54-cards-packs/images/Area%2054%20Cards%20-%204%20-%20Quarterback%20Squeak.jpg	Area 54 Cards - 4 - Quarterback Squeak.jpg
Star Skull Alien	40	=IMAGE("https://ronenglish-archive.github.io/ron-english-nfts/area-54-cards-packs/images/Area%2054%20Cards%20-%2040%20-%20Star%20Skull%20Alien.jpg",4,160,110)	https://ronenglish-archive.github.io/ron-english-nfts/area-54-cards-packs/images/Area%2054%20Cards%20-%2040%20-%20Star%20Skull%20Alien.jpg	Area 54 Cards - 40 - Star Skull Alien.jpg
Lavishless Fauness	400	=IMAGE("https://ronenglish-archive.github.io/ron-english-nfts/area-54-cards-packs/images/Area%2054%20Cards%20-%20400%20-%20Lavishless%20Fauness.png",4,160,110)	https://ronenglish-archive.github.io/ron-english-nfts/area-54-cards-packs/images/Area%2054%20Cards%20-%20400%20-%20Lavishless%20Fauness.png	Area 54 Cards - 400 - Lavishless Fauness.png
Fraxulus Blasphamommie	401	=IMAGE("https://ronenglish-archive.github.io/ron-english-nfts/area-54-cards-packs/images/Area%2054%20Cards%20-%20401%20-%20Fraxulus%20Blasphamommie.png",4,160,110)	https://ronenglish-archive.github.io/ron-english-nfts/area-54-cards-packs/images/Area%2054%20Cards%20-%20401%20-%20Fraxulus%20Blasphamommie.png	Area 54 Cards - 401 - Fraxulus Blasphamommie.png
Cameulus Caniblast	402	=IMAGE("https://ronenglish-archive.github.io/ron-english-nfts/area-54-cards-packs/images/Area%2054%20Cards%20-%20402%20-%20Cameulus%20Caniblast.png",4,160,110)	https://ronenglish-archive.github.io/ron-english-nfts/area-54-cards-packs/images/Area%2054%20Cards%20-%20402%20-%20Cameulus%20Caniblast.png	Area 54 Cards - 402 - Cameulus Caniblast.png
Camaluta Fraction	403	=IMAGE("https://ronenglish-archive.github.io/ron-english-nfts/area-54-cards-packs/images/Area%2054%20Cards%20-%20403%20-%20Camaluta%20Fraction.jpg",4,160,110)	https://ronenglish-archive.github.io/ron-english-nfts/area-54-cards-packs/images/Area%2054%20Cards%20-%20403%20-%20Camaluta%20Fraction.jpg	Area 54 Cards - 403 - Camaluta Fraction.jpg
Ravebless Calluconcious	404	=IMAGE("https://ronenglish-archive.github.io/ron-english-nfts/area-54-cards-packs/images/Area%2054%20Cards%20-%20404%20-%20Ravebless%20Calluconcious.png",4,160,110)	https://ronenglish-archive.github.io/ron-english-nfts/area-54-cards-packs/images/Area%2054%20Cards%20-%20404%20-%20Ravebless%20Calluconcious.png	Area 54 Cards - 404 - Ravebless Calluconcious.png
Bozobreath Anusless	405	=IMAGE("https://ronenglish-archive.github.io/ron-english-nfts/area-54-cards-packs/images/Area%2054%20Cards%20-%20405%20-%20Bozobreath%20Anusless.png",4,160,110)	https://ronenglish-archive.github.io/ron-english-nfts/area-54-cards-packs/images/Area%2054%20Cards%20-%20405%20-%20Bozobreath%20Anusless.png	Area 54 Cards - 405 - Bozobreath Anusless.png
Amplacrive Crapulence	406	=IMAGE("https://ronenglish-archive.github.io/ron-english-nfts/area-54-cards-packs/images/Area%2054%20Cards%20-%20406%20-%20Amplacrive%20Crapulence.png",4,160,110)	https://ronenglish-archive.github.io/ron-english-nfts/area-54-cards-packs/images/Area%2054%20Cards%20-%20406%20-%20Amplacrive%20Crapulence.png	Area 54 Cards - 406 - Amplacrive Crapulence.png
Absubtract Analsupress	407	=IMAGE("https://ronenglish-archive.github.io/ron-english-nfts/area-54-cards-packs/images/Area%2054%20Cards%20-%20407%20-%20Absubtract%20Analsupress.png",4,160,110)	https://ronenglish-archive.github.io/ron-english-nfts/area-54-cards-packs/images/Area%2054%20Cards%20-%20407%20-%20Absubtract%20Analsupress.png	Area 54 Cards - 407 - Absubtract Analsupress.png
Galacter Equanimous	408	=IMAGE("https://ronenglish-archive.github.io/ron-english-nfts/area-54-cards-packs/images/Area%2054%20Cards%20-%20408%20-%20Galacter%20Equanimous.png",4,160,110)	https://ronenglish-archive.github.io/ron-english-nfts/area-54-cards-packs/images/Area%2054%20Cards%20-%20408%20-%20Galacter%20Equanimous.png	Area 54 Cards - 408 - Galacter Equanimous.png
Mirreckless Mucilaginor	409	=IMAGE("https://ronenglish-archive.github.io/ron-english-nfts/area-54-cards-packs/images/Area%2054%20Cards%20-%20409%20-%20Mirreckless%20Mucilaginor.png",4,160,110)	https://ronenglish-archive.github.io/ron-english-nfts/area-54-cards-packs/images/Area%2054%20Cards%20-%20409%20-%20Mirreckless%20Mucilaginor.png	Area 54 Cards - 409 - Mirreckless Mucilaginor.png
Star Skull Alien	41	=IMAGE("https://ronenglish-archive.github.io/ron-english-nfts/area-54-cards-packs/images/Area%2054%20Cards%20-%2041%20-%20Star%20Skull%20Alien.jpg",4,160,110)	https://ronenglish-archive.github.io/ron-english-nfts/area-54-cards-packs/images/Area%2054%20Cards%20-%2041%20-%20Star%20Skull%20Alien.jpg	Area 54 Cards - 41 - Star Skull Alien.jpg
Revel Rioter	410	=IMAGE("https://ronenglish-archive.github.io/ron-english-nfts/area-54-cards-packs/images/Area%2054%20Cards%20-%20410%20-%20Revel%20Rioter.png",4,160,110)	https://ronenglish-archive.github.io/ron-english-nfts/area-54-cards-packs/images/Area%2054%20Cards%20-%20410%20-%20Revel%20Rioter.png	Area 54 Cards - 410 - Revel Rioter.png
Bacchan Complainer	411	=IMAGE("https://ronenglish-archive.github.io/ron-english-nfts/area-54-cards-packs/images/Area%2054%20Cards%20-%20411%20-%20Bacchan%20Complainer.png",4,160,110)	https://ronenglish-archive.github.io/ron-english-nfts/area-54-cards-packs/images/Area%2054%20Cards%20-%20411%20-%20Bacchan%20Complainer.png	Area 54 Cards - 411 - Bacchan Complainer.png
Palliduness Flatulence	412	=IMAGE("https://ronenglish-archive.github.io/ron-english-nfts/area-54-cards-packs/images/Area%2054%20Cards%20-%20412%20-%20Palliduness%20Flatulence.png",4,160,110)	https://ronenglish-archive.github.io/ron-english-nfts/area-54-cards-packs/images/Area%2054%20Cards%20-%20412%20-%20Palliduness%20Flatulence.png	Area 54 Cards - 412 - Palliduness Flatulence.png
Celibscent Scanidol	413	=IMAGE("https://ronenglish-archive.github.io/ron-english-nfts/area-54-cards-packs/images/Area%2054%20Cards%20-%20413%20-%20Celibscent%20Scanidol.png",4,160,110)	https://ronenglish-archive.github.io/ron-english-nfts/area-54-cards-packs/images/Area%2054%20Cards%20-%20413%20-%20Celibscent%20Scanidol.png	Area 54 Cards - 413 - Celibscent Scanidol.png
Inner Sane	418	=IMAGE("https://ronenglish-archive.github.io/ron-english-nfts/area-54-cards-packs/images/Area%2054%20Cards%20-%20418%20-%20Inner%20Sane.png",4,160,110)	https://ronenglish-archive.github.io/ron-english-nfts/area-54-cards-packs/images/Area%2054%20Cards%20-%20418%20-%20Inner%20Sane.png	Area 54 Cards - 418 - Inner Sane.png
Star Skull Alien	42	=IMAGE("https://ronenglish-archive.github.io/ron-english-nfts/area-54-cards-packs/images/Area%2054%20Cards%20-%2042%20-%20Star%20Skull%20Alien.jpg",4,160,110)	https://ronenglish-archive.github.io/ron-english-nfts/area-54-cards-packs/images/Area%2054%20Cards%20-%2042%20-%20Star%20Skull%20Alien.jpg	Area 54 Cards - 42 - Star Skull Alien.jpg
Star Skull Alien	43	=IMAGE("https://ronenglish-archive.github.io/ron-english-nfts/area-54-cards-packs/images/Area%2054%20Cards%20-%2043%20-%20Star%20Skull%20Alien.jpg",4,160,110)	https://ronenglish-archive.github.io/ron-english-nfts/area-54-cards-packs/images/Area%2054%20Cards%20-%2043%20-%20Star%20Skull%20Alien.jpg	Area 54 Cards - 43 - Star Skull Alien.jpg
Codextra Manasser	44	=IMAGE("https://ronenglish-archive.github.io/ron-english-nfts/area-54-cards-packs/images/Area%2054%20Cards%20-%2044%20-%20Codextra%20Manasser.jpg",4,160,110)	https://ronenglish-archive.github.io/ron-english-nfts/area-54-cards-packs/images/Area%2054%20Cards%20-%2044%20-%20Codextra%20Manasser.jpg	Area 54 Cards - 44 - Codextra Manasser.jpg
Codextra Manasser	45	=IMAGE("https://ronenglish-archive.github.io/ron-english-nfts/area-54-cards-packs/images/Area%2054%20Cards%20-%2045%20-%20Codextra%20Manasser.jpg",4,160,110)	https://ronenglish-archive.github.io/ron-english-nfts/area-54-cards-packs/images/Area%2054%20Cards%20-%2045%20-%20Codextra%20Manasser.jpg	Area 54 Cards - 45 - Codextra Manasser.jpg
Codextra Manasser	46	=IMAGE("https://ronenglish-archive.github.io/ron-english-nfts/area-54-cards-packs/images/Area%2054%20Cards%20-%2046%20-%20Codextra%20Manasser.jpg",4,160,110)	https://ronenglish-archive.github.io/ron-english-nfts/area-54-cards-packs/images/Area%2054%20Cards%20-%2046%20-%20Codextra%20Manasser.jpg	Area 54 Cards - 46 - Codextra Manasser.jpg
Codextra Manasser	47	=IMAGE("https://ronenglish-archive.github.io/ron-english-nfts/area-54-cards-packs/images/Area%2054%20Cards%20-%2047%20-%20Codextra%20Manasser.jpg",4,160,110)	https://ronenglish-archive.github.io/ron-english-nfts/area-54-cards-packs/images/Area%2054%20Cards%20-%2047%20-%20Codextra%20Manasser.jpg	Area 54 Cards - 47 - Codextra Manasser.jpg
Codextra Manasser	48	=IMAGE("https://ronenglish-archive.github.io/ron-english-nfts/area-54-cards-packs/images/Area%2054%20Cards%20-%2048%20-%20Codextra%20Manasser.jpg",4,160,110)	https://ronenglish-archive.github.io/ron-english-nfts/area-54-cards-packs/images/Area%2054%20Cards%20-%2048%20-%20Codextra%20Manasser.jpg	Area 54 Cards - 48 - Codextra Manasser.jpg
Codextra Manasser	49	=IMAGE("https://ronenglish-archive.github.io/ron-english-nfts/area-54-cards-packs/images/Area%2054%20Cards%20-%2049%20-%20Codextra%20Manasser.jpg",4,160,110)	https://ronenglish-archive.github.io/ron-english-nfts/area-54-cards-packs/images/Area%2054%20Cards%20-%2049%20-%20Codextra%20Manasser.jpg	Area 54 Cards - 49 - Codextra Manasser.jpg
Lorraine Yang	5	=IMAGE("https://ronenglish-archive.github.io/ron-english-nfts/area-54-cards-packs/images/Area%2054%20Cards%20-%205%20-%20Lorraine%20Yang.jpg",4,160,110)	https://ronenglish-archive.github.io/ron-english-nfts/area-54-cards-packs/images/Area%2054%20Cards%20-%205%20-%20Lorraine%20Yang.jpg	Area 54 Cards - 5 - Lorraine Yang.jpg
Codextra Manasser	50	=IMAGE("https://ronenglish-archive.github.io/ron-english-nfts/area-54-cards-packs/images/Area%2054%20Cards%20-%2050%20-%20Codextra%20Manasser.jpg",4,160,110)	https://ronenglish-archive.github.io/ron-english-nfts/area-54-cards-packs/images/Area%2054%20Cards%20-%2050%20-%20Codextra%20Manasser.jpg	Area 54 Cards - 50 - Codextra Manasser.jpg
Codextra Manasser	51	=IMAGE("https://ronenglish-archive.github.io/ron-english-nfts/area-54-cards-packs/images/Area%2054%20Cards%20-%2051%20-%20Codextra%20Manasser.jpg",4,160,110)	https://ronenglish-archive.github.io/ron-english-nfts/area-54-cards-packs/images/Area%2054%20Cards%20-%2051%20-%20Codextra%20Manasser.jpg	Area 54 Cards - 51 - Codextra Manasser.jpg
Codextra Manasser	52	=IMAGE("https://ronenglish-archive.github.io/ron-english-nfts/area-54-cards-packs/images/Area%2054%20Cards%20-%2052%20-%20Codextra%20Manasser.jpg",4,160,110)	https://ronenglish-archive.github.io/ron-english-nfts/area-54-cards-packs/images/Area%2054%20Cards%20-%2052%20-%20Codextra%20Manasser.jpg	Area 54 Cards - 52 - Codextra Manasser.jpg
Elated Xtra Terrestrial	53	=IMAGE("https://ronenglish-archive.github.io/ron-english-nfts/area-54-cards-packs/images/Area%2054%20Cards%20-%2053%20-%20Elated%20Xtra%20Terrestrial.jpg",4,160,110)	https://ronenglish-archive.github.io/ron-english-nfts/area-54-cards-packs/images/Area%2054%20Cards%20-%2053%20-%20Elated%20Xtra%20Terrestrial.jpg	Area 54 Cards - 53 - Elated Xtra Terrestrial.jpg
Elated Xtra Terrestrial	54	=IMAGE("https://ronenglish-archive.github.io/ron-english-nfts/area-54-cards-packs/images/Area%2054%20Cards%20-%2054%20-%20Elated%20Xtra%20Terrestrial.jpg",4,160,110)	https://ronenglish-archive.github.io/ron-english-nfts/area-54-cards-packs/images/Area%2054%20Cards%20-%2054%20-%20Elated%20Xtra%20Terrestrial.jpg	Area 54 Cards - 54 - Elated Xtra Terrestrial.jpg
Elated Xtra Terrestrial	55	=IMAGE("https://ronenglish-archive.github.io/ron-english-nfts/area-54-cards-packs/images/Area%2054%20Cards%20-%2055%20-%20Elated%20Xtra%20Terrestrial.jpg",4,160,110)	https://ronenglish-archive.github.io/ron-english-nfts/area-54-cards-packs/images/Area%2054%20Cards%20-%2055%20-%20Elated%20Xtra%20Terrestrial.jpg	Area 54 Cards - 55 - Elated Xtra Terrestrial.jpg
Elated Xtra Terrestrial	56	=IMAGE("https://ronenglish-archive.github.io/ron-english-nfts/area-54-cards-packs/images/Area%2054%20Cards%20-%2056%20-%20Elated%20Xtra%20Terrestrial.jpg",4,160,110)	https://ronenglish-archive.github.io/ron-english-nfts/area-54-cards-packs/images/Area%2054%20Cards%20-%2056%20-%20Elated%20Xtra%20Terrestrial.jpg	Area 54 Cards - 56 - Elated Xtra Terrestrial.jpg
Elated Xtra Terrestrial	57	=IMAGE("https://ronenglish-archive.github.io/ron-english-nfts/area-54-cards-packs/images/Area%2054%20Cards%20-%2057%20-%20Elated%20Xtra%20Terrestrial.jpg",4,160,110)	https://ronenglish-archive.github.io/ron-english-nfts/area-54-cards-packs/images/Area%2054%20Cards%20-%2057%20-%20Elated%20Xtra%20Terrestrial.jpg	Area 54 Cards - 57 - Elated Xtra Terrestrial.jpg
Elated Xtra Terrestrial	58	=IMAGE("https://ronenglish-archive.github.io/ron-english-nfts/area-54-cards-packs/images/Area%2054%20Cards%20-%2058%20-%20Elated%20Xtra%20Terrestrial.jpg",4,160,110)	https://ronenglish-archive.github.io/ron-english-nfts/area-54-cards-packs/images/Area%2054%20Cards%20-%2058%20-%20Elated%20Xtra%20Terrestrial.jpg	Area 54 Cards - 58 - Elated Xtra Terrestrial.jpg
Elated Xtra Terrestrial	59	=IMAGE("https://ronenglish-archive.github.io/ron-english-nfts/area-54-cards-packs/images/Area%2054%20Cards%20-%2059%20-%20Elated%20Xtra%20Terrestrial.jpg",4,160,110)	https://ronenglish-archive.github.io/ron-english-nfts/area-54-cards-packs/images/Area%2054%20Cards%20-%2059%20-%20Elated%20Xtra%20Terrestrial.jpg	Area 54 Cards - 59 - Elated Xtra Terrestrial.jpg
Bunnny Rabbbit	6	=IMAGE("https://ronenglish-archive.github.io/ron-english-nfts/area-54-cards-packs/images/Area%2054%20Cards%20-%206%20-%20Bunnny%20Rabbbit.jpg",4,160,110)	https://ronenglish-archive.github.io/ron-english-nfts/area-54-cards-packs/images/Area%2054%20Cards%20-%206%20-%20Bunnny%20Rabbbit.jpg	Area 54 Cards - 6 - Bunnny Rabbbit.jpg
Elated Xtra Terrestrial	60	=IMAGE("https://ronenglish-archive.github.io/ron-english-nfts/area-54-cards-packs/images/Area%2054%20Cards%20-%2060%20-%20Elated%20Xtra%20Terrestrial.jpg",4,160,110)	https://ronenglish-archive.github.io/ron-english-nfts/area-54-cards-packs/images/Area%2054%20Cards%20-%2060%20-%20Elated%20Xtra%20Terrestrial.jpg	Area 54 Cards - 60 - Elated Xtra Terrestrial.jpg
Elated Xtra Terrestrial	61	=IMAGE("https://ronenglish-archive.github.io/ron-english-nfts/area-54-cards-packs/images/Area%2054%20Cards%20-%2061%20-%20Elated%20Xtra%20Terrestrial.jpg",4,160,110)	https://ronenglish-archive.github.io/ron-english-nfts/area-54-cards-packs/images/Area%2054%20Cards%20-%2061%20-%20Elated%20Xtra%20Terrestrial.jpg	Area 54 Cards - 61 - Elated Xtra Terrestrial.jpg
Grift Drifter	62	=IMAGE("https://ronenglish-archive.github.io/ron-english-nfts/area-54-cards-packs/images/Area%2054%20Cards%20-%2062%20-%20Grift%20Drifter.jpg",4,160,110)	https://ronenglish-archive.github.io/ron-english-nfts/area-54-cards-packs/images/Area%2054%20Cards%20-%2062%20-%20Grift%20Drifter.jpg	Area 54 Cards - 62 - Grift Drifter.jpg
Grift Drifter	63	=IMAGE("https://ronenglish-archive.github.io/ron-english-nfts/area-54-cards-packs/images/Area%2054%20Cards%20-%2063%20-%20Grift%20Drifter.jpg",4,160,110)	https://ronenglish-archive.github.io/ron-english-nfts/area-54-cards-packs/images/Area%2054%20Cards%20-%2063%20-%20Grift%20Drifter.jpg	Area 54 Cards - 63 - Grift Drifter.jpg
Grift Drifter	64	=IMAGE("https://ronenglish-archive.github.io/ron-english-nfts/area-54-cards-packs/images/Area%2054%20Cards%20-%2064%20-%20Grift%20Drifter.jpg",4,160,110)	https://ronenglish-archive.github.io/ron-english-nfts/area-54-cards-packs/images/Area%2054%20Cards%20-%2064%20-%20Grift%20Drifter.jpg	Area 54 Cards - 64 - Grift Drifter.jpg
Grift Drifter	65	=IMAGE("https://ronenglish-archive.github.io/ron-english-nfts/area-54-cards-packs/images/Area%2054%20Cards%20-%2065%20-%20Grift%20Drifter.jpg",4,160,110)	https://ronenglish-archive.github.io/ron-english-nfts/area-54-cards-packs/images/Area%2054%20Cards%20-%2065%20-%20Grift%20Drifter.jpg	Area 54 Cards - 65 - Grift Drifter.jpg
Grift Drifter	66	=IMAGE("https://ronenglish-archive.github.io/ron-english-nfts/area-54-cards-packs/images/Area%2054%20Cards%20-%2066%20-%20Grift%20Drifter.jpg",4,160,110)	https://ronenglish-archive.github.io/ron-english-nfts/area-54-cards-packs/images/Area%2054%20Cards%20-%2066%20-%20Grift%20Drifter.jpg	Area 54 Cards - 66 - Grift Drifter.jpg
Grift Drifter	67	=IMAGE("https://ronenglish-archive.github.io/ron-english-nfts/area-54-cards-packs/images/Area%2054%20Cards%20-%2067%20-%20Grift%20Drifter.jpg",4,160,110)	https://ronenglish-archive.github.io/ron-english-nfts/area-54-cards-packs/images/Area%2054%20Cards%20-%2067%20-%20Grift%20Drifter.jpg	Area 54 Cards - 67 - Grift Drifter.jpg
Grift Drifter	68	=IMAGE("https://ronenglish-archive.github.io/ron-english-nfts/area-54-cards-packs/images/Area%2054%20Cards%20-%2068%20-%20Grift%20Drifter.jpg",4,160,110)	https://ronenglish-archive.github.io/ron-english-nfts/area-54-cards-packs/images/Area%2054%20Cards%20-%2068%20-%20Grift%20Drifter.jpg	Area 54 Cards - 68 - Grift Drifter.jpg
Grift Drifter	69	=IMAGE("https://ronenglish-archive.github.io/ron-english-nfts/area-54-cards-packs/images/Area%2054%20Cards%20-%2069%20-%20Grift%20Drifter.jpg",4,160,110)	https://ronenglish-archive.github.io/ron-english-nfts/area-54-cards-packs/images/Area%2054%20Cards%20-%2069%20-%20Grift%20Drifter.jpg	Area 54 Cards - 69 - Grift Drifter.jpg
King Crok	7	=IMAGE("https://ronenglish-archive.github.io/ron-english-nfts/area-54-cards-packs/images/Area%2054%20Cards%20-%207%20-%20King%20Crok.jpg",4,160,110)	https://ronenglish-archive.github.io/ron-english-nfts/area-54-cards-packs/images/Area%2054%20Cards%20-%207%20-%20King%20Crok.jpg	Area 54 Cards - 7 - King Crok.jpg
Grift Drifter	70	=IMAGE("https://ronenglish-archive.github.io/ron-english-nfts/area-54-cards-packs/images/Area%2054%20Cards%20-%2070%20-%20Grift%20Drifter.jpg",4,160,110)	https://ronenglish-archive.github.io/ron-english-nfts/area-54-cards-packs/images/Area%2054%20Cards%20-%2070%20-%20Grift%20Drifter.jpg	Area 54 Cards - 70 - Grift Drifter.jpg
Remora Rabbbit	71	=IMAGE("https://ronenglish-archive.github.io/ron-english-nfts/area-54-cards-packs/images/Area%2054%20Cards%20-%2071%20-%20Remora%20Rabbbit.jpg",4,160,110)	https://ronenglish-archive.github.io/ron-english-nfts/area-54-cards-packs/images/Area%2054%20Cards%20-%2071%20-%20Remora%20Rabbbit.jpg	Area 54 Cards - 71 - Remora Rabbbit.jpg
Remora Rabbbit	72	=IMAGE("https://ronenglish-archive.github.io/ron-english-nfts/area-54-cards-packs/images/Area%2054%20Cards%20-%2072%20-%20Remora%20Rabbbit.jpg",4,160,110)	https://ronenglish-archive.github.io/ron-english-nfts/area-54-cards-packs/images/Area%2054%20Cards%20-%2072%20-%20Remora%20Rabbbit.jpg	Area 54 Cards - 72 - Remora Rabbbit.jpg
Remora Rabbbit	73	=IMAGE("https://ronenglish-archive.github.io/ron-english-nfts/area-54-cards-packs/images/Area%2054%20Cards%20-%2073%20-%20Remora%20Rabbbit.jpg",4,160,110)	https://ronenglish-archive.github.io/ron-english-nfts/area-54-cards-packs/images/Area%2054%20Cards%20-%2073%20-%20Remora%20Rabbbit.jpg	Area 54 Cards - 73 - Remora Rabbbit.jpg
Remora Rabbbit	74	=IMAGE("https://ronenglish-archive.github.io/ron-english-nfts/area-54-cards-packs/images/Area%2054%20Cards%20-%2074%20-%20Remora%20Rabbbit.jpg",4,160,110)	https://ronenglish-archive.github.io/ron-english-nfts/area-54-cards-packs/images/Area%2054%20Cards%20-%2074%20-%20Remora%20Rabbbit.jpg	Area 54 Cards - 74 - Remora Rabbbit.jpg
Remora Rabbbit	75	=IMAGE("https://ronenglish-archive.github.io/ron-english-nfts/area-54-cards-packs/images/Area%2054%20Cards%20-%2075%20-%20Remora%20Rabbbit.jpg",4,160,110)	https://ronenglish-archive.github.io/ron-english-nfts/area-54-cards-packs/images/Area%2054%20Cards%20-%2075%20-%20Remora%20Rabbbit.jpg	Area 54 Cards - 75 - Remora Rabbbit.jpg
Remora Rabbbit	76	=IMAGE("https://ronenglish-archive.github.io/ron-english-nfts/area-54-cards-packs/images/Area%2054%20Cards%20-%2076%20-%20Remora%20Rabbbit.jpg",4,160,110)	https://ronenglish-archive.github.io/ron-english-nfts/area-54-cards-packs/images/Area%2054%20Cards%20-%2076%20-%20Remora%20Rabbbit.jpg	Area 54 Cards - 76 - Remora Rabbbit.jpg
Remora Rabbbit	77	=IMAGE("https://ronenglish-archive.github.io/ron-english-nfts/area-54-cards-packs/images/Area%2054%20Cards%20-%2077%20-%20Remora%20Rabbbit.jpg",4,160,110)	https://ronenglish-archive.github.io/ron-english-nfts/area-54-cards-packs/images/Area%2054%20Cards%20-%2077%20-%20Remora%20Rabbbit.jpg	Area 54 Cards - 77 - Remora Rabbbit.jpg
Remora Rabbbit	78	=IMAGE("https://ronenglish-archive.github.io/ron-english-nfts/area-54-cards-packs/images/Area%2054%20Cards%20-%2078%20-%20Remora%20Rabbbit.jpg",4,160,110)	https://ronenglish-archive.github.io/ron-english-nfts/area-54-cards-packs/images/Area%2054%20Cards%20-%2078%20-%20Remora%20Rabbbit.jpg	Area 54 Cards - 78 - Remora Rabbbit.jpg
Remora Rabbbit	79	=IMAGE("https://ronenglish-archive.github.io/ron-english-nfts/area-54-cards-packs/images/Area%2054%20Cards%20-%2079%20-%20Remora%20Rabbbit.jpg",4,160,110)	https://ronenglish-archive.github.io/ron-english-nfts/area-54-cards-packs/images/Area%2054%20Cards%20-%2079%20-%20Remora%20Rabbbit.jpg	Area 54 Cards - 79 - Remora Rabbbit.jpg
Bee Alien	8	=IMAGE("https://ronenglish-archive.github.io/ron-english-nfts/area-54-cards-packs/images/Area%2054%20Cards%20-%208%20-%20Bee%20Alien.jpg",4,160,110)	https://ronenglish-archive.github.io/ron-english-nfts/area-54-cards-packs/images/Area%2054%20Cards%20-%208%20-%20Bee%20Alien.jpg	Area 54 Cards - 8 - Bee Alien.jpg
Zerk Zuckzurd	80	=IMAGE("https://ronenglish-archive.github.io/ron-english-nfts/area-54-cards-packs/images/Area%2054%20Cards%20-%2080%20-%20Zerk%20Zuckzurd.jpg",4,160,110)	https://ronenglish-archive.github.io/ron-english-nfts/area-54-cards-packs/images/Area%2054%20Cards%20-%2080%20-%20Zerk%20Zuckzurd.jpg	Area 54 Cards - 80 - Zerk Zuckzurd.jpg
Zerk Zuckzurd	81	=IMAGE("https://ronenglish-archive.github.io/ron-english-nfts/area-54-cards-packs/images/Area%2054%20Cards%20-%2081%20-%20Zerk%20Zuckzurd.jpg",4,160,110)	https://ronenglish-archive.github.io/ron-english-nfts/area-54-cards-packs/images/Area%2054%20Cards%20-%2081%20-%20Zerk%20Zuckzurd.jpg	Area 54 Cards - 81 - Zerk Zuckzurd.jpg
Zerk Zuckzurd	82	=IMAGE("https://ronenglish-archive.github.io/ron-english-nfts/area-54-cards-packs/images/Area%2054%20Cards%20-%2082%20-%20Zerk%20Zuckzurd.jpg",4,160,110)	https://ronenglish-archive.github.io/ron-english-nfts/area-54-cards-packs/images/Area%2054%20Cards%20-%2082%20-%20Zerk%20Zuckzurd.jpg	Area 54 Cards - 82 - Zerk Zuckzurd.jpg
Zerk Zuckzurd	83	=IMAGE("https://ronenglish-archive.github.io/ron-english-nfts/area-54-cards-packs/images/Area%2054%20Cards%20-%2083%20-%20Zerk%20Zuckzurd.jpg",4,160,110)	https://ronenglish-archive.github.io/ron-english-nfts/area-54-cards-packs/images/Area%2054%20Cards%20-%2083%20-%20Zerk%20Zuckzurd.jpg	Area 54 Cards - 83 - Zerk Zuckzurd.jpg
Zerk Zuckzurd	84	=IMAGE("https://ronenglish-archive.github.io/ron-english-nfts/area-54-cards-packs/images/Area%2054%20Cards%20-%2084%20-%20Zerk%20Zuckzurd.jpg",4,160,110)	https://ronenglish-archive.github.io/ron-english-nfts/area-54-cards-packs/images/Area%2054%20Cards%20-%2084%20-%20Zerk%20Zuckzurd.jpg	Area 54 Cards - 84 - Zerk Zuckzurd.jpg
Zerk Zuckzurd	85	=IMAGE("https://ronenglish-archive.github.io/ron-english-nfts/area-54-cards-packs/images/Area%2054%20Cards%20-%2085%20-%20Zerk%20Zuckzurd.jpg",4,160,110)	https://ronenglish-archive.github.io/ron-english-nfts/area-54-cards-packs/images/Area%2054%20Cards%20-%2085%20-%20Zerk%20Zuckzurd.jpg	Area 54 Cards - 85 - Zerk Zuckzurd.jpg
Zerk Zuckzurd	86	=IMAGE("https://ronenglish-archive.github.io/ron-english-nfts/area-54-cards-packs/images/Area%2054%20Cards%20-%2086%20-%20Zerk%20Zuckzurd.jpg",4,160,110)	https://ronenglish-archive.github.io/ron-english-nfts/area-54-cards-packs/images/Area%2054%20Cards%20-%2086%20-%20Zerk%20Zuckzurd.jpg	Area 54 Cards - 86 - Zerk Zuckzurd.jpg
Zerk Zuckzurd	87	=IMAGE("https://ronenglish-archive.github.io/ron-english-nfts/area-54-cards-packs/images/Area%2054%20Cards%20-%2087%20-%20Zerk%20Zuckzurd.jpg",4,160,110)	https://ronenglish-archive.github.io/ron-english-nfts/area-54-cards-packs/images/Area%2054%20Cards%20-%2087%20-%20Zerk%20Zuckzurd.jpg	Area 54 Cards - 87 - Zerk Zuckzurd.jpg
Zerk Zuckzurd	88	=IMAGE("https://ronenglish-archive.github.io/ron-english-nfts/area-54-cards-packs/images/Area%2054%20Cards%20-%2088%20-%20Zerk%20Zuckzurd.jpg",4,160,110)	https://ronenglish-archive.github.io/ron-english-nfts/area-54-cards-packs/images/Area%2054%20Cards%20-%2088%20-%20Zerk%20Zuckzurd.jpg	Area 54 Cards - 88 - Zerk Zuckzurd.jpg
Fuelatron Jellybone	89	=IMAGE("https://ronenglish-archive.github.io/ron-english-nfts/area-54-cards-packs/images/Area%2054%20Cards%20-%2089%20-%20Fuelatron%20Jellybone.jpg",4,160,110)	https://ronenglish-archive.github.io/ron-english-nfts/area-54-cards-packs/images/Area%2054%20Cards%20-%2089%20-%20Fuelatron%20Jellybone.jpg	Area 54 Cards - 89 - Fuelatron Jellybone.jpg
Invading Alien Family	9	=IMAGE("https://ronenglish-archive.github.io/ron-english-nfts/area-54-cards-packs/images/Area%2054%20Cards%20-%209%20-%20Invading%20Alien%20Family.jpg",4,160,110)	https://ronenglish-archive.github.io/ron-english-nfts/area-54-cards-packs/images/Area%2054%20Cards%20-%209%20-%20Invading%20Alien%20Family.jpg	Area 54 Cards - 9 - Invading Alien Family.jpg
Fuelatron Jellybone	90	=IMAGE("https://ronenglish-archive.github.io/ron-english-nfts/area-54-cards-packs/images/Area%2054%20Cards%20-%2090%20-%20Fuelatron%20Jellybone.jpg",4,160,110)	https://ronenglish-archive.github.io/ron-english-nfts/area-54-cards-packs/images/Area%2054%20Cards%20-%2090%20-%20Fuelatron%20Jellybone.jpg	Area 54 Cards - 90 - Fuelatron Jellybone.jpg
Fuelatron Jellybone	91	=IMAGE("https://ronenglish-archive.github.io/ron-english-nfts/area-54-cards-packs/images/Area%2054%20Cards%20-%2091%20-%20Fuelatron%20Jellybone.jpg",4,160,110)	https://ronenglish-archive.github.io/ron-english-nfts/area-54-cards-packs/images/Area%2054%20Cards%20-%2091%20-%20Fuelatron%20Jellybone.jpg	Area 54 Cards - 91 - Fuelatron Jellybone.jpg
Fuelatron Jellybone	92	=IMAGE("https://ronenglish-archive.github.io/ron-english-nfts/area-54-cards-packs/images/Area%2054%20Cards%20-%2092%20-%20Fuelatron%20Jellybone.jpg",4,160,110)	https://ronenglish-archive.github.io/ron-english-nfts/area-54-cards-packs/images/Area%2054%20Cards%20-%2092%20-%20Fuelatron%20Jellybone.jpg	Area 54 Cards - 92 - Fuelatron Jellybone.jpg
Fuelatron Jellybone	93	=IMAGE("https://ronenglish-archive.github.io/ron-english-nfts/area-54-cards-packs/images/Area%2054%20Cards%20-%2093%20-%20Fuelatron%20Jellybone.jpg",4,160,110)	https://ronenglish-archive.github.io/ron-english-nfts/area-54-cards-packs/images/Area%2054%20Cards%20-%2093%20-%20Fuelatron%20Jellybone.jpg	Area 54 Cards - 93 - Fuelatron Jellybone.jpg
Fuelatron Jellybone	94	=IMAGE("https://ronenglish-archive.github.io/ron-english-nfts/area-54-cards-packs/images/Area%2054%20Cards%20-%2094%20-%20Fuelatron%20Jellybone.jpg",4,160,110)	https://ronenglish-archive.github.io/ron-english-nfts/area-54-cards-packs/images/Area%2054%20Cards%20-%2094%20-%20Fuelatron%20Jellybone.jpg	Area 54 Cards - 94 - Fuelatron Jellybone.jpg
Fuelatron Jellybone	95	=IMAGE("https://ronenglish-archive.github.io/ron-english-nfts/area-54-cards-packs/images/Area%2054%20Cards%20-%2095%20-%20Fuelatron%20Jellybone.jpg",4,160,110)	https://ronenglish-archive.github.io/ron-english-nfts/area-54-cards-packs/images/Area%2054%20Cards%20-%2095%20-%20Fuelatron%20Jellybone.jpg	Area 54 Cards - 95 - Fuelatron Jellybone.jpg
Fuelatron Jellybone	96	=IMAGE("https://ronenglish-archive.github.io/ron-english-nfts/area-54-cards-packs/images/Area%2054%20Cards%20-%2096%20-%20Fuelatron%20Jellybone.jpg",4,160,110)	https://ronenglish-archive.github.io/ron-english-nfts/area-54-cards-packs/images/Area%2054%20Cards%20-%2096%20-%20Fuelatron%20Jellybone.jpg	Area 54 Cards - 96 - Fuelatron Jellybone.jpg
Fuelatron Jellybone	97	=IMAGE("https://ronenglish-archive.github.io/ron-english-nfts/area-54-cards-packs/images/Area%2054%20Cards%20-%2097%20-%20Fuelatron%20Jellybone.jpg",4,160,110)	https://ronenglish-archive.github.io/ron-english-nfts/area-54-cards-packs/images/Area%2054%20Cards%20-%2097%20-%20Fuelatron%20Jellybone.jpg	Area 54 Cards - 97 - Fuelatron Jellybone.jpg
Fuelatron Jellybone	98	=IMAGE("https://ronenglish-archive.github.io/ron-english-nfts/area-54-cards-packs/images/Area%2054%20Cards%20-%2098%20-%20Fuelatron%20Jellybone.jpg",4,160,110)	https://ronenglish-archive.github.io/ron-english-nfts/area-54-cards-packs/images/Area%2054%20Cards%20-%2098%20-%20Fuelatron%20Jellybone.jpg	Area 54 Cards - 98 - Fuelatron Jellybone.jpg
Cosmo Titian	99	=IMAGE("https://ronenglish-archive.github.io/ron-english-nfts/area-54-cards-packs/images/Area%2054%20Cards%20-%2099%20-%20Cosmo%20Titian.jpg",4,160,110)	https://ronenglish-archive.github.io/ron-english-nfts/area-54-cards-packs/images/Area%2054%20Cards%20-%2099%20-%20Cosmo%20Titian.jpg	Area 54 Cards - 99 - Cosmo Titian.jpg
