"FileName","FullPath","SizeKB","Reason"
"222QM3JZ__Diapositiva710.JPG","E:\Zotero-organized-export\JPG-JPEG\Light Cult NFTs\222QM3JZ__Diapositiva710.JPG","143.6","Could not parse NFT number from filename"
"228FKVZI__Diapositiva149.JPG","E:\Zotero-organized-export\JPG-JPEG\Light Cult NFTs\228FKVZI__Diapositiva149.JPG","63.1","Could not parse NFT number from filename"
"22MLLGB5__Diapositiva947.JPG","E:\Zotero-organized-export\JPG-JPEG\Light Cult NFTs\22MLLGB5__Diapositiva947.JPG","73.6","Could not parse NFT number from filename"
"22N76YQ7__Diapositiva268.JPG","E:\Zotero-organized-export\JPG-JPEG\Light Cult NFTs\22N76YQ7__Diapositiva268.JPG","65.5","Could not parse NFT number from filename"
"22WAH56J__Diapositiva735.JPG","E:\Zotero-organized-export\JPG-JPEG\Light Cult NFTs\22WAH56J__Diapositiva735.JPG","126.5","Could not parse NFT number from filename"
"24DJAICF__Diapositiva527.JPG","E:\Zotero-organized-export\JPG-JPEG\Light Cult NFTs\24DJAICF__Diapositiva527.JPG","154.5","Could not parse NFT number from filename"
"25SVPA22__Diapositiva804.JPG","E:\Zotero-organized-export\JPG-JPEG\Light Cult NFTs\25SVPA22__Diapositiva804.JPG","54","Could not parse NFT number from filename"
"2627SQ8L__Diapositiva970.JPG","E:\Zotero-organized-export\JPG-JPEG\Light Cult NFTs\2627SQ8L__Diapositiva970.JPG","117.8","Could not parse NFT number from filename"
"26RGNEBS__Diapositiva760.JPG","E:\Zotero-organized-export\JPG-JPEG\Light Cult NFTs\26RGNEBS__Diapositiva760.JPG","60.8","Could not parse NFT number from filename"
"275ZR5BT__Diapositiva307.JPG","E:\Zotero-organized-export\JPG-JPEG\Light Cult NFTs\275ZR5BT__Diapositiva307.JPG","43.3","Could not parse NFT number from filename"
"27BX3DU7__Diapositiva686.JPG","E:\Zotero-organized-export\JPG-JPEG\Light Cult NFTs\27BX3DU7__Diapositiva686.JPG","150.8","Could not parse NFT number from filename"
"287NPL3F__Diapositiva849.JPG","E:\Zotero-organized-export\JPG-JPEG\Light Cult NFTs\287NPL3F__Diapositiva849.JPG","119.6","Could not parse NFT number from filename"
"295CBCQ8__Diapositiva108.JPG","E:\Zotero-organized-export\JPG-JPEG\Light Cult NFTs\295CBCQ8__Diapositiva108.JPG","71.9","Could not parse NFT number from filename"
"29MNDF37__Diapositiva892.JPG","E:\Zotero-organized-export\JPG-JPEG\Light Cult NFTs\29MNDF37__Diapositiva892.JPG","100.3","Could not parse NFT number from filename"
"2ADUTAUE__Diapositiva571.JPG","E:\Zotero-organized-export\JPG-JPEG\Light Cult NFTs\2ADUTAUE__Diapositiva571.JPG","89.9","Could not parse NFT number from filename"
"2AI397GL__Diapositiva579.JPG","E:\Zotero-organized-export\JPG-JPEG\Light Cult NFTs\2AI397GL__Diapositiva579.JPG","75.4","Could not parse NFT number from filename"
"2ARM5SQS__Diapositiva783.JPG","E:\Zotero-organized-export\JPG-JPEG\Light Cult NFTs\2ARM5SQS__Diapositiva783.JPG","171.3","Could not parse NFT number from filename"
"2BJZS2VH__Diapositiva228.JPG","E:\Zotero-organized-export\JPG-JPEG\Light Cult NFTs\2BJZS2VH__Diapositiva228.JPG","107.8","Could not parse NFT number from filename"
"2CGCXDFQ__Diapositiva70.JPG","E:\Zotero-organized-export\JPG-JPEG\Light Cult NFTs\2CGCXDFQ__Diapositiva70.JPG","141","Could not parse NFT number from filename"
"2CIGGVNE__Diapositiva586.JPG","E:\Zotero-organized-export\JPG-JPEG\Light Cult NFTs\2CIGGVNE__Diapositiva586.JPG","82.2","Could not parse NFT number from filename"
"2CVAYE4Z__Diapositiva768.JPG","E:\Zotero-organized-export\JPG-JPEG\Light Cult NFTs\2CVAYE4Z__Diapositiva768.JPG","152.5","Could not parse NFT number from filename"
"2DQWUHGY__Diapositiva203.JPG","E:\Zotero-organized-export\JPG-JPEG\Light Cult NFTs\2DQWUHGY__Diapositiva203.JPG","53.4","Could not parse NFT number from filename"
"2DVW9IDI__Diapositiva254.JPG","E:\Zotero-organized-export\JPG-JPEG\Light Cult NFTs\2DVW9IDI__Diapositiva254.JPG","110","Could not parse NFT number from filename"
"2FIR82Y2__Diapositiva763.JPG","E:\Zotero-organized-export\JPG-JPEG\Light Cult NFTs\2FIR82Y2__Diapositiva763.JPG","106.2","Could not parse NFT number from filename"
"2FWYM2D4__Diapositiva214.JPG","E:\Zotero-organized-export\JPG-JPEG\Light Cult NFTs\2FWYM2D4__Diapositiva214.JPG","120.9","Could not parse NFT number from filename"
"2G54AW2K__Diapositiva110.JPG","E:\Zotero-organized-export\JPG-JPEG\Light Cult NFTs\2G54AW2K__Diapositiva110.JPG","124.5","Could not parse NFT number from filename"
"2GA69K42__Diapositiva47.JPG","E:\Zotero-organized-export\JPG-JPEG\Light Cult NFTs\2GA69K42__Diapositiva47.JPG","142.1","Could not parse NFT number from filename"
"2GDI56ZJ__Diapositiva765.JPG","E:\Zotero-organized-export\JPG-JPEG\Light Cult NFTs\2GDI56ZJ__Diapositiva765.JPG","139.5","Could not parse NFT number from filename"
"2GDSHVRP__Diapositiva489.JPG","E:\Zotero-organized-export\JPG-JPEG\Light Cult NFTs\2GDSHVRP__Diapositiva489.JPG","42.9","Could not parse NFT number from filename"
"2H9EW2TA__Diapositiva984.JPG","E:\Zotero-organized-export\JPG-JPEG\Light Cult NFTs\2H9EW2TA__Diapositiva984.JPG","77.5","Could not parse NFT number from filename"
"2HH7FLNE__Diapositiva583.JPG","E:\Zotero-organized-export\JPG-JPEG\Light Cult NFTs\2HH7FLNE__Diapositiva583.JPG","56.9","Could not parse NFT number from filename"
"2I3ETPM3__Diapositiva569.JPG","E:\Zotero-organized-export\JPG-JPEG\Light Cult NFTs\2I3ETPM3__Diapositiva569.JPG","173.6","Could not parse NFT number from filename"
"2ID2M7HM__Diapositiva777.JPG","E:\Zotero-organized-export\JPG-JPEG\Light Cult NFTs\2ID2M7HM__Diapositiva777.JPG","72.5","Could not parse NFT number from filename"
"2IKKS6MN__Diapositiva970.JPG","E:\Zotero-organized-export\JPG-JPEG\Light Cult NFTs\2IKKS6MN__Diapositiva970.JPG","133.5","Could not parse NFT number from filename"
"2IPDHY3F__Diapositiva703.JPG","E:\Zotero-organized-export\JPG-JPEG\Light Cult NFTs\2IPDHY3F__Diapositiva703.JPG","137.4","Could not parse NFT number from filename"
"2JBJR4QX__Diapositiva652.JPG","E:\Zotero-organized-export\JPG-JPEG\Light Cult NFTs\2JBJR4QX__Diapositiva652.JPG","123.7","Could not parse NFT number from filename"
"2K9VW3H9__Diapositiva149.JPG","E:\Zotero-organized-export\JPG-JPEG\Light Cult NFTs\2K9VW3H9__Diapositiva149.JPG","36","Could not parse NFT number from filename"
"2KA83YRM__Diapositiva772.JPG","E:\Zotero-organized-export\JPG-JPEG\Light Cult NFTs\2KA83YRM__Diapositiva772.JPG","70.6","Could not parse NFT number from filename"
"2KHBWYQE__Diapositiva575.JPG","E:\Zotero-organized-export\JPG-JPEG\Light Cult NFTs\2KHBWYQE__Diapositiva575.JPG","96","Could not parse NFT number from filename"
"2KXY956R__Diapositiva614.JPG","E:\Zotero-organized-export\JPG-JPEG\Light Cult NFTs\2KXY956R__Diapositiva614.JPG","32.6","Could not parse NFT number from filename"
"2M5UZ77U__Diapositiva113.JPG","E:\Zotero-organized-export\JPG-JPEG\Light Cult NFTs\2M5UZ77U__Diapositiva113.JPG","105.3","Could not parse NFT number from filename"
"2NEM6BFT__Diapositiva612.JPG","E:\Zotero-organized-export\JPG-JPEG\Light Cult NFTs\2NEM6BFT__Diapositiva612.JPG","102.6","Could not parse NFT number from filename"
"2NSIHZ6G__Diapositiva637.JPG","E:\Zotero-organized-export\JPG-JPEG\Light Cult NFTs\2NSIHZ6G__Diapositiva637.JPG","79.2","Could not parse NFT number from filename"
"2P74R5KM__Diapositiva466.JPG","E:\Zotero-organized-export\JPG-JPEG\Light Cult NFTs\2P74R5KM__Diapositiva466.JPG","134.8","Could not parse NFT number from filename"
"2PAQGVMU__Diapositiva74.JPG","E:\Zotero-organized-export\JPG-JPEG\Light Cult NFTs\2PAQGVMU__Diapositiva74.JPG","123.8","Could not parse NFT number from filename"
"2PYWAUFS__Diapositiva323.JPG","E:\Zotero-organized-export\JPG-JPEG\Light Cult NFTs\2PYWAUFS__Diapositiva323.JPG","117.4","Could not parse NFT number from filename"
"2Q3SJGGX__Diapositiva376.JPG","E:\Zotero-organized-export\JPG-JPEG\Light Cult NFTs\2Q3SJGGX__Diapositiva376.JPG","42.2","Could not parse NFT number from filename"
"2RISXIDU__Diapositiva254.JPG","E:\Zotero-organized-export\JPG-JPEG\Light Cult NFTs\2RISXIDU__Diapositiva254.JPG","162","Could not parse NFT number from filename"
"2RNA2DAT__Diapositiva335.JPG","E:\Zotero-organized-export\JPG-JPEG\Light Cult NFTs\2RNA2DAT__Diapositiva335.JPG","35.3","Could not parse NFT number from filename"
"2RS54TPA__Diapositiva267.JPG","E:\Zotero-organized-export\JPG-JPEG\Light Cult NFTs\2RS54TPA__Diapositiva267.JPG","187.1","Could not parse NFT number from filename"
"2SPDAD9S__Diapositiva908.JPG","E:\Zotero-organized-export\JPG-JPEG\Light Cult NFTs\2SPDAD9S__Diapositiva908.JPG","75.5","Could not parse NFT number from filename"
"2TB227T6__Diapositiva688.JPG","E:\Zotero-organized-export\JPG-JPEG\Light Cult NFTs\2TB227T6__Diapositiva688.JPG","140.6","Could not parse NFT number from filename"
"2TBCTVH9__Diapositiva940.JPG","E:\Zotero-organized-export\JPG-JPEG\Light Cult NFTs\2TBCTVH9__Diapositiva940.JPG","101.7","Could not parse NFT number from filename"
"2TE4QFZH__Diapositiva582.JPG","E:\Zotero-organized-export\JPG-JPEG\Light Cult NFTs\2TE4QFZH__Diapositiva582.JPG","65.5","Could not parse NFT number from filename"
"2TEZAHPW__Diapositiva914.JPG","E:\Zotero-organized-export\JPG-JPEG\Light Cult NFTs\2TEZAHPW__Diapositiva914.JPG","146.6","Could not parse NFT number from filename"
"2TLATLSM__Diapositiva892.JPG","E:\Zotero-organized-export\JPG-JPEG\Light Cult NFTs\2TLATLSM__Diapositiva892.JPG","107.8","Could not parse NFT number from filename"
"2TX3U77P__Diapositiva462.JPG","E:\Zotero-organized-export\JPG-JPEG\Light Cult NFTs\2TX3U77P__Diapositiva462.JPG","119","Could not parse NFT number from filename"
"2U68UA35__Diapositiva74.JPG","E:\Zotero-organized-export\JPG-JPEG\Light Cult NFTs\2U68UA35__Diapositiva74.JPG","101","Could not parse NFT number from filename"
"2U9IWMU3__Diapositiva639.JPG","E:\Zotero-organized-export\JPG-JPEG\Light Cult NFTs\2U9IWMU3__Diapositiva639.JPG","48.2","Could not parse NFT number from filename"
"2UAU9WVE__Diapositiva436.JPG","E:\Zotero-organized-export\JPG-JPEG\Light Cult NFTs\2UAU9WVE__Diapositiva436.JPG","60.6","Could not parse NFT number from filename"
"2VF8PSAF__Diapositiva502.JPG","E:\Zotero-organized-export\JPG-JPEG\Light Cult NFTs\2VF8PSAF__Diapositiva502.JPG","140.3","Could not parse NFT number from filename"
"2VFN34TY__Diapositiva33.JPG","E:\Zotero-organized-export\JPG-JPEG\Light Cult NFTs\2VFN34TY__Diapositiva33.JPG","143.4","Could not parse NFT number from filename"
"2VIC7E6J__Diapositiva975.JPG","E:\Zotero-organized-export\JPG-JPEG\Light Cult NFTs\2VIC7E6J__Diapositiva975.JPG","145.5","Could not parse NFT number from filename"
"2VL32TSQ__Diapositiva199.JPG","E:\Zotero-organized-export\JPG-JPEG\Light Cult NFTs\2VL32TSQ__Diapositiva199.JPG","142.2","Could not parse NFT number from filename"
"2VPZT6HJ__Diapositiva600.JPG","E:\Zotero-organized-export\JPG-JPEG\Light Cult NFTs\2VPZT6HJ__Diapositiva600.JPG","57.9","Could not parse NFT number from filename"
"2WH9XTVQ__Diapositiva364.JPG","E:\Zotero-organized-export\JPG-JPEG\Light Cult NFTs\2WH9XTVQ__Diapositiva364.JPG","85.4","Could not parse NFT number from filename"
"2X9WVSN3__Diapositiva434.JPG","E:\Zotero-organized-export\JPG-JPEG\Light Cult NFTs\2X9WVSN3__Diapositiva434.JPG","110.3","Could not parse NFT number from filename"
"2XLRF3DA__Diapositiva691.JPG","E:\Zotero-organized-export\JPG-JPEG\Light Cult NFTs\2XLRF3DA__Diapositiva691.JPG","80.7","Could not parse NFT number from filename"
"2XNSTNBT__Diapositiva414.JPG","E:\Zotero-organized-export\JPG-JPEG\Light Cult NFTs\2XNSTNBT__Diapositiva414.JPG","85.8","Could not parse NFT number from filename"
"2XXNHLQR__Diapositiva583.JPG","E:\Zotero-organized-export\JPG-JPEG\Light Cult NFTs\2XXNHLQR__Diapositiva583.JPG","67.5","Could not parse NFT number from filename"
"2Y8IMU85__Diapositiva425.JPG","E:\Zotero-organized-export\JPG-JPEG\Light Cult NFTs\2Y8IMU85__Diapositiva425.JPG","94.4","Could not parse NFT number from filename"
"2ZLVRBAD__Diapositiva379.JPG","E:\Zotero-organized-export\JPG-JPEG\Light Cult NFTs\2ZLVRBAD__Diapositiva379.JPG","122.1","Could not parse NFT number from filename"
"32246S65__Diapositiva637.JPG","E:\Zotero-organized-export\JPG-JPEG\Light Cult NFTs\32246S65__Diapositiva637.JPG","131.9","Could not parse NFT number from filename"
"32E4LNZ8__Diapositiva966.JPG","E:\Zotero-organized-export\JPG-JPEG\Light Cult NFTs\32E4LNZ8__Diapositiva966.JPG","140.3","Could not parse NFT number from filename"
"337RNGUW__Diapositiva475.JPG","E:\Zotero-organized-export\JPG-JPEG\Light Cult NFTs\337RNGUW__Diapositiva475.JPG","54.6","Could not parse NFT number from filename"
"33GNNDSK__Diapositiva877.JPG","E:\Zotero-organized-export\JPG-JPEG\Light Cult NFTs\33GNNDSK__Diapositiva877.JPG","124","Could not parse NFT number from filename"
"33KW97UL__Diapositiva236.JPG","E:\Zotero-organized-export\JPG-JPEG\Light Cult NFTs\33KW97UL__Diapositiva236.JPG","123.9","Could not parse NFT number from filename"
"34A6YQF4__Diapositiva863.JPG","E:\Zotero-organized-export\JPG-JPEG\Light Cult NFTs\34A6YQF4__Diapositiva863.JPG","139.3","Could not parse NFT number from filename"
"34DR5YEM__Diapositiva866.JPG","E:\Zotero-organized-export\JPG-JPEG\Light Cult NFTs\34DR5YEM__Diapositiva866.JPG","40.4","Could not parse NFT number from filename"
"34GHADUI__Diapositiva745.JPG","E:\Zotero-organized-export\JPG-JPEG\Light Cult NFTs\34GHADUI__Diapositiva745.JPG","43.1","Could not parse NFT number from filename"
"34P735PL__Diapositiva696.JPG","E:\Zotero-organized-export\JPG-JPEG\Light Cult NFTs\34P735PL__Diapositiva696.JPG","140","Could not parse NFT number from filename"
"35IZPFZ4__Diapositiva870.JPG","E:\Zotero-organized-export\JPG-JPEG\Light Cult NFTs\35IZPFZ4__Diapositiva870.JPG","135.5","Could not parse NFT number from filename"
"35WJLJ7D__Diapositiva960.JPG","E:\Zotero-organized-export\JPG-JPEG\Light Cult NFTs\35WJLJ7D__Diapositiva960.JPG","82.2","Could not parse NFT number from filename"
"35X7ELP4__Diapositiva808.JPG","E:\Zotero-organized-export\JPG-JPEG\Light Cult NFTs\35X7ELP4__Diapositiva808.JPG","136.5","Could not parse NFT number from filename"
"37D36LK6__Diapositiva631.JPG","E:\Zotero-organized-export\JPG-JPEG\Light Cult NFTs\37D36LK6__Diapositiva631.JPG","110","Could not parse NFT number from filename"
"385WHHPM__Diapositiva349.JPG","E:\Zotero-organized-export\JPG-JPEG\Light Cult NFTs\385WHHPM__Diapositiva349.JPG","182","Could not parse NFT number from filename"
"39EMISUI__Diapositiva986.JPG","E:\Zotero-organized-export\JPG-JPEG\Light Cult NFTs\39EMISUI__Diapositiva986.JPG","76.2","Could not parse NFT number from filename"
"39KPRUHP__Diapositiva106.JPG","E:\Zotero-organized-export\JPG-JPEG\Light Cult NFTs\39KPRUHP__Diapositiva106.JPG","149","Could not parse NFT number from filename"
"39P6VL4V__Diapositiva479.JPG","E:\Zotero-organized-export\JPG-JPEG\Light Cult NFTs\39P6VL4V__Diapositiva479.JPG","92","Could not parse NFT number from filename"
"39VSQ49I__Diapositiva116.JPG","E:\Zotero-organized-export\JPG-JPEG\Light Cult NFTs\39VSQ49I__Diapositiva116.JPG","116.5","Could not parse NFT number from filename"
"39Y2FH86__Diapositiva945.JPG","E:\Zotero-organized-export\JPG-JPEG\Light Cult NFTs\39Y2FH86__Diapositiva945.JPG","130.6","Could not parse NFT number from filename"
"39ZXNFL3__Diapositiva342.JPG","E:\Zotero-organized-export\JPG-JPEG\Light Cult NFTs\39ZXNFL3__Diapositiva342.JPG","72.7","Could not parse NFT number from filename"
"3ACPIE7N__Diapositiva525.JPG","E:\Zotero-organized-export\JPG-JPEG\Light Cult NFTs\3ACPIE7N__Diapositiva525.JPG","95.5","Could not parse NFT number from filename"
"3B3MVAC7__Diapositiva212.JPG","E:\Zotero-organized-export\JPG-JPEG\Light Cult NFTs\3B3MVAC7__Diapositiva212.JPG","77.3","Could not parse NFT number from filename"
"3BCKF2VG__Diapositiva538.JPG","E:\Zotero-organized-export\JPG-JPEG\Light Cult NFTs\3BCKF2VG__Diapositiva538.JPG","145.4","Could not parse NFT number from filename"
"3BX9PQKE__Diapositiva8.JPG","E:\Zotero-organized-export\JPG-JPEG\Light Cult NFTs\3BX9PQKE__Diapositiva8.JPG","119.4","Could not parse NFT number from filename"
"3CFHK5I4__Diapositiva77.JPG","E:\Zotero-organized-export\JPG-JPEG\Light Cult NFTs\3CFHK5I4__Diapositiva77.JPG","75.6","Could not parse NFT number from filename"
"3CNWH8IJ__Diapositiva867.JPG","E:\Zotero-organized-export\JPG-JPEG\Light Cult NFTs\3CNWH8IJ__Diapositiva867.JPG","122.9","Could not parse NFT number from filename"
"3DF46PPH__Diapositiva754.JPG","E:\Zotero-organized-export\JPG-JPEG\Light Cult NFTs\3DF46PPH__Diapositiva754.JPG","153.3","Could not parse NFT number from filename"
"3DJEDMD9__Diapositiva8.JPG","E:\Zotero-organized-export\JPG-JPEG\Light Cult NFTs\3DJEDMD9__Diapositiva8.JPG","126.2","Could not parse NFT number from filename"
"3DTN4T9S__Diapositiva852.JPG","E:\Zotero-organized-export\JPG-JPEG\Light Cult NFTs\3DTN4T9S__Diapositiva852.JPG","123.1","Could not parse NFT number from filename"
"3EBQLDQ8__Diapositiva24.JPG","E:\Zotero-organized-export\JPG-JPEG\Light Cult NFTs\3EBQLDQ8__Diapositiva24.JPG","156.4","Could not parse NFT number from filename"
"3EDGPKSJ__Diapositiva986.JPG","E:\Zotero-organized-export\JPG-JPEG\Light Cult NFTs\3EDGPKSJ__Diapositiva986.JPG","59.8","Could not parse NFT number from filename"
"3EIFC3SV__Diapositiva380.JPG","E:\Zotero-organized-export\JPG-JPEG\Light Cult NFTs\3EIFC3SV__Diapositiva380.JPG","81.3","Could not parse NFT number from filename"
"3EU2J4GM__Diapositiva4.JPG","E:\Zotero-organized-export\JPG-JPEG\Light Cult NFTs\3EU2J4GM__Diapositiva4.JPG","152.4","Could not parse NFT number from filename"
"3F3T54WQ__Diapositiva240.JPG","E:\Zotero-organized-export\JPG-JPEG\Light Cult NFTs\3F3T54WQ__Diapositiva240.JPG","51.1","Could not parse NFT number from filename"
"3F4XB4SM__Diapositiva743.JPG","E:\Zotero-organized-export\JPG-JPEG\Light Cult NFTs\3F4XB4SM__Diapositiva743.JPG","88.4","Could not parse NFT number from filename"
"3GMQA5KS__Diapositiva251.JPG","E:\Zotero-organized-export\JPG-JPEG\Light Cult NFTs\3GMQA5KS__Diapositiva251.JPG","116.3","Could not parse NFT number from filename"
"3GPB5VY2__Diapositiva935.JPG","E:\Zotero-organized-export\JPG-JPEG\Light Cult NFTs\3GPB5VY2__Diapositiva935.JPG","53.6","Could not parse NFT number from filename"
"3GW7EU5S__Diapositiva50.JPG","E:\Zotero-organized-export\JPG-JPEG\Light Cult NFTs\3GW7EU5S__Diapositiva50.JPG","182.5","Could not parse NFT number from filename"
"3H4YAGSE__Diapositiva646.JPG","E:\Zotero-organized-export\JPG-JPEG\Light Cult NFTs\3H4YAGSE__Diapositiva646.JPG","69.1","Could not parse NFT number from filename"
"3H67EJE5__Diapositiva465.JPG","E:\Zotero-organized-export\JPG-JPEG\Light Cult NFTs\3H67EJE5__Diapositiva465.JPG","57","Could not parse NFT number from filename"
"3H988BNF__Diapositiva954.JPG","E:\Zotero-organized-export\JPG-JPEG\Light Cult NFTs\3H988BNF__Diapositiva954.JPG","105.6","Could not parse NFT number from filename"
"3HBK69K6__Diapositiva913.JPG","E:\Zotero-organized-export\JPG-JPEG\Light Cult NFTs\3HBK69K6__Diapositiva913.JPG","132.8","Could not parse NFT number from filename"
"3HZAYHR9__Diapositiva933.JPG","E:\Zotero-organized-export\JPG-JPEG\Light Cult NFTs\3HZAYHR9__Diapositiva933.JPG","143.7","Could not parse NFT number from filename"
"3IKFVH9M__Diapositiva54.JPG","E:\Zotero-organized-export\JPG-JPEG\Light Cult NFTs\3IKFVH9M__Diapositiva54.JPG","75.9","Could not parse NFT number from filename"
"3JLCYD7E__Diapositiva554.JPG","E:\Zotero-organized-export\JPG-JPEG\Light Cult NFTs\3JLCYD7E__Diapositiva554.JPG","68.8","Could not parse NFT number from filename"
"3JSCIA2Y__Diapositiva351.JPG","E:\Zotero-organized-export\JPG-JPEG\Light Cult NFTs\3JSCIA2Y__Diapositiva351.JPG","93.4","Could not parse NFT number from filename"
"3JZLADY7__Diapositiva346.JPG","E:\Zotero-organized-export\JPG-JPEG\Light Cult NFTs\3JZLADY7__Diapositiva346.JPG","85.1","Could not parse NFT number from filename"
"3KPQGLNH__Diapositiva650.JPG","E:\Zotero-organized-export\JPG-JPEG\Light Cult NFTs\3KPQGLNH__Diapositiva650.JPG","92.3","Could not parse NFT number from filename"
"3KZ93V7X__Diapositiva118.JPG","E:\Zotero-organized-export\JPG-JPEG\Light Cult NFTs\3KZ93V7X__Diapositiva118.JPG","82.7","Could not parse NFT number from filename"
"3MPJ9TRL__Diapositiva537.JPG","E:\Zotero-organized-export\JPG-JPEG\Light Cult NFTs\3MPJ9TRL__Diapositiva537.JPG","66.4","Could not parse NFT number from filename"
"3MXMQDTX__Diapositiva197.JPG","E:\Zotero-organized-export\JPG-JPEG\Light Cult NFTs\3MXMQDTX__Diapositiva197.JPG","134.6","Could not parse NFT number from filename"
"3MYB4HFD__Diapositiva416.JPG","E:\Zotero-organized-export\JPG-JPEG\Light Cult NFTs\3MYB4HFD__Diapositiva416.JPG","43.3","Could not parse NFT number from filename"
"3P4TBI2D__Diapositiva531.JPG","E:\Zotero-organized-export\JPG-JPEG\Light Cult NFTs\3P4TBI2D__Diapositiva531.JPG","138.7","Could not parse NFT number from filename"
"3P7PIXGX__Diapositiva758.JPG","E:\Zotero-organized-export\JPG-JPEG\Light Cult NFTs\3P7PIXGX__Diapositiva758.JPG","112.4","Could not parse NFT number from filename"
"3PBGHGRJ__Diapositiva462.JPG","E:\Zotero-organized-export\JPG-JPEG\Light Cult NFTs\3PBGHGRJ__Diapositiva462.JPG","72.9","Could not parse NFT number from filename"
"3PKC9GW4__Diapositiva949.JPG","E:\Zotero-organized-export\JPG-JPEG\Light Cult NFTs\3PKC9GW4__Diapositiva949.JPG","62.7","Could not parse NFT number from filename"
"3QMIYIP6__Diapositiva877.JPG","E:\Zotero-organized-export\JPG-JPEG\Light Cult NFTs\3QMIYIP6__Diapositiva877.JPG","46.3","Could not parse NFT number from filename"
"3QXFRKX2__Diapositiva224.JPG","E:\Zotero-organized-export\JPG-JPEG\Light Cult NFTs\3QXFRKX2__Diapositiva224.JPG","88.8","Could not parse NFT number from filename"
"3SH95NYI__Diapositiva47.JPG","E:\Zotero-organized-export\JPG-JPEG\Light Cult NFTs\3SH95NYI__Diapositiva47.JPG","111.9","Could not parse NFT number from filename"
"3SWBUQSZ__Diapositiva29.JPG","E:\Zotero-organized-export\JPG-JPEG\Light Cult NFTs\3SWBUQSZ__Diapositiva29.JPG","76.7","Could not parse NFT number from filename"
"3TCQVBNP__Diapositiva148.JPG","E:\Zotero-organized-export\JPG-JPEG\Light Cult NFTs\3TCQVBNP__Diapositiva148.JPG","61.8","Could not parse NFT number from filename"
"3TGFFWMU__Diapositiva820.JPG","E:\Zotero-organized-export\JPG-JPEG\Light Cult NFTs\3TGFFWMU__Diapositiva820.JPG","83.5","Could not parse NFT number from filename"
"3UBPP4D2__Diapositiva369.JPG","E:\Zotero-organized-export\JPG-JPEG\Light Cult NFTs\3UBPP4D2__Diapositiva369.JPG","83.3","Could not parse NFT number from filename"
"3UR2V7KH__Diapositiva210.JPG","E:\Zotero-organized-export\JPG-JPEG\Light Cult NFTs\3UR2V7KH__Diapositiva210.JPG","79.2","Could not parse NFT number from filename"
"3VQJWS4I__Diapositiva137.JPG","E:\Zotero-organized-export\JPG-JPEG\Light Cult NFTs\3VQJWS4I__Diapositiva137.JPG","153.5","Could not parse NFT number from filename"
"3VTAIM7U__Diapositiva237.JPG","E:\Zotero-organized-export\JPG-JPEG\Light Cult NFTs\3VTAIM7U__Diapositiva237.JPG","114","Could not parse NFT number from filename"
"3W7CRQHD__Diapositiva634.JPG","E:\Zotero-organized-export\JPG-JPEG\Light Cult NFTs\3W7CRQHD__Diapositiva634.JPG","115.3","Could not parse NFT number from filename"
"3WLQGKVJ__Diapositiva373.JPG","E:\Zotero-organized-export\JPG-JPEG\Light Cult NFTs\3WLQGKVJ__Diapositiva373.JPG","101.7","Could not parse NFT number from filename"
"3XD2QBCL__Diapositiva815.JPG","E:\Zotero-organized-export\JPG-JPEG\Light Cult NFTs\3XD2QBCL__Diapositiva815.JPG","72.4","Could not parse NFT number from filename"
"3XNF6Q58__Diapositiva370.JPG","E:\Zotero-organized-export\JPG-JPEG\Light Cult NFTs\3XNF6Q58__Diapositiva370.JPG","77.6","Could not parse NFT number from filename"
"3XT5WHKK__Diapositiva433.JPG","E:\Zotero-organized-export\JPG-JPEG\Light Cult NFTs\3XT5WHKK__Diapositiva433.JPG","51.8","Could not parse NFT number from filename"
"3YI8YDN6__Diapositiva753.JPG","E:\Zotero-organized-export\JPG-JPEG\Light Cult NFTs\3YI8YDN6__Diapositiva753.JPG","37.1","Could not parse NFT number from filename"
"3YWVY5RY__Diapositiva965.JPG","E:\Zotero-organized-export\JPG-JPEG\Light Cult NFTs\3YWVY5RY__Diapositiva965.JPG","118.8","Could not parse NFT number from filename"
"3Z5IWKEM__Diapositiva456.JPG","E:\Zotero-organized-export\JPG-JPEG\Light Cult NFTs\3Z5IWKEM__Diapositiva456.JPG","77.5","Could not parse NFT number from filename"
"3ZIHZCZN__Diapositiva53.JPG","E:\Zotero-organized-export\JPG-JPEG\Light Cult NFTs\3ZIHZCZN__Diapositiva53.JPG","47.1","Could not parse NFT number from filename"
"3ZTM5N9V__Diapositiva794.JPG","E:\Zotero-organized-export\JPG-JPEG\Light Cult NFTs\3ZTM5N9V__Diapositiva794.JPG","91.7","Could not parse NFT number from filename"
"3ZZ3B3V8__Diapositiva82.JPG","E:\Zotero-organized-export\JPG-JPEG\Light Cult NFTs\3ZZ3B3V8__Diapositiva82.JPG","125.5","Could not parse NFT number from filename"
"42DLGHIZ__Diapositiva394.JPG","E:\Zotero-organized-export\JPG-JPEG\Light Cult NFTs\42DLGHIZ__Diapositiva394.JPG","71.4","Could not parse NFT number from filename"
"434LXRCZ__Diapositiva93.JPG","E:\Zotero-organized-export\JPG-JPEG\Light Cult NFTs\434LXRCZ__Diapositiva93.JPG","104","Could not parse NFT number from filename"
"43ITAQBW__Diapositiva606.JPG","E:\Zotero-organized-export\JPG-JPEG\Light Cult NFTs\43ITAQBW__Diapositiva606.JPG","66.6","Could not parse NFT number from filename"
"44PE75KB__Diapositiva323.JPG","E:\Zotero-organized-export\JPG-JPEG\Light Cult NFTs\44PE75KB__Diapositiva323.JPG","45.6","Could not parse NFT number from filename"
"44RIW5R7__Diapositiva207.JPG","E:\Zotero-organized-export\JPG-JPEG\Light Cult NFTs\44RIW5R7__Diapositiva207.JPG","129.8","Could not parse NFT number from filename"
"44Z3J3YH__Diapositiva971.JPG","E:\Zotero-organized-export\JPG-JPEG\Light Cult NFTs\44Z3J3YH__Diapositiva971.JPG","55.3","Could not parse NFT number from filename"
"45U3HLRY__Diapositiva352.JPG","E:\Zotero-organized-export\JPG-JPEG\Light Cult NFTs\45U3HLRY__Diapositiva352.JPG","115.7","Could not parse NFT number from filename"
"45YNLUU4__Diapositiva977.JPG","E:\Zotero-organized-export\JPG-JPEG\Light Cult NFTs\45YNLUU4__Diapositiva977.JPG","81.4","Could not parse NFT number from filename"
"47AXCZMG__Diapositiva15.JPG","E:\Zotero-organized-export\JPG-JPEG\Light Cult NFTs\47AXCZMG__Diapositiva15.JPG","72.6","Could not parse NFT number from filename"
"47M5ALCY__Diapositiva165.JPG","E:\Zotero-organized-export\JPG-JPEG\Light Cult NFTs\47M5ALCY__Diapositiva165.JPG","202.2","Could not parse NFT number from filename"
"488EDEF9__Diapositiva292.JPG","E:\Zotero-organized-export\JPG-JPEG\Light Cult NFTs\488EDEF9__Diapositiva292.JPG","54.6","Could not parse NFT number from filename"
"48Q9YG84__Diapositiva339.JPG","E:\Zotero-organized-export\JPG-JPEG\Light Cult NFTs\48Q9YG84__Diapositiva339.JPG","109.3","Could not parse NFT number from filename"
"493RJEMQ__Diapositiva495.JPG","E:\Zotero-organized-export\JPG-JPEG\Light Cult NFTs\493RJEMQ__Diapositiva495.JPG","66.3","Could not parse NFT number from filename"
"4BDMWQ8X__Diapositiva613.JPG","E:\Zotero-organized-export\JPG-JPEG\Light Cult NFTs\4BDMWQ8X__Diapositiva613.JPG","67.4","Could not parse NFT number from filename"
"4BPQNIPW__Diapositiva540.JPG","E:\Zotero-organized-export\JPG-JPEG\Light Cult NFTs\4BPQNIPW__Diapositiva540.JPG","51.4","Could not parse NFT number from filename"
"4BPWT2IC__Diapositiva848.JPG","E:\Zotero-organized-export\JPG-JPEG\Light Cult NFTs\4BPWT2IC__Diapositiva848.JPG","74.4","Could not parse NFT number from filename"
"4BQUDM82__Diapositiva885.JPG","E:\Zotero-organized-export\JPG-JPEG\Light Cult NFTs\4BQUDM82__Diapositiva885.JPG","76.1","Could not parse NFT number from filename"
"4CADIMWT__Diapositiva264.JPG","E:\Zotero-organized-export\JPG-JPEG\Light Cult NFTs\4CADIMWT__Diapositiva264.JPG","75.7","Could not parse NFT number from filename"
"4CGG569C__Diapositiva695.JPG","E:\Zotero-organized-export\JPG-JPEG\Light Cult NFTs\4CGG569C__Diapositiva695.JPG","128.3","Could not parse NFT number from filename"
"4CIK2E8B__Diapositiva655.JPG","E:\Zotero-organized-export\JPG-JPEG\Light Cult NFTs\4CIK2E8B__Diapositiva655.JPG","137.5","Could not parse NFT number from filename"
"4CT5K7L8__Diapositiva20.JPG","E:\Zotero-organized-export\JPG-JPEG\Light Cult NFTs\4CT5K7L8__Diapositiva20.JPG","53","Could not parse NFT number from filename"
"4CW3ZNS2__Diapositiva893.JPG","E:\Zotero-organized-export\JPG-JPEG\Light Cult NFTs\4CW3ZNS2__Diapositiva893.JPG","41.9","Could not parse NFT number from filename"
"4DJDV2H2__Diapositiva720.JPG","E:\Zotero-organized-export\JPG-JPEG\Light Cult NFTs\4DJDV2H2__Diapositiva720.JPG","52","Could not parse NFT number from filename"
"4DVRPQNS__Diapositiva544.JPG","E:\Zotero-organized-export\JPG-JPEG\Light Cult NFTs\4DVRPQNS__Diapositiva544.JPG","111.3","Could not parse NFT number from filename"
"4E7KF2C9__Diapositiva638.JPG","E:\Zotero-organized-export\JPG-JPEG\Light Cult NFTs\4E7KF2C9__Diapositiva638.JPG","57.6","Could not parse NFT number from filename"
"4F2962BY__Diapositiva838.JPG","E:\Zotero-organized-export\JPG-JPEG\Light Cult NFTs\4F2962BY__Diapositiva838.JPG","113.7","Could not parse NFT number from filename"
"4FBEDJ6Q__Diapositiva375.JPG","E:\Zotero-organized-export\JPG-JPEG\Light Cult NFTs\4FBEDJ6Q__Diapositiva375.JPG","79.6","Could not parse NFT number from filename"
"4FZZJXBC__Diapositiva311.JPG","E:\Zotero-organized-export\JPG-JPEG\Light Cult NFTs\4FZZJXBC__Diapositiva311.JPG","142.4","Could not parse NFT number from filename"
"4G5EXZL6__Diapositiva704.JPG","E:\Zotero-organized-export\JPG-JPEG\Light Cult NFTs\4G5EXZL6__Diapositiva704.JPG","56.2","Could not parse NFT number from filename"
"4G86KXSQ__Diapositiva514.JPG","E:\Zotero-organized-export\JPG-JPEG\Light Cult NFTs\4G86KXSQ__Diapositiva514.JPG","68.6","Could not parse NFT number from filename"
"4GD2BLGA__Diapositiva614.JPG","E:\Zotero-organized-export\JPG-JPEG\Light Cult NFTs\4GD2BLGA__Diapositiva614.JPG","42.9","Could not parse NFT number from filename"
"4GGMX2Z3__Diapositiva304.JPG","E:\Zotero-organized-export\JPG-JPEG\Light Cult NFTs\4GGMX2Z3__Diapositiva304.JPG","81.2","Could not parse NFT number from filename"
"4GHLE2SM__Diapositiva274.JPG","E:\Zotero-organized-export\JPG-JPEG\Light Cult NFTs\4GHLE2SM__Diapositiva274.JPG","123.6","Could not parse NFT number from filename"
"4H4W85CY__Diapositiva996.JPG","E:\Zotero-organized-export\JPG-JPEG\Light Cult NFTs\4H4W85CY__Diapositiva996.JPG","130.1","Could not parse NFT number from filename"
"4HBMGAVH__Diapositiva883.JPG","E:\Zotero-organized-export\JPG-JPEG\Light Cult NFTs\4HBMGAVH__Diapositiva883.JPG","96.8","Could not parse NFT number from filename"
"4HC98SBD__Diapositiva648.JPG","E:\Zotero-organized-export\JPG-JPEG\Light Cult NFTs\4HC98SBD__Diapositiva648.JPG","104.9","Could not parse NFT number from filename"
"4ICAFHSW__Diapositiva819.JPG","E:\Zotero-organized-export\JPG-JPEG\Light Cult NFTs\4ICAFHSW__Diapositiva819.JPG","47.4","Could not parse NFT number from filename"
"4ID5ZHPP__Diapositiva657.JPG","E:\Zotero-organized-export\JPG-JPEG\Light Cult NFTs\4ID5ZHPP__Diapositiva657.JPG","83","Could not parse NFT number from filename"
"4IJRAGNI__Diapositiva329.JPG","E:\Zotero-organized-export\JPG-JPEG\Light Cult NFTs\4IJRAGNI__Diapositiva329.JPG","46.5","Could not parse NFT number from filename"
"4IJUL9WA__Diapositiva486.JPG","E:\Zotero-organized-export\JPG-JPEG\Light Cult NFTs\4IJUL9WA__Diapositiva486.JPG","127.3","Could not parse NFT number from filename"
"4IMWKQ99__Diapositiva820.JPG","E:\Zotero-organized-export\JPG-JPEG\Light Cult NFTs\4IMWKQ99__Diapositiva820.JPG","83.1","Could not parse NFT number from filename"
"4IPLXDX2__Diapositiva945.JPG","E:\Zotero-organized-export\JPG-JPEG\Light Cult NFTs\4IPLXDX2__Diapositiva945.JPG","50.4","Could not parse NFT number from filename"
"4IVUU3QK__Diapositiva815.JPG","E:\Zotero-organized-export\JPG-JPEG\Light Cult NFTs\4IVUU3QK__Diapositiva815.JPG","132.8","Could not parse NFT number from filename"
"4J2JN5CY__Diapositiva1.JPG","E:\Zotero-organized-export\JPG-JPEG\Light Cult NFTs\4J2JN5CY__Diapositiva1.JPG","124.9","Could not parse NFT number from filename"
"4JANHZJF__Diapositiva542.JPG","E:\Zotero-organized-export\JPG-JPEG\Light Cult NFTs\4JANHZJF__Diapositiva542.JPG","121","Could not parse NFT number from filename"
"4JDCG5RP__Diapositiva275.JPG","E:\Zotero-organized-export\JPG-JPEG\Light Cult NFTs\4JDCG5RP__Diapositiva275.JPG","106.6","Could not parse NFT number from filename"
"4JQT9ZSU__Diapositiva403.JPG","E:\Zotero-organized-export\JPG-JPEG\Light Cult NFTs\4JQT9ZSU__Diapositiva403.JPG","110.4","Could not parse NFT number from filename"
"4JZYZQJE__Diapositiva556.JPG","E:\Zotero-organized-export\JPG-JPEG\Light Cult NFTs\4JZYZQJE__Diapositiva556.JPG","82.6","Could not parse NFT number from filename"
"4K4PBUGS__Diapositiva425.JPG","E:\Zotero-organized-export\JPG-JPEG\Light Cult NFTs\4K4PBUGS__Diapositiva425.JPG","57.4","Could not parse NFT number from filename"
"4K4RLXCD__Diapositiva332.JPG","E:\Zotero-organized-export\JPG-JPEG\Light Cult NFTs\4K4RLXCD__Diapositiva332.JPG","58","Could not parse NFT number from filename"
"4K6ESF87__Diapositiva75.JPG","E:\Zotero-organized-export\JPG-JPEG\Light Cult NFTs\4K6ESF87__Diapositiva75.JPG","137.1","Could not parse NFT number from filename"
"4KANCQLD__Diapositiva255.JPG","E:\Zotero-organized-export\JPG-JPEG\Light Cult NFTs\4KANCQLD__Diapositiva255.JPG","98.6","Could not parse NFT number from filename"
"4KBEDFEE__Diapositiva80.JPG","E:\Zotero-organized-export\JPG-JPEG\Light Cult NFTs\4KBEDFEE__Diapositiva80.JPG","51.7","Could not parse NFT number from filename"
"4KDMXG2H__Diapositiva362.JPG","E:\Zotero-organized-export\JPG-JPEG\Light Cult NFTs\4KDMXG2H__Diapositiva362.JPG","126.3","Could not parse NFT number from filename"
"4KH828PF__Diapositiva63.JPG","E:\Zotero-organized-export\JPG-JPEG\Light Cult NFTs\4KH828PF__Diapositiva63.JPG","140.8","Could not parse NFT number from filename"
"4KMCB33N__Diapositiva661.JPG","E:\Zotero-organized-export\JPG-JPEG\Light Cult NFTs\4KMCB33N__Diapositiva661.JPG","38.5","Could not parse NFT number from filename"
"4KTPJ4BI__Diapositiva23.JPG","E:\Zotero-organized-export\JPG-JPEG\Light Cult NFTs\4KTPJ4BI__Diapositiva23.JPG","125.2","Could not parse NFT number from filename"
"4KZRQHM7__Diapositiva523.JPG","E:\Zotero-organized-export\JPG-JPEG\Light Cult NFTs\4KZRQHM7__Diapositiva523.JPG","77.7","Could not parse NFT number from filename"
"4LD5WBQD__Diapositiva924.JPG","E:\Zotero-organized-export\JPG-JPEG\Light Cult NFTs\4LD5WBQD__Diapositiva924.JPG","143.5","Could not parse NFT number from filename"
"4LMTT3II__Diapositiva458.JPG","E:\Zotero-organized-export\JPG-JPEG\Light Cult NFTs\4LMTT3II__Diapositiva458.JPG","132.9","Could not parse NFT number from filename"
"4M2Y8LPT__Diapositiva837.JPG","E:\Zotero-organized-export\JPG-JPEG\Light Cult NFTs\4M2Y8LPT__Diapositiva837.JPG","139.2","Could not parse NFT number from filename"
"4M64WLNZ__Diapositiva57.JPG","E:\Zotero-organized-export\JPG-JPEG\Light Cult NFTs\4M64WLNZ__Diapositiva57.JPG","120.5","Could not parse NFT number from filename"
"4ME3L2VI__Diapositiva0.jpg","E:\Zotero-organized-export\JPG-JPEG\Light Cult NFTs\4ME3L2VI__Diapositiva0.jpg","101.9","Could not parse NFT number from filename"
"4NEM6756__Diapositiva536.JPG","E:\Zotero-organized-export\JPG-JPEG\Light Cult NFTs\4NEM6756__Diapositiva536.JPG","72.8","Could not parse NFT number from filename"
"4P8YK7T2__Diapositiva270.JPG","E:\Zotero-organized-export\JPG-JPEG\Light Cult NFTs\4P8YK7T2__Diapositiva270.JPG","44.4","Could not parse NFT number from filename"
"4PE4ZLCW__Diapositiva923.JPG","E:\Zotero-organized-export\JPG-JPEG\Light Cult NFTs\4PE4ZLCW__Diapositiva923.JPG","43.3","Could not parse NFT number from filename"
"4PHTATN7__Diapositiva909.JPG","E:\Zotero-organized-export\JPG-JPEG\Light Cult NFTs\4PHTATN7__Diapositiva909.JPG","142.2","Could not parse NFT number from filename"
"4PL642VD__Diapositiva769.JPG","E:\Zotero-organized-export\JPG-JPEG\Light Cult NFTs\4PL642VD__Diapositiva769.JPG","79.3","Could not parse NFT number from filename"
"4Q2KFM7W__Diapositiva826.JPG","E:\Zotero-organized-export\JPG-JPEG\Light Cult NFTs\4Q2KFM7W__Diapositiva826.JPG","64.4","Could not parse NFT number from filename"
"4QX5WQD5__Diapositiva329.JPG","E:\Zotero-organized-export\JPG-JPEG\Light Cult NFTs\4QX5WQD5__Diapositiva329.JPG","155.1","Could not parse NFT number from filename"
"4RLC48SF__Diapositiva31.JPG","E:\Zotero-organized-export\JPG-JPEG\Light Cult NFTs\4RLC48SF__Diapositiva31.JPG","136.5","Could not parse NFT number from filename"
"4RUIMEGN__Diapositiva952.JPG","E:\Zotero-organized-export\JPG-JPEG\Light Cult NFTs\4RUIMEGN__Diapositiva952.JPG","116.3","Could not parse NFT number from filename"
"4SEJLMQU__Diapositiva872.JPG","E:\Zotero-organized-export\JPG-JPEG\Light Cult NFTs\4SEJLMQU__Diapositiva872.JPG","48.1","Could not parse NFT number from filename"
"4SFD2LXF__Diapositiva762.JPG","E:\Zotero-organized-export\JPG-JPEG\Light Cult NFTs\4SFD2LXF__Diapositiva762.JPG","102.9","Could not parse NFT number from filename"
"4SHEDNI2__Diapositiva467.JPG","E:\Zotero-organized-export\JPG-JPEG\Light Cult NFTs\4SHEDNI2__Diapositiva467.JPG","57.9","Could not parse NFT number from filename"
"4SK7DP6W__Diapositiva354.JPG","E:\Zotero-organized-export\JPG-JPEG\Light Cult NFTs\4SK7DP6W__Diapositiva354.JPG","133.1","Could not parse NFT number from filename"
"4SKTTIVC__Diapositiva720.JPG","E:\Zotero-organized-export\JPG-JPEG\Light Cult NFTs\4SKTTIVC__Diapositiva720.JPG","105.7","Could not parse NFT number from filename"
"4SKVS2D4__Diapositiva785.JPG","E:\Zotero-organized-export\JPG-JPEG\Light Cult NFTs\4SKVS2D4__Diapositiva785.JPG","175","Could not parse NFT number from filename"
"4T5DBXUJ__Diapositiva72.JPG","E:\Zotero-organized-export\JPG-JPEG\Light Cult NFTs\4T5DBXUJ__Diapositiva72.JPG","137.6","Could not parse NFT number from filename"
"4TAIZHSJ__Diapositiva325.JPG","E:\Zotero-organized-export\JPG-JPEG\Light Cult NFTs\4TAIZHSJ__Diapositiva325.JPG","70.3","Could not parse NFT number from filename"
"4TIRUZH5__Diapositiva48.JPG","E:\Zotero-organized-export\JPG-JPEG\Light Cult NFTs\4TIRUZH5__Diapositiva48.JPG","80.7","Could not parse NFT number from filename"
"4UM6YL9X__Diapositiva813.JPG","E:\Zotero-organized-export\JPG-JPEG\Light Cult NFTs\4UM6YL9X__Diapositiva813.JPG","153.6","Could not parse NFT number from filename"
"4UQN7CPD__Diapositiva658.JPG","E:\Zotero-organized-export\JPG-JPEG\Light Cult NFTs\4UQN7CPD__Diapositiva658.JPG","111.2","Could not parse NFT number from filename"
"4UQT7F8V__Diapositiva392.JPG","E:\Zotero-organized-export\JPG-JPEG\Light Cult NFTs\4UQT7F8V__Diapositiva392.JPG","57.6","Could not parse NFT number from filename"
"4UYSFVPV__Diapositiva373.JPG","E:\Zotero-organized-export\JPG-JPEG\Light Cult NFTs\4UYSFVPV__Diapositiva373.JPG","129.4","Could not parse NFT number from filename"
"4V4FLBPD__Diapositiva912.JPG","E:\Zotero-organized-export\JPG-JPEG\Light Cult NFTs\4V4FLBPD__Diapositiva912.JPG","69.8","Could not parse NFT number from filename"
"4VECRXYS__Diapositiva71.JPG","E:\Zotero-organized-export\JPG-JPEG\Light Cult NFTs\4VECRXYS__Diapositiva71.JPG","113","Could not parse NFT number from filename"
"4VNVIR99__Diapositiva183.JPG","E:\Zotero-organized-export\JPG-JPEG\Light Cult NFTs\4VNVIR99__Diapositiva183.JPG","146.5","Could not parse NFT number from filename"
"4WER2FUX__Diapositiva805.JPG","E:\Zotero-organized-export\JPG-JPEG\Light Cult NFTs\4WER2FUX__Diapositiva805.JPG","123.2","Could not parse NFT number from filename"
"4WFHPTPE__Diapositiva784.JPG","E:\Zotero-organized-export\JPG-JPEG\Light Cult NFTs\4WFHPTPE__Diapositiva784.JPG","63.5","Could not parse NFT number from filename"
"4WJIGNG9__Diapositiva239.JPG","E:\Zotero-organized-export\JPG-JPEG\Light Cult NFTs\4WJIGNG9__Diapositiva239.JPG","45","Could not parse NFT number from filename"
"4X8V6HPT__Diapositiva576.JPG","E:\Zotero-organized-export\JPG-JPEG\Light Cult NFTs\4X8V6HPT__Diapositiva576.JPG","118.7","Could not parse NFT number from filename"
"4YAH3PM8__Diapositiva186.JPG","E:\Zotero-organized-export\JPG-JPEG\Light Cult NFTs\4YAH3PM8__Diapositiva186.JPG","110.1","Could not parse NFT number from filename"
"4ZTFBYZ9__Diapositiva100.JPG","E:\Zotero-organized-export\JPG-JPEG\Light Cult NFTs\4ZTFBYZ9__Diapositiva100.JPG","132.4","Could not parse NFT number from filename"
"52H9VTCN__Diapositiva506.JPG","E:\Zotero-organized-export\JPG-JPEG\Light Cult NFTs\52H9VTCN__Diapositiva506.JPG","116.1","Could not parse NFT number from filename"
"52NUPZKI__Diapositiva750.JPG","E:\Zotero-organized-export\JPG-JPEG\Light Cult NFTs\52NUPZKI__Diapositiva750.JPG","52.7","Could not parse NFT number from filename"
"53CMAXLC__Diapositiva455.JPG","E:\Zotero-organized-export\JPG-JPEG\Light Cult NFTs\53CMAXLC__Diapositiva455.JPG","49.4","Could not parse NFT number from filename"
"53HK4RQV__Diapositiva340.JPG","E:\Zotero-organized-export\JPG-JPEG\Light Cult NFTs\53HK4RQV__Diapositiva340.JPG","119.3","Could not parse NFT number from filename"
"53I8PLPJ__Diapositiva64.JPG","E:\Zotero-organized-export\JPG-JPEG\Light Cult NFTs\53I8PLPJ__Diapositiva64.JPG","89.5","Could not parse NFT number from filename"
"53UL7LMX__Diapositiva129.JPG","E:\Zotero-organized-export\JPG-JPEG\Light Cult NFTs\53UL7LMX__Diapositiva129.JPG","75.8","Could not parse NFT number from filename"
"54AUL636__Diapositiva338.JPG","E:\Zotero-organized-export\JPG-JPEG\Light Cult NFTs\54AUL636__Diapositiva338.JPG","52.1","Could not parse NFT number from filename"
"54C85IH5__Diapositiva34.JPG","E:\Zotero-organized-export\JPG-JPEG\Light Cult NFTs\54C85IH5__Diapositiva34.JPG","145.6","Could not parse NFT number from filename"
"54SVWX3N__Diapositiva46.JPG","E:\Zotero-organized-export\JPG-JPEG\Light Cult NFTs\54SVWX3N__Diapositiva46.JPG","133.9","Could not parse NFT number from filename"
"554WE3AJ__Diapositiva136.JPG","E:\Zotero-organized-export\JPG-JPEG\Light Cult NFTs\554WE3AJ__Diapositiva136.JPG","136.7","Could not parse NFT number from filename"
"55B8VM2B__Diapositiva673.JPG","E:\Zotero-organized-export\JPG-JPEG\Light Cult NFTs\55B8VM2B__Diapositiva673.JPG","57.7","Could not parse NFT number from filename"
"55L423KR__Diapositiva253.JPG","E:\Zotero-organized-export\JPG-JPEG\Light Cult NFTs\55L423KR__Diapositiva253.JPG","145.6","Could not parse NFT number from filename"
"55TNSS9I__Diapositiva968.JPG","E:\Zotero-organized-export\JPG-JPEG\Light Cult NFTs\55TNSS9I__Diapositiva968.JPG","85.8","Could not parse NFT number from filename"
"55XUSPWL__Diapositiva376.JPG","E:\Zotero-organized-export\JPG-JPEG\Light Cult NFTs\55XUSPWL__Diapositiva376.JPG","102.5","Could not parse NFT number from filename"
"562UD7W2__Diapositiva4.JPG","E:\Zotero-organized-export\JPG-JPEG\Light Cult NFTs\562UD7W2__Diapositiva4.JPG","53.6","Could not parse NFT number from filename"
"565NYGVI__Diapositiva578.JPG","E:\Zotero-organized-export\JPG-JPEG\Light Cult NFTs\565NYGVI__Diapositiva578.JPG","134.8","Could not parse NFT number from filename"
"5772C7SF__Diapositiva548.JPG","E:\Zotero-organized-export\JPG-JPEG\Light Cult NFTs\5772C7SF__Diapositiva548.JPG","53","Could not parse NFT number from filename"
"57IWGKIK__Diapositiva844.JPG","E:\Zotero-organized-export\JPG-JPEG\Light Cult NFTs\57IWGKIK__Diapositiva844.JPG","68","Could not parse NFT number from filename"
"57ML3T7C__Diapositiva241.JPG","E:\Zotero-organized-export\JPG-JPEG\Light Cult NFTs\57ML3T7C__Diapositiva241.JPG","125.9","Could not parse NFT number from filename"
"57RDA28R__Diapositiva759.JPG","E:\Zotero-organized-export\JPG-JPEG\Light Cult NFTs\57RDA28R__Diapositiva759.JPG","132.3","Could not parse NFT number from filename"
"58DPWBYW__Diapositiva453.JPG","E:\Zotero-organized-export\JPG-JPEG\Light Cult NFTs\58DPWBYW__Diapositiva453.JPG","100.7","Could not parse NFT number from filename"
"58U7Y2IR__Diapositiva776.JPG","E:\Zotero-organized-export\JPG-JPEG\Light Cult NFTs\58U7Y2IR__Diapositiva776.JPG","60.6","Could not parse NFT number from filename"
"58Y2FZYX__Diapositiva328.JPG","E:\Zotero-organized-export\JPG-JPEG\Light Cult NFTs\58Y2FZYX__Diapositiva328.JPG","126.7","Could not parse NFT number from filename"
"5929NQLX__Diapositiva682.JPG","E:\Zotero-organized-export\JPG-JPEG\Light Cult NFTs\5929NQLX__Diapositiva682.JPG","56.2","Could not parse NFT number from filename"
"5B5PVPSY__Diapositiva792.JPG","E:\Zotero-organized-export\JPG-JPEG\Light Cult NFTs\5B5PVPSY__Diapositiva792.JPG","106","Could not parse NFT number from filename"
"5C4SX327__Diapositiva988.JPG","E:\Zotero-organized-export\JPG-JPEG\Light Cult NFTs\5C4SX327__Diapositiva988.JPG","110","Could not parse NFT number from filename"
"5CEZCV8E__Diapositiva758.JPG","E:\Zotero-organized-export\JPG-JPEG\Light Cult NFTs\5CEZCV8E__Diapositiva758.JPG","89.6","Could not parse NFT number from filename"
"5CPG9K8K__Diapositiva48.JPG","E:\Zotero-organized-export\JPG-JPEG\Light Cult NFTs\5CPG9K8K__Diapositiva48.JPG","47.5","Could not parse NFT number from filename"
"5CUIVB6X__Diapositiva592.JPG","E:\Zotero-organized-export\JPG-JPEG\Light Cult NFTs\5CUIVB6X__Diapositiva592.JPG","112.8","Could not parse NFT number from filename"
"5D6DGWTS__Diapositiva620.JPG","E:\Zotero-organized-export\JPG-JPEG\Light Cult NFTs\5D6DGWTS__Diapositiva620.JPG","136.1","Could not parse NFT number from filename"
"5DWP45G9__Diapositiva495.JPG","E:\Zotero-organized-export\JPG-JPEG\Light Cult NFTs\5DWP45G9__Diapositiva495.JPG","82.4","Could not parse NFT number from filename"
"5EBSALAW__Diapositiva887.JPG","E:\Zotero-organized-export\JPG-JPEG\Light Cult NFTs\5EBSALAW__Diapositiva887.JPG","109.9","Could not parse NFT number from filename"
"5EEZ9WQP__Diapositiva877.JPG","E:\Zotero-organized-export\JPG-JPEG\Light Cult NFTs\5EEZ9WQP__Diapositiva877.JPG","67.1","Could not parse NFT number from filename"
"5EHJ9JPT__Diapositiva184.JPG","E:\Zotero-organized-export\JPG-JPEG\Light Cult NFTs\5EHJ9JPT__Diapositiva184.JPG","62.9","Could not parse NFT number from filename"
"5EQVECVT__Diapositiva437.JPG","E:\Zotero-organized-export\JPG-JPEG\Light Cult NFTs\5EQVECVT__Diapositiva437.JPG","124.4","Could not parse NFT number from filename"
"5EVNMUZR__Diapositiva653.JPG","E:\Zotero-organized-export\JPG-JPEG\Light Cult NFTs\5EVNMUZR__Diapositiva653.JPG","39.4","Could not parse NFT number from filename"
"5EVQ6S59__Diapositiva923.JPG","E:\Zotero-organized-export\JPG-JPEG\Light Cult NFTs\5EVQ6S59__Diapositiva923.JPG","161.7","Could not parse NFT number from filename"
"5EYAVALT__Diapositiva638.JPG","E:\Zotero-organized-export\JPG-JPEG\Light Cult NFTs\5EYAVALT__Diapositiva638.JPG","86.7","Could not parse NFT number from filename"
"5FI3AU73__Diapositiva995.JPG","E:\Zotero-organized-export\JPG-JPEG\Light Cult NFTs\5FI3AU73__Diapositiva995.JPG","88.5","Could not parse NFT number from filename"
"5FIPN5R6__Diapositiva271.JPG","E:\Zotero-organized-export\JPG-JPEG\Light Cult NFTs\5FIPN5R6__Diapositiva271.JPG","202.1","Could not parse NFT number from filename"
"5FQ97I5Z__Diapositiva689.JPG","E:\Zotero-organized-export\JPG-JPEG\Light Cult NFTs\5FQ97I5Z__Diapositiva689.JPG","43.8","Could not parse NFT number from filename"
"5FQRLFVQ__Diapositiva17.JPG","E:\Zotero-organized-export\JPG-JPEG\Light Cult NFTs\5FQRLFVQ__Diapositiva17.JPG","133.5","Could not parse NFT number from filename"
"5FVR2JXB__Diapositiva885.JPG","E:\Zotero-organized-export\JPG-JPEG\Light Cult NFTs\5FVR2JXB__Diapositiva885.JPG","120.5","Could not parse NFT number from filename"
"5G89HKHL__Diapositiva279.JPG","E:\Zotero-organized-export\JPG-JPEG\Light Cult NFTs\5G89HKHL__Diapositiva279.JPG","112.1","Could not parse NFT number from filename"
"5GE9TB46__Diapositiva432.JPG","E:\Zotero-organized-export\JPG-JPEG\Light Cult NFTs\5GE9TB46__Diapositiva432.JPG","78.4","Could not parse NFT number from filename"
"5GSCWFY4__Diapositiva528.JPG","E:\Zotero-organized-export\JPG-JPEG\Light Cult NFTs\5GSCWFY4__Diapositiva528.JPG","125.7","Could not parse NFT number from filename"
"5GVAMF96__Diapositiva549.JPG","E:\Zotero-organized-export\JPG-JPEG\Light Cult NFTs\5GVAMF96__Diapositiva549.JPG","140.8","Could not parse NFT number from filename"
"5GYAF9UL__Diapositiva317.JPG","E:\Zotero-organized-export\JPG-JPEG\Light Cult NFTs\5GYAF9UL__Diapositiva317.JPG","77.5","Could not parse NFT number from filename"
"5HKNT4G8__Diapositiva80.JPG","E:\Zotero-organized-export\JPG-JPEG\Light Cult NFTs\5HKNT4G8__Diapositiva80.JPG","62.3","Could not parse NFT number from filename"
"5HURJK2Z__Diapositiva415.JPG","E:\Zotero-organized-export\JPG-JPEG\Light Cult NFTs\5HURJK2Z__Diapositiva415.JPG","144.9","Could not parse NFT number from filename"
"5IFCW8R5__Diapositiva372.JPG","E:\Zotero-organized-export\JPG-JPEG\Light Cult NFTs\5IFCW8R5__Diapositiva372.JPG","45.8","Could not parse NFT number from filename"
"5IFJATV5__Diapositiva654.JPG","E:\Zotero-organized-export\JPG-JPEG\Light Cult NFTs\5IFJATV5__Diapositiva654.JPG","87.2","Could not parse NFT number from filename"
"5IMCHPCU__Diapositiva636.JPG","E:\Zotero-organized-export\JPG-JPEG\Light Cult NFTs\5IMCHPCU__Diapositiva636.JPG","53.4","Could not parse NFT number from filename"
"5IT6PT7H__Diapositiva314.JPG","E:\Zotero-organized-export\JPG-JPEG\Light Cult NFTs\5IT6PT7H__Diapositiva314.JPG","60.2","Could not parse NFT number from filename"
"5IZZ8JGC__Diapositiva279.JPG","E:\Zotero-organized-export\JPG-JPEG\Light Cult NFTs\5IZZ8JGC__Diapositiva279.JPG","57.6","Could not parse NFT number from filename"
"5J55AXIE__Diapositiva826.JPG","E:\Zotero-organized-export\JPG-JPEG\Light Cult NFTs\5J55AXIE__Diapositiva826.JPG","73.1","Could not parse NFT number from filename"
"5JL7GSX3__Diapositiva88.JPG","E:\Zotero-organized-export\JPG-JPEG\Light Cult NFTs\5JL7GSX3__Diapositiva88.JPG","27.7","Could not parse NFT number from filename"
"5JS3333G__Diapositiva300.JPG","E:\Zotero-organized-export\JPG-JPEG\Light Cult NFTs\5JS3333G__Diapositiva300.JPG","103.1","Could not parse NFT number from filename"
"5JSKQLW2__Diapositiva1000.JPG","E:\Zotero-organized-export\JPG-JPEG\Light Cult NFTs\5JSKQLW2__Diapositiva1000.JPG","126.2","Could not parse NFT number from filename"
"5JT6TJ9L__Diapositiva551.JPG","E:\Zotero-organized-export\JPG-JPEG\Light Cult NFTs\5JT6TJ9L__Diapositiva551.JPG","153.3","Could not parse NFT number from filename"
"5KPMT993__Diapositiva640.JPG","E:\Zotero-organized-export\JPG-JPEG\Light Cult NFTs\5KPMT993__Diapositiva640.JPG","82.8","Could not parse NFT number from filename"
"5KQVMYRK__Diapositiva215.JPG","E:\Zotero-organized-export\JPG-JPEG\Light Cult NFTs\5KQVMYRK__Diapositiva215.JPG","122.9","Could not parse NFT number from filename"
"5L9TZESY__Diapositiva532.JPG","E:\Zotero-organized-export\JPG-JPEG\Light Cult NFTs\5L9TZESY__Diapositiva532.JPG","107.5","Could not parse NFT number from filename"
"5LB5JX43__Diapositiva3.JPG","E:\Zotero-organized-export\JPG-JPEG\Light Cult NFTs\5LB5JX43__Diapositiva3.JPG","81.9","Could not parse NFT number from filename"
"5LLZKHVK__Diapositiva263.JPG","E:\Zotero-organized-export\JPG-JPEG\Light Cult NFTs\5LLZKHVK__Diapositiva263.JPG","61.4","Could not parse NFT number from filename"
"5M52KN36__Diapositiva257.JPG","E:\Zotero-organized-export\JPG-JPEG\Light Cult NFTs\5M52KN36__Diapositiva257.JPG","71","Could not parse NFT number from filename"
"5M74M39U__Diapositiva748.JPG","E:\Zotero-organized-export\JPG-JPEG\Light Cult NFTs\5M74M39U__Diapositiva748.JPG","57.3","Could not parse NFT number from filename"
"5MGB8NDL__Diapositiva722.JPG","E:\Zotero-organized-export\JPG-JPEG\Light Cult NFTs\5MGB8NDL__Diapositiva722.JPG","125.7","Could not parse NFT number from filename"
"5MH3MWX4__Diapositiva661.JPG","E:\Zotero-organized-export\JPG-JPEG\Light Cult NFTs\5MH3MWX4__Diapositiva661.JPG","43.1","Could not parse NFT number from filename"
"5MKNV2GW__Diapositiva921.JPG","E:\Zotero-organized-export\JPG-JPEG\Light Cult NFTs\5MKNV2GW__Diapositiva921.JPG","51.2","Could not parse NFT number from filename"
"5P7MU3HG__Diapositiva690.JPG","E:\Zotero-organized-export\JPG-JPEG\Light Cult NFTs\5P7MU3HG__Diapositiva690.JPG","139.4","Could not parse NFT number from filename"
"5PELGWMW__Diapositiva8.JPG","E:\Zotero-organized-export\JPG-JPEG\Light Cult NFTs\5PELGWMW__Diapositiva8.JPG","132.5","Could not parse NFT number from filename"
"5QWPW44U__Diapositiva24.JPG","E:\Zotero-organized-export\JPG-JPEG\Light Cult NFTs\5QWPW44U__Diapositiva24.JPG","95","Could not parse NFT number from filename"
"5R28XYIW__Diapositiva995.JPG","E:\Zotero-organized-export\JPG-JPEG\Light Cult NFTs\5R28XYIW__Diapositiva995.JPG","66.4","Could not parse NFT number from filename"
"5R4TWZM6__Diapositiva336.JPG","E:\Zotero-organized-export\JPG-JPEG\Light Cult NFTs\5R4TWZM6__Diapositiva336.JPG","54.1","Could not parse NFT number from filename"
"5RCZIRT3__Diapositiva797.JPG","E:\Zotero-organized-export\JPG-JPEG\Light Cult NFTs\5RCZIRT3__Diapositiva797.JPG","80.3","Could not parse NFT number from filename"
"5RLAUI84__Diapositiva785.JPG","E:\Zotero-organized-export\JPG-JPEG\Light Cult NFTs\5RLAUI84__Diapositiva785.JPG","116.3","Could not parse NFT number from filename"
"5RU5ZH3X__Diapositiva647.JPG","E:\Zotero-organized-export\JPG-JPEG\Light Cult NFTs\5RU5ZH3X__Diapositiva647.JPG","123.8","Could not parse NFT number from filename"
"5SLQ4LCK__Diapositiva803.JPG","E:\Zotero-organized-export\JPG-JPEG\Light Cult NFTs\5SLQ4LCK__Diapositiva803.JPG","70.7","Could not parse NFT number from filename"
"5SRU6X3N__Diapositiva345.JPG","E:\Zotero-organized-export\JPG-JPEG\Light Cult NFTs\5SRU6X3N__Diapositiva345.JPG","49.8","Could not parse NFT number from filename"
"5TBZEDB6__Diapositiva933.JPG","E:\Zotero-organized-export\JPG-JPEG\Light Cult NFTs\5TBZEDB6__Diapositiva933.JPG","119.1","Could not parse NFT number from filename"
"5U86QTMA__Diapositiva113.JPG","E:\Zotero-organized-export\JPG-JPEG\Light Cult NFTs\5U86QTMA__Diapositiva113.JPG","48.3","Could not parse NFT number from filename"
"5UDHLJIM__Diapositiva534.JPG","E:\Zotero-organized-export\JPG-JPEG\Light Cult NFTs\5UDHLJIM__Diapositiva534.JPG","112.7","Could not parse NFT number from filename"
"5V48TWZF__Diapositiva963.JPG","E:\Zotero-organized-export\JPG-JPEG\Light Cult NFTs\5V48TWZF__Diapositiva963.JPG","65.5","Could not parse NFT number from filename"
"5V8IG2KN__Diapositiva608.JPG","E:\Zotero-organized-export\JPG-JPEG\Light Cult NFTs\5V8IG2KN__Diapositiva608.JPG","166.5","Could not parse NFT number from filename"
"5WKSA9ZW__Diapositiva414.JPG","E:\Zotero-organized-export\JPG-JPEG\Light Cult NFTs\5WKSA9ZW__Diapositiva414.JPG","61.7","Could not parse NFT number from filename"
"5WNM2P4X__Diapositiva549.JPG","E:\Zotero-organized-export\JPG-JPEG\Light Cult NFTs\5WNM2P4X__Diapositiva549.JPG","33.1","Could not parse NFT number from filename"
"62MBKDAJ__Diapositiva109.JPG","E:\Zotero-organized-export\JPG-JPEG\Light Cult NFTs\62MBKDAJ__Diapositiva109.JPG","156.1","Could not parse NFT number from filename"
"62S364AN__Diapositiva196.JPG","E:\Zotero-organized-export\JPG-JPEG\Light Cult NFTs\62S364AN__Diapositiva196.JPG","77.8","Could not parse NFT number from filename"
"63BSKCP9__Diapositiva250.JPG","E:\Zotero-organized-export\JPG-JPEG\Light Cult NFTs\63BSKCP9__Diapositiva250.JPG","148.4","Could not parse NFT number from filename"
"63YK6RBY__Diapositiva295.JPG","E:\Zotero-organized-export\JPG-JPEG\Light Cult NFTs\63YK6RBY__Diapositiva295.JPG","98.1","Could not parse NFT number from filename"
"642ZG8VU__Diapositiva998.JPG","E:\Zotero-organized-export\JPG-JPEG\Light Cult NFTs\642ZG8VU__Diapositiva998.JPG","55","Could not parse NFT number from filename"
"64BDY4XT__Diapositiva245.JPG","E:\Zotero-organized-export\JPG-JPEG\Light Cult NFTs\64BDY4XT__Diapositiva245.JPG","72.8","Could not parse NFT number from filename"
"65B7LDHK__Diapositiva202.JPG","E:\Zotero-organized-export\JPG-JPEG\Light Cult NFTs\65B7LDHK__Diapositiva202.JPG","75.7","Could not parse NFT number from filename"
"65KWLQWS__Diapositiva21.JPG","E:\Zotero-organized-export\JPG-JPEG\Light Cult NFTs\65KWLQWS__Diapositiva21.JPG","61.2","Could not parse NFT number from filename"
"66AMXA7V__Diapositiva268.JPG","E:\Zotero-organized-export\JPG-JPEG\Light Cult NFTs\66AMXA7V__Diapositiva268.JPG","54","Could not parse NFT number from filename"
"66HGYHQR__Diapositiva543.JPG","E:\Zotero-organized-export\JPG-JPEG\Light Cult NFTs\66HGYHQR__Diapositiva543.JPG","94.5","Could not parse NFT number from filename"
"66HGZM6J__Diapositiva915.JPG","E:\Zotero-organized-export\JPG-JPEG\Light Cult NFTs\66HGZM6J__Diapositiva915.JPG","35.1","Could not parse NFT number from filename"
"67FSRVRS__Diapositiva855.JPG","E:\Zotero-organized-export\JPG-JPEG\Light Cult NFTs\67FSRVRS__Diapositiva855.JPG","140.4","Could not parse NFT number from filename"
"6ACLQUAD__Diapositiva816.JPG","E:\Zotero-organized-export\JPG-JPEG\Light Cult NFTs\6ACLQUAD__Diapositiva816.JPG","41.5","Could not parse NFT number from filename"
"6ANMUYD6__Diapositiva936.JPG","E:\Zotero-organized-export\JPG-JPEG\Light Cult NFTs\6ANMUYD6__Diapositiva936.JPG","150","Could not parse NFT number from filename"
"6APKMHAN__Diapositiva184.JPG","E:\Zotero-organized-export\JPG-JPEG\Light Cult NFTs\6APKMHAN__Diapositiva184.JPG","121.2","Could not parse NFT number from filename"
"6ATHJD3Y__Diapositiva544.JPG","E:\Zotero-organized-export\JPG-JPEG\Light Cult NFTs\6ATHJD3Y__Diapositiva544.JPG","108.6","Could not parse NFT number from filename"
"6AWNKQFD__Diapositiva596.JPG","E:\Zotero-organized-export\JPG-JPEG\Light Cult NFTs\6AWNKQFD__Diapositiva596.JPG","114.4","Could not parse NFT number from filename"
"6BH3L5HS__Diapositiva621.JPG","E:\Zotero-organized-export\JPG-JPEG\Light Cult NFTs\6BH3L5HS__Diapositiva621.JPG","82.2","Could not parse NFT number from filename"
"6BN2DID9__Diapositiva235.JPG","E:\Zotero-organized-export\JPG-JPEG\Light Cult NFTs\6BN2DID9__Diapositiva235.JPG","134","Could not parse NFT number from filename"
"6BW24ZI4__Diapositiva634.JPG","E:\Zotero-organized-export\JPG-JPEG\Light Cult NFTs\6BW24ZI4__Diapositiva634.JPG","30.8","Could not parse NFT number from filename"
"6E42B948__Diapositiva396.JPG","E:\Zotero-organized-export\JPG-JPEG\Light Cult NFTs\6E42B948__Diapositiva396.JPG","60.6","Could not parse NFT number from filename"
"6EC9R2W8__Diapositiva381.JPG","E:\Zotero-organized-export\JPG-JPEG\Light Cult NFTs\6EC9R2W8__Diapositiva381.JPG","134.8","Could not parse NFT number from filename"
"6EEI7DSD__Diapositiva85.JPG","E:\Zotero-organized-export\JPG-JPEG\Light Cult NFTs\6EEI7DSD__Diapositiva85.JPG","85.6","Could not parse NFT number from filename"
"6ERP4GCH__Diapositiva697.JPG","E:\Zotero-organized-export\JPG-JPEG\Light Cult NFTs\6ERP4GCH__Diapositiva697.JPG","69.2","Could not parse NFT number from filename"
"6F2VVHVI__Diapositiva126.JPG","E:\Zotero-organized-export\JPG-JPEG\Light Cult NFTs\6F2VVHVI__Diapositiva126.JPG","63","Could not parse NFT number from filename"
"6FMSXLEJ__Diapositiva693.JPG","E:\Zotero-organized-export\JPG-JPEG\Light Cult NFTs\6FMSXLEJ__Diapositiva693.JPG","74.4","Could not parse NFT number from filename"
"6FVRQ2UG__Diapositiva884.JPG","E:\Zotero-organized-export\JPG-JPEG\Light Cult NFTs\6FVRQ2UG__Diapositiva884.JPG","54.7","Could not parse NFT number from filename"
"6G48GUWQ__Diapositiva193.JPG","E:\Zotero-organized-export\JPG-JPEG\Light Cult NFTs\6G48GUWQ__Diapositiva193.JPG","121.8","Could not parse NFT number from filename"
"6HPD87WD__Diapositiva825.JPG","E:\Zotero-organized-export\JPG-JPEG\Light Cult NFTs\6HPD87WD__Diapositiva825.JPG","50.9","Could not parse NFT number from filename"
"6I46NCSF__Diapositiva628.JPG","E:\Zotero-organized-export\JPG-JPEG\Light Cult NFTs\6I46NCSF__Diapositiva628.JPG","86","Could not parse NFT number from filename"
"6I7DFRPW__Diapositiva157.JPG","E:\Zotero-organized-export\JPG-JPEG\Light Cult NFTs\6I7DFRPW__Diapositiva157.JPG","55","Could not parse NFT number from filename"
"6IDKVH63__Diapositiva782.JPG","E:\Zotero-organized-export\JPG-JPEG\Light Cult NFTs\6IDKVH63__Diapositiva782.JPG","70.7","Could not parse NFT number from filename"
"6IS83LMV__Diapositiva990.JPG","E:\Zotero-organized-export\JPG-JPEG\Light Cult NFTs\6IS83LMV__Diapositiva990.JPG","141.3","Could not parse NFT number from filename"
"6J4RF4UD__Diapositiva461.JPG","E:\Zotero-organized-export\JPG-JPEG\Light Cult NFTs\6J4RF4UD__Diapositiva461.JPG","81.9","Could not parse NFT number from filename"
"6J76KFW2__Diapositiva834.JPG","E:\Zotero-organized-export\JPG-JPEG\Light Cult NFTs\6J76KFW2__Diapositiva834.JPG","143.1","Could not parse NFT number from filename"
"6JIQMYNE__Diapositiva192.JPG","E:\Zotero-organized-export\JPG-JPEG\Light Cult NFTs\6JIQMYNE__Diapositiva192.JPG","97.7","Could not parse NFT number from filename"
"6JP3BZVU__Diapositiva617.JPG","E:\Zotero-organized-export\JPG-JPEG\Light Cult NFTs\6JP3BZVU__Diapositiva617.JPG","137.8","Could not parse NFT number from filename"
"6JPR6P4R__Diapositiva48.JPG","E:\Zotero-organized-export\JPG-JPEG\Light Cult NFTs\6JPR6P4R__Diapositiva48.JPG","136.9","Could not parse NFT number from filename"
"6KESVIZ3__Diapositiva123.JPG","E:\Zotero-organized-export\JPG-JPEG\Light Cult NFTs\6KESVIZ3__Diapositiva123.JPG","59.2","Could not parse NFT number from filename"
"6KS4T6EV__Diapositiva166.JPG","E:\Zotero-organized-export\JPG-JPEG\Light Cult NFTs\6KS4T6EV__Diapositiva166.JPG","66.6","Could not parse NFT number from filename"
"6KVZU7C9__Diapositiva764.JPG","E:\Zotero-organized-export\JPG-JPEG\Light Cult NFTs\6KVZU7C9__Diapositiva764.JPG","78.2","Could not parse NFT number from filename"
"6KZTK6W3__Diapositiva664.JPG","E:\Zotero-organized-export\JPG-JPEG\Light Cult NFTs\6KZTK6W3__Diapositiva664.JPG","40.9","Could not parse NFT number from filename"
"6L6I35YM__Diapositiva413.JPG","E:\Zotero-organized-export\JPG-JPEG\Light Cult NFTs\6L6I35YM__Diapositiva413.JPG","120.3","Could not parse NFT number from filename"
"6LG8JCKE__Diapositiva192.JPG","E:\Zotero-organized-export\JPG-JPEG\Light Cult NFTs\6LG8JCKE__Diapositiva192.JPG","56.3","Could not parse NFT number from filename"
"6LI7LGH3__Diapositiva565.JPG","E:\Zotero-organized-export\JPG-JPEG\Light Cult NFTs\6LI7LGH3__Diapositiva565.JPG","45.4","Could not parse NFT number from filename"
"6LX532DH__Diapositiva443.JPG","E:\Zotero-organized-export\JPG-JPEG\Light Cult NFTs\6LX532DH__Diapositiva443.JPG","59.9","Could not parse NFT number from filename"
"6MIA8ZSW__Diapositiva822.JPG","E:\Zotero-organized-export\JPG-JPEG\Light Cult NFTs\6MIA8ZSW__Diapositiva822.JPG","116.3","Could not parse NFT number from filename"
"6NCBFFDF__Diapositiva341.JPG","E:\Zotero-organized-export\JPG-JPEG\Light Cult NFTs\6NCBFFDF__Diapositiva341.JPG","98","Could not parse NFT number from filename"
"6NCH4DK6__Diapositiva109.JPG","E:\Zotero-organized-export\JPG-JPEG\Light Cult NFTs\6NCH4DK6__Diapositiva109.JPG","86.2","Could not parse NFT number from filename"
"6NKHW8AP__Diapositiva282.JPG","E:\Zotero-organized-export\JPG-JPEG\Light Cult NFTs\6NKHW8AP__Diapositiva282.JPG","69.8","Could not parse NFT number from filename"
"6PTHLQFT__Diapositiva137.JPG","E:\Zotero-organized-export\JPG-JPEG\Light Cult NFTs\6PTHLQFT__Diapositiva137.JPG","60.6","Could not parse NFT number from filename"
"6QKEXA23__Diapositiva217.JPG","E:\Zotero-organized-export\JPG-JPEG\Light Cult NFTs\6QKEXA23__Diapositiva217.JPG","79.2","Could not parse NFT number from filename"
"6QPJH98T__Diapositiva593.JPG","E:\Zotero-organized-export\JPG-JPEG\Light Cult NFTs\6QPJH98T__Diapositiva593.JPG","81","Could not parse NFT number from filename"
"6SB75UTZ__Diapositiva294.JPG","E:\Zotero-organized-export\JPG-JPEG\Light Cult NFTs\6SB75UTZ__Diapositiva294.JPG","84","Could not parse NFT number from filename"
"6SQS3KFU__Diapositiva113.JPG","E:\Zotero-organized-export\JPG-JPEG\Light Cult NFTs\6SQS3KFU__Diapositiva113.JPG","142","Could not parse NFT number from filename"
"6SRML2IG__Diapositiva156.JPG","E:\Zotero-organized-export\JPG-JPEG\Light Cult NFTs\6SRML2IG__Diapositiva156.JPG","118.8","Could not parse NFT number from filename"
"6T639NQS__Diapositiva159.JPG","E:\Zotero-organized-export\JPG-JPEG\Light Cult NFTs\6T639NQS__Diapositiva159.JPG","138","Could not parse NFT number from filename"
"6TQWNQVL__Diapositiva885.JPG","E:\Zotero-organized-export\JPG-JPEG\Light Cult NFTs\6TQWNQVL__Diapositiva885.JPG","76.3","Could not parse NFT number from filename"
"6U3Z59LE__Diapositiva241.JPG","E:\Zotero-organized-export\JPG-JPEG\Light Cult NFTs\6U3Z59LE__Diapositiva241.JPG","95.9","Could not parse NFT number from filename"
"6U7ZD72H__Diapositiva838.JPG","E:\Zotero-organized-export\JPG-JPEG\Light Cult NFTs\6U7ZD72H__Diapositiva838.JPG","90.4","Could not parse NFT number from filename"
"6U97QN8G__Diapositiva958.JPG","E:\Zotero-organized-export\JPG-JPEG\Light Cult NFTs\6U97QN8G__Diapositiva958.JPG","152.4","Could not parse NFT number from filename"
"6UA7ZUDD__Diapositiva922.JPG","E:\Zotero-organized-export\JPG-JPEG\Light Cult NFTs\6UA7ZUDD__Diapositiva922.JPG","81.3","Could not parse NFT number from filename"
"6UK9GLTN__Diapositiva723.JPG","E:\Zotero-organized-export\JPG-JPEG\Light Cult NFTs\6UK9GLTN__Diapositiva723.JPG","146.7","Could not parse NFT number from filename"
"6UVKKZ9T__Diapositiva696.JPG","E:\Zotero-organized-export\JPG-JPEG\Light Cult NFTs\6UVKKZ9T__Diapositiva696.JPG","79.4","Could not parse NFT number from filename"
"6UWIBKZ2__Diapositiva143.JPG","E:\Zotero-organized-export\JPG-JPEG\Light Cult NFTs\6UWIBKZ2__Diapositiva143.JPG","89.6","Could not parse NFT number from filename"
"6VHFMSNX__Diapositiva808.JPG","E:\Zotero-organized-export\JPG-JPEG\Light Cult NFTs\6VHFMSNX__Diapositiva808.JPG","52.6","Could not parse NFT number from filename"
"6VJR92EM__Diapositiva734.JPG","E:\Zotero-organized-export\JPG-JPEG\Light Cult NFTs\6VJR92EM__Diapositiva734.JPG","119.8","Could not parse NFT number from filename"
"6VPNP8HU__Diapositiva895.JPG","E:\Zotero-organized-export\JPG-JPEG\Light Cult NFTs\6VPNP8HU__Diapositiva895.JPG","102.1","Could not parse NFT number from filename"
"6VVYTNXY__Diapositiva469.JPG","E:\Zotero-organized-export\JPG-JPEG\Light Cult NFTs\6VVYTNXY__Diapositiva469.JPG","120.7","Could not parse NFT number from filename"
"6W2HX63Z__Diapositiva126.JPG","E:\Zotero-organized-export\JPG-JPEG\Light Cult NFTs\6W2HX63Z__Diapositiva126.JPG","124.7","Could not parse NFT number from filename"
"6W6A9EJM__Diapositiva508.JPG","E:\Zotero-organized-export\JPG-JPEG\Light Cult NFTs\6W6A9EJM__Diapositiva508.JPG","77.7","Could not parse NFT number from filename"
"6WV6QJML__Diapositiva757.JPG","E:\Zotero-organized-export\JPG-JPEG\Light Cult NFTs\6WV6QJML__Diapositiva757.JPG","130.5","Could not parse NFT number from filename"
"6WYWN4B4__Diapositiva670.JPG","E:\Zotero-organized-export\JPG-JPEG\Light Cult NFTs\6WYWN4B4__Diapositiva670.JPG","79.9","Could not parse NFT number from filename"
"6X974HZ7__Diapositiva902.JPG","E:\Zotero-organized-export\JPG-JPEG\Light Cult NFTs\6X974HZ7__Diapositiva902.JPG","115.3","Could not parse NFT number from filename"
"6XCE6GT4__Diapositiva682.JPG","E:\Zotero-organized-export\JPG-JPEG\Light Cult NFTs\6XCE6GT4__Diapositiva682.JPG","165.3","Could not parse NFT number from filename"
"6XX6C3MD__Diapositiva494.JPG","E:\Zotero-organized-export\JPG-JPEG\Light Cult NFTs\6XX6C3MD__Diapositiva494.JPG","61.7","Could not parse NFT number from filename"
"6YDKJF2U__Diapositiva559.JPG","E:\Zotero-organized-export\JPG-JPEG\Light Cult NFTs\6YDKJF2U__Diapositiva559.JPG","70.2","Could not parse NFT number from filename"
"6YH2N53C__Diapositiva785.JPG","E:\Zotero-organized-export\JPG-JPEG\Light Cult NFTs\6YH2N53C__Diapositiva785.JPG","146.9","Could not parse NFT number from filename"
"6YHSZFC4__Diapositiva556.JPG","E:\Zotero-organized-export\JPG-JPEG\Light Cult NFTs\6YHSZFC4__Diapositiva556.JPG","55.2","Could not parse NFT number from filename"
"6YYKZ4XE__Diapositiva251.JPG","E:\Zotero-organized-export\JPG-JPEG\Light Cult NFTs\6YYKZ4XE__Diapositiva251.JPG","116.7","Could not parse NFT number from filename"
"6ZDC3PA5__Diapositiva768.JPG","E:\Zotero-organized-export\JPG-JPEG\Light Cult NFTs\6ZDC3PA5__Diapositiva768.JPG","135.4","Could not parse NFT number from filename"
"72VFKG48__Diapositiva102.JPG","E:\Zotero-organized-export\JPG-JPEG\Light Cult NFTs\72VFKG48__Diapositiva102.JPG","205.6","Could not parse NFT number from filename"
"73VJAAUM__Diapositiva900.JPG","E:\Zotero-organized-export\JPG-JPEG\Light Cult NFTs\73VJAAUM__Diapositiva900.JPG","93.4","Could not parse NFT number from filename"
"74T7YHQE__Diapositiva967.JPG","E:\Zotero-organized-export\JPG-JPEG\Light Cult NFTs\74T7YHQE__Diapositiva967.JPG","116.9","Could not parse NFT number from filename"
"756J42JQ__Diapositiva620.JPG","E:\Zotero-organized-export\JPG-JPEG\Light Cult NFTs\756J42JQ__Diapositiva620.JPG","91.8","Could not parse NFT number from filename"
"75UJB2MY__Diapositiva633.JPG","E:\Zotero-organized-export\JPG-JPEG\Light Cult NFTs\75UJB2MY__Diapositiva633.JPG","36.4","Could not parse NFT number from filename"
"76MWF7TZ__Diapositiva987.JPG","E:\Zotero-organized-export\JPG-JPEG\Light Cult NFTs\76MWF7TZ__Diapositiva987.JPG","71.6","Could not parse NFT number from filename"
"76NMGQX2__Diapositiva547.JPG","E:\Zotero-organized-export\JPG-JPEG\Light Cult NFTs\76NMGQX2__Diapositiva547.JPG","70.6","Could not parse NFT number from filename"
"779N73JY__Diapositiva719.JPG","E:\Zotero-organized-export\JPG-JPEG\Light Cult NFTs\779N73JY__Diapositiva719.JPG","85.9","Could not parse NFT number from filename"
"77QXLTLX__Diapositiva377.JPG","E:\Zotero-organized-export\JPG-JPEG\Light Cult NFTs\77QXLTLX__Diapositiva377.JPG","129.8","Could not parse NFT number from filename"
"78H2894L__Diapositiva399.JPG","E:\Zotero-organized-export\JPG-JPEG\Light Cult NFTs\78H2894L__Diapositiva399.JPG","59.6","Could not parse NFT number from filename"
"78HIAMED__Diapositiva470.JPG","E:\Zotero-organized-export\JPG-JPEG\Light Cult NFTs\78HIAMED__Diapositiva470.JPG","75.2","Could not parse NFT number from filename"
"78N3YK7C__Diapositiva694.JPG","E:\Zotero-organized-export\JPG-JPEG\Light Cult NFTs\78N3YK7C__Diapositiva694.JPG","62.8","Could not parse NFT number from filename"
"78ZWGMW9__Diapositiva282.JPG","E:\Zotero-organized-export\JPG-JPEG\Light Cult NFTs\78ZWGMW9__Diapositiva282.JPG","49.8","Could not parse NFT number from filename"
"795ZM5IZ__Diapositiva216.JPG","E:\Zotero-organized-export\JPG-JPEG\Light Cult NFTs\795ZM5IZ__Diapositiva216.JPG","125.3","Could not parse NFT number from filename"
"79C63LKQ__Diapositiva723.JPG","E:\Zotero-organized-export\JPG-JPEG\Light Cult NFTs\79C63LKQ__Diapositiva723.JPG","109.6","Could not parse NFT number from filename"
"79Z6JK2L__Diapositiva850.JPG","E:\Zotero-organized-export\JPG-JPEG\Light Cult NFTs\79Z6JK2L__Diapositiva850.JPG","143","Could not parse NFT number from filename"
"7BGKKGPD__Diapositiva298.JPG","E:\Zotero-organized-export\JPG-JPEG\Light Cult NFTs\7BGKKGPD__Diapositiva298.JPG","104.3","Could not parse NFT number from filename"
"7C37U228__Diapositiva862.JPG","E:\Zotero-organized-export\JPG-JPEG\Light Cult NFTs\7C37U228__Diapositiva862.JPG","220.2","Could not parse NFT number from filename"
"7C642SCG__Diapositiva270.JPG","E:\Zotero-organized-export\JPG-JPEG\Light Cult NFTs\7C642SCG__Diapositiva270.JPG","226.9","Could not parse NFT number from filename"
"7CEX5DDN__Diapositiva386.JPG","E:\Zotero-organized-export\JPG-JPEG\Light Cult NFTs\7CEX5DDN__Diapositiva386.JPG","86.7","Could not parse NFT number from filename"
"7CJ5QT63__Diapositiva975.JPG","E:\Zotero-organized-export\JPG-JPEG\Light Cult NFTs\7CJ5QT63__Diapositiva975.JPG","87.7","Could not parse NFT number from filename"
"7DTLDT2H__Diapositiva428.JPG","E:\Zotero-organized-export\JPG-JPEG\Light Cult NFTs\7DTLDT2H__Diapositiva428.JPG","110","Could not parse NFT number from filename"
"7EY9U5YJ__Diapositiva968.JPG","E:\Zotero-organized-export\JPG-JPEG\Light Cult NFTs\7EY9U5YJ__Diapositiva968.JPG","138.7","Could not parse NFT number from filename"
"7F622FSE__Diapositiva985.JPG","E:\Zotero-organized-export\JPG-JPEG\Light Cult NFTs\7F622FSE__Diapositiva985.JPG","143.2","Could not parse NFT number from filename"
"7G96EGCC__Diapositiva678.JPG","E:\Zotero-organized-export\JPG-JPEG\Light Cult NFTs\7G96EGCC__Diapositiva678.JPG","86.8","Could not parse NFT number from filename"
"7GI6RSR5__Diapositiva840.JPG","E:\Zotero-organized-export\JPG-JPEG\Light Cult NFTs\7GI6RSR5__Diapositiva840.JPG","45.8","Could not parse NFT number from filename"
"7GRFAU65__Diapositiva898.JPG","E:\Zotero-organized-export\JPG-JPEG\Light Cult NFTs\7GRFAU65__Diapositiva898.JPG","54.1","Could not parse NFT number from filename"
"7H2YNX33__Diapositiva946.JPG","E:\Zotero-organized-export\JPG-JPEG\Light Cult NFTs\7H2YNX33__Diapositiva946.JPG","37.7","Could not parse NFT number from filename"
"7H3RSMGY__Diapositiva231.JPG","E:\Zotero-organized-export\JPG-JPEG\Light Cult NFTs\7H3RSMGY__Diapositiva231.JPG","40.8","Could not parse NFT number from filename"
"7HF5WIXS__Diapositiva961.JPG","E:\Zotero-organized-export\JPG-JPEG\Light Cult NFTs\7HF5WIXS__Diapositiva961.JPG","144.1","Could not parse NFT number from filename"
"7HQPAEQV__Diapositiva184.JPG","E:\Zotero-organized-export\JPG-JPEG\Light Cult NFTs\7HQPAEQV__Diapositiva184.JPG","95.8","Could not parse NFT number from filename"
"7HVFYJBD__Diapositiva696.JPG","E:\Zotero-organized-export\JPG-JPEG\Light Cult NFTs\7HVFYJBD__Diapositiva696.JPG","77.5","Could not parse NFT number from filename"
"7HZ4IKH3__Diapositiva195.JPG","E:\Zotero-organized-export\JPG-JPEG\Light Cult NFTs\7HZ4IKH3__Diapositiva195.JPG","72.6","Could not parse NFT number from filename"
"7I4SDNQQ__Diapositiva457.JPG","E:\Zotero-organized-export\JPG-JPEG\Light Cult NFTs\7I4SDNQQ__Diapositiva457.JPG","107.6","Could not parse NFT number from filename"
"7IVEP4R8__Diapositiva793.JPG","E:\Zotero-organized-export\JPG-JPEG\Light Cult NFTs\7IVEP4R8__Diapositiva793.JPG","87.2","Could not parse NFT number from filename"
"7IX7Y3FW__Diapositiva29.JPG","E:\Zotero-organized-export\JPG-JPEG\Light Cult NFTs\7IX7Y3FW__Diapositiva29.JPG","62.1","Could not parse NFT number from filename"
"7JAWIKSP__Diapositiva641.JPG","E:\Zotero-organized-export\JPG-JPEG\Light Cult NFTs\7JAWIKSP__Diapositiva641.JPG","48.8","Could not parse NFT number from filename"
"7JLQ9CX2__Diapositiva738.JPG","E:\Zotero-organized-export\JPG-JPEG\Light Cult NFTs\7JLQ9CX2__Diapositiva738.JPG","119.7","Could not parse NFT number from filename"
"7JUHUG98__Diapositiva135.JPG","E:\Zotero-organized-export\JPG-JPEG\Light Cult NFTs\7JUHUG98__Diapositiva135.JPG","45","Could not parse NFT number from filename"
"7JUYNI4B__Diapositiva288.JPG","E:\Zotero-organized-export\JPG-JPEG\Light Cult NFTs\7JUYNI4B__Diapositiva288.JPG","73.2","Could not parse NFT number from filename"
"7JYFPBSJ__Diapositiva880.JPG","E:\Zotero-organized-export\JPG-JPEG\Light Cult NFTs\7JYFPBSJ__Diapositiva880.JPG","39.7","Could not parse NFT number from filename"
"7KV3NEAP__Diapositiva234.JPG","E:\Zotero-organized-export\JPG-JPEG\Light Cult NFTs\7KV3NEAP__Diapositiva234.JPG","131.8","Could not parse NFT number from filename"
"7KXA5MTG__Diapositiva612.JPG","E:\Zotero-organized-export\JPG-JPEG\Light Cult NFTs\7KXA5MTG__Diapositiva612.JPG","40.8","Could not parse NFT number from filename"
"7L47MIMD__Diapositiva552.JPG","E:\Zotero-organized-export\JPG-JPEG\Light Cult NFTs\7L47MIMD__Diapositiva552.JPG","56.9","Could not parse NFT number from filename"
"7L5NNUY7__Diapositiva638.JPG","E:\Zotero-organized-export\JPG-JPEG\Light Cult NFTs\7L5NNUY7__Diapositiva638.JPG","42.4","Could not parse NFT number from filename"
"7LRMWDVQ__Diapositiva6.JPG","E:\Zotero-organized-export\JPG-JPEG\Light Cult NFTs\7LRMWDVQ__Diapositiva6.JPG","138","Could not parse NFT number from filename"
"7LRQ6RZ5__Diapositiva378.JPG","E:\Zotero-organized-export\JPG-JPEG\Light Cult NFTs\7LRQ6RZ5__Diapositiva378.JPG","63.1","Could not parse NFT number from filename"
"7LTMTFLV__Diapositiva257.JPG","E:\Zotero-organized-export\JPG-JPEG\Light Cult NFTs\7LTMTFLV__Diapositiva257.JPG","130.8","Could not parse NFT number from filename"
"7M7MRYQX__Diapositiva217.JPG","E:\Zotero-organized-export\JPG-JPEG\Light Cult NFTs\7M7MRYQX__Diapositiva217.JPG","77.2","Could not parse NFT number from filename"
"7M89IK6M__Diapositiva261.JPG","E:\Zotero-organized-export\JPG-JPEG\Light Cult NFTs\7M89IK6M__Diapositiva261.JPG","126","Could not parse NFT number from filename"
"7MSBYDMW__Diapositiva802.JPG","E:\Zotero-organized-export\JPG-JPEG\Light Cult NFTs\7MSBYDMW__Diapositiva802.JPG","81.3","Could not parse NFT number from filename"
"7PJHUFPW__Diapositiva189.JPG","E:\Zotero-organized-export\JPG-JPEG\Light Cult NFTs\7PJHUFPW__Diapositiva189.JPG","91.7","Could not parse NFT number from filename"
"7PSCET9H__Diapositiva202.JPG","E:\Zotero-organized-export\JPG-JPEG\Light Cult NFTs\7PSCET9H__Diapositiva202.JPG","64.4","Could not parse NFT number from filename"
"7PW88MPW__Diapositiva512.JPG","E:\Zotero-organized-export\JPG-JPEG\Light Cult NFTs\7PW88MPW__Diapositiva512.JPG","140.9","Could not parse NFT number from filename"
"7Q328RRJ__Diapositiva411.JPG","E:\Zotero-organized-export\JPG-JPEG\Light Cult NFTs\7Q328RRJ__Diapositiva411.JPG","90.8","Could not parse NFT number from filename"
"7S37KC8W__Diapositiva708.JPG","E:\Zotero-organized-export\JPG-JPEG\Light Cult NFTs\7S37KC8W__Diapositiva708.JPG","52.7","Could not parse NFT number from filename"
"7S6KITU3__Diapositiva368.JPG","E:\Zotero-organized-export\JPG-JPEG\Light Cult NFTs\7S6KITU3__Diapositiva368.JPG","91.5","Could not parse NFT number from filename"
"7SSP3TCX__Diapositiva383.JPG","E:\Zotero-organized-export\JPG-JPEG\Light Cult NFTs\7SSP3TCX__Diapositiva383.JPG","53.4","Could not parse NFT number from filename"
"7T6ATVNW__Diapositiva799.JPG","E:\Zotero-organized-export\JPG-JPEG\Light Cult NFTs\7T6ATVNW__Diapositiva799.JPG","118.1","Could not parse NFT number from filename"
"7T6QU5RC__Diapositiva321.JPG","E:\Zotero-organized-export\JPG-JPEG\Light Cult NFTs\7T6QU5RC__Diapositiva321.JPG","107.9","Could not parse NFT number from filename"
"7TMSRNDC__Diapositiva419.JPG","E:\Zotero-organized-export\JPG-JPEG\Light Cult NFTs\7TMSRNDC__Diapositiva419.JPG","129.9","Could not parse NFT number from filename"
"7TRJNIDJ__Diapositiva947.JPG","E:\Zotero-organized-export\JPG-JPEG\Light Cult NFTs\7TRJNIDJ__Diapositiva947.JPG","132.8","Could not parse NFT number from filename"
"7TXV85FA__Diapositiva171.JPG","E:\Zotero-organized-export\JPG-JPEG\Light Cult NFTs\7TXV85FA__Diapositiva171.JPG","127.8","Could not parse NFT number from filename"
"7UD3KUB6__Diapositiva731.JPG","E:\Zotero-organized-export\JPG-JPEG\Light Cult NFTs\7UD3KUB6__Diapositiva731.JPG","141.5","Could not parse NFT number from filename"
"7USFY85R__Diapositiva361.JPG","E:\Zotero-organized-export\JPG-JPEG\Light Cult NFTs\7USFY85R__Diapositiva361.JPG","83.2","Could not parse NFT number from filename"
"7VZWFTP8__Diapositiva692.JPG","E:\Zotero-organized-export\JPG-JPEG\Light Cult NFTs\7VZWFTP8__Diapositiva692.JPG","67","Could not parse NFT number from filename"
"7XATFHKP__Diapositiva591.JPG","E:\Zotero-organized-export\JPG-JPEG\Light Cult NFTs\7XATFHKP__Diapositiva591.JPG","47.1","Could not parse NFT number from filename"
"7XDQPBQQ__Diapositiva722.JPG","E:\Zotero-organized-export\JPG-JPEG\Light Cult NFTs\7XDQPBQQ__Diapositiva722.JPG","110.3","Could not parse NFT number from filename"
"7YEKZBLI__Diapositiva550.JPG","E:\Zotero-organized-export\JPG-JPEG\Light Cult NFTs\7YEKZBLI__Diapositiva550.JPG","55.2","Could not parse NFT number from filename"
"7ZGGTWUY__Diapositiva474.JPG","E:\Zotero-organized-export\JPG-JPEG\Light Cult NFTs\7ZGGTWUY__Diapositiva474.JPG","96.5","Could not parse NFT number from filename"
"822DM922__Diapositiva197.JPG","E:\Zotero-organized-export\JPG-JPEG\Light Cult NFTs\822DM922__Diapositiva197.JPG","59.9","Could not parse NFT number from filename"
"824TZLLP__Diapositiva490.JPG","E:\Zotero-organized-export\JPG-JPEG\Light Cult NFTs\824TZLLP__Diapositiva490.JPG","48.5","Could not parse NFT number from filename"
"82E6IMQU__Diapositiva503.JPG","E:\Zotero-organized-export\JPG-JPEG\Light Cult NFTs\82E6IMQU__Diapositiva503.JPG","64.8","Could not parse NFT number from filename"
"82HVAACR__Diapositiva838.JPG","E:\Zotero-organized-export\JPG-JPEG\Light Cult NFTs\82HVAACR__Diapositiva838.JPG","92","Could not parse NFT number from filename"
"82NLZAGY__Diapositiva562.JPG","E:\Zotero-organized-export\JPG-JPEG\Light Cult NFTs\82NLZAGY__Diapositiva562.JPG","148.5","Could not parse NFT number from filename"
"82PKXXWK__Diapositiva415.JPG","E:\Zotero-organized-export\JPG-JPEG\Light Cult NFTs\82PKXXWK__Diapositiva415.JPG","104.2","Could not parse NFT number from filename"
"84ASXFA2__Diapositiva11.JPG","E:\Zotero-organized-export\JPG-JPEG\Light Cult NFTs\84ASXFA2__Diapositiva11.JPG","131.2","Could not parse NFT number from filename"
"84GMN6C4__Diapositiva346.JPG","E:\Zotero-organized-export\JPG-JPEG\Light Cult NFTs\84GMN6C4__Diapositiva346.JPG","84.9","Could not parse NFT number from filename"
"84SLKZWY__Diapositiva807.JPG","E:\Zotero-organized-export\JPG-JPEG\Light Cult NFTs\84SLKZWY__Diapositiva807.JPG","102.1","Could not parse NFT number from filename"
"867U6V4E__Diapositiva533.JPG","E:\Zotero-organized-export\JPG-JPEG\Light Cult NFTs\867U6V4E__Diapositiva533.JPG","126.9","Could not parse NFT number from filename"
"86EV4P93__Diapositiva147.JPG","E:\Zotero-organized-export\JPG-JPEG\Light Cult NFTs\86EV4P93__Diapositiva147.JPG","82.5","Could not parse NFT number from filename"
"87I69JDV__Diapositiva394.JPG","E:\Zotero-organized-export\JPG-JPEG\Light Cult NFTs\87I69JDV__Diapositiva394.JPG","122.3","Could not parse NFT number from filename"
"87WEE9AX__Diapositiva389.JPG","E:\Zotero-organized-export\JPG-JPEG\Light Cult NFTs\87WEE9AX__Diapositiva389.JPG","122.1","Could not parse NFT number from filename"
"88VUS5F5__Diapositiva615.JPG","E:\Zotero-organized-export\JPG-JPEG\Light Cult NFTs\88VUS5F5__Diapositiva615.JPG","119.2","Could not parse NFT number from filename"
"8964GY2R__Diapositiva822.JPG","E:\Zotero-organized-export\JPG-JPEG\Light Cult NFTs\8964GY2R__Diapositiva822.JPG","79.4","Could not parse NFT number from filename"
"89IY7H7N__Diapositiva672.JPG","E:\Zotero-organized-export\JPG-JPEG\Light Cult NFTs\89IY7H7N__Diapositiva672.JPG","152.9","Could not parse NFT number from filename"
"8AM87AY9__Diapositiva275.JPG","E:\Zotero-organized-export\JPG-JPEG\Light Cult NFTs\8AM87AY9__Diapositiva275.JPG","128.1","Could not parse NFT number from filename"
"8B9FMJHU__Diapositiva766.JPG","E:\Zotero-organized-export\JPG-JPEG\Light Cult NFTs\8B9FMJHU__Diapositiva766.JPG","153.9","Could not parse NFT number from filename"
"8BQ2V7HZ__Diapositiva541.JPG","E:\Zotero-organized-export\JPG-JPEG\Light Cult NFTs\8BQ2V7HZ__Diapositiva541.JPG","49.3","Could not parse NFT number from filename"
"8CAI9N93__Diapositiva159.JPG","E:\Zotero-organized-export\JPG-JPEG\Light Cult NFTs\8CAI9N93__Diapositiva159.JPG","90.5","Could not parse NFT number from filename"
"8CF6C8WF__Diapositiva697.JPG","E:\Zotero-organized-export\JPG-JPEG\Light Cult NFTs\8CF6C8WF__Diapositiva697.JPG","36.6","Could not parse NFT number from filename"
"8DKWBJEL__Diapositiva246.JPG","E:\Zotero-organized-export\JPG-JPEG\Light Cult NFTs\8DKWBJEL__Diapositiva246.JPG","133.8","Could not parse NFT number from filename"
"8DWDTLGP__Diapositiva472.JPG","E:\Zotero-organized-export\JPG-JPEG\Light Cult NFTs\8DWDTLGP__Diapositiva472.JPG","114.2","Could not parse NFT number from filename"
"8EIXJR7A__Diapositiva656.JPG","E:\Zotero-organized-export\JPG-JPEG\Light Cult NFTs\8EIXJR7A__Diapositiva656.JPG","121.9","Could not parse NFT number from filename"
"8FBVFHPN__Diapositiva356.JPG","E:\Zotero-organized-export\JPG-JPEG\Light Cult NFTs\8FBVFHPN__Diapositiva356.JPG","116.8","Could not parse NFT number from filename"
"8FVNS4T8__Diapositiva662.JPG","E:\Zotero-organized-export\JPG-JPEG\Light Cult NFTs\8FVNS4T8__Diapositiva662.JPG","49.2","Could not parse NFT number from filename"
"8FZZB3PJ__Diapositiva580.JPG","E:\Zotero-organized-export\JPG-JPEG\Light Cult NFTs\8FZZB3PJ__Diapositiva580.JPG","103.2","Could not parse NFT number from filename"
"8G7CE9KT__Diapositiva390.JPG","E:\Zotero-organized-export\JPG-JPEG\Light Cult NFTs\8G7CE9KT__Diapositiva390.JPG","66.6","Could not parse NFT number from filename"
"8GC6LBLD__Diapositiva495.JPG","E:\Zotero-organized-export\JPG-JPEG\Light Cult NFTs\8GC6LBLD__Diapositiva495.JPG","71.2","Could not parse NFT number from filename"
"8GLWF85C__Diapositiva904.JPG","E:\Zotero-organized-export\JPG-JPEG\Light Cult NFTs\8GLWF85C__Diapositiva904.JPG","131.9","Could not parse NFT number from filename"
"8GZNP5HW__Diapositiva965.JPG","E:\Zotero-organized-export\JPG-JPEG\Light Cult NFTs\8GZNP5HW__Diapositiva965.JPG","89.8","Could not parse NFT number from filename"
"8H3ZA9AX__Diapositiva395.JPG","E:\Zotero-organized-export\JPG-JPEG\Light Cult NFTs\8H3ZA9AX__Diapositiva395.JPG","57.1","Could not parse NFT number from filename"
"8H4ECBZ5__Diapositiva729.JPG","E:\Zotero-organized-export\JPG-JPEG\Light Cult NFTs\8H4ECBZ5__Diapositiva729.JPG","122.6","Could not parse NFT number from filename"
"8HB5F3DC__Diapositiva514.JPG","E:\Zotero-organized-export\JPG-JPEG\Light Cult NFTs\8HB5F3DC__Diapositiva514.JPG","136.5","Could not parse NFT number from filename"
"8I7D8SCM__Diapositiva992.JPG","E:\Zotero-organized-export\JPG-JPEG\Light Cult NFTs\8I7D8SCM__Diapositiva992.JPG","122.7","Could not parse NFT number from filename"
"8I8ST5JW__Diapositiva87.JPG","E:\Zotero-organized-export\JPG-JPEG\Light Cult NFTs\8I8ST5JW__Diapositiva87.JPG","105","Could not parse NFT number from filename"
"8IERC3MY__Diapositiva231.JPG","E:\Zotero-organized-export\JPG-JPEG\Light Cult NFTs\8IERC3MY__Diapositiva231.JPG","52.2","Could not parse NFT number from filename"
"8IPHCIIZ__Diapositiva410.JPG","E:\Zotero-organized-export\JPG-JPEG\Light Cult NFTs\8IPHCIIZ__Diapositiva410.JPG","117.4","Could not parse NFT number from filename"
"8JEMUAHY__Diapositiva312.JPG","E:\Zotero-organized-export\JPG-JPEG\Light Cult NFTs\8JEMUAHY__Diapositiva312.JPG","116.2","Could not parse NFT number from filename"
"8JH2UWVL__Diapositiva610.JPG","E:\Zotero-organized-export\JPG-JPEG\Light Cult NFTs\8JH2UWVL__Diapositiva610.JPG","91","Could not parse NFT number from filename"
"8JPVDWAB__Diapositiva211.JPG","E:\Zotero-organized-export\JPG-JPEG\Light Cult NFTs\8JPVDWAB__Diapositiva211.JPG","39.1","Could not parse NFT number from filename"
"8K3SRZZR__Diapositiva473.JPG","E:\Zotero-organized-export\JPG-JPEG\Light Cult NFTs\8K3SRZZR__Diapositiva473.JPG","35.4","Could not parse NFT number from filename"
"8KBD98MT__Diapositiva629.JPG","E:\Zotero-organized-export\JPG-JPEG\Light Cult NFTs\8KBD98MT__Diapositiva629.JPG","55.1","Could not parse NFT number from filename"
"8LE5JA3Z__Diapositiva475.JPG","E:\Zotero-organized-export\JPG-JPEG\Light Cult NFTs\8LE5JA3Z__Diapositiva475.JPG","73.8","Could not parse NFT number from filename"
"8LKG3RZM__Diapositiva311.JPG","E:\Zotero-organized-export\JPG-JPEG\Light Cult NFTs\8LKG3RZM__Diapositiva311.JPG","120.4","Could not parse NFT number from filename"
"8LNPWQQN__Diapositiva175.JPG","E:\Zotero-organized-export\JPG-JPEG\Light Cult NFTs\8LNPWQQN__Diapositiva175.JPG","166.7","Could not parse NFT number from filename"
"8LQQ3T7R__Diapositiva68.JPG","E:\Zotero-organized-export\JPG-JPEG\Light Cult NFTs\8LQQ3T7R__Diapositiva68.JPG","40","Could not parse NFT number from filename"
"8LXITGHJ__Diapositiva422.JPG","E:\Zotero-organized-export\JPG-JPEG\Light Cult NFTs\8LXITGHJ__Diapositiva422.JPG","103.5","Could not parse NFT number from filename"
"8M4FWAJU__Diapositiva176.JPG","E:\Zotero-organized-export\JPG-JPEG\Light Cult NFTs\8M4FWAJU__Diapositiva176.JPG","120.8","Could not parse NFT number from filename"
"8MMP2J6S__Diapositiva861.JPG","E:\Zotero-organized-export\JPG-JPEG\Light Cult NFTs\8MMP2J6S__Diapositiva861.JPG","53.8","Could not parse NFT number from filename"
"8MZFWEDM__Diapositiva296.JPG","E:\Zotero-organized-export\JPG-JPEG\Light Cult NFTs\8MZFWEDM__Diapositiva296.JPG","57.3","Could not parse NFT number from filename"
"8N2MYWLN__Diapositiva580.JPG","E:\Zotero-organized-export\JPG-JPEG\Light Cult NFTs\8N2MYWLN__Diapositiva580.JPG","115.6","Could not parse NFT number from filename"
"8NJQ4KUL__Diapositiva172.JPG","E:\Zotero-organized-export\JPG-JPEG\Light Cult NFTs\8NJQ4KUL__Diapositiva172.JPG","139.9","Could not parse NFT number from filename"
"8NKYCLE3__Diapositiva112.JPG","E:\Zotero-organized-export\JPG-JPEG\Light Cult NFTs\8NKYCLE3__Diapositiva112.JPG","58","Could not parse NFT number from filename"
"8PI9F8SH__Diapositiva917.JPG","E:\Zotero-organized-export\JPG-JPEG\Light Cult NFTs\8PI9F8SH__Diapositiva917.JPG","62.5","Could not parse NFT number from filename"
"8PT9M7UH__Diapositiva972.JPG","E:\Zotero-organized-export\JPG-JPEG\Light Cult NFTs\8PT9M7UH__Diapositiva972.JPG","111.1","Could not parse NFT number from filename"
"8QCV8M6P__Diapositiva145.JPG","E:\Zotero-organized-export\JPG-JPEG\Light Cult NFTs\8QCV8M6P__Diapositiva145.JPG","103.1","Could not parse NFT number from filename"
"8QRIPUAJ__Diapositiva30.JPG","E:\Zotero-organized-export\JPG-JPEG\Light Cult NFTs\8QRIPUAJ__Diapositiva30.JPG","100","Could not parse NFT number from filename"
"8RBBRA6Q__Diapositiva714.JPG","E:\Zotero-organized-export\JPG-JPEG\Light Cult NFTs\8RBBRA6Q__Diapositiva714.JPG","135","Could not parse NFT number from filename"
"8RG9DFSX__Diapositiva640.JPG","E:\Zotero-organized-export\JPG-JPEG\Light Cult NFTs\8RG9DFSX__Diapositiva640.JPG","76.9","Could not parse NFT number from filename"
"8SH78GHG__Diapositiva418.JPG","E:\Zotero-organized-export\JPG-JPEG\Light Cult NFTs\8SH78GHG__Diapositiva418.JPG","79.5","Could not parse NFT number from filename"
"8SYWNSDK__Diapositiva320.JPG","E:\Zotero-organized-export\JPG-JPEG\Light Cult NFTs\8SYWNSDK__Diapositiva320.JPG","140.6","Could not parse NFT number from filename"
"8T2QLMIY__Diapositiva98.JPG","E:\Zotero-organized-export\JPG-JPEG\Light Cult NFTs\8T2QLMIY__Diapositiva98.JPG","46.4","Could not parse NFT number from filename"
"8TWHZRYG__Diapositiva471.JPG","E:\Zotero-organized-export\JPG-JPEG\Light Cult NFTs\8TWHZRYG__Diapositiva471.JPG","67","Could not parse NFT number from filename"
"8TZW73D9__Diapositiva339.JPG","E:\Zotero-organized-export\JPG-JPEG\Light Cult NFTs\8TZW73D9__Diapositiva339.JPG","62.2","Could not parse NFT number from filename"
"8UEURQCF__Diapositiva289.JPG","E:\Zotero-organized-export\JPG-JPEG\Light Cult NFTs\8UEURQCF__Diapositiva289.JPG","139.1","Could not parse NFT number from filename"
"8UR43KCG__Diapositiva821.JPG","E:\Zotero-organized-export\JPG-JPEG\Light Cult NFTs\8UR43KCG__Diapositiva821.JPG","135","Could not parse NFT number from filename"
"8W4LKPJ6__Diapositiva557.JPG","E:\Zotero-organized-export\JPG-JPEG\Light Cult NFTs\8W4LKPJ6__Diapositiva557.JPG","45.7","Could not parse NFT number from filename"
"8W8DU4HX__Diapositiva955.JPG","E:\Zotero-organized-export\JPG-JPEG\Light Cult NFTs\8W8DU4HX__Diapositiva955.JPG","121.2","Could not parse NFT number from filename"
"8WI9492C__Diapositiva770.JPG","E:\Zotero-organized-export\JPG-JPEG\Light Cult NFTs\8WI9492C__Diapositiva770.JPG","148.6","Could not parse NFT number from filename"
"8WWQHLT9__Diapositiva474.JPG","E:\Zotero-organized-export\JPG-JPEG\Light Cult NFTs\8WWQHLT9__Diapositiva474.JPG","45.3","Could not parse NFT number from filename"
"8XDC5U47__Diapositiva772.JPG","E:\Zotero-organized-export\JPG-JPEG\Light Cult NFTs\8XDC5U47__Diapositiva772.JPG","64.7","Could not parse NFT number from filename"
"8Y3VZWEN__Diapositiva100.JPG","E:\Zotero-organized-export\JPG-JPEG\Light Cult NFTs\8Y3VZWEN__Diapositiva100.JPG","70.5","Could not parse NFT number from filename"
"8YQZQ7AD__Diapositiva856.JPG","E:\Zotero-organized-export\JPG-JPEG\Light Cult NFTs\8YQZQ7AD__Diapositiva856.JPG","64.3","Could not parse NFT number from filename"
"8Z2LBKF3__Diapositiva733.JPG","E:\Zotero-organized-export\JPG-JPEG\Light Cult NFTs\8Z2LBKF3__Diapositiva733.JPG","89.6","Could not parse NFT number from filename"
"8ZAZ4V7D__Diapositiva968.JPG","E:\Zotero-organized-export\JPG-JPEG\Light Cult NFTs\8ZAZ4V7D__Diapositiva968.JPG","126.2","Could not parse NFT number from filename"
"8ZQWWQZH__Diapositiva251.JPG","E:\Zotero-organized-export\JPG-JPEG\Light Cult NFTs\8ZQWWQZH__Diapositiva251.JPG","122.5","Could not parse NFT number from filename"
"92K4EJXH__Diapositiva117.JPG","E:\Zotero-organized-export\JPG-JPEG\Light Cult NFTs\92K4EJXH__Diapositiva117.JPG","144.3","Could not parse NFT number from filename"
"92LFGGBK__Diapositiva835.JPG","E:\Zotero-organized-export\JPG-JPEG\Light Cult NFTs\92LFGGBK__Diapositiva835.JPG","60.6","Could not parse NFT number from filename"
"92QMT5VN__Diapositiva36.JPG","E:\Zotero-organized-export\JPG-JPEG\Light Cult NFTs\92QMT5VN__Diapositiva36.JPG","130.3","Could not parse NFT number from filename"
"92RIXRMK__Diapositiva506.JPG","E:\Zotero-organized-export\JPG-JPEG\Light Cult NFTs\92RIXRMK__Diapositiva506.JPG","107.4","Could not parse NFT number from filename"
"92SST38D__Diapositiva310.JPG","E:\Zotero-organized-export\JPG-JPEG\Light Cult NFTs\92SST38D__Diapositiva310.JPG","51.1","Could not parse NFT number from filename"
"92V48JKB__Diapositiva932.JPG","E:\Zotero-organized-export\JPG-JPEG\Light Cult NFTs\92V48JKB__Diapositiva932.JPG","120.9","Could not parse NFT number from filename"
"93WMR9K4__Diapositiva663.JPG","E:\Zotero-organized-export\JPG-JPEG\Light Cult NFTs\93WMR9K4__Diapositiva663.JPG","87.2","Could not parse NFT number from filename"
"93YK3YSG__Diapositiva20.JPG","E:\Zotero-organized-export\JPG-JPEG\Light Cult NFTs\93YK3YSG__Diapositiva20.JPG","156.4","Could not parse NFT number from filename"
"94MLKS3V__Diapositiva363.JPG","E:\Zotero-organized-export\JPG-JPEG\Light Cult NFTs\94MLKS3V__Diapositiva363.JPG","123","Could not parse NFT number from filename"
"954R96FV__Diapositiva201.JPG","E:\Zotero-organized-export\JPG-JPEG\Light Cult NFTs\954R96FV__Diapositiva201.JPG","80.1","Could not parse NFT number from filename"
"95I9MI7C__Diapositiva830.JPG","E:\Zotero-organized-export\JPG-JPEG\Light Cult NFTs\95I9MI7C__Diapositiva830.JPG","65.6","Could not parse NFT number from filename"
"95S49AHK__Diapositiva349.JPG","E:\Zotero-organized-export\JPG-JPEG\Light Cult NFTs\95S49AHK__Diapositiva349.JPG","48.2","Could not parse NFT number from filename"
"962IV7D9__Diapositiva928.JPG","E:\Zotero-organized-export\JPG-JPEG\Light Cult NFTs\962IV7D9__Diapositiva928.JPG","150.7","Could not parse NFT number from filename"
"964E6MJX__Diapositiva519.JPG","E:\Zotero-organized-export\JPG-JPEG\Light Cult NFTs\964E6MJX__Diapositiva519.JPG","53.2","Could not parse NFT number from filename"
"969B2BLX__Diapositiva306.JPG","E:\Zotero-organized-export\JPG-JPEG\Light Cult NFTs\969B2BLX__Diapositiva306.JPG","138.1","Could not parse NFT number from filename"
"96F44FBQ__Diapositiva701.JPG","E:\Zotero-organized-export\JPG-JPEG\Light Cult NFTs\96F44FBQ__Diapositiva701.JPG","123.5","Could not parse NFT number from filename"
"96LPHNAG__Diapositiva879.JPG","E:\Zotero-organized-export\JPG-JPEG\Light Cult NFTs\96LPHNAG__Diapositiva879.JPG","121.5","Could not parse NFT number from filename"
"96QJ637V__Diapositiva34.JPG","E:\Zotero-organized-export\JPG-JPEG\Light Cult NFTs\96QJ637V__Diapositiva34.JPG","56.6","Could not parse NFT number from filename"
"96WESEF5__Diapositiva816.JPG","E:\Zotero-organized-export\JPG-JPEG\Light Cult NFTs\96WESEF5__Diapositiva816.JPG","118.9","Could not parse NFT number from filename"
"96ZH59XW__Diapositiva520.JPG","E:\Zotero-organized-export\JPG-JPEG\Light Cult NFTs\96ZH59XW__Diapositiva520.JPG","94.3","Could not parse NFT number from filename"
"972BCDUI__Diapositiva174.JPG","E:\Zotero-organized-export\JPG-JPEG\Light Cult NFTs\972BCDUI__Diapositiva174.JPG","78.9","Could not parse NFT number from filename"
"976324JE__Diapositiva306.JPG","E:\Zotero-organized-export\JPG-JPEG\Light Cult NFTs\976324JE__Diapositiva306.JPG","125.2","Could not parse NFT number from filename"
"97CEMHW7__Diapositiva427.JPG","E:\Zotero-organized-export\JPG-JPEG\Light Cult NFTs\97CEMHW7__Diapositiva427.JPG","113.5","Could not parse NFT number from filename"
"97LQ5T3A__Diapositiva63.JPG","E:\Zotero-organized-export\JPG-JPEG\Light Cult NFTs\97LQ5T3A__Diapositiva63.JPG","132.9","Could not parse NFT number from filename"
"985F5L2Y__Diapositiva272.JPG","E:\Zotero-organized-export\JPG-JPEG\Light Cult NFTs\985F5L2Y__Diapositiva272.JPG","58.2","Could not parse NFT number from filename"
"98ZHRZ79__Diapositiva823.JPG","E:\Zotero-organized-export\JPG-JPEG\Light Cult NFTs\98ZHRZ79__Diapositiva823.JPG","64.5","Could not parse NFT number from filename"
"995XT5UH__Diapositiva208.JPG","E:\Zotero-organized-export\JPG-JPEG\Light Cult NFTs\995XT5UH__Diapositiva208.JPG","115.8","Could not parse NFT number from filename"
"99FEII39__Diapositiva460.JPG","E:\Zotero-organized-export\JPG-JPEG\Light Cult NFTs\99FEII39__Diapositiva460.JPG","162.1","Could not parse NFT number from filename"
"99JDMIWW__Diapositiva418.JPG","E:\Zotero-organized-export\JPG-JPEG\Light Cult NFTs\99JDMIWW__Diapositiva418.JPG","77.8","Could not parse NFT number from filename"
"99NKCHSH__Diapositiva132.JPG","E:\Zotero-organized-export\JPG-JPEG\Light Cult NFTs\99NKCHSH__Diapositiva132.JPG","153.2","Could not parse NFT number from filename"
"9A6V8NNZ__Diapositiva285.JPG","E:\Zotero-organized-export\JPG-JPEG\Light Cult NFTs\9A6V8NNZ__Diapositiva285.JPG","28.1","Could not parse NFT number from filename"
"9AMLSM6S__Diapositiva210.JPG","E:\Zotero-organized-export\JPG-JPEG\Light Cult NFTs\9AMLSM6S__Diapositiva210.JPG","142","Could not parse NFT number from filename"
"9B778HGE__Diapositiva919.JPG","E:\Zotero-organized-export\JPG-JPEG\Light Cult NFTs\9B778HGE__Diapositiva919.JPG","117.4","Could not parse NFT number from filename"
"9BQ5CYFL__Diapositiva669.JPG","E:\Zotero-organized-export\JPG-JPEG\Light Cult NFTs\9BQ5CYFL__Diapositiva669.JPG","84.3","Could not parse NFT number from filename"
"9BTTES9T__Diapositiva921.JPG","E:\Zotero-organized-export\JPG-JPEG\Light Cult NFTs\9BTTES9T__Diapositiva921.JPG","58","Could not parse NFT number from filename"
"9C5HPV5A__Diapositiva269.JPG","E:\Zotero-organized-export\JPG-JPEG\Light Cult NFTs\9C5HPV5A__Diapositiva269.JPG","80.4","Could not parse NFT number from filename"
"9CD7FHTB__Diapositiva705.JPG","E:\Zotero-organized-export\JPG-JPEG\Light Cult NFTs\9CD7FHTB__Diapositiva705.JPG","38","Could not parse NFT number from filename"
"9CJ3WVPS__Diapositiva19.JPG","E:\Zotero-organized-export\JPG-JPEG\Light Cult NFTs\9CJ3WVPS__Diapositiva19.JPG","79.9","Could not parse NFT number from filename"
"9CJY2VFF__Diapositiva164.JPG","E:\Zotero-organized-export\JPG-JPEG\Light Cult NFTs\9CJY2VFF__Diapositiva164.JPG","89.5","Could not parse NFT number from filename"
"9CT78MH7__Diapositiva212.JPG","E:\Zotero-organized-export\JPG-JPEG\Light Cult NFTs\9CT78MH7__Diapositiva212.JPG","55.6","Could not parse NFT number from filename"
"9DUNIPPC__Diapositiva692.JPG","E:\Zotero-organized-export\JPG-JPEG\Light Cult NFTs\9DUNIPPC__Diapositiva692.JPG","65.3","Could not parse NFT number from filename"
"9E94T9I2__Diapositiva700.JPG","E:\Zotero-organized-export\JPG-JPEG\Light Cult NFTs\9E94T9I2__Diapositiva700.JPG","57.7","Could not parse NFT number from filename"
"9F574KLY__Diapositiva191.JPG","E:\Zotero-organized-export\JPG-JPEG\Light Cult NFTs\9F574KLY__Diapositiva191.JPG","100.9","Could not parse NFT number from filename"
"9FDJR2VU__Diapositiva693.JPG","E:\Zotero-organized-export\JPG-JPEG\Light Cult NFTs\9FDJR2VU__Diapositiva693.JPG","74.2","Could not parse NFT number from filename"
"9FJWTZE5__Diapositiva664.JPG","E:\Zotero-organized-export\JPG-JPEG\Light Cult NFTs\9FJWTZE5__Diapositiva664.JPG","140.7","Could not parse NFT number from filename"
"9FNG47DB__Diapositiva691.JPG","E:\Zotero-organized-export\JPG-JPEG\Light Cult NFTs\9FNG47DB__Diapositiva691.JPG","56.6","Could not parse NFT number from filename"
"9FPSM5PE__Diapositiva906.JPG","E:\Zotero-organized-export\JPG-JPEG\Light Cult NFTs\9FPSM5PE__Diapositiva906.JPG","177.2","Could not parse NFT number from filename"
"9GPRV4SL__Diapositiva7.JPG","E:\Zotero-organized-export\JPG-JPEG\Light Cult NFTs\9GPRV4SL__Diapositiva7.JPG","125.3","Could not parse NFT number from filename"
"9HBCILLL__Diapositiva910.JPG","E:\Zotero-organized-export\JPG-JPEG\Light Cult NFTs\9HBCILLL__Diapositiva910.JPG","100.1","Could not parse NFT number from filename"
"9HEUSDU9__Diapositiva868.JPG","E:\Zotero-organized-export\JPG-JPEG\Light Cult NFTs\9HEUSDU9__Diapositiva868.JPG","121.6","Could not parse NFT number from filename"
"9I7YXMQU__Diapositiva463.JPG","E:\Zotero-organized-export\JPG-JPEG\Light Cult NFTs\9I7YXMQU__Diapositiva463.JPG","57.8","Could not parse NFT number from filename"
"9IBA29BL__Diapositiva237.JPG","E:\Zotero-organized-export\JPG-JPEG\Light Cult NFTs\9IBA29BL__Diapositiva237.JPG","68.6","Could not parse NFT number from filename"
"9IBCSLFL__Diapositiva152.JPG","E:\Zotero-organized-export\JPG-JPEG\Light Cult NFTs\9IBCSLFL__Diapositiva152.JPG","98.6","Could not parse NFT number from filename"
"9IGRVI66__Diapositiva566.JPG","E:\Zotero-organized-export\JPG-JPEG\Light Cult NFTs\9IGRVI66__Diapositiva566.JPG","124.8","Could not parse NFT number from filename"
"9IV6J3E6__Diapositiva262.JPG","E:\Zotero-organized-export\JPG-JPEG\Light Cult NFTs\9IV6J3E6__Diapositiva262.JPG","120.2","Could not parse NFT number from filename"
"9J52EUV6__Diapositiva386.JPG","E:\Zotero-organized-export\JPG-JPEG\Light Cult NFTs\9J52EUV6__Diapositiva386.JPG","128.3","Could not parse NFT number from filename"
"9JCNXFHK__Diapositiva734.JPG","E:\Zotero-organized-export\JPG-JPEG\Light Cult NFTs\9JCNXFHK__Diapositiva734.JPG","93.3","Could not parse NFT number from filename"
"9K8XYKS8__Diapositiva850.JPG","E:\Zotero-organized-export\JPG-JPEG\Light Cult NFTs\9K8XYKS8__Diapositiva850.JPG","98.7","Could not parse NFT number from filename"
"9K9JIAN8__Diapositiva753.JPG","E:\Zotero-organized-export\JPG-JPEG\Light Cult NFTs\9K9JIAN8__Diapositiva753.JPG","119.3","Could not parse NFT number from filename"
"9KTKL9VA__Diapositiva615.JPG","E:\Zotero-organized-export\JPG-JPEG\Light Cult NFTs\9KTKL9VA__Diapositiva615.JPG","89.5","Could not parse NFT number from filename"
"9MRNMBEM__Diapositiva771.JPG","E:\Zotero-organized-export\JPG-JPEG\Light Cult NFTs\9MRNMBEM__Diapositiva771.JPG","50.8","Could not parse NFT number from filename"
"9NC6UP9E__Diapositiva226.JPG","E:\Zotero-organized-export\JPG-JPEG\Light Cult NFTs\9NC6UP9E__Diapositiva226.JPG","97.9","Could not parse NFT number from filename"
"9NMRNLUU__Diapositiva321.JPG","E:\Zotero-organized-export\JPG-JPEG\Light Cult NFTs\9NMRNLUU__Diapositiva321.JPG","60.4","Could not parse NFT number from filename"
"9NRLL4LA__Diapositiva783.JPG","E:\Zotero-organized-export\JPG-JPEG\Light Cult NFTs\9NRLL4LA__Diapositiva783.JPG","127.4","Could not parse NFT number from filename"
"9PU2Z35W__Diapositiva994.JPG","E:\Zotero-organized-export\JPG-JPEG\Light Cult NFTs\9PU2Z35W__Diapositiva994.JPG","91.2","Could not parse NFT number from filename"
"9PZ4X6UX__Diapositiva189.JPG","E:\Zotero-organized-export\JPG-JPEG\Light Cult NFTs\9PZ4X6UX__Diapositiva189.JPG","49.4","Could not parse NFT number from filename"
"9QFTZZHW__Diapositiva499.JPG","E:\Zotero-organized-export\JPG-JPEG\Light Cult NFTs\9QFTZZHW__Diapositiva499.JPG","137.9","Could not parse NFT number from filename"
"9RN29DMF__Diapositiva569.JPG","E:\Zotero-organized-export\JPG-JPEG\Light Cult NFTs\9RN29DMF__Diapositiva569.JPG","68.3","Could not parse NFT number from filename"
"9T7BEXU5__Diapositiva871.JPG","E:\Zotero-organized-export\JPG-JPEG\Light Cult NFTs\9T7BEXU5__Diapositiva871.JPG","54.3","Could not parse NFT number from filename"
"9TH3CVUW__Diapositiva593.JPG","E:\Zotero-organized-export\JPG-JPEG\Light Cult NFTs\9TH3CVUW__Diapositiva593.JPG","86.2","Could not parse NFT number from filename"
"9TJV2B8D__Diapositiva198.JPG","E:\Zotero-organized-export\JPG-JPEG\Light Cult NFTs\9TJV2B8D__Diapositiva198.JPG","112.6","Could not parse NFT number from filename"
"9U69ZHA6__Diapositiva121.JPG","E:\Zotero-organized-export\JPG-JPEG\Light Cult NFTs\9U69ZHA6__Diapositiva121.JPG","79.8","Could not parse NFT number from filename"
"9U782EQH__Diapositiva98.JPG","E:\Zotero-organized-export\JPG-JPEG\Light Cult NFTs\9U782EQH__Diapositiva98.JPG","133.3","Could not parse NFT number from filename"
"9VIE8HDX__Diapositiva350.JPG","E:\Zotero-organized-export\JPG-JPEG\Light Cult NFTs\9VIE8HDX__Diapositiva350.JPG","110.8","Could not parse NFT number from filename"
"9VPS7XCB__Diapositiva228.JPG","E:\Zotero-organized-export\JPG-JPEG\Light Cult NFTs\9VPS7XCB__Diapositiva228.JPG","84.1","Could not parse NFT number from filename"
"9W3L9NWQ__Diapositiva405.JPG","E:\Zotero-organized-export\JPG-JPEG\Light Cult NFTs\9W3L9NWQ__Diapositiva405.JPG","25.5","Could not parse NFT number from filename"
"9WNCDYZL__Diapositiva813.JPG","E:\Zotero-organized-export\JPG-JPEG\Light Cult NFTs\9WNCDYZL__Diapositiva813.JPG","26.5","Could not parse NFT number from filename"
"9X6D4MSU__Diapositiva911.JPG","E:\Zotero-organized-export\JPG-JPEG\Light Cult NFTs\9X6D4MSU__Diapositiva911.JPG","112.7","Could not parse NFT number from filename"
"9XDX5QGV__Diapositiva444.JPG","E:\Zotero-organized-export\JPG-JPEG\Light Cult NFTs\9XDX5QGV__Diapositiva444.JPG","118.2","Could not parse NFT number from filename"
"9XVDLP49__Diapositiva190.JPG","E:\Zotero-organized-export\JPG-JPEG\Light Cult NFTs\9XVDLP49__Diapositiva190.JPG","68","Could not parse NFT number from filename"
"9YGGQK3V__Diapositiva29.JPG","E:\Zotero-organized-export\JPG-JPEG\Light Cult NFTs\9YGGQK3V__Diapositiva29.JPG","80.6","Could not parse NFT number from filename"
"9YRYIANB__Diapositiva3.JPG","E:\Zotero-organized-export\JPG-JPEG\Light Cult NFTs\9YRYIANB__Diapositiva3.JPG","53.1","Could not parse NFT number from filename"
"9YUCNE52__Diapositiva668.JPG","E:\Zotero-organized-export\JPG-JPEG\Light Cult NFTs\9YUCNE52__Diapositiva668.JPG","131","Could not parse NFT number from filename"
"9ZTUSTAU__Diapositiva859.JPG","E:\Zotero-organized-export\JPG-JPEG\Light Cult NFTs\9ZTUSTAU__Diapositiva859.JPG","67.4","Could not parse NFT number from filename"
"A23G2A8U__Diapositiva337.JPG","E:\Zotero-organized-export\JPG-JPEG\Light Cult NFTs\A23G2A8U__Diapositiva337.JPG","50.7","Could not parse NFT number from filename"
"A2F9LUWE__Diapositiva839.JPG","E:\Zotero-organized-export\JPG-JPEG\Light Cult NFTs\A2F9LUWE__Diapositiva839.JPG","40.4","Could not parse NFT number from filename"
"A2V6BCXA__Diapositiva817.JPG","E:\Zotero-organized-export\JPG-JPEG\Light Cult NFTs\A2V6BCXA__Diapositiva817.JPG","122.6","Could not parse NFT number from filename"
"A2YS7QRA__Diapositiva330.JPG","E:\Zotero-organized-export\JPG-JPEG\Light Cult NFTs\A2YS7QRA__Diapositiva330.JPG","110.4","Could not parse NFT number from filename"
"A36WJIAK__Diapositiva778.JPG","E:\Zotero-organized-export\JPG-JPEG\Light Cult NFTs\A36WJIAK__Diapositiva778.JPG","123.8","Could not parse NFT number from filename"
"A3B2TA67__Diapositiva212.JPG","E:\Zotero-organized-export\JPG-JPEG\Light Cult NFTs\A3B2TA67__Diapositiva212.JPG","117.7","Could not parse NFT number from filename"
"A3V6FB8N__Diapositiva857.JPG","E:\Zotero-organized-export\JPG-JPEG\Light Cult NFTs\A3V6FB8N__Diapositiva857.JPG","53.5","Could not parse NFT number from filename"
"A44D7BQ6__Diapositiva330.JPG","E:\Zotero-organized-export\JPG-JPEG\Light Cult NFTs\A44D7BQ6__Diapositiva330.JPG","115","Could not parse NFT number from filename"
"A4IKBFWC__Diapositiva390.JPG","E:\Zotero-organized-export\JPG-JPEG\Light Cult NFTs\A4IKBFWC__Diapositiva390.JPG","124.7","Could not parse NFT number from filename"
"A4ING52N__Diapositiva738.JPG","E:\Zotero-organized-export\JPG-JPEG\Light Cult NFTs\A4ING52N__Diapositiva738.JPG","61.6","Could not parse NFT number from filename"
"A4MW6WIX__Diapositiva777.JPG","E:\Zotero-organized-export\JPG-JPEG\Light Cult NFTs\A4MW6WIX__Diapositiva777.JPG","120.6","Could not parse NFT number from filename"
"A4SGDAI9__Diapositiva90.JPG","E:\Zotero-organized-export\JPG-JPEG\Light Cult NFTs\A4SGDAI9__Diapositiva90.JPG","120.9","Could not parse NFT number from filename"
"A5EK2I23__Diapositiva727.JPG","E:\Zotero-organized-export\JPG-JPEG\Light Cult NFTs\A5EK2I23__Diapositiva727.JPG","168.4","Could not parse NFT number from filename"
"A69WHR9Z__Diapositiva147.JPG","E:\Zotero-organized-export\JPG-JPEG\Light Cult NFTs\A69WHR9Z__Diapositiva147.JPG","67.7","Could not parse NFT number from filename"
"A792CPWD__Diapositiva981.JPG","E:\Zotero-organized-export\JPG-JPEG\Light Cult NFTs\A792CPWD__Diapositiva981.JPG","103","Could not parse NFT number from filename"
"A79HBKXE__Diapositiva932.JPG","E:\Zotero-organized-export\JPG-JPEG\Light Cult NFTs\A79HBKXE__Diapositiva932.JPG","97.8","Could not parse NFT number from filename"
"A7BFGFVT__Diapositiva874.JPG","E:\Zotero-organized-export\JPG-JPEG\Light Cult NFTs\A7BFGFVT__Diapositiva874.JPG","44.4","Could not parse NFT number from filename"
"A7IDH3PS__Diapositiva601.JPG","E:\Zotero-organized-export\JPG-JPEG\Light Cult NFTs\A7IDH3PS__Diapositiva601.JPG","67.1","Could not parse NFT number from filename"
"A7VX6JLN__Diapositiva4.JPG","E:\Zotero-organized-export\JPG-JPEG\Light Cult NFTs\A7VX6JLN__Diapositiva4.JPG","54.9","Could not parse NFT number from filename"
"A87S42I7__Diapositiva846.JPG","E:\Zotero-organized-export\JPG-JPEG\Light Cult NFTs\A87S42I7__Diapositiva846.JPG","134.7","Could not parse NFT number from filename"
"A8FXYHJB__Diapositiva444.JPG","E:\Zotero-organized-export\JPG-JPEG\Light Cult NFTs\A8FXYHJB__Diapositiva444.JPG","112.8","Could not parse NFT number from filename"
"A8NVW7GB__Diapositiva41.JPG","E:\Zotero-organized-export\JPG-JPEG\Light Cult NFTs\A8NVW7GB__Diapositiva41.JPG","110.1","Could not parse NFT number from filename"
"A8Q6ZIXT__Diapositiva643.JPG","E:\Zotero-organized-export\JPG-JPEG\Light Cult NFTs\A8Q6ZIXT__Diapositiva643.JPG","61.8","Could not parse NFT number from filename"
"A8SZVSMK__Diapositiva152.JPG","E:\Zotero-organized-export\JPG-JPEG\Light Cult NFTs\A8SZVSMK__Diapositiva152.JPG","70.6","Could not parse NFT number from filename"
"AADPHHED__Diapositiva786.JPG","E:\Zotero-organized-export\JPG-JPEG\Light Cult NFTs\AADPHHED__Diapositiva786.JPG","43.5","Could not parse NFT number from filename"
"AAUSH7YN__Diapositiva924.JPG","E:\Zotero-organized-export\JPG-JPEG\Light Cult NFTs\AAUSH7YN__Diapositiva924.JPG","170.7","Could not parse NFT number from filename"
"ABE9IMCM__Diapositiva302.JPG","E:\Zotero-organized-export\JPG-JPEG\Light Cult NFTs\ABE9IMCM__Diapositiva302.JPG","114.4","Could not parse NFT number from filename"
"ABZGEFDD__Diapositiva940.JPG","E:\Zotero-organized-export\JPG-JPEG\Light Cult NFTs\ABZGEFDD__Diapositiva940.JPG","52","Could not parse NFT number from filename"
"AC3IFD86__Diapositiva244.JPG","E:\Zotero-organized-export\JPG-JPEG\Light Cult NFTs\AC3IFD86__Diapositiva244.JPG","157.1","Could not parse NFT number from filename"
"AC8GD3ND__Diapositiva23.JPG","E:\Zotero-organized-export\JPG-JPEG\Light Cult NFTs\AC8GD3ND__Diapositiva23.JPG","128.1","Could not parse NFT number from filename"
"ACGN3ZZV__Diapositiva487.JPG","E:\Zotero-organized-export\JPG-JPEG\Light Cult NFTs\ACGN3ZZV__Diapositiva487.JPG","152.6","Could not parse NFT number from filename"
"ACHBVKZH__Diapositiva320.JPG","E:\Zotero-organized-export\JPG-JPEG\Light Cult NFTs\ACHBVKZH__Diapositiva320.JPG","121.3","Could not parse NFT number from filename"
"ACNKHV57__Diapositiva356.JPG","E:\Zotero-organized-export\JPG-JPEG\Light Cult NFTs\ACNKHV57__Diapositiva356.JPG","122.4","Could not parse NFT number from filename"
"ACT86XAB__Diapositiva35.JPG","E:\Zotero-organized-export\JPG-JPEG\Light Cult NFTs\ACT86XAB__Diapositiva35.JPG","111","Could not parse NFT number from filename"
"ACUDTL95__Diapositiva930.JPG","E:\Zotero-organized-export\JPG-JPEG\Light Cult NFTs\ACUDTL95__Diapositiva930.JPG","118","Could not parse NFT number from filename"
"AD4NPXSX__Diapositiva124.JPG","E:\Zotero-organized-export\JPG-JPEG\Light Cult NFTs\AD4NPXSX__Diapositiva124.JPG","128.6","Could not parse NFT number from filename"
"ADAJAZP6__Diapositiva843.JPG","E:\Zotero-organized-export\JPG-JPEG\Light Cult NFTs\ADAJAZP6__Diapositiva843.JPG","112.2","Could not parse NFT number from filename"
"ADKIWTWH__Diapositiva842.JPG","E:\Zotero-organized-export\JPG-JPEG\Light Cult NFTs\ADKIWTWH__Diapositiva842.JPG","65.3","Could not parse NFT number from filename"
"AE6B8MXV__Diapositiva171.JPG","E:\Zotero-organized-export\JPG-JPEG\Light Cult NFTs\AE6B8MXV__Diapositiva171.JPG","57","Could not parse NFT number from filename"
"AEQCNT22__Diapositiva645.JPG","E:\Zotero-organized-export\JPG-JPEG\Light Cult NFTs\AEQCNT22__Diapositiva645.JPG","46.9","Could not parse NFT number from filename"
"AER2UN7D__Diapositiva341.JPG","E:\Zotero-organized-export\JPG-JPEG\Light Cult NFTs\AER2UN7D__Diapositiva341.JPG","137.6","Could not parse NFT number from filename"
"AEU92G2X__Diapositiva127.JPG","E:\Zotero-organized-export\JPG-JPEG\Light Cult NFTs\AEU92G2X__Diapositiva127.JPG","143.2","Could not parse NFT number from filename"
"AFACHRMK__Diapositiva409.JPG","E:\Zotero-organized-export\JPG-JPEG\Light Cult NFTs\AFACHRMK__Diapositiva409.JPG","54.1","Could not parse NFT number from filename"
"AFF89MB3__Diapositiva401.JPG","E:\Zotero-organized-export\JPG-JPEG\Light Cult NFTs\AFF89MB3__Diapositiva401.JPG","154.6","Could not parse NFT number from filename"
"AFRZXR6N__Diapositiva831.JPG","E:\Zotero-organized-export\JPG-JPEG\Light Cult NFTs\AFRZXR6N__Diapositiva831.JPG","44.7","Could not parse NFT number from filename"
"AG9GS22K__Diapositiva103.JPG","E:\Zotero-organized-export\JPG-JPEG\Light Cult NFTs\AG9GS22K__Diapositiva103.JPG","58.1","Could not parse NFT number from filename"
"AGF8EF2N__Diapositiva500.JPG","E:\Zotero-organized-export\JPG-JPEG\Light Cult NFTs\AGF8EF2N__Diapositiva500.JPG","89.3","Could not parse NFT number from filename"
"AGGEH6GF__Diapositiva665.JPG","E:\Zotero-organized-export\JPG-JPEG\Light Cult NFTs\AGGEH6GF__Diapositiva665.JPG","49.8","Could not parse NFT number from filename"
"AHB2DI6G__Diapositiva448.JPG","E:\Zotero-organized-export\JPG-JPEG\Light Cult NFTs\AHB2DI6G__Diapositiva448.JPG","83","Could not parse NFT number from filename"
"AHFS493T__Diapositiva624.JPG","E:\Zotero-organized-export\JPG-JPEG\Light Cult NFTs\AHFS493T__Diapositiva624.JPG","146.3","Could not parse NFT number from filename"
"AHYFE8LX__Diapositiva598.JPG","E:\Zotero-organized-export\JPG-JPEG\Light Cult NFTs\AHYFE8LX__Diapositiva598.JPG","59.3","Could not parse NFT number from filename"
"AIHZV2IF__Diapositiva936.JPG","E:\Zotero-organized-export\JPG-JPEG\Light Cult NFTs\AIHZV2IF__Diapositiva936.JPG","178.3","Could not parse NFT number from filename"
"AINP3D2W__Diapositiva73.JPG","E:\Zotero-organized-export\JPG-JPEG\Light Cult NFTs\AINP3D2W__Diapositiva73.JPG","98.3","Could not parse NFT number from filename"
"AIVZ5S5Q__Diapositiva622.JPG","E:\Zotero-organized-export\JPG-JPEG\Light Cult NFTs\AIVZ5S5Q__Diapositiva622.JPG","44.2","Could not parse NFT number from filename"
"AJ66EGCH__Diapositiva551.JPG","E:\Zotero-organized-export\JPG-JPEG\Light Cult NFTs\AJ66EGCH__Diapositiva551.JPG","80","Could not parse NFT number from filename"
"AJIEWS53__Diapositiva242.JPG","E:\Zotero-organized-export\JPG-JPEG\Light Cult NFTs\AJIEWS53__Diapositiva242.JPG","141.4","Could not parse NFT number from filename"
"AJZGK5RS__Diapositiva21.JPG","E:\Zotero-organized-export\JPG-JPEG\Light Cult NFTs\AJZGK5RS__Diapositiva21.JPG","134.5","Could not parse NFT number from filename"
"AKMBL8S6__Diapositiva491.JPG","E:\Zotero-organized-export\JPG-JPEG\Light Cult NFTs\AKMBL8S6__Diapositiva491.JPG","53.7","Could not parse NFT number from filename"
"AL64P3S8__Diapositiva368.JPG","E:\Zotero-organized-export\JPG-JPEG\Light Cult NFTs\AL64P3S8__Diapositiva368.JPG","32.7","Could not parse NFT number from filename"
"AL9VF5KR__Diapositiva136.JPG","E:\Zotero-organized-export\JPG-JPEG\Light Cult NFTs\AL9VF5KR__Diapositiva136.JPG","74.7","Could not parse NFT number from filename"
"ALEMLV8T__Diapositiva134.JPG","E:\Zotero-organized-export\JPG-JPEG\Light Cult NFTs\ALEMLV8T__Diapositiva134.JPG","63.4","Could not parse NFT number from filename"
"ALUVNWJE__Diapositiva720.JPG","E:\Zotero-organized-export\JPG-JPEG\Light Cult NFTs\ALUVNWJE__Diapositiva720.JPG","72.2","Could not parse NFT number from filename"
"AM5CTFKI__Diapositiva365.JPG","E:\Zotero-organized-export\JPG-JPEG\Light Cult NFTs\AM5CTFKI__Diapositiva365.JPG","88.7","Could not parse NFT number from filename"
"AM98B5AN__Diapositiva219.JPG","E:\Zotero-organized-export\JPG-JPEG\Light Cult NFTs\AM98B5AN__Diapositiva219.JPG","56.6","Could not parse NFT number from filename"
"AMDGDHN6__Diapositiva668.JPG","E:\Zotero-organized-export\JPG-JPEG\Light Cult NFTs\AMDGDHN6__Diapositiva668.JPG","139.3","Could not parse NFT number from filename"
"AMKSN5LD__Diapositiva71.JPG","E:\Zotero-organized-export\JPG-JPEG\Light Cult NFTs\AMKSN5LD__Diapositiva71.JPG","93.7","Could not parse NFT number from filename"
"AMX8UPW8__Diapositiva542.JPG","E:\Zotero-organized-export\JPG-JPEG\Light Cult NFTs\AMX8UPW8__Diapositiva542.JPG","76","Could not parse NFT number from filename"
"AN3CDD2T__Diapositiva591.JPG","E:\Zotero-organized-export\JPG-JPEG\Light Cult NFTs\AN3CDD2T__Diapositiva591.JPG","124.7","Could not parse NFT number from filename"
"AN4GI4QG__Diapositiva345.JPG","E:\Zotero-organized-export\JPG-JPEG\Light Cult NFTs\AN4GI4QG__Diapositiva345.JPG","87.1","Could not parse NFT number from filename"
"APEY7IRL__Diapositiva781.JPG","E:\Zotero-organized-export\JPG-JPEG\Light Cult NFTs\APEY7IRL__Diapositiva781.JPG","70.3","Could not parse NFT number from filename"
"APKR5BIQ__Diapositiva428.JPG","E:\Zotero-organized-export\JPG-JPEG\Light Cult NFTs\APKR5BIQ__Diapositiva428.JPG","92.6","Could not parse NFT number from filename"
"APNMBE5V__Diapositiva129.JPG","E:\Zotero-organized-export\JPG-JPEG\Light Cult NFTs\APNMBE5V__Diapositiva129.JPG","129.7","Could not parse NFT number from filename"
"APT949IW__Diapositiva427.JPG","E:\Zotero-organized-export\JPG-JPEG\Light Cult NFTs\APT949IW__Diapositiva427.JPG","58.8","Could not parse NFT number from filename"
"AQ23MAF6__Diapositiva287.JPG","E:\Zotero-organized-export\JPG-JPEG\Light Cult NFTs\AQ23MAF6__Diapositiva287.JPG","64.6","Could not parse NFT number from filename"
"AQHMJE9N__Diapositiva479.JPG","E:\Zotero-organized-export\JPG-JPEG\Light Cult NFTs\AQHMJE9N__Diapositiva479.JPG","122.5","Could not parse NFT number from filename"
"AQJK9QNJ__Diapositiva363.JPG","E:\Zotero-organized-export\JPG-JPEG\Light Cult NFTs\AQJK9QNJ__Diapositiva363.JPG","38.6","Could not parse NFT number from filename"
"AQUA6CII__Diapositiva860.JPG","E:\Zotero-organized-export\JPG-JPEG\Light Cult NFTs\AQUA6CII__Diapositiva860.JPG","229.8","Could not parse NFT number from filename"
"AQUEU5EV__Diapositiva771.JPG","E:\Zotero-organized-export\JPG-JPEG\Light Cult NFTs\AQUEU5EV__Diapositiva771.JPG","45.1","Could not parse NFT number from filename"
"AQX8K95A__Diapositiva723.JPG","E:\Zotero-organized-export\JPG-JPEG\Light Cult NFTs\AQX8K95A__Diapositiva723.JPG","75","Could not parse NFT number from filename"
"AQZ3Q7IN__Diapositiva322.JPG","E:\Zotero-organized-export\JPG-JPEG\Light Cult NFTs\AQZ3Q7IN__Diapositiva322.JPG","33.7","Could not parse NFT number from filename"
"ARVQP7UD__Diapositiva646.JPG","E:\Zotero-organized-export\JPG-JPEG\Light Cult NFTs\ARVQP7UD__Diapositiva646.JPG","98.9","Could not parse NFT number from filename"
"ASA65JSU__Diapositiva889.JPG","E:\Zotero-organized-export\JPG-JPEG\Light Cult NFTs\ASA65JSU__Diapositiva889.JPG","129","Could not parse NFT number from filename"
"ASGL6ZYH__Diapositiva980.JPG","E:\Zotero-organized-export\JPG-JPEG\Light Cult NFTs\ASGL6ZYH__Diapositiva980.JPG","74.8","Could not parse NFT number from filename"
"ASLMK6YB__Diapositiva272.JPG","E:\Zotero-organized-export\JPG-JPEG\Light Cult NFTs\ASLMK6YB__Diapositiva272.JPG","144.4","Could not parse NFT number from filename"
"AT9DNWFH__Diapositiva777.JPG","E:\Zotero-organized-export\JPG-JPEG\Light Cult NFTs\AT9DNWFH__Diapositiva777.JPG","101.8","Could not parse NFT number from filename"
"ATM6XR6K__Diapositiva718.JPG","E:\Zotero-organized-export\JPG-JPEG\Light Cult NFTs\ATM6XR6K__Diapositiva718.JPG","122.7","Could not parse NFT number from filename"
"AUAZ58UL__Diapositiva177.JPG","E:\Zotero-organized-export\JPG-JPEG\Light Cult NFTs\AUAZ58UL__Diapositiva177.JPG","75.5","Could not parse NFT number from filename"
"AVY9XLUM__Diapositiva841.JPG","E:\Zotero-organized-export\JPG-JPEG\Light Cult NFTs\AVY9XLUM__Diapositiva841.JPG","136.3","Could not parse NFT number from filename"
"AWBN3MYX__Diapositiva625.JPG","E:\Zotero-organized-export\JPG-JPEG\Light Cult NFTs\AWBN3MYX__Diapositiva625.JPG","111.8","Could not parse NFT number from filename"
"AX7D87CQ__Diapositiva154.JPG","E:\Zotero-organized-export\JPG-JPEG\Light Cult NFTs\AX7D87CQ__Diapositiva154.JPG","75","Could not parse NFT number from filename"
"AXC7XLYQ__Diapositiva916.JPG","E:\Zotero-organized-export\JPG-JPEG\Light Cult NFTs\AXC7XLYQ__Diapositiva916.JPG","119.5","Could not parse NFT number from filename"
"AXIPRIPB__Diapositiva56.JPG","E:\Zotero-organized-export\JPG-JPEG\Light Cult NFTs\AXIPRIPB__Diapositiva56.JPG","158.9","Could not parse NFT number from filename"
"AXTDFW2C__Diapositiva420.JPG","E:\Zotero-organized-export\JPG-JPEG\Light Cult NFTs\AXTDFW2C__Diapositiva420.JPG","70.3","Could not parse NFT number from filename"
"AYR8Y5UC__Diapositiva875.JPG","E:\Zotero-organized-export\JPG-JPEG\Light Cult NFTs\AYR8Y5UC__Diapositiva875.JPG","70","Could not parse NFT number from filename"
"AYY653KQ__Diapositiva84.JPG","E:\Zotero-organized-export\JPG-JPEG\Light Cult NFTs\AYY653KQ__Diapositiva84.JPG","83.9","Could not parse NFT number from filename"
"AZ3G575A__Diapositiva296.JPG","E:\Zotero-organized-export\JPG-JPEG\Light Cult NFTs\AZ3G575A__Diapositiva296.JPG","37.4","Could not parse NFT number from filename"
"AZMVXMET__Diapositiva181.JPG","E:\Zotero-organized-export\JPG-JPEG\Light Cult NFTs\AZMVXMET__Diapositiva181.JPG","81.4","Could not parse NFT number from filename"
"B2TSQMLI__Diapositiva437.JPG","E:\Zotero-organized-export\JPG-JPEG\Light Cult NFTs\B2TSQMLI__Diapositiva437.JPG","122.2","Could not parse NFT number from filename"
"B389TNRR__Diapositiva195.JPG","E:\Zotero-organized-export\JPG-JPEG\Light Cult NFTs\B389TNRR__Diapositiva195.JPG","48.2","Could not parse NFT number from filename"
"B3DAAPU2__Diapositiva787.JPG","E:\Zotero-organized-export\JPG-JPEG\Light Cult NFTs\B3DAAPU2__Diapositiva787.JPG","102.9","Could not parse NFT number from filename"
"B3FK387E__Diapositiva579.JPG","E:\Zotero-organized-export\JPG-JPEG\Light Cult NFTs\B3FK387E__Diapositiva579.JPG","122.8","Could not parse NFT number from filename"
"B3G8X7P2__Diapositiva605.JPG","E:\Zotero-organized-export\JPG-JPEG\Light Cult NFTs\B3G8X7P2__Diapositiva605.JPG","59.1","Could not parse NFT number from filename"
"B3PQ4MA3__Diapositiva350.JPG","E:\Zotero-organized-export\JPG-JPEG\Light Cult NFTs\B3PQ4MA3__Diapositiva350.JPG","122","Could not parse NFT number from filename"
"B3UMP388__Diapositiva501.JPG","E:\Zotero-organized-export\JPG-JPEG\Light Cult NFTs\B3UMP388__Diapositiva501.JPG","52.4","Could not parse NFT number from filename"
"B4HI232X__Diapositiva744.JPG","E:\Zotero-organized-export\JPG-JPEG\Light Cult NFTs\B4HI232X__Diapositiva744.JPG","70.9","Could not parse NFT number from filename"
"B594RL24__Diapositiva369.JPG","E:\Zotero-organized-export\JPG-JPEG\Light Cult NFTs\B594RL24__Diapositiva369.JPG","138.7","Could not parse NFT number from filename"
"B5DYSX5A__Diapositiva665.JPG","E:\Zotero-organized-export\JPG-JPEG\Light Cult NFTs\B5DYSX5A__Diapositiva665.JPG","79.3","Could not parse NFT number from filename"
"B5MNHXSC__Diapositiva656.JPG","E:\Zotero-organized-export\JPG-JPEG\Light Cult NFTs\B5MNHXSC__Diapositiva656.JPG","94.6","Could not parse NFT number from filename"
"B6CXJCSH__Diapositiva871.JPG","E:\Zotero-organized-export\JPG-JPEG\Light Cult NFTs\B6CXJCSH__Diapositiva871.JPG","91.4","Could not parse NFT number from filename"
"B6EPIBG2__Diapositiva290.JPG","E:\Zotero-organized-export\JPG-JPEG\Light Cult NFTs\B6EPIBG2__Diapositiva290.JPG","131.1","Could not parse NFT number from filename"
"B6PBD3C5__Diapositiva973.JPG","E:\Zotero-organized-export\JPG-JPEG\Light Cult NFTs\B6PBD3C5__Diapositiva973.JPG","127.4","Could not parse NFT number from filename"
"B76HAAQ9__Diapositiva730.JPG","E:\Zotero-organized-export\JPG-JPEG\Light Cult NFTs\B76HAAQ9__Diapositiva730.JPG","88.5","Could not parse NFT number from filename"
"B7N3F2QS__Diapositiva396.JPG","E:\Zotero-organized-export\JPG-JPEG\Light Cult NFTs\B7N3F2QS__Diapositiva396.JPG","128.6","Could not parse NFT number from filename"
"B8TGEJQY__Diapositiva489.JPG","E:\Zotero-organized-export\JPG-JPEG\Light Cult NFTs\B8TGEJQY__Diapositiva489.JPG","149.5","Could not parse NFT number from filename"
"B945RFSY__Diapositiva66.JPG","E:\Zotero-organized-export\JPG-JPEG\Light Cult NFTs\B945RFSY__Diapositiva66.JPG","72","Could not parse NFT number from filename"
"B99H2F6Y__Diapositiva348.JPG","E:\Zotero-organized-export\JPG-JPEG\Light Cult NFTs\B99H2F6Y__Diapositiva348.JPG","69.9","Could not parse NFT number from filename"
"B9M39YQQ__Diapositiva208.JPG","E:\Zotero-organized-export\JPG-JPEG\Light Cult NFTs\B9M39YQQ__Diapositiva208.JPG","36.3","Could not parse NFT number from filename"
"BAUBWLTN__Diapositiva180.JPG","E:\Zotero-organized-export\JPG-JPEG\Light Cult NFTs\BAUBWLTN__Diapositiva180.JPG","133.9","Could not parse NFT number from filename"
"BB2QUJS4__Diapositiva84.JPG","E:\Zotero-organized-export\JPG-JPEG\Light Cult NFTs\BB2QUJS4__Diapositiva84.JPG","136","Could not parse NFT number from filename"
"BB58PTFI__Diapositiva393.JPG","E:\Zotero-organized-export\JPG-JPEG\Light Cult NFTs\BB58PTFI__Diapositiva393.JPG","48.5","Could not parse NFT number from filename"
"BBHVQYU2__Diapositiva375.JPG","E:\Zotero-organized-export\JPG-JPEG\Light Cult NFTs\BBHVQYU2__Diapositiva375.JPG","48.4","Could not parse NFT number from filename"
"BBY28XXY__Diapositiva232.JPG","E:\Zotero-organized-export\JPG-JPEG\Light Cult NFTs\BBY28XXY__Diapositiva232.JPG","124.7","Could not parse NFT number from filename"
"BD3CPKHK__Diapositiva845.JPG","E:\Zotero-organized-export\JPG-JPEG\Light Cult NFTs\BD3CPKHK__Diapositiva845.JPG","129","Could not parse NFT number from filename"
"BDPQH9JS__Diapositiva160.JPG","E:\Zotero-organized-export\JPG-JPEG\Light Cult NFTs\BDPQH9JS__Diapositiva160.JPG","61.2","Could not parse NFT number from filename"
"BDZF58F8__Diapositiva937.JPG","E:\Zotero-organized-export\JPG-JPEG\Light Cult NFTs\BDZF58F8__Diapositiva937.JPG","119.8","Could not parse NFT number from filename"
"BEQLIAYN__Diapositiva677.JPG","E:\Zotero-organized-export\JPG-JPEG\Light Cult NFTs\BEQLIAYN__Diapositiva677.JPG","133","Could not parse NFT number from filename"
"BERHNNYP__Diapositiva96.JPG","E:\Zotero-organized-export\JPG-JPEG\Light Cult NFTs\BERHNNYP__Diapositiva96.JPG","149.3","Could not parse NFT number from filename"
"BETK8LME__Diapositiva214.JPG","E:\Zotero-organized-export\JPG-JPEG\Light Cult NFTs\BETK8LME__Diapositiva214.JPG","56.4","Could not parse NFT number from filename"
"BF8EXLIP__Diapositiva713.JPG","E:\Zotero-organized-export\JPG-JPEG\Light Cult NFTs\BF8EXLIP__Diapositiva713.JPG","111.5","Could not parse NFT number from filename"
"BFG5GNKR__Diapositiva284.JPG","E:\Zotero-organized-export\JPG-JPEG\Light Cult NFTs\BFG5GNKR__Diapositiva284.JPG","92.1","Could not parse NFT number from filename"
"BFXIJ6QB__Diapositiva65.JPG","E:\Zotero-organized-export\JPG-JPEG\Light Cult NFTs\BFXIJ6QB__Diapositiva65.JPG","97","Could not parse NFT number from filename"
"BGTJ5L37__Diapositiva989.JPG","E:\Zotero-organized-export\JPG-JPEG\Light Cult NFTs\BGTJ5L37__Diapositiva989.JPG","81.6","Could not parse NFT number from filename"
"BGU29VCF__Diapositiva886.JPG","E:\Zotero-organized-export\JPG-JPEG\Light Cult NFTs\BGU29VCF__Diapositiva886.JPG","24.6","Could not parse NFT number from filename"
"BGXJWSED__Diapositiva249.JPG","E:\Zotero-organized-export\JPG-JPEG\Light Cult NFTs\BGXJWSED__Diapositiva249.JPG","118.5","Could not parse NFT number from filename"
"BHAGBNBW__Diapositiva553.JPG","E:\Zotero-organized-export\JPG-JPEG\Light Cult NFTs\BHAGBNBW__Diapositiva553.JPG","107.8","Could not parse NFT number from filename"
"BHILBZTT__Diapositiva431.JPG","E:\Zotero-organized-export\JPG-JPEG\Light Cult NFTs\BHILBZTT__Diapositiva431.JPG","148","Could not parse NFT number from filename"
"BI3BVNQ6__Diapositiva574.JPG","E:\Zotero-organized-export\JPG-JPEG\Light Cult NFTs\BI3BVNQ6__Diapositiva574.JPG","50.6","Could not parse NFT number from filename"
"BIPUJMRN__Diapositiva81.JPG","E:\Zotero-organized-export\JPG-JPEG\Light Cult NFTs\BIPUJMRN__Diapositiva81.JPG","134.5","Could not parse NFT number from filename"
"BJ34YHQL__Diapositiva659.JPG","E:\Zotero-organized-export\JPG-JPEG\Light Cult NFTs\BJ34YHQL__Diapositiva659.JPG","130","Could not parse NFT number from filename"
"BJ5GDRLF__Diapositiva865.JPG","E:\Zotero-organized-export\JPG-JPEG\Light Cult NFTs\BJ5GDRLF__Diapositiva865.JPG","167","Could not parse NFT number from filename"
"BJ97A4RW__Diapositiva220.JPG","E:\Zotero-organized-export\JPG-JPEG\Light Cult NFTs\BJ97A4RW__Diapositiva220.JPG","87.6","Could not parse NFT number from filename"
"BK4FBFEB__Diapositiva86.JPG","E:\Zotero-organized-export\JPG-JPEG\Light Cult NFTs\BK4FBFEB__Diapositiva86.JPG","123.2","Could not parse NFT number from filename"
"BKADZA92__Diapositiva771.JPG","E:\Zotero-organized-export\JPG-JPEG\Light Cult NFTs\BKADZA92__Diapositiva771.JPG","111.8","Could not parse NFT number from filename"
"BKG2H5ZC__Diapositiva736.JPG","E:\Zotero-organized-export\JPG-JPEG\Light Cult NFTs\BKG2H5ZC__Diapositiva736.JPG","50.3","Could not parse NFT number from filename"
"BLQA5TV3__Diapositiva919.JPG","E:\Zotero-organized-export\JPG-JPEG\Light Cult NFTs\BLQA5TV3__Diapositiva919.JPG","69.4","Could not parse NFT number from filename"
"BLT2T5FW__Diapositiva949.JPG","E:\Zotero-organized-export\JPG-JPEG\Light Cult NFTs\BLT2T5FW__Diapositiva949.JPG","72.7","Could not parse NFT number from filename"
"BMNF7T6A__Diapositiva502.JPG","E:\Zotero-organized-export\JPG-JPEG\Light Cult NFTs\BMNF7T6A__Diapositiva502.JPG","75.2","Could not parse NFT number from filename"
"BMUFUDEN__Diapositiva430.JPG","E:\Zotero-organized-export\JPG-JPEG\Light Cult NFTs\BMUFUDEN__Diapositiva430.JPG","75","Could not parse NFT number from filename"
"BMY6X3HF__Diapositiva55.JPG","E:\Zotero-organized-export\JPG-JPEG\Light Cult NFTs\BMY6X3HF__Diapositiva55.JPG","87.5","Could not parse NFT number from filename"
"BP549MMD__Diapositiva309.JPG","E:\Zotero-organized-export\JPG-JPEG\Light Cult NFTs\BP549MMD__Diapositiva309.JPG","67.6","Could not parse NFT number from filename"
"BP7WLTG4__Diapositiva573.JPG","E:\Zotero-organized-export\JPG-JPEG\Light Cult NFTs\BP7WLTG4__Diapositiva573.JPG","77.4","Could not parse NFT number from filename"
"BR8J9TZ7__Diapositiva897.JPG","E:\Zotero-organized-export\JPG-JPEG\Light Cult NFTs\BR8J9TZ7__Diapositiva897.JPG","208.6","Could not parse NFT number from filename"
"BRGLC7QL__Diapositiva951.JPG","E:\Zotero-organized-export\JPG-JPEG\Light Cult NFTs\BRGLC7QL__Diapositiva951.JPG","119.2","Could not parse NFT number from filename"
"BSIJHX99__Diapositiva364.JPG","E:\Zotero-organized-export\JPG-JPEG\Light Cult NFTs\BSIJHX99__Diapositiva364.JPG","73","Could not parse NFT number from filename"
"BT2FHXD4__Diapositiva974.JPG","E:\Zotero-organized-export\JPG-JPEG\Light Cult NFTs\BT2FHXD4__Diapositiva974.JPG","54.2","Could not parse NFT number from filename"
"BTVEG2Q8__Diapositiva13.JPG","E:\Zotero-organized-export\JPG-JPEG\Light Cult NFTs\BTVEG2Q8__Diapositiva13.JPG","69.1","Could not parse NFT number from filename"
"BU7PXHCA__Diapositiva187.JPG","E:\Zotero-organized-export\JPG-JPEG\Light Cult NFTs\BU7PXHCA__Diapositiva187.JPG","150.7","Could not parse NFT number from filename"
"BVAMA9UF__Diapositiva496.JPG","E:\Zotero-organized-export\JPG-JPEG\Light Cult NFTs\BVAMA9UF__Diapositiva496.JPG","84.8","Could not parse NFT number from filename"
"BW7Q7T45__Diapositiva717.JPG","E:\Zotero-organized-export\JPG-JPEG\Light Cult NFTs\BW7Q7T45__Diapositiva717.JPG","48.3","Could not parse NFT number from filename"
"BW9VW8IN__Diapositiva461.JPG","E:\Zotero-organized-export\JPG-JPEG\Light Cult NFTs\BW9VW8IN__Diapositiva461.JPG","152.2","Could not parse NFT number from filename"
"BWABA734__Diapositiva581.JPG","E:\Zotero-organized-export\JPG-JPEG\Light Cult NFTs\BWABA734__Diapositiva581.JPG","83.6","Could not parse NFT number from filename"
"BWHH3DT5__Diapositiva833.JPG","E:\Zotero-organized-export\JPG-JPEG\Light Cult NFTs\BWHH3DT5__Diapositiva833.JPG","128","Could not parse NFT number from filename"
"BX2JYAXC__Diapositiva593.JPG","E:\Zotero-organized-export\JPG-JPEG\Light Cult NFTs\BX2JYAXC__Diapositiva593.JPG","85.3","Could not parse NFT number from filename"
"BXCE8ZC2__Diapositiva408.JPG","E:\Zotero-organized-export\JPG-JPEG\Light Cult NFTs\BXCE8ZC2__Diapositiva408.JPG","138.3","Could not parse NFT number from filename"
"BY3Q6UE4__Diapositiva640.JPG","E:\Zotero-organized-export\JPG-JPEG\Light Cult NFTs\BY3Q6UE4__Diapositiva640.JPG","131.1","Could not parse NFT number from filename"
"BY8RTL4U__Diapositiva991.JPG","E:\Zotero-organized-export\JPG-JPEG\Light Cult NFTs\BY8RTL4U__Diapositiva991.JPG","67.1","Could not parse NFT number from filename"
"BYYHTL27__Diapositiva809.JPG","E:\Zotero-organized-export\JPG-JPEG\Light Cult NFTs\BYYHTL27__Diapositiva809.JPG","108.5","Could not parse NFT number from filename"
"BZW3RAQH__Diapositiva168.JPG","E:\Zotero-organized-export\JPG-JPEG\Light Cult NFTs\BZW3RAQH__Diapositiva168.JPG","48.2","Could not parse NFT number from filename"
"C2I3TMFP__Diapositiva649.JPG","E:\Zotero-organized-export\JPG-JPEG\Light Cult NFTs\C2I3TMFP__Diapositiva649.JPG","76.9","Could not parse NFT number from filename"
"C43WATWE__Diapositiva794.JPG","E:\Zotero-organized-export\JPG-JPEG\Light Cult NFTs\C43WATWE__Diapositiva794.JPG","86.2","Could not parse NFT number from filename"
"C442PBS6__Diapositiva95.JPG","E:\Zotero-organized-export\JPG-JPEG\Light Cult NFTs\C442PBS6__Diapositiva95.JPG","113.8","Could not parse NFT number from filename"
"C47YWWRJ__Diapositiva875.JPG","E:\Zotero-organized-export\JPG-JPEG\Light Cult NFTs\C47YWWRJ__Diapositiva875.JPG","58.5","Could not parse NFT number from filename"
"C4K9AUA5__Diapositiva153.JPG","E:\Zotero-organized-export\JPG-JPEG\Light Cult NFTs\C4K9AUA5__Diapositiva153.JPG","82.3","Could not parse NFT number from filename"
"C4LY3NRZ__Diapositiva933.JPG","E:\Zotero-organized-export\JPG-JPEG\Light Cult NFTs\C4LY3NRZ__Diapositiva933.JPG","130","Could not parse NFT number from filename"
"C4TCW5NG__Diapositiva215.JPG","E:\Zotero-organized-export\JPG-JPEG\Light Cult NFTs\C4TCW5NG__Diapositiva215.JPG","148.2","Could not parse NFT number from filename"
"C5B9E8Y4__Diapositiva450.JPG","E:\Zotero-organized-export\JPG-JPEG\Light Cult NFTs\C5B9E8Y4__Diapositiva450.JPG","82.7","Could not parse NFT number from filename"
"C5ETMKUY__Diapositiva644.JPG","E:\Zotero-organized-export\JPG-JPEG\Light Cult NFTs\C5ETMKUY__Diapositiva644.JPG","114.3","Could not parse NFT number from filename"
"C5MJ5J28__Diapositiva41.JPG","E:\Zotero-organized-export\JPG-JPEG\Light Cult NFTs\C5MJ5J28__Diapositiva41.JPG","67.7","Could not parse NFT number from filename"
"C7SJ2HYB__Diapositiva594.JPG","E:\Zotero-organized-export\JPG-JPEG\Light Cult NFTs\C7SJ2HYB__Diapositiva594.JPG","139.4","Could not parse NFT number from filename"
"C89W5ITU__Diapositiva430.JPG","E:\Zotero-organized-export\JPG-JPEG\Light Cult NFTs\C89W5ITU__Diapositiva430.JPG","41.2","Could not parse NFT number from filename"
"C8BA76SR__Diapositiva156.JPG","E:\Zotero-organized-export\JPG-JPEG\Light Cult NFTs\C8BA76SR__Diapositiva156.JPG","66.1","Could not parse NFT number from filename"
"C8R2VIF3__Diapositiva78.JPG","E:\Zotero-organized-export\JPG-JPEG\Light Cult NFTs\C8R2VIF3__Diapositiva78.JPG","128.1","Could not parse NFT number from filename"
"C9339WBL__Diapositiva599.JPG","E:\Zotero-organized-export\JPG-JPEG\Light Cult NFTs\C9339WBL__Diapositiva599.JPG","75.5","Could not parse NFT number from filename"
"C9C3YCGR__Diapositiva876.JPG","E:\Zotero-organized-export\JPG-JPEG\Light Cult NFTs\C9C3YCGR__Diapositiva876.JPG","81.4","Could not parse NFT number from filename"
"C9EZ6BCF__Diapositiva7.JPG","E:\Zotero-organized-export\JPG-JPEG\Light Cult NFTs\C9EZ6BCF__Diapositiva7.JPG","80.8","Could not parse NFT number from filename"
"C9UD287U__Diapositiva531.JPG","E:\Zotero-organized-export\JPG-JPEG\Light Cult NFTs\C9UD287U__Diapositiva531.JPG","119.8","Could not parse NFT number from filename"
"CAQJABW8__Diapositiva822.JPG","E:\Zotero-organized-export\JPG-JPEG\Light Cult NFTs\CAQJABW8__Diapositiva822.JPG","141.2","Could not parse NFT number from filename"
"CBPVWXWX__Diapositiva308.JPG","E:\Zotero-organized-export\JPG-JPEG\Light Cult NFTs\CBPVWXWX__Diapositiva308.JPG","118.9","Could not parse NFT number from filename"
"CCKE3WRP__Diapositiva828.JPG","E:\Zotero-organized-export\JPG-JPEG\Light Cult NFTs\CCKE3WRP__Diapositiva828.JPG","37.6","Could not parse NFT number from filename"
"CCL4GSCK__Diapositiva89.JPG","E:\Zotero-organized-export\JPG-JPEG\Light Cult NFTs\CCL4GSCK__Diapositiva89.JPG","159.5","Could not parse NFT number from filename"
"CD24WS5G__Diapositiva302.JPG","E:\Zotero-organized-export\JPG-JPEG\Light Cult NFTs\CD24WS5G__Diapositiva302.JPG","110","Could not parse NFT number from filename"
"CDBHIYE2__Diapositiva359.JPG","E:\Zotero-organized-export\JPG-JPEG\Light Cult NFTs\CDBHIYE2__Diapositiva359.JPG","133.5","Could not parse NFT number from filename"
"CDLQZLVH__Diapositiva423.JPG","E:\Zotero-organized-export\JPG-JPEG\Light Cult NFTs\CDLQZLVH__Diapositiva423.JPG","42.9","Could not parse NFT number from filename"
"CE6VCL86__Diapositiva821.JPG","E:\Zotero-organized-export\JPG-JPEG\Light Cult NFTs\CE6VCL86__Diapositiva821.JPG","79.2","Could not parse NFT number from filename"
"CF6YFKPM__Diapositiva362.JPG","E:\Zotero-organized-export\JPG-JPEG\Light Cult NFTs\CF6YFKPM__Diapositiva362.JPG","77.2","Could not parse NFT number from filename"
"CFL6EWJQ__Diapositiva860.JPG","E:\Zotero-organized-export\JPG-JPEG\Light Cult NFTs\CFL6EWJQ__Diapositiva860.JPG","51.5","Could not parse NFT number from filename"
"CGQKEXMR__Diapositiva134.JPG","E:\Zotero-organized-export\JPG-JPEG\Light Cult NFTs\CGQKEXMR__Diapositiva134.JPG","111.5","Could not parse NFT number from filename"
"CH8TEE7X__Diapositiva190.JPG","E:\Zotero-organized-export\JPG-JPEG\Light Cult NFTs\CH8TEE7X__Diapositiva190.JPG","86.5","Could not parse NFT number from filename"
"CHM56AQG__Diapositiva710.JPG","E:\Zotero-organized-export\JPG-JPEG\Light Cult NFTs\CHM56AQG__Diapositiva710.JPG","139.4","Could not parse NFT number from filename"
"CHZP232M__Diapositiva997.JPG","E:\Zotero-organized-export\JPG-JPEG\Light Cult NFTs\CHZP232M__Diapositiva997.JPG","99.6","Could not parse NFT number from filename"
"CIYCCDT2__Diapositiva855.JPG","E:\Zotero-organized-export\JPG-JPEG\Light Cult NFTs\CIYCCDT2__Diapositiva855.JPG","126.7","Could not parse NFT number from filename"
"CIZ3M54C__Diapositiva782.JPG","E:\Zotero-organized-export\JPG-JPEG\Light Cult NFTs\CIZ3M54C__Diapositiva782.JPG","131.3","Could not parse NFT number from filename"
"CJ3QZN9V__Diapositiva419.JPG","E:\Zotero-organized-export\JPG-JPEG\Light Cult NFTs\CJ3QZN9V__Diapositiva419.JPG","67.1","Could not parse NFT number from filename"
"CJ5C2YP6__Diapositiva407.JPG","E:\Zotero-organized-export\JPG-JPEG\Light Cult NFTs\CJ5C2YP6__Diapositiva407.JPG","102.3","Could not parse NFT number from filename"
"CJN64KPZ__Diapositiva829.JPG","E:\Zotero-organized-export\JPG-JPEG\Light Cult NFTs\CJN64KPZ__Diapositiva829.JPG","122.8","Could not parse NFT number from filename"
"CJVZNUUR__Diapositiva117.JPG","E:\Zotero-organized-export\JPG-JPEG\Light Cult NFTs\CJVZNUUR__Diapositiva117.JPG","83.1","Could not parse NFT number from filename"
"CKFC58UG__Diapositiva824.JPG","E:\Zotero-organized-export\JPG-JPEG\Light Cult NFTs\CKFC58UG__Diapositiva824.JPG","54.3","Could not parse NFT number from filename"
"CKS3WE9X__Diapositiva176.JPG","E:\Zotero-organized-export\JPG-JPEG\Light Cult NFTs\CKS3WE9X__Diapositiva176.JPG","75.5","Could not parse NFT number from filename"
"CKX4RS99__Diapositiva605.JPG","E:\Zotero-organized-export\JPG-JPEG\Light Cult NFTs\CKX4RS99__Diapositiva605.JPG","64.2","Could not parse NFT number from filename"
"CLCPYVNH__Diapositiva213.JPG","E:\Zotero-organized-export\JPG-JPEG\Light Cult NFTs\CLCPYVNH__Diapositiva213.JPG","89.4","Could not parse NFT number from filename"
"CLDG2967__Diapositiva597.JPG","E:\Zotero-organized-export\JPG-JPEG\Light Cult NFTs\CLDG2967__Diapositiva597.JPG","63.5","Could not parse NFT number from filename"
"CLRYV3ZR__Diapositiva140.JPG","E:\Zotero-organized-export\JPG-JPEG\Light Cult NFTs\CLRYV3ZR__Diapositiva140.JPG","84.4","Could not parse NFT number from filename"
"CMI3F7LS__Diapositiva997.JPG","E:\Zotero-organized-export\JPG-JPEG\Light Cult NFTs\CMI3F7LS__Diapositiva997.JPG","117.1","Could not parse NFT number from filename"
"CMSN6ELG__Diapositiva988.JPG","E:\Zotero-organized-export\JPG-JPEG\Light Cult NFTs\CMSN6ELG__Diapositiva988.JPG","66.9","Could not parse NFT number from filename"
"CNB5INMB__Diapositiva581.JPG","E:\Zotero-organized-export\JPG-JPEG\Light Cult NFTs\CNB5INMB__Diapositiva581.JPG","116.9","Could not parse NFT number from filename"
"CNEPZBXW__Diapositiva208.JPG","E:\Zotero-organized-export\JPG-JPEG\Light Cult NFTs\CNEPZBXW__Diapositiva208.JPG","48.7","Could not parse NFT number from filename"
"CNPLMGVM__Diapositiva899.JPG","E:\Zotero-organized-export\JPG-JPEG\Light Cult NFTs\CNPLMGVM__Diapositiva899.JPG","153.1","Could not parse NFT number from filename"
"CP47ZNR7__Diapositiva888.JPG","E:\Zotero-organized-export\JPG-JPEG\Light Cult NFTs\CP47ZNR7__Diapositiva888.JPG","73.3","Could not parse NFT number from filename"
"CPDHZWVK__Diapositiva716.JPG","E:\Zotero-organized-export\JPG-JPEG\Light Cult NFTs\CPDHZWVK__Diapositiva716.JPG","155","Could not parse NFT number from filename"
"CQF4R3S4__Diapositiva665.JPG","E:\Zotero-organized-export\JPG-JPEG\Light Cult NFTs\CQF4R3S4__Diapositiva665.JPG","63.5","Could not parse NFT number from filename"
"CQS8XLEE__Diapositiva326.JPG","E:\Zotero-organized-export\JPG-JPEG\Light Cult NFTs\CQS8XLEE__Diapositiva326.JPG","63.5","Could not parse NFT number from filename"
"CRRYDCA7__Diapositiva125.JPG","E:\Zotero-organized-export\JPG-JPEG\Light Cult NFTs\CRRYDCA7__Diapositiva125.JPG","128.5","Could not parse NFT number from filename"
"CT8Q6HNS__Diapositiva315.JPG","E:\Zotero-organized-export\JPG-JPEG\Light Cult NFTs\CT8Q6HNS__Diapositiva315.JPG","78.9","Could not parse NFT number from filename"
"CTMFQLFQ__Diapositiva342.JPG","E:\Zotero-organized-export\JPG-JPEG\Light Cult NFTs\CTMFQLFQ__Diapositiva342.JPG","41","Could not parse NFT number from filename"
"CTVZMDSA__Diapositiva887.JPG","E:\Zotero-organized-export\JPG-JPEG\Light Cult NFTs\CTVZMDSA__Diapositiva887.JPG","82.4","Could not parse NFT number from filename"
"CU436SY5__Diapositiva615.JPG","E:\Zotero-organized-export\JPG-JPEG\Light Cult NFTs\CU436SY5__Diapositiva615.JPG","117.3","Could not parse NFT number from filename"
"CU5F8ITP__Diapositiva112.JPG","E:\Zotero-organized-export\JPG-JPEG\Light Cult NFTs\CU5F8ITP__Diapositiva112.JPG","114.4","Could not parse NFT number from filename"
"CV6HY9AD__Diapositiva133.JPG","E:\Zotero-organized-export\JPG-JPEG\Light Cult NFTs\CV6HY9AD__Diapositiva133.JPG","134.6","Could not parse NFT number from filename"
"CVW9MR7N__Diapositiva464.JPG","E:\Zotero-organized-export\JPG-JPEG\Light Cult NFTs\CVW9MR7N__Diapositiva464.JPG","130.1","Could not parse NFT number from filename"
"CW4L5T6S__Diapositiva744.JPG","E:\Zotero-organized-export\JPG-JPEG\Light Cult NFTs\CW4L5T6S__Diapositiva744.JPG","115.5","Could not parse NFT number from filename"
"CWLEZCIG__Diapositiva430.JPG","E:\Zotero-organized-export\JPG-JPEG\Light Cult NFTs\CWLEZCIG__Diapositiva430.JPG","101.4","Could not parse NFT number from filename"
"CWMHFRMK__Diapositiva857.JPG","E:\Zotero-organized-export\JPG-JPEG\Light Cult NFTs\CWMHFRMK__Diapositiva857.JPG","114","Could not parse NFT number from filename"
"CWUZTG78__Diapositiva286.JPG","E:\Zotero-organized-export\JPG-JPEG\Light Cult NFTs\CWUZTG78__Diapositiva286.JPG","83.4","Could not parse NFT number from filename"
"CWZ6DLM5__Diapositiva517.JPG","E:\Zotero-organized-export\JPG-JPEG\Light Cult NFTs\CWZ6DLM5__Diapositiva517.JPG","85.1","Could not parse NFT number from filename"
"CXBKJW7H__Diapositiva254.JPG","E:\Zotero-organized-export\JPG-JPEG\Light Cult NFTs\CXBKJW7H__Diapositiva254.JPG","138.1","Could not parse NFT number from filename"
"CXRCKRLN__Diapositiva657.JPG","E:\Zotero-organized-export\JPG-JPEG\Light Cult NFTs\CXRCKRLN__Diapositiva657.JPG","64.6","Could not parse NFT number from filename"
"CXUBP4IC__Diapositiva185.JPG","E:\Zotero-organized-export\JPG-JPEG\Light Cult NFTs\CXUBP4IC__Diapositiva185.JPG","134.1","Could not parse NFT number from filename"
"CZMQZM6X__Diapositiva384.JPG","E:\Zotero-organized-export\JPG-JPEG\Light Cult NFTs\CZMQZM6X__Diapositiva384.JPG","111.5","Could not parse NFT number from filename"
"CZW57G6W__Diapositiva106.JPG","E:\Zotero-organized-export\JPG-JPEG\Light Cult NFTs\CZW57G6W__Diapositiva106.JPG","145.5","Could not parse NFT number from filename"
"D2QJKD9G__Diapositiva43.JPG","E:\Zotero-organized-export\JPG-JPEG\Light Cult NFTs\D2QJKD9G__Diapositiva43.JPG","82","Could not parse NFT number from filename"
"D2VMWK4W__Diapositiva504.JPG","E:\Zotero-organized-export\JPG-JPEG\Light Cult NFTs\D2VMWK4W__Diapositiva504.JPG","130.4","Could not parse NFT number from filename"
"D39ZSSGW__Diapositiva580.JPG","E:\Zotero-organized-export\JPG-JPEG\Light Cult NFTs\D39ZSSGW__Diapositiva580.JPG","145.9","Could not parse NFT number from filename"
"D3CIHU54__Diapositiva277.JPG","E:\Zotero-organized-export\JPG-JPEG\Light Cult NFTs\D3CIHU54__Diapositiva277.JPG","175.3","Could not parse NFT number from filename"
"D3HJGMFP__Diapositiva556.JPG","E:\Zotero-organized-export\JPG-JPEG\Light Cult NFTs\D3HJGMFP__Diapositiva556.JPG","89.4","Could not parse NFT number from filename"
"D3MS7MHX__Diapositiva51.JPG","E:\Zotero-organized-export\JPG-JPEG\Light Cult NFTs\D3MS7MHX__Diapositiva51.JPG","145.3","Could not parse NFT number from filename"
"D3T75RQ8__Diapositiva452.JPG","E:\Zotero-organized-export\JPG-JPEG\Light Cult NFTs\D3T75RQ8__Diapositiva452.JPG","125.1","Could not parse NFT number from filename"
"D44Q7F77__Diapositiva221.JPG","E:\Zotero-organized-export\JPG-JPEG\Light Cult NFTs\D44Q7F77__Diapositiva221.JPG","126","Could not parse NFT number from filename"
"D46E7WZN__Diapositiva993.JPG","E:\Zotero-organized-export\JPG-JPEG\Light Cult NFTs\D46E7WZN__Diapositiva993.JPG","48.4","Could not parse NFT number from filename"
"D4YNX543__Diapositiva37.JPG","E:\Zotero-organized-export\JPG-JPEG\Light Cult NFTs\D4YNX543__Diapositiva37.JPG","59.6","Could not parse NFT number from filename"
"D57F4UEA__Diapositiva508.JPG","E:\Zotero-organized-export\JPG-JPEG\Light Cult NFTs\D57F4UEA__Diapositiva508.JPG","138.1","Could not parse NFT number from filename"
"D5UNJRES__Diapositiva872.JPG","E:\Zotero-organized-export\JPG-JPEG\Light Cult NFTs\D5UNJRES__Diapositiva872.JPG","162","Could not parse NFT number from filename"
"D6INI3HL__Diapositiva843.JPG","E:\Zotero-organized-export\JPG-JPEG\Light Cult NFTs\D6INI3HL__Diapositiva843.JPG","134.5","Could not parse NFT number from filename"
"D6M7I5D2__Diapositiva399.JPG","E:\Zotero-organized-export\JPG-JPEG\Light Cult NFTs\D6M7I5D2__Diapositiva399.JPG","120.1","Could not parse NFT number from filename"
"D6RWITJW__Diapositiva585.JPG","E:\Zotero-organized-export\JPG-JPEG\Light Cult NFTs\D6RWITJW__Diapositiva585.JPG","115.4","Could not parse NFT number from filename"
"D6TXWM5C__Diapositiva417.JPG","E:\Zotero-organized-export\JPG-JPEG\Light Cult NFTs\D6TXWM5C__Diapositiva417.JPG","41.2","Could not parse NFT number from filename"
"D76KGDA2__Diapositiva812.JPG","E:\Zotero-organized-export\JPG-JPEG\Light Cult NFTs\D76KGDA2__Diapositiva812.JPG","116.4","Could not parse NFT number from filename"
"D7MXTRBZ__Diapositiva360.JPG","E:\Zotero-organized-export\JPG-JPEG\Light Cult NFTs\D7MXTRBZ__Diapositiva360.JPG","70.9","Could not parse NFT number from filename"
"D8R6GIDP__Diapositiva681.JPG","E:\Zotero-organized-export\JPG-JPEG\Light Cult NFTs\D8R6GIDP__Diapositiva681.JPG","125.8","Could not parse NFT number from filename"
"D8UZNBD3__Diapositiva363.JPG","E:\Zotero-organized-export\JPG-JPEG\Light Cult NFTs\D8UZNBD3__Diapositiva363.JPG","119.5","Could not parse NFT number from filename"
"D8VFXUBD__Diapositiva572.JPG","E:\Zotero-organized-export\JPG-JPEG\Light Cult NFTs\D8VFXUBD__Diapositiva572.JPG","79.9","Could not parse NFT number from filename"
"D97TL4TT__Diapositiva511.JPG","E:\Zotero-organized-export\JPG-JPEG\Light Cult NFTs\D97TL4TT__Diapositiva511.JPG","95.5","Could not parse NFT number from filename"
"D9A6Q33E__Diapositiva99.JPG","E:\Zotero-organized-export\JPG-JPEG\Light Cult NFTs\D9A6Q33E__Diapositiva99.JPG","128.5","Could not parse NFT number from filename"
"D9GXGVRY__Diapositiva745.JPG","E:\Zotero-organized-export\JPG-JPEG\Light Cult NFTs\D9GXGVRY__Diapositiva745.JPG","126.2","Could not parse NFT number from filename"
"D9PU2IUY__Diapositiva765.JPG","E:\Zotero-organized-export\JPG-JPEG\Light Cult NFTs\D9PU2IUY__Diapositiva765.JPG","43.2","Could not parse NFT number from filename"
"D9WF2URL__Diapositiva739.JPG","E:\Zotero-organized-export\JPG-JPEG\Light Cult NFTs\D9WF2URL__Diapositiva739.JPG","107.7","Could not parse NFT number from filename"
"DA9GX4HE__Diapositiva613.JPG","E:\Zotero-organized-export\JPG-JPEG\Light Cult NFTs\DA9GX4HE__Diapositiva613.JPG","85.8","Could not parse NFT number from filename"
"DAIGEIE7__Diapositiva407.JPG","E:\Zotero-organized-export\JPG-JPEG\Light Cult NFTs\DAIGEIE7__Diapositiva407.JPG","88.8","Could not parse NFT number from filename"
"DBU9CZND__Diapositiva480.JPG","E:\Zotero-organized-export\JPG-JPEG\Light Cult NFTs\DBU9CZND__Diapositiva480.JPG","116.2","Could not parse NFT number from filename"
"DC722VFZ__Diapositiva486.JPG","E:\Zotero-organized-export\JPG-JPEG\Light Cult NFTs\DC722VFZ__Diapositiva486.JPG","47.4","Could not parse NFT number from filename"
"DCQ2RNMP__Diapositiva178.JPG","E:\Zotero-organized-export\JPG-JPEG\Light Cult NFTs\DCQ2RNMP__Diapositiva178.JPG","114.1","Could not parse NFT number from filename"
"DCXI98Q8__Diapositiva469.JPG","E:\Zotero-organized-export\JPG-JPEG\Light Cult NFTs\DCXI98Q8__Diapositiva469.JPG","80.5","Could not parse NFT number from filename"
"DDFLTAZ2__Diapositiva148.JPG","E:\Zotero-organized-export\JPG-JPEG\Light Cult NFTs\DDFLTAZ2__Diapositiva148.JPG","76.7","Could not parse NFT number from filename"
"DDPA6UWH__Diapositiva939.JPG","E:\Zotero-organized-export\JPG-JPEG\Light Cult NFTs\DDPA6UWH__Diapositiva939.JPG","158.5","Could not parse NFT number from filename"
"DDZJYY7L__Diapositiva965.JPG","E:\Zotero-organized-export\JPG-JPEG\Light Cult NFTs\DDZJYY7L__Diapositiva965.JPG","64.8","Could not parse NFT number from filename"
"DE954NP8__Diapositiva568.JPG","E:\Zotero-organized-export\JPG-JPEG\Light Cult NFTs\DE954NP8__Diapositiva568.JPG","74.9","Could not parse NFT number from filename"
"DEBYS7SC__Diapositiva67.JPG","E:\Zotero-organized-export\JPG-JPEG\Light Cult NFTs\DEBYS7SC__Diapositiva67.JPG","88.4","Could not parse NFT number from filename"
"DEERGESU__Diapositiva539.JPG","E:\Zotero-organized-export\JPG-JPEG\Light Cult NFTs\DEERGESU__Diapositiva539.JPG","68.1","Could not parse NFT number from filename"
"DELCPQH7__Diapositiva743.JPG","E:\Zotero-organized-export\JPG-JPEG\Light Cult NFTs\DELCPQH7__Diapositiva743.JPG","64.7","Could not parse NFT number from filename"
"DEYVQHA4__Diapositiva39.JPG","E:\Zotero-organized-export\JPG-JPEG\Light Cult NFTs\DEYVQHA4__Diapositiva39.JPG","69","Could not parse NFT number from filename"
"DFB6QW3W__Diapositiva336.JPG","E:\Zotero-organized-export\JPG-JPEG\Light Cult NFTs\DFB6QW3W__Diapositiva336.JPG","81.7","Could not parse NFT number from filename"
"DFCQPI9A__Diapositiva728.JPG","E:\Zotero-organized-export\JPG-JPEG\Light Cult NFTs\DFCQPI9A__Diapositiva728.JPG","129","Could not parse NFT number from filename"
"DFQ62BW4__Diapositiva111.JPG","E:\Zotero-organized-export\JPG-JPEG\Light Cult NFTs\DFQ62BW4__Diapositiva111.JPG","122.4","Could not parse NFT number from filename"
"DFS757CD__Diapositiva677.JPG","E:\Zotero-organized-export\JPG-JPEG\Light Cult NFTs\DFS757CD__Diapositiva677.JPG","120.1","Could not parse NFT number from filename"
"DFUXG2NT__Diapositiva560.JPG","E:\Zotero-organized-export\JPG-JPEG\Light Cult NFTs\DFUXG2NT__Diapositiva560.JPG","145.4","Could not parse NFT number from filename"
"DGL9B35C__Diapositiva226.JPG","E:\Zotero-organized-export\JPG-JPEG\Light Cult NFTs\DGL9B35C__Diapositiva226.JPG","70.3","Could not parse NFT number from filename"
"DGX58XWW__Diapositiva685.JPG","E:\Zotero-organized-export\JPG-JPEG\Light Cult NFTs\DGX58XWW__Diapositiva685.JPG","39","Could not parse NFT number from filename"
"DGZEY6I6__Diapositiva31.JPG","E:\Zotero-organized-export\JPG-JPEG\Light Cult NFTs\DGZEY6I6__Diapositiva31.JPG","133","Could not parse NFT number from filename"
"DHPBMVWV__Diapositiva528.JPG","E:\Zotero-organized-export\JPG-JPEG\Light Cult NFTs\DHPBMVWV__Diapositiva528.JPG","61.9","Could not parse NFT number from filename"
"DHUIDUIF__Diapositiva119.JPG","E:\Zotero-organized-export\JPG-JPEG\Light Cult NFTs\DHUIDUIF__Diapositiva119.JPG","87.7","Could not parse NFT number from filename"
"DI5Q44G2__Diapositiva200.JPG","E:\Zotero-organized-export\JPG-JPEG\Light Cult NFTs\DI5Q44G2__Diapositiva200.JPG","127","Could not parse NFT number from filename"
"DIUDP35I__Diapositiva505.JPG","E:\Zotero-organized-export\JPG-JPEG\Light Cult NFTs\DIUDP35I__Diapositiva505.JPG","47.3","Could not parse NFT number from filename"
"DIY83A3D__Diapositiva661.JPG","E:\Zotero-organized-export\JPG-JPEG\Light Cult NFTs\DIY83A3D__Diapositiva661.JPG","139.9","Could not parse NFT number from filename"
"DJCAIIRW__Diapositiva515.JPG","E:\Zotero-organized-export\JPG-JPEG\Light Cult NFTs\DJCAIIRW__Diapositiva515.JPG","104","Could not parse NFT number from filename"
"DKQZZDV2__Diapositiva960.JPG","E:\Zotero-organized-export\JPG-JPEG\Light Cult NFTs\DKQZZDV2__Diapositiva960.JPG","136.9","Could not parse NFT number from filename"
"DLE5AYAF__Diapositiva429.JPG","E:\Zotero-organized-export\JPG-JPEG\Light Cult NFTs\DLE5AYAF__Diapositiva429.JPG","34.7","Could not parse NFT number from filename"
"DLFH6J23__Diapositiva725.JPG","E:\Zotero-organized-export\JPG-JPEG\Light Cult NFTs\DLFH6J23__Diapositiva725.JPG","50.5","Could not parse NFT number from filename"
"DLMIKJQF__Diapositiva468.JPG","E:\Zotero-organized-export\JPG-JPEG\Light Cult NFTs\DLMIKJQF__Diapositiva468.JPG","85.4","Could not parse NFT number from filename"
"DLTUM7US__Diapositiva451.JPG","E:\Zotero-organized-export\JPG-JPEG\Light Cult NFTs\DLTUM7US__Diapositiva451.JPG","64.7","Could not parse NFT number from filename"
"DM734796__Diapositiva273.JPG","E:\Zotero-organized-export\JPG-JPEG\Light Cult NFTs\DM734796__Diapositiva273.JPG","81.7","Could not parse NFT number from filename"
"DMB9Z2UW__Diapositiva73.JPG","E:\Zotero-organized-export\JPG-JPEG\Light Cult NFTs\DMB9Z2UW__Diapositiva73.JPG","138.3","Could not parse NFT number from filename"
"DMFBVC85__Diapositiva620.JPG","E:\Zotero-organized-export\JPG-JPEG\Light Cult NFTs\DMFBVC85__Diapositiva620.JPG","75","Could not parse NFT number from filename"
"DMHVNXTB__Diapositiva974.JPG","E:\Zotero-organized-export\JPG-JPEG\Light Cult NFTs\DMHVNXTB__Diapositiva974.JPG","129.2","Could not parse NFT number from filename"
"DN3AH39F__Diapositiva324.JPG","E:\Zotero-organized-export\JPG-JPEG\Light Cult NFTs\DN3AH39F__Diapositiva324.JPG","63","Could not parse NFT number from filename"
"DN67JLD3__Diapositiva465.JPG","E:\Zotero-organized-export\JPG-JPEG\Light Cult NFTs\DN67JLD3__Diapositiva465.JPG","115.7","Could not parse NFT number from filename"
"DNGBIL6D__Diapositiva938.JPG","E:\Zotero-organized-export\JPG-JPEG\Light Cult NFTs\DNGBIL6D__Diapositiva938.JPG","127.4","Could not parse NFT number from filename"
"DNGBVAKH__Diapositiva974.JPG","E:\Zotero-organized-export\JPG-JPEG\Light Cult NFTs\DNGBVAKH__Diapositiva974.JPG","87.4","Could not parse NFT number from filename"
"DNNLWHWQ__Diapositiva93.JPG","E:\Zotero-organized-export\JPG-JPEG\Light Cult NFTs\DNNLWHWQ__Diapositiva93.JPG","130","Could not parse NFT number from filename"
"DNSC7QJR__Diapositiva624.JPG","E:\Zotero-organized-export\JPG-JPEG\Light Cult NFTs\DNSC7QJR__Diapositiva624.JPG","92.3","Could not parse NFT number from filename"
"DPSD2VNI__Diapositiva56.JPG","E:\Zotero-organized-export\JPG-JPEG\Light Cult NFTs\DPSD2VNI__Diapositiva56.JPG","100.2","Could not parse NFT number from filename"
"DPXMTHXX__Diapositiva955.JPG","E:\Zotero-organized-export\JPG-JPEG\Light Cult NFTs\DPXMTHXX__Diapositiva955.JPG","174.3","Could not parse NFT number from filename"
"DQ7LKZIW__Diapositiva151.JPG","E:\Zotero-organized-export\JPG-JPEG\Light Cult NFTs\DQ7LKZIW__Diapositiva151.JPG","34.1","Could not parse NFT number from filename"
"DQHS63G8__Diapositiva52.JPG","E:\Zotero-organized-export\JPG-JPEG\Light Cult NFTs\DQHS63G8__Diapositiva52.JPG","138.5","Could not parse NFT number from filename"
"DQZIBUWD__Diapositiva491.JPG","E:\Zotero-organized-export\JPG-JPEG\Light Cult NFTs\DQZIBUWD__Diapositiva491.JPG","66.7","Could not parse NFT number from filename"
"DR5L2KUI__Diapositiva122.JPG","E:\Zotero-organized-export\JPG-JPEG\Light Cult NFTs\DR5L2KUI__Diapositiva122.JPG","58.3","Could not parse NFT number from filename"
"DR9SSAF4__Diapositiva483.JPG","E:\Zotero-organized-export\JPG-JPEG\Light Cult NFTs\DR9SSAF4__Diapositiva483.JPG","30.5","Could not parse NFT number from filename"
"DRR74QE7__Diapositiva327.JPG","E:\Zotero-organized-export\JPG-JPEG\Light Cult NFTs\DRR74QE7__Diapositiva327.JPG","96.7","Could not parse NFT number from filename"
"DSHY29GW__Diapositiva530.JPG","E:\Zotero-organized-export\JPG-JPEG\Light Cult NFTs\DSHY29GW__Diapositiva530.JPG","59","Could not parse NFT number from filename"
"DSTKD3FY__Diapositiva890.JPG","E:\Zotero-organized-export\JPG-JPEG\Light Cult NFTs\DSTKD3FY__Diapositiva890.JPG","115.8","Could not parse NFT number from filename"
"DT3EYSNC__Diapositiva529.JPG","E:\Zotero-organized-export\JPG-JPEG\Light Cult NFTs\DT3EYSNC__Diapositiva529.JPG","80.4","Could not parse NFT number from filename"
"DTLATLRY__Diapositiva485.JPG","E:\Zotero-organized-export\JPG-JPEG\Light Cult NFTs\DTLATLRY__Diapositiva485.JPG","45.8","Could not parse NFT number from filename"
"DUNH6JQD__Diapositiva222.JPG","E:\Zotero-organized-export\JPG-JPEG\Light Cult NFTs\DUNH6JQD__Diapositiva222.JPG","87.9","Could not parse NFT number from filename"
"DUSTLLZB__Diapositiva562.JPG","E:\Zotero-organized-export\JPG-JPEG\Light Cult NFTs\DUSTLLZB__Diapositiva562.JPG","123.3","Could not parse NFT number from filename"
"DVH8A242__Diapositiva601.JPG","E:\Zotero-organized-export\JPG-JPEG\Light Cult NFTs\DVH8A242__Diapositiva601.JPG","112.8","Could not parse NFT number from filename"
"DVJPKJMI__Diapositiva983.JPG","E:\Zotero-organized-export\JPG-JPEG\Light Cult NFTs\DVJPKJMI__Diapositiva983.JPG","195.4","Could not parse NFT number from filename"
"DVZP5JX9__Diapositiva26.JPG","E:\Zotero-organized-export\JPG-JPEG\Light Cult NFTs\DVZP5JX9__Diapositiva26.JPG","42.9","Could not parse NFT number from filename"
"DWB363ST__Diapositiva889.JPG","E:\Zotero-organized-export\JPG-JPEG\Light Cult NFTs\DWB363ST__Diapositiva889.JPG","40","Could not parse NFT number from filename"
"DX5RJ28H__Diapositiva705.JPG","E:\Zotero-organized-export\JPG-JPEG\Light Cult NFTs\DX5RJ28H__Diapositiva705.JPG","35.7","Could not parse NFT number from filename"
"DX6N5Z3Q__Diapositiva478.JPG","E:\Zotero-organized-export\JPG-JPEG\Light Cult NFTs\DX6N5Z3Q__Diapositiva478.JPG","66","Could not parse NFT number from filename"
"DYZIFLL4__Diapositiva415.JPG","E:\Zotero-organized-export\JPG-JPEG\Light Cult NFTs\DYZIFLL4__Diapositiva415.JPG","143.1","Could not parse NFT number from filename"
"DZABSBJQ__Diapositiva824.JPG","E:\Zotero-organized-export\JPG-JPEG\Light Cult NFTs\DZABSBJQ__Diapositiva824.JPG","91","Could not parse NFT number from filename"
"DZH3IY9B__Diapositiva89.JPG","E:\Zotero-organized-export\JPG-JPEG\Light Cult NFTs\DZH3IY9B__Diapositiva89.JPG","57.5","Could not parse NFT number from filename"
"DZKISBGB__Diapositiva786.JPG","E:\Zotero-organized-export\JPG-JPEG\Light Cult NFTs\DZKISBGB__Diapositiva786.JPG","58.6","Could not parse NFT number from filename"
"DZTBYPCN__Diapositiva130.JPG","E:\Zotero-organized-export\JPG-JPEG\Light Cult NFTs\DZTBYPCN__Diapositiva130.JPG","69.7","Could not parse NFT number from filename"
"E2AEKM3B__Diapositiva121.JPG","E:\Zotero-organized-export\JPG-JPEG\Light Cult NFTs\E2AEKM3B__Diapositiva121.JPG","90.4","Could not parse NFT number from filename"
"E2AJPATT__Diapositiva329.JPG","E:\Zotero-organized-export\JPG-JPEG\Light Cult NFTs\E2AJPATT__Diapositiva329.JPG","123.8","Could not parse NFT number from filename"
"E3B5J3DB__Diapositiva953.JPG","E:\Zotero-organized-export\JPG-JPEG\Light Cult NFTs\E3B5J3DB__Diapositiva953.JPG","242.8","Could not parse NFT number from filename"
"E3HPHFZR__Diapositiva718.JPG","E:\Zotero-organized-export\JPG-JPEG\Light Cult NFTs\E3HPHFZR__Diapositiva718.JPG","112.8","Could not parse NFT number from filename"
"E3L9JZI2__Diapositiva448.JPG","E:\Zotero-organized-export\JPG-JPEG\Light Cult NFTs\E3L9JZI2__Diapositiva448.JPG","119.5","Could not parse NFT number from filename"
"E449FI36__Diapositiva976.JPG","E:\Zotero-organized-export\JPG-JPEG\Light Cult NFTs\E449FI36__Diapositiva976.JPG","84.9","Could not parse NFT number from filename"
"E59HBZRR__Diapositiva172.JPG","E:\Zotero-organized-export\JPG-JPEG\Light Cult NFTs\E59HBZRR__Diapositiva172.JPG","94.9","Could not parse NFT number from filename"
"E5NALGY2__Diapositiva807.JPG","E:\Zotero-organized-export\JPG-JPEG\Light Cult NFTs\E5NALGY2__Diapositiva807.JPG","76.6","Could not parse NFT number from filename"
"E5PZBV4X__Diapositiva583.JPG","E:\Zotero-organized-export\JPG-JPEG\Light Cult NFTs\E5PZBV4X__Diapositiva583.JPG","76.8","Could not parse NFT number from filename"
"E6ENT5VP__Diapositiva920.JPG","E:\Zotero-organized-export\JPG-JPEG\Light Cult NFTs\E6ENT5VP__Diapositiva920.JPG","60.7","Could not parse NFT number from filename"
"E6FHIGHE__Diapositiva35.JPG","E:\Zotero-organized-export\JPG-JPEG\Light Cult NFTs\E6FHIGHE__Diapositiva35.JPG","40","Could not parse NFT number from filename"
"E6FVEKZY__Diapositiva989.JPG","E:\Zotero-organized-export\JPG-JPEG\Light Cult NFTs\E6FVEKZY__Diapositiva989.JPG","48.6","Could not parse NFT number from filename"
"E6IK5N52__Diapositiva344.JPG","E:\Zotero-organized-export\JPG-JPEG\Light Cult NFTs\E6IK5N52__Diapositiva344.JPG","148.1","Could not parse NFT number from filename"
"E6KFHC6A__Diapositiva58.JPG","E:\Zotero-organized-export\JPG-JPEG\Light Cult NFTs\E6KFHC6A__Diapositiva58.JPG","146.8","Could not parse NFT number from filename"
"E8EQT9SD__Diapositiva547.JPG","E:\Zotero-organized-export\JPG-JPEG\Light Cult NFTs\E8EQT9SD__Diapositiva547.JPG","125.8","Could not parse NFT number from filename"
"E8GLS955__Diapositiva420.JPG","E:\Zotero-organized-export\JPG-JPEG\Light Cult NFTs\E8GLS955__Diapositiva420.JPG","145.2","Could not parse NFT number from filename"
"E8JSAUTM__Diapositiva846.JPG","E:\Zotero-organized-export\JPG-JPEG\Light Cult NFTs\E8JSAUTM__Diapositiva846.JPG","141.5","Could not parse NFT number from filename"
"E93YJBAA__Diapositiva689.JPG","E:\Zotero-organized-export\JPG-JPEG\Light Cult NFTs\E93YJBAA__Diapositiva689.JPG","42.4","Could not parse NFT number from filename"
"E9JBGLWJ__Diapositiva46.JPG","E:\Zotero-organized-export\JPG-JPEG\Light Cult NFTs\E9JBGLWJ__Diapositiva46.JPG","75.6","Could not parse NFT number from filename"
"E9JWUDFW__Diapositiva701.JPG","E:\Zotero-organized-export\JPG-JPEG\Light Cult NFTs\E9JWUDFW__Diapositiva701.JPG","46.2","Could not parse NFT number from filename"
"EAK6I6BW__Diapositiva931.JPG","E:\Zotero-organized-export\JPG-JPEG\Light Cult NFTs\EAK6I6BW__Diapositiva931.JPG","71.9","Could not parse NFT number from filename"
"EAU24LRU__Diapositiva153.JPG","E:\Zotero-organized-export\JPG-JPEG\Light Cult NFTs\EAU24LRU__Diapositiva153.JPG","90.9","Could not parse NFT number from filename"
"EC9DERVG__Diapositiva881.JPG","E:\Zotero-organized-export\JPG-JPEG\Light Cult NFTs\EC9DERVG__Diapositiva881.JPG","43.6","Could not parse NFT number from filename"
"ECAZV5TY__Diapositiva412.JPG","E:\Zotero-organized-export\JPG-JPEG\Light Cult NFTs\ECAZV5TY__Diapositiva412.JPG","148.8","Could not parse NFT number from filename"
"ECGS64WP__Diapositiva263.JPG","E:\Zotero-organized-export\JPG-JPEG\Light Cult NFTs\ECGS64WP__Diapositiva263.JPG","44.5","Could not parse NFT number from filename"
"ECRRKJJI__Diapositiva530.JPG","E:\Zotero-organized-export\JPG-JPEG\Light Cult NFTs\ECRRKJJI__Diapositiva530.JPG","70.8","Could not parse NFT number from filename"
"ECVKQUV9__Diapositiva827.JPG","E:\Zotero-organized-export\JPG-JPEG\Light Cult NFTs\ECVKQUV9__Diapositiva827.JPG","114.9","Could not parse NFT number from filename"
"EDDGAJAM__Diapositiva289.JPG","E:\Zotero-organized-export\JPG-JPEG\Light Cult NFTs\EDDGAJAM__Diapositiva289.JPG","66.6","Could not parse NFT number from filename"
"EDL9MJF9__Diapositiva232.JPG","E:\Zotero-organized-export\JPG-JPEG\Light Cult NFTs\EDL9MJF9__Diapositiva232.JPG","134.5","Could not parse NFT number from filename"
"EDN4S7WA__Diapositiva248.JPG","E:\Zotero-organized-export\JPG-JPEG\Light Cult NFTs\EDN4S7WA__Diapositiva248.JPG","55.4","Could not parse NFT number from filename"
"EENIVZFW__Diapositiva287.JPG","E:\Zotero-organized-export\JPG-JPEG\Light Cult NFTs\EENIVZFW__Diapositiva287.JPG","76.4","Could not parse NFT number from filename"
"EENTWM6K__Diapositiva992.JPG","E:\Zotero-organized-export\JPG-JPEG\Light Cult NFTs\EENTWM6K__Diapositiva992.JPG","94","Could not parse NFT number from filename"
"EF94I73Z__Diapositiva356.JPG","E:\Zotero-organized-export\JPG-JPEG\Light Cult NFTs\EF94I73Z__Diapositiva356.JPG","119.5","Could not parse NFT number from filename"
"EFC3K3KA__Diapositiva767.JPG","E:\Zotero-organized-export\JPG-JPEG\Light Cult NFTs\EFC3K3KA__Diapositiva767.JPG","129.3","Could not parse NFT number from filename"
"EFTHHUZQ__Diapositiva485.JPG","E:\Zotero-organized-export\JPG-JPEG\Light Cult NFTs\EFTHHUZQ__Diapositiva485.JPG","83.8","Could not parse NFT number from filename"
"EGMHA2JG__Diapositiva91.JPG","E:\Zotero-organized-export\JPG-JPEG\Light Cult NFTs\EGMHA2JG__Diapositiva91.JPG","73.3","Could not parse NFT number from filename"
"EGNPY342__Diapositiva258.JPG","E:\Zotero-organized-export\JPG-JPEG\Light Cult NFTs\EGNPY342__Diapositiva258.JPG","47.8","Could not parse NFT number from filename"
"EGP7IBSC__Diapositiva336.JPG","E:\Zotero-organized-export\JPG-JPEG\Light Cult NFTs\EGP7IBSC__Diapositiva336.JPG","143.7","Could not parse NFT number from filename"
"EHV9M92N__Diapositiva247.JPG","E:\Zotero-organized-export\JPG-JPEG\Light Cult NFTs\EHV9M92N__Diapositiva247.JPG","157.4","Could not parse NFT number from filename"
"EIME5UBD__Diapositiva146.JPG","E:\Zotero-organized-export\JPG-JPEG\Light Cult NFTs\EIME5UBD__Diapositiva146.JPG","32.4","Could not parse NFT number from filename"
"EJK2YLFM__Diapositiva437.JPG","E:\Zotero-organized-export\JPG-JPEG\Light Cult NFTs\EJK2YLFM__Diapositiva437.JPG","68.3","Could not parse NFT number from filename"
"EKP8VC4E__Diapositiva402.JPG","E:\Zotero-organized-export\JPG-JPEG\Light Cult NFTs\EKP8VC4E__Diapositiva402.JPG","87.1","Could not parse NFT number from filename"
"EKUJJI4X__Diapositiva775.JPG","E:\Zotero-organized-export\JPG-JPEG\Light Cult NFTs\EKUJJI4X__Diapositiva775.JPG","49.9","Could not parse NFT number from filename"
"ELE6FY8I__Diapositiva38.JPG","E:\Zotero-organized-export\JPG-JPEG\Light Cult NFTs\ELE6FY8I__Diapositiva38.JPG","130.7","Could not parse NFT number from filename"
"ELV6M3F2__Diapositiva895.JPG","E:\Zotero-organized-export\JPG-JPEG\Light Cult NFTs\ELV6M3F2__Diapositiva895.JPG","46.5","Could not parse NFT number from filename"
"EMDGA32G__Diapositiva632.JPG","E:\Zotero-organized-export\JPG-JPEG\Light Cult NFTs\EMDGA32G__Diapositiva632.JPG","44.8","Could not parse NFT number from filename"
"EMN96GPK__Diapositiva858.JPG","E:\Zotero-organized-export\JPG-JPEG\Light Cult NFTs\EMN96GPK__Diapositiva858.JPG","64.4","Could not parse NFT number from filename"
"EMUASW6Z__Diapositiva789.JPG","E:\Zotero-organized-export\JPG-JPEG\Light Cult NFTs\EMUASW6Z__Diapositiva789.JPG","56.4","Could not parse NFT number from filename"
"EMXZYN2J__Diapositiva754.JPG","E:\Zotero-organized-export\JPG-JPEG\Light Cult NFTs\EMXZYN2J__Diapositiva754.JPG","59.8","Could not parse NFT number from filename"
"EN8SMXXU__Diapositiva137.JPG","E:\Zotero-organized-export\JPG-JPEG\Light Cult NFTs\EN8SMXXU__Diapositiva137.JPG","58.1","Could not parse NFT number from filename"
"ENXFI7YI__Diapositiva182.JPG","E:\Zotero-organized-export\JPG-JPEG\Light Cult NFTs\ENXFI7YI__Diapositiva182.JPG","114","Could not parse NFT number from filename"
"EPJR6RFG__Diapositiva77.JPG","E:\Zotero-organized-export\JPG-JPEG\Light Cult NFTs\EPJR6RFG__Diapositiva77.JPG","121.3","Could not parse NFT number from filename"
"EPKTM8Y4__Diapositiva426.JPG","E:\Zotero-organized-export\JPG-JPEG\Light Cult NFTs\EPKTM8Y4__Diapositiva426.JPG","145","Could not parse NFT number from filename"
"EQK7C66D__Diapositiva35.JPG","E:\Zotero-organized-export\JPG-JPEG\Light Cult NFTs\EQK7C66D__Diapositiva35.JPG","140.6","Could not parse NFT number from filename"
"ER8Z8GIB__Diapositiva354.JPG","E:\Zotero-organized-export\JPG-JPEG\Light Cult NFTs\ER8Z8GIB__Diapositiva354.JPG","114.4","Could not parse NFT number from filename"
"ERUCZJMS__Diapositiva447.JPG","E:\Zotero-organized-export\JPG-JPEG\Light Cult NFTs\ERUCZJMS__Diapositiva447.JPG","77.2","Could not parse NFT number from filename"
"ESKU8YRB__Diapositiva619.JPG","E:\Zotero-organized-export\JPG-JPEG\Light Cult NFTs\ESKU8YRB__Diapositiva619.JPG","110.5","Could not parse NFT number from filename"
"ESYN52MW__Diapositiva33.JPG","E:\Zotero-organized-export\JPG-JPEG\Light Cult NFTs\ESYN52MW__Diapositiva33.JPG","61.4","Could not parse NFT number from filename"
"ET59B9F3__Diapositiva312.JPG","E:\Zotero-organized-export\JPG-JPEG\Light Cult NFTs\ET59B9F3__Diapositiva312.JPG","117.8","Could not parse NFT number from filename"
"ET6YJD3X__Diapositiva424.JPG","E:\Zotero-organized-export\JPG-JPEG\Light Cult NFTs\ET6YJD3X__Diapositiva424.JPG","59.5","Could not parse NFT number from filename"
"EUENHWXS__Diapositiva105.JPG","E:\Zotero-organized-export\JPG-JPEG\Light Cult NFTs\EUENHWXS__Diapositiva105.JPG","136.4","Could not parse NFT number from filename"
"EUFN7H4F__Diapositiva109.JPG","E:\Zotero-organized-export\JPG-JPEG\Light Cult NFTs\EUFN7H4F__Diapositiva109.JPG","113.3","Could not parse NFT number from filename"
"EUT2J7BS__Diapositiva68.JPG","E:\Zotero-organized-export\JPG-JPEG\Light Cult NFTs\EUT2J7BS__Diapositiva68.JPG","59.7","Could not parse NFT number from filename"
"EUTC29UC__Diapositiva884.JPG","E:\Zotero-organized-export\JPG-JPEG\Light Cult NFTs\EUTC29UC__Diapositiva884.JPG","134","Could not parse NFT number from filename"
"EVU5JDFY__Diapositiva42.JPG","E:\Zotero-organized-export\JPG-JPEG\Light Cult NFTs\EVU5JDFY__Diapositiva42.JPG","53.7","Could not parse NFT number from filename"
"EW6AMAA8__Diapositiva566.JPG","E:\Zotero-organized-export\JPG-JPEG\Light Cult NFTs\EW6AMAA8__Diapositiva566.JPG","117.6","Could not parse NFT number from filename"
"EW8GFVNQ__Diapositiva382.JPG","E:\Zotero-organized-export\JPG-JPEG\Light Cult NFTs\EW8GFVNQ__Diapositiva382.JPG","123.4","Could not parse NFT number from filename"
"EWDA8WN5__Diapositiva443.JPG","E:\Zotero-organized-export\JPG-JPEG\Light Cult NFTs\EWDA8WN5__Diapositiva443.JPG","60.9","Could not parse NFT number from filename"
"EX3D3BIA__Diapositiva825.JPG","E:\Zotero-organized-export\JPG-JPEG\Light Cult NFTs\EX3D3BIA__Diapositiva825.JPG","73","Could not parse NFT number from filename"
"EXS6NEW8__Diapositiva644.JPG","E:\Zotero-organized-export\JPG-JPEG\Light Cult NFTs\EXS6NEW8__Diapositiva644.JPG","112.4","Could not parse NFT number from filename"
"EXU8MXH6__Diapositiva903.JPG","E:\Zotero-organized-export\JPG-JPEG\Light Cult NFTs\EXU8MXH6__Diapositiva903.JPG","52.6","Could not parse NFT number from filename"
"EZ4QQ595__Diapositiva358.JPG","E:\Zotero-organized-export\JPG-JPEG\Light Cult NFTs\EZ4QQ595__Diapositiva358.JPG","121.1","Could not parse NFT number from filename"
"EZ66AZ9H__Diapositiva280.JPG","E:\Zotero-organized-export\JPG-JPEG\Light Cult NFTs\EZ66AZ9H__Diapositiva280.JPG","82.6","Could not parse NFT number from filename"
"EZ9YVWSG__Diapositiva834.JPG","E:\Zotero-organized-export\JPG-JPEG\Light Cult NFTs\EZ9YVWSG__Diapositiva834.JPG","58.3","Could not parse NFT number from filename"
"EZAQHLUV__Diapositiva952.JPG","E:\Zotero-organized-export\JPG-JPEG\Light Cult NFTs\EZAQHLUV__Diapositiva952.JPG","43.6","Could not parse NFT number from filename"
"EZBJRNAL__Diapositiva763.JPG","E:\Zotero-organized-export\JPG-JPEG\Light Cult NFTs\EZBJRNAL__Diapositiva763.JPG","71.1","Could not parse NFT number from filename"
"EZBYXJ64__Diapositiva524.JPG","E:\Zotero-organized-export\JPG-JPEG\Light Cult NFTs\EZBYXJ64__Diapositiva524.JPG","111","Could not parse NFT number from filename"
"EZMGHPCD__Diapositiva741.JPG","E:\Zotero-organized-export\JPG-JPEG\Light Cult NFTs\EZMGHPCD__Diapositiva741.JPG","132.5","Could not parse NFT number from filename"
"EZPDFIWL__Diapositiva52.JPG","E:\Zotero-organized-export\JPG-JPEG\Light Cult NFTs\EZPDFIWL__Diapositiva52.JPG","78.5","Could not parse NFT number from filename"
"EZTMIXP7__Diapositiva820.JPG","E:\Zotero-organized-export\JPG-JPEG\Light Cult NFTs\EZTMIXP7__Diapositiva820.JPG","132.3","Could not parse NFT number from filename"
"F22PTHEI__Diapositiva124.JPG","E:\Zotero-organized-export\JPG-JPEG\Light Cult NFTs\F22PTHEI__Diapositiva124.JPG","164","Could not parse NFT number from filename"
"F2RTYJEN__Diapositiva584.JPG","E:\Zotero-organized-export\JPG-JPEG\Light Cult NFTs\F2RTYJEN__Diapositiva584.JPG","61.4","Could not parse NFT number from filename"
"F2V3Z3PY__Diapositiva61.JPG","E:\Zotero-organized-export\JPG-JPEG\Light Cult NFTs\F2V3Z3PY__Diapositiva61.JPG","109.9","Could not parse NFT number from filename"
"F346H9TC__Diapositiva112.JPG","E:\Zotero-organized-export\JPG-JPEG\Light Cult NFTs\F346H9TC__Diapositiva112.JPG","144.1","Could not parse NFT number from filename"
"F4FHWSZ7__Diapositiva275.JPG","E:\Zotero-organized-export\JPG-JPEG\Light Cult NFTs\F4FHWSZ7__Diapositiva275.JPG","64.6","Could not parse NFT number from filename"
"F4V4VZGM__Diapositiva548.JPG","E:\Zotero-organized-export\JPG-JPEG\Light Cult NFTs\F4V4VZGM__Diapositiva548.JPG","47.1","Could not parse NFT number from filename"
"F4WIMB93__Diapositiva742.JPG","E:\Zotero-organized-export\JPG-JPEG\Light Cult NFTs\F4WIMB93__Diapositiva742.JPG","122","Could not parse NFT number from filename"
"F5BEKCZ2__Diapositiva218.JPG","E:\Zotero-organized-export\JPG-JPEG\Light Cult NFTs\F5BEKCZ2__Diapositiva218.JPG","55.5","Could not parse NFT number from filename"
"F5HFMVC3__Diapositiva709.JPG","E:\Zotero-organized-export\JPG-JPEG\Light Cult NFTs\F5HFMVC3__Diapositiva709.JPG","72.5","Could not parse NFT number from filename"
"F5HXY6RQ__Diapositiva798.JPG","E:\Zotero-organized-export\JPG-JPEG\Light Cult NFTs\F5HXY6RQ__Diapositiva798.JPG","95.9","Could not parse NFT number from filename"
"F5KEFRJ8__Diapositiva144.JPG","E:\Zotero-organized-export\JPG-JPEG\Light Cult NFTs\F5KEFRJ8__Diapositiva144.JPG","118.2","Could not parse NFT number from filename"
"F5NSBI47__Diapositiva931.JPG","E:\Zotero-organized-export\JPG-JPEG\Light Cult NFTs\F5NSBI47__Diapositiva931.JPG","93.4","Could not parse NFT number from filename"
"F6XR77LI__Diapositiva303.JPG","E:\Zotero-organized-export\JPG-JPEG\Light Cult NFTs\F6XR77LI__Diapositiva303.JPG","53.4","Could not parse NFT number from filename"
"F7HQ4C5V__Diapositiva747.JPG","E:\Zotero-organized-export\JPG-JPEG\Light Cult NFTs\F7HQ4C5V__Diapositiva747.JPG","44.7","Could not parse NFT number from filename"
"F7U2YWGG__Diapositiva869.JPG","E:\Zotero-organized-export\JPG-JPEG\Light Cult NFTs\F7U2YWGG__Diapositiva869.JPG","100.1","Could not parse NFT number from filename"
"F7XSCKY4__Diapositiva566.JPG","E:\Zotero-organized-export\JPG-JPEG\Light Cult NFTs\F7XSCKY4__Diapositiva566.JPG","93.3","Could not parse NFT number from filename"
"F8GNDMTC__Diapositiva64.JPG","E:\Zotero-organized-export\JPG-JPEG\Light Cult NFTs\F8GNDMTC__Diapositiva64.JPG","80.4","Could not parse NFT number from filename"
"F983FBHT__Diapositiva521.JPG","E:\Zotero-organized-export\JPG-JPEG\Light Cult NFTs\F983FBHT__Diapositiva521.JPG","56.7","Could not parse NFT number from filename"
"F9R7YN6H__Diapositiva509.JPG","E:\Zotero-organized-export\JPG-JPEG\Light Cult NFTs\F9R7YN6H__Diapositiva509.JPG","51.8","Could not parse NFT number from filename"
"F9S84HLV__Diapositiva687.JPG","E:\Zotero-organized-export\JPG-JPEG\Light Cult NFTs\F9S84HLV__Diapositiva687.JPG","41.4","Could not parse NFT number from filename"
"FA9D7KBL__Diapositiva463.JPG","E:\Zotero-organized-export\JPG-JPEG\Light Cult NFTs\FA9D7KBL__Diapositiva463.JPG","32.4","Could not parse NFT number from filename"
"FAAYVEUH__Diapositiva347.JPG","E:\Zotero-organized-export\JPG-JPEG\Light Cult NFTs\FAAYVEUH__Diapositiva347.JPG","59.9","Could not parse NFT number from filename"
"FAHH7WZ9__Diapositiva5.JPG","E:\Zotero-organized-export\JPG-JPEG\Light Cult NFTs\FAHH7WZ9__Diapositiva5.JPG","132.9","Could not parse NFT number from filename"
"FANQ44NR__Diapositiva44.JPG","E:\Zotero-organized-export\JPG-JPEG\Light Cult NFTs\FANQ44NR__Diapositiva44.JPG","105.6","Could not parse NFT number from filename"
"FB56ZGAD__Diapositiva942.JPG","E:\Zotero-organized-export\JPG-JPEG\Light Cult NFTs\FB56ZGAD__Diapositiva942.JPG","85.6","Could not parse NFT number from filename"
"FBAE4N8N__Diapositiva370.JPG","E:\Zotero-organized-export\JPG-JPEG\Light Cult NFTs\FBAE4N8N__Diapositiva370.JPG","44.2","Could not parse NFT number from filename"
"FBCJEQPR__Diapositiva630.JPG","E:\Zotero-organized-export\JPG-JPEG\Light Cult NFTs\FBCJEQPR__Diapositiva630.JPG","133","Could not parse NFT number from filename"
"FBIQEX7Y__Diapositiva71.JPG","E:\Zotero-organized-export\JPG-JPEG\Light Cult NFTs\FBIQEX7Y__Diapositiva71.JPG","58.6","Could not parse NFT number from filename"
"FBMMEEF4__Diapositiva703.JPG","E:\Zotero-organized-export\JPG-JPEG\Light Cult NFTs\FBMMEEF4__Diapositiva703.JPG","131.6","Could not parse NFT number from filename"
"FBNBEUJW__Diapositiva950.JPG","E:\Zotero-organized-export\JPG-JPEG\Light Cult NFTs\FBNBEUJW__Diapositiva950.JPG","147.9","Could not parse NFT number from filename"
"FBRHWLNE__Diapositiva483.JPG","E:\Zotero-organized-export\JPG-JPEG\Light Cult NFTs\FBRHWLNE__Diapositiva483.JPG","84.6","Could not parse NFT number from filename"
"FCB6SENW__Diapositiva881.JPG","E:\Zotero-organized-export\JPG-JPEG\Light Cult NFTs\FCB6SENW__Diapositiva881.JPG","107.5","Could not parse NFT number from filename"
"FDN55ADJ__Diapositiva155.JPG","E:\Zotero-organized-export\JPG-JPEG\Light Cult NFTs\FDN55ADJ__Diapositiva155.JPG","141.8","Could not parse NFT number from filename"
"FDN953PX__Diapositiva836.JPG","E:\Zotero-organized-export\JPG-JPEG\Light Cult NFTs\FDN953PX__Diapositiva836.JPG","40.4","Could not parse NFT number from filename"
"FDNFKK29__Diapositiva560.JPG","E:\Zotero-organized-export\JPG-JPEG\Light Cult NFTs\FDNFKK29__Diapositiva560.JPG","71.1","Could not parse NFT number from filename"
"FDNHB4EW__Diapositiva162.JPG","E:\Zotero-organized-export\JPG-JPEG\Light Cult NFTs\FDNHB4EW__Diapositiva162.JPG","64","Could not parse NFT number from filename"
"FDURDFIT__Diapositiva150.JPG","E:\Zotero-organized-export\JPG-JPEG\Light Cult NFTs\FDURDFIT__Diapositiva150.JPG","47.7","Could not parse NFT number from filename"
"FEJ9KRT5__Diapositiva94.JPG","E:\Zotero-organized-export\JPG-JPEG\Light Cult NFTs\FEJ9KRT5__Diapositiva94.JPG","106.6","Could not parse NFT number from filename"
"FENG48QQ__Diapositiva367.JPG","E:\Zotero-organized-export\JPG-JPEG\Light Cult NFTs\FENG48QQ__Diapositiva367.JPG","64.9","Could not parse NFT number from filename"
"FERWYIPG__Diapositiva531.JPG","E:\Zotero-organized-export\JPG-JPEG\Light Cult NFTs\FERWYIPG__Diapositiva531.JPG","113.2","Could not parse NFT number from filename"
"FESZ8N7G__Diapositiva796.JPG","E:\Zotero-organized-export\JPG-JPEG\Light Cult NFTs\FESZ8N7G__Diapositiva796.JPG","143.2","Could not parse NFT number from filename"
"FFJRBS98__Diapositiva122.JPG","E:\Zotero-organized-export\JPG-JPEG\Light Cult NFTs\FFJRBS98__Diapositiva122.JPG","67.8","Could not parse NFT number from filename"
"FGSG4U9I__Diapositiva977.JPG","E:\Zotero-organized-export\JPG-JPEG\Light Cult NFTs\FGSG4U9I__Diapositiva977.JPG","27.7","Could not parse NFT number from filename"
"FIA8RDU9__Diapositiva203.JPG","E:\Zotero-organized-export\JPG-JPEG\Light Cult NFTs\FIA8RDU9__Diapositiva203.JPG","105.3","Could not parse NFT number from filename"
"FISW2MA8__Diapositiva747.JPG","E:\Zotero-organized-export\JPG-JPEG\Light Cult NFTs\FISW2MA8__Diapositiva747.JPG","140.4","Could not parse NFT number from filename"
"FISYEPLG__Diapositiva219.JPG","E:\Zotero-organized-export\JPG-JPEG\Light Cult NFTs\FISYEPLG__Diapositiva219.JPG","57.5","Could not parse NFT number from filename"
"FJBKQQ2A__Diapositiva153.JPG","E:\Zotero-organized-export\JPG-JPEG\Light Cult NFTs\FJBKQQ2A__Diapositiva153.JPG","53.8","Could not parse NFT number from filename"
"FJM4C9NB__Diapositiva115.JPG","E:\Zotero-organized-export\JPG-JPEG\Light Cult NFTs\FJM4C9NB__Diapositiva115.JPG","71.7","Could not parse NFT number from filename"
"FJUFDCST__Diapositiva707.JPG","E:\Zotero-organized-export\JPG-JPEG\Light Cult NFTs\FJUFDCST__Diapositiva707.JPG","124.5","Could not parse NFT number from filename"
"FL23TX2L__Diapositiva473.JPG","E:\Zotero-organized-export\JPG-JPEG\Light Cult NFTs\FL23TX2L__Diapositiva473.JPG","121.7","Could not parse NFT number from filename"
"FLG85PQC__Diapositiva712.JPG","E:\Zotero-organized-export\JPG-JPEG\Light Cult NFTs\FLG85PQC__Diapositiva712.JPG","102.5","Could not parse NFT number from filename"
"FLWJPSXI__Diapositiva589.JPG","E:\Zotero-organized-export\JPG-JPEG\Light Cult NFTs\FLWJPSXI__Diapositiva589.JPG","123.6","Could not parse NFT number from filename"
"FLYPFYPL__Diapositiva874.JPG","E:\Zotero-organized-export\JPG-JPEG\Light Cult NFTs\FLYPFYPL__Diapositiva874.JPG","115.1","Could not parse NFT number from filename"
"FMU4QXVK__Diapositiva553.JPG","E:\Zotero-organized-export\JPG-JPEG\Light Cult NFTs\FMU4QXVK__Diapositiva553.JPG","112.2","Could not parse NFT number from filename"
"FMXH39BW__Diapositiva460.JPG","E:\Zotero-organized-export\JPG-JPEG\Light Cult NFTs\FMXH39BW__Diapositiva460.JPG","64.7","Could not parse NFT number from filename"
"FNR8I9EA__Diapositiva500.JPG","E:\Zotero-organized-export\JPG-JPEG\Light Cult NFTs\FNR8I9EA__Diapositiva500.JPG","149.6","Could not parse NFT number from filename"
"FP3E8E53__Diapositiva101.JPG","E:\Zotero-organized-export\JPG-JPEG\Light Cult NFTs\FP3E8E53__Diapositiva101.JPG","134.5","Could not parse NFT number from filename"
"FQLK3HA8__Diapositiva515.JPG","E:\Zotero-organized-export\JPG-JPEG\Light Cult NFTs\FQLK3HA8__Diapositiva515.JPG","75.1","Could not parse NFT number from filename"
"FR7PJPCX__Diapositiva693.JPG","E:\Zotero-organized-export\JPG-JPEG\Light Cult NFTs\FR7PJPCX__Diapositiva693.JPG","85.8","Could not parse NFT number from filename"
"FS24424B__Diapositiva358.JPG","E:\Zotero-organized-export\JPG-JPEG\Light Cult NFTs\FS24424B__Diapositiva358.JPG","117","Could not parse NFT number from filename"
"FSWWR2PE__Diapositiva154.JPG","E:\Zotero-organized-export\JPG-JPEG\Light Cult NFTs\FSWWR2PE__Diapositiva154.JPG","64.6","Could not parse NFT number from filename"
"FTH756D9__Diapositiva779.JPG","E:\Zotero-organized-export\JPG-JPEG\Light Cult NFTs\FTH756D9__Diapositiva779.JPG","94.9","Could not parse NFT number from filename"
"FTRP7B8D__Diapositiva855.JPG","E:\Zotero-organized-export\JPG-JPEG\Light Cult NFTs\FTRP7B8D__Diapositiva855.JPG","162.6","Could not parse NFT number from filename"
"FTTA5ZCW__Diapositiva201.JPG","E:\Zotero-organized-export\JPG-JPEG\Light Cult NFTs\FTTA5ZCW__Diapositiva201.JPG","117.8","Could not parse NFT number from filename"
"FUBT4ZYU__Diapositiva276.JPG","E:\Zotero-organized-export\JPG-JPEG\Light Cult NFTs\FUBT4ZYU__Diapositiva276.JPG","88.7","Could not parse NFT number from filename"
"FV58XE8U__Diapositiva385.JPG","E:\Zotero-organized-export\JPG-JPEG\Light Cult NFTs\FV58XE8U__Diapositiva385.JPG","68.1","Could not parse NFT number from filename"
"FVEAQLNP__Diapositiva440.JPG","E:\Zotero-organized-export\JPG-JPEG\Light Cult NFTs\FVEAQLNP__Diapositiva440.JPG","59.7","Could not parse NFT number from filename"
"FVIHA43W__Diapositiva179.JPG","E:\Zotero-organized-export\JPG-JPEG\Light Cult NFTs\FVIHA43W__Diapositiva179.JPG","116.5","Could not parse NFT number from filename"
"FVV3AN52__Diapositiva146.JPG","E:\Zotero-organized-export\JPG-JPEG\Light Cult NFTs\FVV3AN52__Diapositiva146.JPG","133.8","Could not parse NFT number from filename"
"FVW5Q45H__Diapositiva584.JPG","E:\Zotero-organized-export\JPG-JPEG\Light Cult NFTs\FVW5Q45H__Diapositiva584.JPG","55","Could not parse NFT number from filename"
"FX5AD35C__Diapositiva481.JPG","E:\Zotero-organized-export\JPG-JPEG\Light Cult NFTs\FX5AD35C__Diapositiva481.JPG","171.8","Could not parse NFT number from filename"
"FXA5Q5V4__Diapositiva500.JPG","E:\Zotero-organized-export\JPG-JPEG\Light Cult NFTs\FXA5Q5V4__Diapositiva500.JPG","157.9","Could not parse NFT number from filename"
"FXJ3UW82__Diapositiva209.JPG","E:\Zotero-organized-export\JPG-JPEG\Light Cult NFTs\FXJ3UW82__Diapositiva209.JPG","64.7","Could not parse NFT number from filename"
"FXMD9239__Diapositiva570.JPG","E:\Zotero-organized-export\JPG-JPEG\Light Cult NFTs\FXMD9239__Diapositiva570.JPG","34.1","Could not parse NFT number from filename"
"FXTUN9U7__Diapositiva53.JPG","E:\Zotero-organized-export\JPG-JPEG\Light Cult NFTs\FXTUN9U7__Diapositiva53.JPG","141.6","Could not parse NFT number from filename"
"FY3JIYHM__Diapositiva344.JPG","E:\Zotero-organized-export\JPG-JPEG\Light Cult NFTs\FY3JIYHM__Diapositiva344.JPG","62.4","Could not parse NFT number from filename"
"FYM5Y7XW__Diapositiva616.JPG","E:\Zotero-organized-export\JPG-JPEG\Light Cult NFTs\FYM5Y7XW__Diapositiva616.JPG","70.5","Could not parse NFT number from filename"
"FYNR2W7T__Diapositiva425.JPG","E:\Zotero-organized-export\JPG-JPEG\Light Cult NFTs\FYNR2W7T__Diapositiva425.JPG","67.9","Could not parse NFT number from filename"
"FYRL7IJ3__Diapositiva978.JPG","E:\Zotero-organized-export\JPG-JPEG\Light Cult NFTs\FYRL7IJ3__Diapositiva978.JPG","89.8","Could not parse NFT number from filename"
"FYT4IR2W__Diapositiva597.JPG","E:\Zotero-organized-export\JPG-JPEG\Light Cult NFTs\FYT4IR2W__Diapositiva597.JPG","120.1","Could not parse NFT number from filename"
"FZ63IMXV__Diapositiva633.JPG","E:\Zotero-organized-export\JPG-JPEG\Light Cult NFTs\FZ63IMXV__Diapositiva633.JPG","48","Could not parse NFT number from filename"
"G29TUC6F__Diapositiva653.JPG","E:\Zotero-organized-export\JPG-JPEG\Light Cult NFTs\G29TUC6F__Diapositiva653.JPG","127.2","Could not parse NFT number from filename"
"G2LPP2IL__Diapositiva337.JPG","E:\Zotero-organized-export\JPG-JPEG\Light Cult NFTs\G2LPP2IL__Diapositiva337.JPG","77.1","Could not parse NFT number from filename"
"G2LS47UQ__Diapositiva521.JPG","E:\Zotero-organized-export\JPG-JPEG\Light Cult NFTs\G2LS47UQ__Diapositiva521.JPG","96.2","Could not parse NFT number from filename"
"G37NTRNY__Diapositiva371.JPG","E:\Zotero-organized-export\JPG-JPEG\Light Cult NFTs\G37NTRNY__Diapositiva371.JPG","88","Could not parse NFT number from filename"
"G3IDGQ34__Diapositiva520.JPG","E:\Zotero-organized-export\JPG-JPEG\Light Cult NFTs\G3IDGQ34__Diapositiva520.JPG","161.5","Could not parse NFT number from filename"
"G4JEJY4C__Diapositiva273.JPG","E:\Zotero-organized-export\JPG-JPEG\Light Cult NFTs\G4JEJY4C__Diapositiva273.JPG","117.6","Could not parse NFT number from filename"
"G4QMHT8L__Diapositiva956.JPG","E:\Zotero-organized-export\JPG-JPEG\Light Cult NFTs\G4QMHT8L__Diapositiva956.JPG","62.1","Could not parse NFT number from filename"
"G4T2QWJD__Diapositiva261.JPG","E:\Zotero-organized-export\JPG-JPEG\Light Cult NFTs\G4T2QWJD__Diapositiva261.JPG","124.4","Could not parse NFT number from filename"
"G54DY6A8__Diapositiva908.JPG","E:\Zotero-organized-export\JPG-JPEG\Light Cult NFTs\G54DY6A8__Diapositiva908.JPG","191.5","Could not parse NFT number from filename"
"G55IQL84__Diapositiva99.JPG","E:\Zotero-organized-export\JPG-JPEG\Light Cult NFTs\G55IQL84__Diapositiva99.JPG","39.4","Could not parse NFT number from filename"
"G5AQWDXY__Diapositiva256.JPG","E:\Zotero-organized-export\JPG-JPEG\Light Cult NFTs\G5AQWDXY__Diapositiva256.JPG","49.7","Could not parse NFT number from filename"
"G676N63Q__Diapositiva745.JPG","E:\Zotero-organized-export\JPG-JPEG\Light Cult NFTs\G676N63Q__Diapositiva745.JPG","85.1","Could not parse NFT number from filename"
"G6CF7I72__Diapositiva288.JPG","E:\Zotero-organized-export\JPG-JPEG\Light Cult NFTs\G6CF7I72__Diapositiva288.JPG","77.8","Could not parse NFT number from filename"
"G6TPPUXA__Diapositiva812.JPG","E:\Zotero-organized-export\JPG-JPEG\Light Cult NFTs\G6TPPUXA__Diapositiva812.JPG","196.4","Could not parse NFT number from filename"
"G6UXR8ZP__Diapositiva712.JPG","E:\Zotero-organized-export\JPG-JPEG\Light Cult NFTs\G6UXR8ZP__Diapositiva712.JPG","61.8","Could not parse NFT number from filename"
"G7ESUWLS__Diapositiva724.JPG","E:\Zotero-organized-export\JPG-JPEG\Light Cult NFTs\G7ESUWLS__Diapositiva724.JPG","29","Could not parse NFT number from filename"
"G7R8SFYJ__Diapositiva623.JPG","E:\Zotero-organized-export\JPG-JPEG\Light Cult NFTs\G7R8SFYJ__Diapositiva623.JPG","116.6","Could not parse NFT number from filename"
"G7YR88DL__Diapositiva218.JPG","E:\Zotero-organized-export\JPG-JPEG\Light Cult NFTs\G7YR88DL__Diapositiva218.JPG","53.3","Could not parse NFT number from filename"
"G8CQ5HDC__Diapositiva681.JPG","E:\Zotero-organized-export\JPG-JPEG\Light Cult NFTs\G8CQ5HDC__Diapositiva681.JPG","102.9","Could not parse NFT number from filename"
"G8EG33UZ__Diapositiva535.JPG","E:\Zotero-organized-export\JPG-JPEG\Light Cult NFTs\G8EG33UZ__Diapositiva535.JPG","73.5","Could not parse NFT number from filename"
"G8GKIQZ6__Diapositiva481.JPG","E:\Zotero-organized-export\JPG-JPEG\Light Cult NFTs\G8GKIQZ6__Diapositiva481.JPG","136","Could not parse NFT number from filename"
"G8N2Y9SP__Diapositiva812.JPG","E:\Zotero-organized-export\JPG-JPEG\Light Cult NFTs\G8N2Y9SP__Diapositiva812.JPG","142.7","Could not parse NFT number from filename"
"G8V24G5F__Diapositiva758.JPG","E:\Zotero-organized-export\JPG-JPEG\Light Cult NFTs\G8V24G5F__Diapositiva758.JPG","125.9","Could not parse NFT number from filename"
"G9KJ4868__Diapositiva731.JPG","E:\Zotero-organized-export\JPG-JPEG\Light Cult NFTs\G9KJ4868__Diapositiva731.JPG","141","Could not parse NFT number from filename"
"GA2R9GYR__Diapositiva842.JPG","E:\Zotero-organized-export\JPG-JPEG\Light Cult NFTs\GA2R9GYR__Diapositiva842.JPG","121.9","Could not parse NFT number from filename"
"GAQPUL9Q__Diapositiva297.JPG","E:\Zotero-organized-export\JPG-JPEG\Light Cult NFTs\GAQPUL9Q__Diapositiva297.JPG","128.6","Could not parse NFT number from filename"
"GBU7MUW9__Diapositiva353.JPG","E:\Zotero-organized-export\JPG-JPEG\Light Cult NFTs\GBU7MUW9__Diapositiva353.JPG","37.3","Could not parse NFT number from filename"
"GCHB8P7U__Diapositiva125.JPG","E:\Zotero-organized-export\JPG-JPEG\Light Cult NFTs\GCHB8P7U__Diapositiva125.JPG","180.5","Could not parse NFT number from filename"
"GCSM38QX__Diapositiva814.JPG","E:\Zotero-organized-export\JPG-JPEG\Light Cult NFTs\GCSM38QX__Diapositiva814.JPG","69","Could not parse NFT number from filename"
"GD4GVAY6__Diapositiva125.JPG","E:\Zotero-organized-export\JPG-JPEG\Light Cult NFTs\GD4GVAY6__Diapositiva125.JPG","112.4","Could not parse NFT number from filename"
"GEGAMEVC__Diapositiva260.JPG","E:\Zotero-organized-export\JPG-JPEG\Light Cult NFTs\GEGAMEVC__Diapositiva260.JPG","41.9","Could not parse NFT number from filename"
"GESJ94PK__Diapositiva979.JPG","E:\Zotero-organized-export\JPG-JPEG\Light Cult NFTs\GESJ94PK__Diapositiva979.JPG","88.6","Could not parse NFT number from filename"
"GEVMM2MF__Diapositiva934.JPG","E:\Zotero-organized-export\JPG-JPEG\Light Cult NFTs\GEVMM2MF__Diapositiva934.JPG","98.6","Could not parse NFT number from filename"
"GF8WEA4G__Diapositiva891.JPG","E:\Zotero-organized-export\JPG-JPEG\Light Cult NFTs\GF8WEA4G__Diapositiva891.JPG","62.7","Could not parse NFT number from filename"
"GFA5B6X3__Diapositiva502.JPG","E:\Zotero-organized-export\JPG-JPEG\Light Cult NFTs\GFA5B6X3__Diapositiva502.JPG","87.3","Could not parse NFT number from filename"
"GFGZWCDJ__Diapositiva511.JPG","E:\Zotero-organized-export\JPG-JPEG\Light Cult NFTs\GFGZWCDJ__Diapositiva511.JPG","57.8","Could not parse NFT number from filename"
"GFKZGALJ__Diapositiva956.JPG","E:\Zotero-organized-export\JPG-JPEG\Light Cult NFTs\GFKZGALJ__Diapositiva956.JPG","156","Could not parse NFT number from filename"
"GFXBNWX6__Diapositiva835.JPG","E:\Zotero-organized-export\JPG-JPEG\Light Cult NFTs\GFXBNWX6__Diapositiva835.JPG","122.2","Could not parse NFT number from filename"
"GG3FWMCU__Diapositiva547.JPG","E:\Zotero-organized-export\JPG-JPEG\Light Cult NFTs\GG3FWMCU__Diapositiva547.JPG","106.1","Could not parse NFT number from filename"
"GGK95AVY__Diapositiva59.JPG","E:\Zotero-organized-export\JPG-JPEG\Light Cult NFTs\GGK95AVY__Diapositiva59.JPG","98.9","Could not parse NFT number from filename"
"GGMRKHLP__Diapositiva342.JPG","E:\Zotero-organized-export\JPG-JPEG\Light Cult NFTs\GGMRKHLP__Diapositiva342.JPG","103.2","Could not parse NFT number from filename"
"GGYJFN97__Diapositiva980.JPG","E:\Zotero-organized-export\JPG-JPEG\Light Cult NFTs\GGYJFN97__Diapositiva980.JPG","80.3","Could not parse NFT number from filename"
"GHU7BNPP__Diapositiva513.JPG","E:\Zotero-organized-export\JPG-JPEG\Light Cult NFTs\GHU7BNPP__Diapositiva513.JPG","132.1","Could not parse NFT number from filename"
"GIWMAVSI__Diapositiva882.JPG","E:\Zotero-organized-export\JPG-JPEG\Light Cult NFTs\GIWMAVSI__Diapositiva882.JPG","58.6","Could not parse NFT number from filename"
"GJ5SZF23__Diapositiva452.JPG","E:\Zotero-organized-export\JPG-JPEG\Light Cult NFTs\GJ5SZF23__Diapositiva452.JPG","84.3","Could not parse NFT number from filename"
"GJBHVDX2__Diapositiva459.JPG","E:\Zotero-organized-export\JPG-JPEG\Light Cult NFTs\GJBHVDX2__Diapositiva459.JPG","43.4","Could not parse NFT number from filename"
"GK9EP4QE__Diapositiva393.JPG","E:\Zotero-organized-export\JPG-JPEG\Light Cult NFTs\GK9EP4QE__Diapositiva393.JPG","133.9","Could not parse NFT number from filename"
"GKY2TNH7__Diapositiva108.JPG","E:\Zotero-organized-export\JPG-JPEG\Light Cult NFTs\GKY2TNH7__Diapositiva108.JPG","112.1","Could not parse NFT number from filename"
"GLCNKR8A__Diapositiva352.JPG","E:\Zotero-organized-export\JPG-JPEG\Light Cult NFTs\GLCNKR8A__Diapositiva352.JPG","68.7","Could not parse NFT number from filename"
"GLMNE5KX__Diapositiva609.JPG","E:\Zotero-organized-export\JPG-JPEG\Light Cult NFTs\GLMNE5KX__Diapositiva609.JPG","57.2","Could not parse NFT number from filename"
"GLYFP6RZ__Diapositiva461.JPG","E:\Zotero-organized-export\JPG-JPEG\Light Cult NFTs\GLYFP6RZ__Diapositiva461.JPG","108.5","Could not parse NFT number from filename"
"GM35679N__Diapositiva967.JPG","E:\Zotero-organized-export\JPG-JPEG\Light Cult NFTs\GM35679N__Diapositiva967.JPG","78.8","Could not parse NFT number from filename"
"GM3WYJZG__Diapositiva964.JPG","E:\Zotero-organized-export\JPG-JPEG\Light Cult NFTs\GM3WYJZG__Diapositiva964.JPG","140","Could not parse NFT number from filename"
"GMA22UW9__Diapositiva183.JPG","E:\Zotero-organized-export\JPG-JPEG\Light Cult NFTs\GMA22UW9__Diapositiva183.JPG","82.6","Could not parse NFT number from filename"
"GMRJ646S__Diapositiva694.JPG","E:\Zotero-organized-export\JPG-JPEG\Light Cult NFTs\GMRJ646S__Diapositiva694.JPG","66.1","Could not parse NFT number from filename"
"GN3257A7__Diapositiva305.JPG","E:\Zotero-organized-export\JPG-JPEG\Light Cult NFTs\GN3257A7__Diapositiva305.JPG","55.9","Could not parse NFT number from filename"
"GN3Z2PHT__Diapositiva186.JPG","E:\Zotero-organized-export\JPG-JPEG\Light Cult NFTs\GN3Z2PHT__Diapositiva186.JPG","87.3","Could not parse NFT number from filename"
"GNU3WMFT__Diapositiva611.JPG","E:\Zotero-organized-export\JPG-JPEG\Light Cult NFTs\GNU3WMFT__Diapositiva611.JPG","58.2","Could not parse NFT number from filename"
"GNULHKN7__Diapositiva151.JPG","E:\Zotero-organized-export\JPG-JPEG\Light Cult NFTs\GNULHKN7__Diapositiva151.JPG","83.9","Could not parse NFT number from filename"
"GP7DZNI3__Diapositiva459.JPG","E:\Zotero-organized-export\JPG-JPEG\Light Cult NFTs\GP7DZNI3__Diapositiva459.JPG","84.1","Could not parse NFT number from filename"
"GPQWCZIL__Diapositiva898.JPG","E:\Zotero-organized-export\JPG-JPEG\Light Cult NFTs\GPQWCZIL__Diapositiva898.JPG","158.9","Could not parse NFT number from filename"
"GQGCISZQ__Diapositiva793.JPG","E:\Zotero-organized-export\JPG-JPEG\Light Cult NFTs\GQGCISZQ__Diapositiva793.JPG","48.4","Could not parse NFT number from filename"
"GQZNALKM__Diapositiva323.JPG","E:\Zotero-organized-export\JPG-JPEG\Light Cult NFTs\GQZNALKM__Diapositiva323.JPG","139","Could not parse NFT number from filename"
"GRNAQFDF__Diapositiva604.JPG","E:\Zotero-organized-export\JPG-JPEG\Light Cult NFTs\GRNAQFDF__Diapositiva604.JPG","45","Could not parse NFT number from filename"
"GRS8RW53__Diapositiva9.JPG","E:\Zotero-organized-export\JPG-JPEG\Light Cult NFTs\GRS8RW53__Diapositiva9.JPG","43","Could not parse NFT number from filename"
"GRWBL8W6__Diapositiva630.JPG","E:\Zotero-organized-export\JPG-JPEG\Light Cult NFTs\GRWBL8W6__Diapositiva630.JPG","68","Could not parse NFT number from filename"
"GSDIW584__Diapositiva83.JPG","E:\Zotero-organized-export\JPG-JPEG\Light Cult NFTs\GSDIW584__Diapositiva83.JPG","69.8","Could not parse NFT number from filename"
"GSNJAKFZ__Diapositiva158.JPG","E:\Zotero-organized-export\JPG-JPEG\Light Cult NFTs\GSNJAKFZ__Diapositiva158.JPG","122.9","Could not parse NFT number from filename"
"GT8MKI3P__Diapositiva953.JPG","E:\Zotero-organized-export\JPG-JPEG\Light Cult NFTs\GT8MKI3P__Diapositiva953.JPG","111.9","Could not parse NFT number from filename"
"GTXP9CQX__Diapositiva424.JPG","E:\Zotero-organized-export\JPG-JPEG\Light Cult NFTs\GTXP9CQX__Diapositiva424.JPG","79.5","Could not parse NFT number from filename"
"GU2KMMKS__Diapositiva961.JPG","E:\Zotero-organized-export\JPG-JPEG\Light Cult NFTs\GU2KMMKS__Diapositiva961.JPG","148.5","Could not parse NFT number from filename"
"GU9NNN26__Diapositiva882.JPG","E:\Zotero-organized-export\JPG-JPEG\Light Cult NFTs\GU9NNN26__Diapositiva882.JPG","132.3","Could not parse NFT number from filename"
"GV8EQMEY__Diapositiva865.JPG","E:\Zotero-organized-export\JPG-JPEG\Light Cult NFTs\GV8EQMEY__Diapositiva865.JPG","64.4","Could not parse NFT number from filename"
"GW2RKQBW__Diapositiva472.JPG","E:\Zotero-organized-export\JPG-JPEG\Light Cult NFTs\GW2RKQBW__Diapositiva472.JPG","76.1","Could not parse NFT number from filename"
"GWRATGJN__Diapositiva606.JPG","E:\Zotero-organized-export\JPG-JPEG\Light Cult NFTs\GWRATGJN__Diapositiva606.JPG","73","Could not parse NFT number from filename"
"GX4I2VEF__Diapositiva181.JPG","E:\Zotero-organized-export\JPG-JPEG\Light Cult NFTs\GX4I2VEF__Diapositiva181.JPG","130.9","Could not parse NFT number from filename"
"GXC272PK__Diapositiva972.JPG","E:\Zotero-organized-export\JPG-JPEG\Light Cult NFTs\GXC272PK__Diapositiva972.JPG","128.3","Could not parse NFT number from filename"
"GXCKXJUR__Diapositiva9.JPG","E:\Zotero-organized-export\JPG-JPEG\Light Cult NFTs\GXCKXJUR__Diapositiva9.JPG","116.1","Could not parse NFT number from filename"
"GXLW48A2__Diapositiva666.JPG","E:\Zotero-organized-export\JPG-JPEG\Light Cult NFTs\GXLW48A2__Diapositiva666.JPG","67.1","Could not parse NFT number from filename"
"GYCMU2S2__Diapositiva365.JPG","E:\Zotero-organized-export\JPG-JPEG\Light Cult NFTs\GYCMU2S2__Diapositiva365.JPG","37.4","Could not parse NFT number from filename"
"GYUDJCBF__Diapositiva686.JPG","E:\Zotero-organized-export\JPG-JPEG\Light Cult NFTs\GYUDJCBF__Diapositiva686.JPG","41.8","Could not parse NFT number from filename"
"GZ3SD8ZD__Diapositiva791.JPG","E:\Zotero-organized-export\JPG-JPEG\Light Cult NFTs\GZ3SD8ZD__Diapositiva791.JPG","131.4","Could not parse NFT number from filename"
"GZC9WHXP__Diapositiva82.JPG","E:\Zotero-organized-export\JPG-JPEG\Light Cult NFTs\GZC9WHXP__Diapositiva82.JPG","47.8","Could not parse NFT number from filename"
"H23CENDP__Diapositiva173.JPG","E:\Zotero-organized-export\JPG-JPEG\Light Cult NFTs\H23CENDP__Diapositiva173.JPG","53.8","Could not parse NFT number from filename"
"H2BF58SJ__Diapositiva628.JPG","E:\Zotero-organized-export\JPG-JPEG\Light Cult NFTs\H2BF58SJ__Diapositiva628.JPG","102.5","Could not parse NFT number from filename"
"H2W2456R__Diapositiva948.JPG","E:\Zotero-organized-export\JPG-JPEG\Light Cult NFTs\H2W2456R__Diapositiva948.JPG","66.6","Could not parse NFT number from filename"
"H3GEYQS9__Diapositiva830.JPG","E:\Zotero-organized-export\JPG-JPEG\Light Cult NFTs\H3GEYQS9__Diapositiva830.JPG","59.7","Could not parse NFT number from filename"
"H42Y6U34__Diapositiva715.JPG","E:\Zotero-organized-export\JPG-JPEG\Light Cult NFTs\H42Y6U34__Diapositiva715.JPG","176.7","Could not parse NFT number from filename"
"H4NR9N23__Diapositiva951.JPG","E:\Zotero-organized-export\JPG-JPEG\Light Cult NFTs\H4NR9N23__Diapositiva951.JPG","100.4","Could not parse NFT number from filename"
"H4NZBPZP__Diapositiva300.JPG","E:\Zotero-organized-export\JPG-JPEG\Light Cult NFTs\H4NZBPZP__Diapositiva300.JPG","58.9","Could not parse NFT number from filename"
"H5PMQ2UA__Diapositiva652.JPG","E:\Zotero-organized-export\JPG-JPEG\Light Cult NFTs\H5PMQ2UA__Diapositiva652.JPG","118.5","Could not parse NFT number from filename"
"H5RJ67CQ__Diapositiva970.JPG","E:\Zotero-organized-export\JPG-JPEG\Light Cult NFTs\H5RJ67CQ__Diapositiva970.JPG","127.8","Could not parse NFT number from filename"
"H5VDKUV9__Diapositiva993.JPG","E:\Zotero-organized-export\JPG-JPEG\Light Cult NFTs\H5VDKUV9__Diapositiva993.JPG","102.6","Could not parse NFT number from filename"
"H5W9ELHC__Diapositiva501.JPG","E:\Zotero-organized-export\JPG-JPEG\Light Cult NFTs\H5W9ELHC__Diapositiva501.JPG","103.5","Could not parse NFT number from filename"
"H6W8RTEM__Diapositiva204.JPG","E:\Zotero-organized-export\JPG-JPEG\Light Cult NFTs\H6W8RTEM__Diapositiva204.JPG","145.7","Could not parse NFT number from filename"
"H7JBEWCT__Diapositiva422.JPG","E:\Zotero-organized-export\JPG-JPEG\Light Cult NFTs\H7JBEWCT__Diapositiva422.JPG","73.2","Could not parse NFT number from filename"
"H7K7SR4G__Diapositiva366.JPG","E:\Zotero-organized-export\JPG-JPEG\Light Cult NFTs\H7K7SR4G__Diapositiva366.JPG","130.5","Could not parse NFT number from filename"
"H7UUFE9I__Diapositiva169.JPG","E:\Zotero-organized-export\JPG-JPEG\Light Cult NFTs\H7UUFE9I__Diapositiva169.JPG","95.2","Could not parse NFT number from filename"
"H7ZSVAJG__Diapositiva181.JPG","E:\Zotero-organized-export\JPG-JPEG\Light Cult NFTs\H7ZSVAJG__Diapositiva181.JPG","63.3","Could not parse NFT number from filename"
"H87TKBIA__Diapositiva588.JPG","E:\Zotero-organized-export\JPG-JPEG\Light Cult NFTs\H87TKBIA__Diapositiva588.JPG","146.5","Could not parse NFT number from filename"
"H9Y56CKA__Diapositiva568.JPG","E:\Zotero-organized-export\JPG-JPEG\Light Cult NFTs\H9Y56CKA__Diapositiva568.JPG","130.7","Could not parse NFT number from filename"
"HAZ68A67__Diapositiva634.JPG","E:\Zotero-organized-export\JPG-JPEG\Light Cult NFTs\HAZ68A67__Diapositiva634.JPG","78.3","Could not parse NFT number from filename"
"HBM9WB3L__Diapositiva558.JPG","E:\Zotero-organized-export\JPG-JPEG\Light Cult NFTs\HBM9WB3L__Diapositiva558.JPG","60.7","Could not parse NFT number from filename"
"HBZM5PVR__Diapositiva788.JPG","E:\Zotero-organized-export\JPG-JPEG\Light Cult NFTs\HBZM5PVR__Diapositiva788.JPG","104.6","Could not parse NFT number from filename"
"HCE2GTW8__Diapositiva630.JPG","E:\Zotero-organized-export\JPG-JPEG\Light Cult NFTs\HCE2GTW8__Diapositiva630.JPG","75.2","Could not parse NFT number from filename"
"HCZT27CM__Diapositiva991.JPG","E:\Zotero-organized-export\JPG-JPEG\Light Cult NFTs\HCZT27CM__Diapositiva991.JPG","78.4","Could not parse NFT number from filename"
"HDG8HA24__Diapositiva382.JPG","E:\Zotero-organized-export\JPG-JPEG\Light Cult NFTs\HDG8HA24__Diapositiva382.JPG","95.7","Could not parse NFT number from filename"
"HDKEW54B__Diapositiva663.JPG","E:\Zotero-organized-export\JPG-JPEG\Light Cult NFTs\HDKEW54B__Diapositiva663.JPG","133.2","Could not parse NFT number from filename"
"HDPI5FT2__Diapositiva480.JPG","E:\Zotero-organized-export\JPG-JPEG\Light Cult NFTs\HDPI5FT2__Diapositiva480.JPG","88.7","Could not parse NFT number from filename"
"HE5FCAPB__Diapositiva799.JPG","E:\Zotero-organized-export\JPG-JPEG\Light Cult NFTs\HE5FCAPB__Diapositiva799.JPG","87","Could not parse NFT number from filename"
"HEM6NREP__Diapositiva38.JPG","E:\Zotero-organized-export\JPG-JPEG\Light Cult NFTs\HEM6NREP__Diapositiva38.JPG","88","Could not parse NFT number from filename"
"HEYY5CDR__Diapositiva79.JPG","E:\Zotero-organized-export\JPG-JPEG\Light Cult NFTs\HEYY5CDR__Diapositiva79.JPG","121.8","Could not parse NFT number from filename"
"HF36TFKA__Diapositiva685.JPG","E:\Zotero-organized-export\JPG-JPEG\Light Cult NFTs\HF36TFKA__Diapositiva685.JPG","48.6","Could not parse NFT number from filename"
"HFCY9CBN__Diapositiva456.JPG","E:\Zotero-organized-export\JPG-JPEG\Light Cult NFTs\HFCY9CBN__Diapositiva456.JPG","63.1","Could not parse NFT number from filename"
"HFHL2BGT__Diapositiva903.JPG","E:\Zotero-organized-export\JPG-JPEG\Light Cult NFTs\HFHL2BGT__Diapositiva903.JPG","116.3","Could not parse NFT number from filename"
"HGEVXVBF__Diapositiva595.JPG","E:\Zotero-organized-export\JPG-JPEG\Light Cult NFTs\HGEVXVBF__Diapositiva595.JPG","88","Could not parse NFT number from filename"
"HGXIYURL__Diapositiva611.JPG","E:\Zotero-organized-export\JPG-JPEG\Light Cult NFTs\HGXIYURL__Diapositiva611.JPG","134.4","Could not parse NFT number from filename"
"HH3S3ERP__Diapositiva124.JPG","E:\Zotero-organized-export\JPG-JPEG\Light Cult NFTs\HH3S3ERP__Diapositiva124.JPG","82.6","Could not parse NFT number from filename"
"HHDPWFEW__Diapositiva448.JPG","E:\Zotero-organized-export\JPG-JPEG\Light Cult NFTs\HHDPWFEW__Diapositiva448.JPG","117.4","Could not parse NFT number from filename"
"HHEPCZ2K__Diapositiva886.JPG","E:\Zotero-organized-export\JPG-JPEG\Light Cult NFTs\HHEPCZ2K__Diapositiva886.JPG","40","Could not parse NFT number from filename"
"HHI943UG__Diapositiva16.JPG","E:\Zotero-organized-export\JPG-JPEG\Light Cult NFTs\HHI943UG__Diapositiva16.JPG","48.2","Could not parse NFT number from filename"
"HHUMWAG6__Diapositiva621.JPG","E:\Zotero-organized-export\JPG-JPEG\Light Cult NFTs\HHUMWAG6__Diapositiva621.JPG","129.2","Could not parse NFT number from filename"
"HI9NWZB4__Diapositiva72.JPG","E:\Zotero-organized-export\JPG-JPEG\Light Cult NFTs\HI9NWZB4__Diapositiva72.JPG","104.6","Could not parse NFT number from filename"
"HIC2B44A__Diapositiva940.JPG","E:\Zotero-organized-export\JPG-JPEG\Light Cult NFTs\HIC2B44A__Diapositiva940.JPG","125.9","Could not parse NFT number from filename"
"HJ5ATI8V__Diapositiva651.JPG","E:\Zotero-organized-export\JPG-JPEG\Light Cult NFTs\HJ5ATI8V__Diapositiva651.JPG","53.6","Could not parse NFT number from filename"
"HJSECFWU__Diapositiva416.JPG","E:\Zotero-organized-export\JPG-JPEG\Light Cult NFTs\HJSECFWU__Diapositiva416.JPG","77.4","Could not parse NFT number from filename"
"HK7IJEDK__Diapositiva160.JPG","E:\Zotero-organized-export\JPG-JPEG\Light Cult NFTs\HK7IJEDK__Diapositiva160.JPG","33.9","Could not parse NFT number from filename"
"HKISIRZ7__Diapositiva355.JPG","E:\Zotero-organized-export\JPG-JPEG\Light Cult NFTs\HKISIRZ7__Diapositiva355.JPG","64.7","Could not parse NFT number from filename"
"HKJQPTSS__Diapositiva271.JPG","E:\Zotero-organized-export\JPG-JPEG\Light Cult NFTs\HKJQPTSS__Diapositiva271.JPG","70.8","Could not parse NFT number from filename"
"HKN534U3__Diapositiva467.JPG","E:\Zotero-organized-export\JPG-JPEG\Light Cult NFTs\HKN534U3__Diapositiva467.JPG","41.3","Could not parse NFT number from filename"
"HL5CGPNW__Diapositiva465.JPG","E:\Zotero-organized-export\JPG-JPEG\Light Cult NFTs\HL5CGPNW__Diapositiva465.JPG","64.6","Could not parse NFT number from filename"
"HLPPQE46__Diapositiva354.JPG","E:\Zotero-organized-export\JPG-JPEG\Light Cult NFTs\HLPPQE46__Diapositiva354.JPG","129","Could not parse NFT number from filename"
"HLVT6NKL__Diapositiva115.JPG","E:\Zotero-organized-export\JPG-JPEG\Light Cult NFTs\HLVT6NKL__Diapositiva115.JPG","55.5","Could not parse NFT number from filename"
"HMDE2D6E__Diapositiva746.JPG","E:\Zotero-organized-export\JPG-JPEG\Light Cult NFTs\HMDE2D6E__Diapositiva746.JPG","95.5","Could not parse NFT number from filename"
"HMGFKBWJ__Diapositiva108.JPG","E:\Zotero-organized-export\JPG-JPEG\Light Cult NFTs\HMGFKBWJ__Diapositiva108.JPG","62.3","Could not parse NFT number from filename"
"HMIW4MSI__Diapositiva398.JPG","E:\Zotero-organized-export\JPG-JPEG\Light Cult NFTs\HMIW4MSI__Diapositiva398.JPG","93.1","Could not parse NFT number from filename"
"HMM9D4YU__Diapositiva133.JPG","E:\Zotero-organized-export\JPG-JPEG\Light Cult NFTs\HMM9D4YU__Diapositiva133.JPG","124.7","Could not parse NFT number from filename"
"HMZMNCNF__Diapositiva444.JPG","E:\Zotero-organized-export\JPG-JPEG\Light Cult NFTs\HMZMNCNF__Diapositiva444.JPG","97.4","Could not parse NFT number from filename"
"HN33WULJ__Diapositiva842.JPG","E:\Zotero-organized-export\JPG-JPEG\Light Cult NFTs\HN33WULJ__Diapositiva842.JPG","150.7","Could not parse NFT number from filename"
"HNM8WUCA__Diapositiva498.JPG","E:\Zotero-organized-export\JPG-JPEG\Light Cult NFTs\HNM8WUCA__Diapositiva498.JPG","122.2","Could not parse NFT number from filename"
"HNWDG6FF__Diapositiva503.JPG","E:\Zotero-organized-export\JPG-JPEG\Light Cult NFTs\HNWDG6FF__Diapositiva503.JPG","146","Could not parse NFT number from filename"
"HNX7KXRR__Diapositiva225.JPG","E:\Zotero-organized-export\JPG-JPEG\Light Cult NFTs\HNX7KXRR__Diapositiva225.JPG","38.6","Could not parse NFT number from filename"
"HNZR3HIK__Diapositiva346.JPG","E:\Zotero-organized-export\JPG-JPEG\Light Cult NFTs\HNZR3HIK__Diapositiva346.JPG","141.1","Could not parse NFT number from filename"
"HP2E9TUV__Diapositiva424.JPG","E:\Zotero-organized-export\JPG-JPEG\Light Cult NFTs\HP2E9TUV__Diapositiva424.JPG","143.9","Could not parse NFT number from filename"
"HP5UGEZ6__Diapositiva73.JPG","E:\Zotero-organized-export\JPG-JPEG\Light Cult NFTs\HP5UGEZ6__Diapositiva73.JPG","150.3","Could not parse NFT number from filename"
"HQHW9BU2__Diapositiva674.JPG","E:\Zotero-organized-export\JPG-JPEG\Light Cult NFTs\HQHW9BU2__Diapositiva674.JPG","61.5","Could not parse NFT number from filename"
"HSN94JQP__Diapositiva525.JPG","E:\Zotero-organized-export\JPG-JPEG\Light Cult NFTs\HSN94JQP__Diapositiva525.JPG","157.9","Could not parse NFT number from filename"
"HSZJ32JM__Diapositiva83.JPG","E:\Zotero-organized-export\JPG-JPEG\Light Cult NFTs\HSZJ32JM__Diapositiva83.JPG","45.3","Could not parse NFT number from filename"
"HTKCEXXZ__Diapositiva510.JPG","E:\Zotero-organized-export\JPG-JPEG\Light Cult NFTs\HTKCEXXZ__Diapositiva510.JPG","123.2","Could not parse NFT number from filename"
"HTSDPA7T__Diapositiva496.JPG","E:\Zotero-organized-export\JPG-JPEG\Light Cult NFTs\HTSDPA7T__Diapositiva496.JPG","142.2","Could not parse NFT number from filename"
"HU4P4Q2U__Diapositiva464.JPG","E:\Zotero-organized-export\JPG-JPEG\Light Cult NFTs\HU4P4Q2U__Diapositiva464.JPG","121.5","Could not parse NFT number from filename"
"HUJ5PUSU__Diapositiva179.JPG","E:\Zotero-organized-export\JPG-JPEG\Light Cult NFTs\HUJ5PUSU__Diapositiva179.JPG","59.8","Could not parse NFT number from filename"
"HUWQ4UUE__Diapositiva335.JPG","E:\Zotero-organized-export\JPG-JPEG\Light Cult NFTs\HUWQ4UUE__Diapositiva335.JPG","93","Could not parse NFT number from filename"
"HV3PPIGJ__Diapositiva679.JPG","E:\Zotero-organized-export\JPG-JPEG\Light Cult NFTs\HV3PPIGJ__Diapositiva679.JPG","152.1","Could not parse NFT number from filename"
"HVAZLM4R__Diapositiva12.JPG","E:\Zotero-organized-export\JPG-JPEG\Light Cult NFTs\HVAZLM4R__Diapositiva12.JPG","102.7","Could not parse NFT number from filename"
"HVKSHHL3__Diapositiva383.JPG","E:\Zotero-organized-export\JPG-JPEG\Light Cult NFTs\HVKSHHL3__Diapositiva383.JPG","134.5","Could not parse NFT number from filename"
"HWDN3935__Diapositiva761.JPG","E:\Zotero-organized-export\JPG-JPEG\Light Cult NFTs\HWDN3935__Diapositiva761.JPG","95.7","Could not parse NFT number from filename"
"HX4X6LJ7__Diapositiva317.JPG","E:\Zotero-organized-export\JPG-JPEG\Light Cult NFTs\HX4X6LJ7__Diapositiva317.JPG","53.8","Could not parse NFT number from filename"
"HXQBYM2H__Diapositiva478.JPG","E:\Zotero-organized-export\JPG-JPEG\Light Cult NFTs\HXQBYM2H__Diapositiva478.JPG","71.7","Could not parse NFT number from filename"
"HXUB4L3T__Diapositiva283.JPG","E:\Zotero-organized-export\JPG-JPEG\Light Cult NFTs\HXUB4L3T__Diapositiva283.JPG","68.2","Could not parse NFT number from filename"
"HYMGTVCA__Diapositiva474.JPG","E:\Zotero-organized-export\JPG-JPEG\Light Cult NFTs\HYMGTVCA__Diapositiva474.JPG","132.5","Could not parse NFT number from filename"
"HZBKPSP8__Diapositiva199.JPG","E:\Zotero-organized-export\JPG-JPEG\Light Cult NFTs\HZBKPSP8__Diapositiva199.JPG","40.4","Could not parse NFT number from filename"
"I2TR9M9U__Diapositiva69.JPG","E:\Zotero-organized-export\JPG-JPEG\Light Cult NFTs\I2TR9M9U__Diapositiva69.JPG","129.9","Could not parse NFT number from filename"
"I36GITYX__Diapositiva110.JPG","E:\Zotero-organized-export\JPG-JPEG\Light Cult NFTs\I36GITYX__Diapositiva110.JPG","86.9","Could not parse NFT number from filename"
"I3GEYYQ5__Diapositiva991.JPG","E:\Zotero-organized-export\JPG-JPEG\Light Cult NFTs\I3GEYYQ5__Diapositiva991.JPG","53.2","Could not parse NFT number from filename"
"I3YFWSYV__Diapositiva163.JPG","E:\Zotero-organized-export\JPG-JPEG\Light Cult NFTs\I3YFWSYV__Diapositiva163.JPG","82.6","Could not parse NFT number from filename"
"I4Y6H3Q9__Diapositiva304.JPG","E:\Zotero-organized-export\JPG-JPEG\Light Cult NFTs\I4Y6H3Q9__Diapositiva304.JPG","125.7","Could not parse NFT number from filename"
"I4ZHSQDT__Diapositiva609.JPG","E:\Zotero-organized-export\JPG-JPEG\Light Cult NFTs\I4ZHSQDT__Diapositiva609.JPG","129.1","Could not parse NFT number from filename"
"I5JB2UPT__Diapositiva490.JPG","E:\Zotero-organized-export\JPG-JPEG\Light Cult NFTs\I5JB2UPT__Diapositiva490.JPG","91","Could not parse NFT number from filename"
"I5SDGRJ8__Diapositiva582.JPG","E:\Zotero-organized-export\JPG-JPEG\Light Cult NFTs\I5SDGRJ8__Diapositiva582.JPG","117.7","Could not parse NFT number from filename"
"I667HKN8__Diapositiva25.JPG","E:\Zotero-organized-export\JPG-JPEG\Light Cult NFTs\I667HKN8__Diapositiva25.JPG","131.6","Could not parse NFT number from filename"
"I6D23I29__Diapositiva235.JPG","E:\Zotero-organized-export\JPG-JPEG\Light Cult NFTs\I6D23I29__Diapositiva235.JPG","42","Could not parse NFT number from filename"
"I6RVH4IB__Diapositiva564.JPG","E:\Zotero-organized-export\JPG-JPEG\Light Cult NFTs\I6RVH4IB__Diapositiva564.JPG","65.5","Could not parse NFT number from filename"
"I6Z8YVDC__Diapositiva958.JPG","E:\Zotero-organized-export\JPG-JPEG\Light Cult NFTs\I6Z8YVDC__Diapositiva958.JPG","118.4","Could not parse NFT number from filename"
"I84IBB5F__Diapositiva204.JPG","E:\Zotero-organized-export\JPG-JPEG\Light Cult NFTs\I84IBB5F__Diapositiva204.JPG","140.7","Could not parse NFT number from filename"
"I8M7ABNR__Diapositiva551.JPG","E:\Zotero-organized-export\JPG-JPEG\Light Cult NFTs\I8M7ABNR__Diapositiva551.JPG","137.7","Could not parse NFT number from filename"
"I8RSWZTL__Diapositiva230.JPG","E:\Zotero-organized-export\JPG-JPEG\Light Cult NFTs\I8RSWZTL__Diapositiva230.JPG","150.8","Could not parse NFT number from filename"
"I92Q2Q4G__Diapositiva759.JPG","E:\Zotero-organized-export\JPG-JPEG\Light Cult NFTs\I92Q2Q4G__Diapositiva759.JPG","85.3","Could not parse NFT number from filename"
"I9EL8SJE__Diapositiva45.JPG","E:\Zotero-organized-export\JPG-JPEG\Light Cult NFTs\I9EL8SJE__Diapositiva45.JPG","88.5","Could not parse NFT number from filename"
"IA66Q3LA__Diapositiva295.JPG","E:\Zotero-organized-export\JPG-JPEG\Light Cult NFTs\IA66Q3LA__Diapositiva295.JPG","143.7","Could not parse NFT number from filename"
"IBF7RXL9__Diapositiva760.JPG","E:\Zotero-organized-export\JPG-JPEG\Light Cult NFTs\IBF7RXL9__Diapositiva760.JPG","47.5","Could not parse NFT number from filename"
"ICCX6XBR__Diapositiva655.JPG","E:\Zotero-organized-export\JPG-JPEG\Light Cult NFTs\ICCX6XBR__Diapositiva655.JPG","60.3","Could not parse NFT number from filename"
"ID5EG9EV__Diapositiva327.JPG","E:\Zotero-organized-export\JPG-JPEG\Light Cult NFTs\ID5EG9EV__Diapositiva327.JPG","79.9","Could not parse NFT number from filename"
"IDB9GIQJ__Diapositiva259.JPG","E:\Zotero-organized-export\JPG-JPEG\Light Cult NFTs\IDB9GIQJ__Diapositiva259.JPG","117.9","Could not parse NFT number from filename"
"IDC7KGVJ__Diapositiva27.JPG","E:\Zotero-organized-export\JPG-JPEG\Light Cult NFTs\IDC7KGVJ__Diapositiva27.JPG","128.6","Could not parse NFT number from filename"
"IDHARKBS__Diapositiva590.JPG","E:\Zotero-organized-export\JPG-JPEG\Light Cult NFTs\IDHARKBS__Diapositiva590.JPG","71.7","Could not parse NFT number from filename"
"IDZ2AHDN__Diapositiva450.JPG","E:\Zotero-organized-export\JPG-JPEG\Light Cult NFTs\IDZ2AHDN__Diapositiva450.JPG","63","Could not parse NFT number from filename"
"IEI5Y64W__Diapositiva337.JPG","E:\Zotero-organized-export\JPG-JPEG\Light Cult NFTs\IEI5Y64W__Diapositiva337.JPG","170.5","Could not parse NFT number from filename"
"IENAJ2XG__Diapositiva546.JPG","E:\Zotero-organized-export\JPG-JPEG\Light Cult NFTs\IENAJ2XG__Diapositiva546.JPG","88.2","Could not parse NFT number from filename"
"IEXXQ82D__Diapositiva57.JPG","E:\Zotero-organized-export\JPG-JPEG\Light Cult NFTs\IEXXQ82D__Diapositiva57.JPG","83","Could not parse NFT number from filename"
"IFTIF2AR__Diapositiva607.JPG","E:\Zotero-organized-export\JPG-JPEG\Light Cult NFTs\IFTIF2AR__Diapositiva607.JPG","91.5","Could not parse NFT number from filename"
"IG9ZHC6D__Diapositiva374.JPG","E:\Zotero-organized-export\JPG-JPEG\Light Cult NFTs\IG9ZHC6D__Diapositiva374.JPG","55.3","Could not parse NFT number from filename"
"IGF3SBUW__Diapositiva711.JPG","E:\Zotero-organized-export\JPG-JPEG\Light Cult NFTs\IGF3SBUW__Diapositiva711.JPG","71.7","Could not parse NFT number from filename"
"IGPK4FCA__Diapositiva404.JPG","E:\Zotero-organized-export\JPG-JPEG\Light Cult NFTs\IGPK4FCA__Diapositiva404.JPG","42.1","Could not parse NFT number from filename"
"IGSWF4FD__Diapositiva168.JPG","E:\Zotero-organized-export\JPG-JPEG\Light Cult NFTs\IGSWF4FD__Diapositiva168.JPG","111.6","Could not parse NFT number from filename"
"IGTU2U4Z__Diapositiva762.JPG","E:\Zotero-organized-export\JPG-JPEG\Light Cult NFTs\IGTU2U4Z__Diapositiva762.JPG","42.3","Could not parse NFT number from filename"
"IH64QXE7__Diapositiva884.JPG","E:\Zotero-organized-export\JPG-JPEG\Light Cult NFTs\IH64QXE7__Diapositiva884.JPG","133.4","Could not parse NFT number from filename"
"IHAR28CW__Diapositiva161.JPG","E:\Zotero-organized-export\JPG-JPEG\Light Cult NFTs\IHAR28CW__Diapositiva161.JPG","77.5","Could not parse NFT number from filename"
"IHD4IE56__Diapositiva883.JPG","E:\Zotero-organized-export\JPG-JPEG\Light Cult NFTs\IHD4IE56__Diapositiva883.JPG","59.7","Could not parse NFT number from filename"
"IHEQNQP4__Diapositiva506.JPG","E:\Zotero-organized-export\JPG-JPEG\Light Cult NFTs\IHEQNQP4__Diapositiva506.JPG","130.7","Could not parse NFT number from filename"
"IHQCZGRN__Diapositiva348.JPG","E:\Zotero-organized-export\JPG-JPEG\Light Cult NFTs\IHQCZGRN__Diapositiva348.JPG","134.3","Could not parse NFT number from filename"
"II9BVVJ6__Diapositiva918.JPG","E:\Zotero-organized-export\JPG-JPEG\Light Cult NFTs\II9BVVJ6__Diapositiva918.JPG","51.8","Could not parse NFT number from filename"
"IIGU44LQ__Diapositiva819.JPG","E:\Zotero-organized-export\JPG-JPEG\Light Cult NFTs\IIGU44LQ__Diapositiva819.JPG","55.9","Could not parse NFT number from filename"
"III49UPC__Diapositiva488.JPG","E:\Zotero-organized-export\JPG-JPEG\Light Cult NFTs\III49UPC__Diapositiva488.JPG","138.1","Could not parse NFT number from filename"
"IIXTIB7M__Diapositiva923.JPG","E:\Zotero-organized-export\JPG-JPEG\Light Cult NFTs\IIXTIB7M__Diapositiva923.JPG","85.5","Could not parse NFT number from filename"
"IJEE5YSK__Diapositiva873.JPG","E:\Zotero-organized-export\JPG-JPEG\Light Cult NFTs\IJEE5YSK__Diapositiva873.JPG","141.8","Could not parse NFT number from filename"
"IJKDXNRP__Diapositiva976.JPG","E:\Zotero-organized-export\JPG-JPEG\Light Cult NFTs\IJKDXNRP__Diapositiva976.JPG","71.8","Could not parse NFT number from filename"
"IK8DN7VB__Diapositiva680.JPG","E:\Zotero-organized-export\JPG-JPEG\Light Cult NFTs\IK8DN7VB__Diapositiva680.JPG","81.6","Could not parse NFT number from filename"
"ILWBDLIR__Diapositiva636.JPG","E:\Zotero-organized-export\JPG-JPEG\Light Cult NFTs\ILWBDLIR__Diapositiva636.JPG","70.8","Could not parse NFT number from filename"
"IMADDIWI__Diapositiva967.JPG","E:\Zotero-organized-export\JPG-JPEG\Light Cult NFTs\IMADDIWI__Diapositiva967.JPG","61.3","Could not parse NFT number from filename"
"IMB2R9XX__Diapositiva623.JPG","E:\Zotero-organized-export\JPG-JPEG\Light Cult NFTs\IMB2R9XX__Diapositiva623.JPG","154.3","Could not parse NFT number from filename"
"IMIIFLDV__Diapositiva253.JPG","E:\Zotero-organized-export\JPG-JPEG\Light Cult NFTs\IMIIFLDV__Diapositiva253.JPG","133.1","Could not parse NFT number from filename"
"IMK8S9EP__Diapositiva423.JPG","E:\Zotero-organized-export\JPG-JPEG\Light Cult NFTs\IMK8S9EP__Diapositiva423.JPG","45.8","Could not parse NFT number from filename"
"IMMSUT7C__Diapositiva224.JPG","E:\Zotero-organized-export\JPG-JPEG\Light Cult NFTs\IMMSUT7C__Diapositiva224.JPG","134.9","Could not parse NFT number from filename"
"INRPW4QT__Diapositiva660.JPG","E:\Zotero-organized-export\JPG-JPEG\Light Cult NFTs\INRPW4QT__Diapositiva660.JPG","127.5","Could not parse NFT number from filename"
"INY6D2X3__Diapositiva904.JPG","E:\Zotero-organized-export\JPG-JPEG\Light Cult NFTs\INY6D2X3__Diapositiva904.JPG","135.9","Could not parse NFT number from filename"
"IPAGKY78__Diapositiva151.JPG","E:\Zotero-organized-export\JPG-JPEG\Light Cult NFTs\IPAGKY78__Diapositiva151.JPG","93.1","Could not parse NFT number from filename"
"IPNNNYU6__Diapositiva795.JPG","E:\Zotero-organized-export\JPG-JPEG\Light Cult NFTs\IPNNNYU6__Diapositiva795.JPG","118.7","Could not parse NFT number from filename"
"IPQZA4L3__Diapositiva930.JPG","E:\Zotero-organized-export\JPG-JPEG\Light Cult NFTs\IPQZA4L3__Diapositiva930.JPG","48.2","Could not parse NFT number from filename"
"IPZW5NVL__Diapositiva192.JPG","E:\Zotero-organized-export\JPG-JPEG\Light Cult NFTs\IPZW5NVL__Diapositiva192.JPG","49.1","Could not parse NFT number from filename"
"IQ7LDI2M__Diapositiva559.JPG","E:\Zotero-organized-export\JPG-JPEG\Light Cult NFTs\IQ7LDI2M__Diapositiva559.JPG","58.4","Could not parse NFT number from filename"
"IR6337YR__Diapositiva289.JPG","E:\Zotero-organized-export\JPG-JPEG\Light Cult NFTs\IR6337YR__Diapositiva289.JPG","214.9","Could not parse NFT number from filename"
"IRJD368V__Diapositiva426.JPG","E:\Zotero-organized-export\JPG-JPEG\Light Cult NFTs\IRJD368V__Diapositiva426.JPG","122.2","Could not parse NFT number from filename"
"IS3F8Y7V__Diapositiva519.JPG","E:\Zotero-organized-export\JPG-JPEG\Light Cult NFTs\IS3F8Y7V__Diapositiva519.JPG","137.3","Could not parse NFT number from filename"
"ISIDQDNJ__Diapositiva647.JPG","E:\Zotero-organized-export\JPG-JPEG\Light Cult NFTs\ISIDQDNJ__Diapositiva647.JPG","66.7","Could not parse NFT number from filename"
"ISIEJXNA__Diapositiva988.JPG","E:\Zotero-organized-export\JPG-JPEG\Light Cult NFTs\ISIEJXNA__Diapositiva988.JPG","57.9","Could not parse NFT number from filename"
"ISJPAAYS__Diapositiva454.JPG","E:\Zotero-organized-export\JPG-JPEG\Light Cult NFTs\ISJPAAYS__Diapositiva454.JPG","128.4","Could not parse NFT number from filename"
"ISMLR9PA__Diapositiva482.JPG","E:\Zotero-organized-export\JPG-JPEG\Light Cult NFTs\ISMLR9PA__Diapositiva482.JPG","120.6","Could not parse NFT number from filename"
"IUDD259W__Diapositiva376.JPG","E:\Zotero-organized-export\JPG-JPEG\Light Cult NFTs\IUDD259W__Diapositiva376.JPG","95.7","Could not parse NFT number from filename"
"IV9C7QHX__Diapositiva348.JPG","E:\Zotero-organized-export\JPG-JPEG\Light Cult NFTs\IV9C7QHX__Diapositiva348.JPG","105.4","Could not parse NFT number from filename"
"IVJRLPUR__Diapositiva791.JPG","E:\Zotero-organized-export\JPG-JPEG\Light Cult NFTs\IVJRLPUR__Diapositiva791.JPG","123.7","Could not parse NFT number from filename"
"IVM6LFBZ__Diapositiva484.JPG","E:\Zotero-organized-export\JPG-JPEG\Light Cult NFTs\IVM6LFBZ__Diapositiva484.JPG","57.9","Could not parse NFT number from filename"
"IVNU3Q65__Diapositiva641.JPG","E:\Zotero-organized-export\JPG-JPEG\Light Cult NFTs\IVNU3Q65__Diapositiva641.JPG","107.7","Could not parse NFT number from filename"
"IVNWKT82__Diapositiva969.JPG","E:\Zotero-organized-export\JPG-JPEG\Light Cult NFTs\IVNWKT82__Diapositiva969.JPG","132.5","Could not parse NFT number from filename"
"IWMMWJMM__Diapositiva406.JPG","E:\Zotero-organized-export\JPG-JPEG\Light Cult NFTs\IWMMWJMM__Diapositiva406.JPG","86.4","Could not parse NFT number from filename"
"IWQB9ARV__Diapositiva518.JPG","E:\Zotero-organized-export\JPG-JPEG\Light Cult NFTs\IWQB9ARV__Diapositiva518.JPG","109.1","Could not parse NFT number from filename"
"IWY5HI5Q__Diapositiva936.JPG","E:\Zotero-organized-export\JPG-JPEG\Light Cult NFTs\IWY5HI5Q__Diapositiva936.JPG","128","Could not parse NFT number from filename"
"IXBSFGGA__Diapositiva457.JPG","E:\Zotero-organized-export\JPG-JPEG\Light Cult NFTs\IXBSFGGA__Diapositiva457.JPG","87.1","Could not parse NFT number from filename"
"IXCKTKIV__Diapositiva127.JPG","E:\Zotero-organized-export\JPG-JPEG\Light Cult NFTs\IXCKTKIV__Diapositiva127.JPG","177.1","Could not parse NFT number from filename"
"IXTEVCFD__Diapositiva998.JPG","E:\Zotero-organized-export\JPG-JPEG\Light Cult NFTs\IXTEVCFD__Diapositiva998.JPG","56.3","Could not parse NFT number from filename"
"IYS9ME6T__Diapositiva830.JPG","E:\Zotero-organized-export\JPG-JPEG\Light Cult NFTs\IYS9ME6T__Diapositiva830.JPG","59.7","Could not parse NFT number from filename"
"IYWS3AR3__Diapositiva862.JPG","E:\Zotero-organized-export\JPG-JPEG\Light Cult NFTs\IYWS3AR3__Diapositiva862.JPG","43.3","Could not parse NFT number from filename"
"IZVKL9DP__Diapositiva819.JPG","E:\Zotero-organized-export\JPG-JPEG\Light Cult NFTs\IZVKL9DP__Diapositiva819.JPG","68.2","Could not parse NFT number from filename"
"IZZDHIEA__Diapositiva896.JPG","E:\Zotero-organized-export\JPG-JPEG\Light Cult NFTs\IZZDHIEA__Diapositiva896.JPG","56.5","Could not parse NFT number from filename"
"IZZFWM9Z__Diapositiva180.JPG","E:\Zotero-organized-export\JPG-JPEG\Light Cult NFTs\IZZFWM9Z__Diapositiva180.JPG","52.3","Could not parse NFT number from filename"
"J2B2DASR__Diapositiva32.JPG","E:\Zotero-organized-export\JPG-JPEG\Light Cult NFTs\J2B2DASR__Diapositiva32.JPG","116.3","Could not parse NFT number from filename"
"J3EZEDZN__Diapositiva628.JPG","E:\Zotero-organized-export\JPG-JPEG\Light Cult NFTs\J3EZEDZN__Diapositiva628.JPG","110","Could not parse NFT number from filename"
"J3L2DJDH__Diapositiva276.JPG","E:\Zotero-organized-export\JPG-JPEG\Light Cult NFTs\J3L2DJDH__Diapositiva276.JPG","80.1","Could not parse NFT number from filename"
"J3MUPCDK__Diapositiva351.JPG","E:\Zotero-organized-export\JPG-JPEG\Light Cult NFTs\J3MUPCDK__Diapositiva351.JPG","52.5","Could not parse NFT number from filename"
"J3P3UQ63__Diapositiva193.JPG","E:\Zotero-organized-export\JPG-JPEG\Light Cult NFTs\J3P3UQ63__Diapositiva193.JPG","40.5","Could not parse NFT number from filename"
"J3SWDLTU__Diapositiva6.JPG","E:\Zotero-organized-export\JPG-JPEG\Light Cult NFTs\J3SWDLTU__Diapositiva6.JPG","67.8","Could not parse NFT number from filename"
"J3WA8BRA__Diapositiva207.JPG","E:\Zotero-organized-export\JPG-JPEG\Light Cult NFTs\J3WA8BRA__Diapositiva207.JPG","62.2","Could not parse NFT number from filename"
"J3WS56HF__Diapositiva676.JPG","E:\Zotero-organized-export\JPG-JPEG\Light Cult NFTs\J3WS56HF__Diapositiva676.JPG","154.3","Could not parse NFT number from filename"
"J4AKN38R__Diapositiva769.JPG","E:\Zotero-organized-export\JPG-JPEG\Light Cult NFTs\J4AKN38R__Diapositiva769.JPG","117.7","Could not parse NFT number from filename"
"J55GZKA4__Diapositiva288.JPG","E:\Zotero-organized-export\JPG-JPEG\Light Cult NFTs\J55GZKA4__Diapositiva288.JPG","126.9","Could not parse NFT number from filename"
"J56MSTB5__Diapositiva123.JPG","E:\Zotero-organized-export\JPG-JPEG\Light Cult NFTs\J56MSTB5__Diapositiva123.JPG","73.4","Could not parse NFT number from filename"
"J5PXFIBE__Diapositiva245.JPG","E:\Zotero-organized-export\JPG-JPEG\Light Cult NFTs\J5PXFIBE__Diapositiva245.JPG","138.4","Could not parse NFT number from filename"
"J69TTYMY__Diapositiva654.JPG","E:\Zotero-organized-export\JPG-JPEG\Light Cult NFTs\J69TTYMY__Diapositiva654.JPG","70.4","Could not parse NFT number from filename"
"J6D65PTX__Diapositiva14.JPG","E:\Zotero-organized-export\JPG-JPEG\Light Cult NFTs\J6D65PTX__Diapositiva14.JPG","36.2","Could not parse NFT number from filename"
"J6E2Q7KZ__Diapositiva107.JPG","E:\Zotero-organized-export\JPG-JPEG\Light Cult NFTs\J6E2Q7KZ__Diapositiva107.JPG","58","Could not parse NFT number from filename"
"J6IVUUF4__Diapositiva747.JPG","E:\Zotero-organized-export\JPG-JPEG\Light Cult NFTs\J6IVUUF4__Diapositiva747.JPG","59.7","Could not parse NFT number from filename"
"J6S4LM9H__Diapositiva784.JPG","E:\Zotero-organized-export\JPG-JPEG\Light Cult NFTs\J6S4LM9H__Diapositiva784.JPG","137.5","Could not parse NFT number from filename"
"J6SA54DQ__Diapositiva680.JPG","E:\Zotero-organized-export\JPG-JPEG\Light Cult NFTs\J6SA54DQ__Diapositiva680.JPG","44.1","Could not parse NFT number from filename"
"J6USZTWW__Diapositiva607.JPG","E:\Zotero-organized-export\JPG-JPEG\Light Cult NFTs\J6USZTWW__Diapositiva607.JPG","100.7","Could not parse NFT number from filename"
"J7A6DPMQ__Diapositiva257.JPG","E:\Zotero-organized-export\JPG-JPEG\Light Cult NFTs\J7A6DPMQ__Diapositiva257.JPG","139.6","Could not parse NFT number from filename"
"J7HUDPW6__Diapositiva856.JPG","E:\Zotero-organized-export\JPG-JPEG\Light Cult NFTs\J7HUDPW6__Diapositiva856.JPG","45.7","Could not parse NFT number from filename"
"J7MRQJT2__Diapositiva654.JPG","E:\Zotero-organized-export\JPG-JPEG\Light Cult NFTs\J7MRQJT2__Diapositiva654.JPG","118.7","Could not parse NFT number from filename"
"J7TWZHWN__Diapositiva429.JPG","E:\Zotero-organized-export\JPG-JPEG\Light Cult NFTs\J7TWZHWN__Diapositiva429.JPG","123.6","Could not parse NFT number from filename"
"J8Y7W663__Diapositiva603.JPG","E:\Zotero-organized-export\JPG-JPEG\Light Cult NFTs\J8Y7W663__Diapositiva603.JPG","113.6","Could not parse NFT number from filename"
"J92E8BGQ__Diapositiva301.JPG","E:\Zotero-organized-export\JPG-JPEG\Light Cult NFTs\J92E8BGQ__Diapositiva301.JPG","72","Could not parse NFT number from filename"
"J96D4QUW__Diapositiva291.JPG","E:\Zotero-organized-export\JPG-JPEG\Light Cult NFTs\J96D4QUW__Diapositiva291.JPG","56.7","Could not parse NFT number from filename"
"J9YEN9DI__Diapositiva193.JPG","E:\Zotero-organized-export\JPG-JPEG\Light Cult NFTs\J9YEN9DI__Diapositiva193.JPG","95.4","Could not parse NFT number from filename"
"J9Z5LK95__Diapositiva947.JPG","E:\Zotero-organized-export\JPG-JPEG\Light Cult NFTs\J9Z5LK95__Diapositiva947.JPG","130.1","Could not parse NFT number from filename"
"JA7GRS5E__Diapositiva387.JPG","E:\Zotero-organized-export\JPG-JPEG\Light Cult NFTs\JA7GRS5E__Diapositiva387.JPG","120","Could not parse NFT number from filename"
"JAM7NZMT__Diapositiva563.JPG","E:\Zotero-organized-export\JPG-JPEG\Light Cult NFTs\JAM7NZMT__Diapositiva563.JPG","122.4","Could not parse NFT number from filename"
"JAQ8TR3L__Diapositiva981.JPG","E:\Zotero-organized-export\JPG-JPEG\Light Cult NFTs\JAQ8TR3L__Diapositiva981.JPG","121.9","Could not parse NFT number from filename"
"JBEJVJ4B__Diapositiva535.JPG","E:\Zotero-organized-export\JPG-JPEG\Light Cult NFTs\JBEJVJ4B__Diapositiva535.JPG","42.1","Could not parse NFT number from filename"
"JCLQJ2FY__Diapositiva592.JPG","E:\Zotero-organized-export\JPG-JPEG\Light Cult NFTs\JCLQJ2FY__Diapositiva592.JPG","112.2","Could not parse NFT number from filename"
"JCLXW7GS__Diapositiva308.JPG","E:\Zotero-organized-export\JPG-JPEG\Light Cult NFTs\JCLXW7GS__Diapositiva308.JPG","75.2","Could not parse NFT number from filename"
"JCZNRLH4__Diapositiva107.JPG","E:\Zotero-organized-export\JPG-JPEG\Light Cult NFTs\JCZNRLH4__Diapositiva107.JPG","131.2","Could not parse NFT number from filename"
"JD6RZDAI__Diapositiva986.JPG","E:\Zotero-organized-export\JPG-JPEG\Light Cult NFTs\JD6RZDAI__Diapositiva986.JPG","97.1","Could not parse NFT number from filename"
"JDAYQKPW__Diapositiva869.JPG","E:\Zotero-organized-export\JPG-JPEG\Light Cult NFTs\JDAYQKPW__Diapositiva869.JPG","139","Could not parse NFT number from filename"
"JDCDLTMM__Diapositiva642.JPG","E:\Zotero-organized-export\JPG-JPEG\Light Cult NFTs\JDCDLTMM__Diapositiva642.JPG","80.2","Could not parse NFT number from filename"
"JDDYRXCQ__Diapositiva577.JPG","E:\Zotero-organized-export\JPG-JPEG\Light Cult NFTs\JDDYRXCQ__Diapositiva577.JPG","145.6","Could not parse NFT number from filename"
"JDIPTJCD__Diapositiva195.JPG","E:\Zotero-organized-export\JPG-JPEG\Light Cult NFTs\JDIPTJCD__Diapositiva195.JPG","44.5","Could not parse NFT number from filename"
"JDQ522PX__Diapositiva672.JPG","E:\Zotero-organized-export\JPG-JPEG\Light Cult NFTs\JDQ522PX__Diapositiva672.JPG","77.4","Could not parse NFT number from filename"
"JE3ET8E6__Diapositiva853.JPG","E:\Zotero-organized-export\JPG-JPEG\Light Cult NFTs\JE3ET8E6__Diapositiva853.JPG","55.9","Could not parse NFT number from filename"
"JE6XLDTY__Diapositiva206.JPG","E:\Zotero-organized-export\JPG-JPEG\Light Cult NFTs\JE6XLDTY__Diapositiva206.JPG","121.1","Could not parse NFT number from filename"
"JEKDTEFK__Diapositiva912.JPG","E:\Zotero-organized-export\JPG-JPEG\Light Cult NFTs\JEKDTEFK__Diapositiva912.JPG","150.4","Could not parse NFT number from filename"
"JF4P9BRE__Diapositiva984.JPG","E:\Zotero-organized-export\JPG-JPEG\Light Cult NFTs\JF4P9BRE__Diapositiva984.JPG","114.4","Could not parse NFT number from filename"
"JFND9AGG__Diapositiva517.JPG","E:\Zotero-organized-export\JPG-JPEG\Light Cult NFTs\JFND9AGG__Diapositiva517.JPG","57.9","Could not parse NFT number from filename"
"JFQPJJCU__Diapositiva726.JPG","E:\Zotero-organized-export\JPG-JPEG\Light Cult NFTs\JFQPJJCU__Diapositiva726.JPG","133.6","Could not parse NFT number from filename"
"JFUJEFPC__Diapositiva996.JPG","E:\Zotero-organized-export\JPG-JPEG\Light Cult NFTs\JFUJEFPC__Diapositiva996.JPG","37.2","Could not parse NFT number from filename"
"JFZINL8E__Diapositiva868.JPG","E:\Zotero-organized-export\JPG-JPEG\Light Cult NFTs\JFZINL8E__Diapositiva868.JPG","69.9","Could not parse NFT number from filename"
"JG58BKW6__Diapositiva468.JPG","E:\Zotero-organized-export\JPG-JPEG\Light Cult NFTs\JG58BKW6__Diapositiva468.JPG","51.9","Could not parse NFT number from filename"
"JGCZ6F9I__Diapositiva883.JPG","E:\Zotero-organized-export\JPG-JPEG\Light Cult NFTs\JGCZ6F9I__Diapositiva883.JPG","50.7","Could not parse NFT number from filename"
"JGNRZLR4__Diapositiva883.JPG","E:\Zotero-organized-export\JPG-JPEG\Light Cult NFTs\JGNRZLR4__Diapositiva883.JPG","50.7","Could not parse NFT number from filename"
"JHP4V4LI__Diapositiva765.JPG","E:\Zotero-organized-export\JPG-JPEG\Light Cult NFTs\JHP4V4LI__Diapositiva765.JPG","138","Could not parse NFT number from filename"
"JHVHHBU7__Diapositiva223.JPG","E:\Zotero-organized-export\JPG-JPEG\Light Cult NFTs\JHVHHBU7__Diapositiva223.JPG","152.3","Could not parse NFT number from filename"
"JI4BTW9V__Diapositiva729.JPG","E:\Zotero-organized-export\JPG-JPEG\Light Cult NFTs\JI4BTW9V__Diapositiva729.JPG","122.9","Could not parse NFT number from filename"
"JINN9LC4__Diapositiva849.JPG","E:\Zotero-organized-export\JPG-JPEG\Light Cult NFTs\JINN9LC4__Diapositiva849.JPG","81.1","Could not parse NFT number from filename"
"JJAS455E__Diapositiva398.JPG","E:\Zotero-organized-export\JPG-JPEG\Light Cult NFTs\JJAS455E__Diapositiva398.JPG","46.3","Could not parse NFT number from filename"
"JJUJFR53__Diapositiva92.JPG","E:\Zotero-organized-export\JPG-JPEG\Light Cult NFTs\JJUJFR53__Diapositiva92.JPG","50.9","Could not parse NFT number from filename"
"JJXQ6CXQ__Diapositiva511.JPG","E:\Zotero-organized-export\JPG-JPEG\Light Cult NFTs\JJXQ6CXQ__Diapositiva511.JPG","126","Could not parse NFT number from filename"
"JL8NRMNU__Diapositiva629.JPG","E:\Zotero-organized-export\JPG-JPEG\Light Cult NFTs\JL8NRMNU__Diapositiva629.JPG","104.7","Could not parse NFT number from filename"
"JLFVYT6D__Diapositiva728.JPG","E:\Zotero-organized-export\JPG-JPEG\Light Cult NFTs\JLFVYT6D__Diapositiva728.JPG","133","Could not parse NFT number from filename"
"JLKLG6ZH__Diapositiva163.JPG","E:\Zotero-organized-export\JPG-JPEG\Light Cult NFTs\JLKLG6ZH__Diapositiva163.JPG","112.7","Could not parse NFT number from filename"
"JLVJ5UKM__Diapositiva699.JPG","E:\Zotero-organized-export\JPG-JPEG\Light Cult NFTs\JLVJ5UKM__Diapositiva699.JPG","43.1","Could not parse NFT number from filename"
"JMKU6ED8__Diapositiva214.JPG","E:\Zotero-organized-export\JPG-JPEG\Light Cult NFTs\JMKU6ED8__Diapositiva214.JPG","135.1","Could not parse NFT number from filename"
"JNZR9UTP__Diapositiva641.JPG","E:\Zotero-organized-export\JPG-JPEG\Light Cult NFTs\JNZR9UTP__Diapositiva641.JPG","130.1","Could not parse NFT number from filename"
"JP8JQSFY__Diapositiva60.JPG","E:\Zotero-organized-export\JPG-JPEG\Light Cult NFTs\JP8JQSFY__Diapositiva60.JPG","72.9","Could not parse NFT number from filename"
"JP9XLTA5__Diapositiva287.JPG","E:\Zotero-organized-export\JPG-JPEG\Light Cult NFTs\JP9XLTA5__Diapositiva287.JPG","95.1","Could not parse NFT number from filename"
"JPJDE3Z2__Diapositiva535.JPG","E:\Zotero-organized-export\JPG-JPEG\Light Cult NFTs\JPJDE3Z2__Diapositiva535.JPG","78","Could not parse NFT number from filename"
"JPTAVKWD__Diapositiva391.JPG","E:\Zotero-organized-export\JPG-JPEG\Light Cult NFTs\JPTAVKWD__Diapositiva391.JPG","130.4","Could not parse NFT number from filename"
"JQB2DDKZ__Diapositiva928.JPG","E:\Zotero-organized-export\JPG-JPEG\Light Cult NFTs\JQB2DDKZ__Diapositiva928.JPG","150.2","Could not parse NFT number from filename"
"JQBMRXAK__Diapositiva878.JPG","E:\Zotero-organized-export\JPG-JPEG\Light Cult NFTs\JQBMRXAK__Diapositiva878.JPG","119","Could not parse NFT number from filename"
"JQTBLCES__Diapositiva897.JPG","E:\Zotero-organized-export\JPG-JPEG\Light Cult NFTs\JQTBLCES__Diapositiva897.JPG","97.7","Could not parse NFT number from filename"
"JQW5263K__Diapositiva441.JPG","E:\Zotero-organized-export\JPG-JPEG\Light Cult NFTs\JQW5263K__Diapositiva441.JPG","140.5","Could not parse NFT number from filename"
"JR6FEWFM__Diapositiva391.JPG","E:\Zotero-organized-export\JPG-JPEG\Light Cult NFTs\JR6FEWFM__Diapositiva391.JPG","183.1","Could not parse NFT number from filename"
"JRP4LHPK__Diapositiva519.JPG","E:\Zotero-organized-export\JPG-JPEG\Light Cult NFTs\JRP4LHPK__Diapositiva519.JPG","112","Could not parse NFT number from filename"
"JRUFAE5Y__Diapositiva339.JPG","E:\Zotero-organized-export\JPG-JPEG\Light Cult NFTs\JRUFAE5Y__Diapositiva339.JPG","129","Could not parse NFT number from filename"
"JS85BN8Z__Diapositiva633.JPG","E:\Zotero-organized-export\JPG-JPEG\Light Cult NFTs\JS85BN8Z__Diapositiva633.JPG","99.4","Could not parse NFT number from filename"
"JSEEAFNK__Diapositiva234.JPG","E:\Zotero-organized-export\JPG-JPEG\Light Cult NFTs\JSEEAFNK__Diapositiva234.JPG","139.4","Could not parse NFT number from filename"
"JSUMGSJA__Diapositiva861.JPG","E:\Zotero-organized-export\JPG-JPEG\Light Cult NFTs\JSUMGSJA__Diapositiva861.JPG","93.3","Could not parse NFT number from filename"
"JSWFHY9X__Diapositiva539.JPG","E:\Zotero-organized-export\JPG-JPEG\Light Cult NFTs\JSWFHY9X__Diapositiva539.JPG","100.1","Could not parse NFT number from filename"
"JSXXLY38__Diapositiva229.JPG","E:\Zotero-organized-export\JPG-JPEG\Light Cult NFTs\JSXXLY38__Diapositiva229.JPG","150.9","Could not parse NFT number from filename"
"JSXYGPWF__Diapositiva910.JPG","E:\Zotero-organized-export\JPG-JPEG\Light Cult NFTs\JSXYGPWF__Diapositiva910.JPG","102.5","Could not parse NFT number from filename"
"JTGQRVDK__Diapositiva806.JPG","E:\Zotero-organized-export\JPG-JPEG\Light Cult NFTs\JTGQRVDK__Diapositiva806.JPG","180","Could not parse NFT number from filename"
"JV6PUVNU__Diapositiva98.JPG","E:\Zotero-organized-export\JPG-JPEG\Light Cult NFTs\JV6PUVNU__Diapositiva98.JPG","123","Could not parse NFT number from filename"
"JWAUEQVM__Diapositiva196.JPG","E:\Zotero-organized-export\JPG-JPEG\Light Cult NFTs\JWAUEQVM__Diapositiva196.JPG","90.9","Could not parse NFT number from filename"
"JXI74YGJ__Diapositiva88.JPG","E:\Zotero-organized-export\JPG-JPEG\Light Cult NFTs\JXI74YGJ__Diapositiva88.JPG","151.4","Could not parse NFT number from filename"
"JXIT5TBD__Diapositiva484.JPG","E:\Zotero-organized-export\JPG-JPEG\Light Cult NFTs\JXIT5TBD__Diapositiva484.JPG","75.2","Could not parse NFT number from filename"
"JXLLS335__Diapositiva227.JPG","E:\Zotero-organized-export\JPG-JPEG\Light Cult NFTs\JXLLS335__Diapositiva227.JPG","39.3","Could not parse NFT number from filename"
"JXNA86ZF__Diapositiva826.JPG","E:\Zotero-organized-export\JPG-JPEG\Light Cult NFTs\JXNA86ZF__Diapositiva826.JPG","129.8","Could not parse NFT number from filename"
"JYXVI7HX__Diapositiva798.JPG","E:\Zotero-organized-export\JPG-JPEG\Light Cult NFTs\JYXVI7HX__Diapositiva798.JPG","128.3","Could not parse NFT number from filename"
"JZJ75BW4__Diapositiva603.JPG","E:\Zotero-organized-export\JPG-JPEG\Light Cult NFTs\JZJ75BW4__Diapositiva603.JPG","221.6","Could not parse NFT number from filename"
"K2RJK93E__Diapositiva989.JPG","E:\Zotero-organized-export\JPG-JPEG\Light Cult NFTs\K2RJK93E__Diapositiva989.JPG","142.9","Could not parse NFT number from filename"
"K2SLKL6M__Diapositiva666.JPG","E:\Zotero-organized-export\JPG-JPEG\Light Cult NFTs\K2SLKL6M__Diapositiva666.JPG","61.7","Could not parse NFT number from filename"
"K3UZLGBF__Diapositiva881.JPG","E:\Zotero-organized-export\JPG-JPEG\Light Cult NFTs\K3UZLGBF__Diapositiva881.JPG","126.9","Could not parse NFT number from filename"
"K3XSWBMG__Diapositiva570.JPG","E:\Zotero-organized-export\JPG-JPEG\Light Cult NFTs\K3XSWBMG__Diapositiva570.JPG","109.9","Could not parse NFT number from filename"
"K4T2HUFB__Diapositiva229.JPG","E:\Zotero-organized-export\JPG-JPEG\Light Cult NFTs\K4T2HUFB__Diapositiva229.JPG","76.7","Could not parse NFT number from filename"
"K4XVKA86__Diapositiva866.JPG","E:\Zotero-organized-export\JPG-JPEG\Light Cult NFTs\K4XVKA86__Diapositiva866.JPG","141.1","Could not parse NFT number from filename"
"K666SWLC__Diapositiva679.JPG","E:\Zotero-organized-export\JPG-JPEG\Light Cult NFTs\K666SWLC__Diapositiva679.JPG","79","Could not parse NFT number from filename"
"K6IZ5J6Y__Diapositiva488.JPG","E:\Zotero-organized-export\JPG-JPEG\Light Cult NFTs\K6IZ5J6Y__Diapositiva488.JPG","144","Could not parse NFT number from filename"
"K7GJFEJW__Diapositiva818.JPG","E:\Zotero-organized-export\JPG-JPEG\Light Cult NFTs\K7GJFEJW__Diapositiva818.JPG","151.4","Could not parse NFT number from filename"
"K8MFXZPS__Diapositiva569.JPG","E:\Zotero-organized-export\JPG-JPEG\Light Cult NFTs\K8MFXZPS__Diapositiva569.JPG","55.6","Could not parse NFT number from filename"
"K8QWZWLZ__Diapositiva372.JPG","E:\Zotero-organized-export\JPG-JPEG\Light Cult NFTs\K8QWZWLZ__Diapositiva372.JPG","124.6","Could not parse NFT number from filename"
"K9KBB2NE__Diapositiva497.JPG","E:\Zotero-organized-export\JPG-JPEG\Light Cult NFTs\K9KBB2NE__Diapositiva497.JPG","49.4","Could not parse NFT number from filename"
"K9MLV2LV__Diapositiva194.JPG","E:\Zotero-organized-export\JPG-JPEG\Light Cult NFTs\K9MLV2LV__Diapositiva194.JPG","61","Could not parse NFT number from filename"
"K9VQR57M__Diapositiva779.JPG","E:\Zotero-organized-export\JPG-JPEG\Light Cult NFTs\K9VQR57M__Diapositiva779.JPG","75.6","Could not parse NFT number from filename"
"KAG499QQ__Diapositiva752.JPG","E:\Zotero-organized-export\JPG-JPEG\Light Cult NFTs\KAG499QQ__Diapositiva752.JPG","120.6","Could not parse NFT number from filename"
"KAVC8YI3__Diapositiva546.JPG","E:\Zotero-organized-export\JPG-JPEG\Light Cult NFTs\KAVC8YI3__Diapositiva546.JPG","72.1","Could not parse NFT number from filename"
"KBGBPSKB__Diapositiva61.JPG","E:\Zotero-organized-export\JPG-JPEG\Light Cult NFTs\KBGBPSKB__Diapositiva61.JPG","77.6","Could not parse NFT number from filename"
"KBLSLW6D__Diapositiva233.JPG","E:\Zotero-organized-export\JPG-JPEG\Light Cult NFTs\KBLSLW6D__Diapositiva233.JPG","121.5","Could not parse NFT number from filename"
"KBRW94MH__Diapositiva455.JPG","E:\Zotero-organized-export\JPG-JPEG\Light Cult NFTs\KBRW94MH__Diapositiva455.JPG","79.4","Could not parse NFT number from filename"
"KD4TVRTW__Diapositiva180.JPG","E:\Zotero-organized-export\JPG-JPEG\Light Cult NFTs\KD4TVRTW__Diapositiva180.JPG","140.8","Could not parse NFT number from filename"
"KDYG4ZFP__Diapositiva385.JPG","E:\Zotero-organized-export\JPG-JPEG\Light Cult NFTs\KDYG4ZFP__Diapositiva385.JPG","101.1","Could not parse NFT number from filename"
"KE28RVRS__Diapositiva678.JPG","E:\Zotero-organized-export\JPG-JPEG\Light Cult NFTs\KE28RVRS__Diapositiva678.JPG","86.8","Could not parse NFT number from filename"
"KEDNKT57__Diapositiva903.JPG","E:\Zotero-organized-export\JPG-JPEG\Light Cult NFTs\KEDNKT57__Diapositiva903.JPG","115.4","Could not parse NFT number from filename"
"KEN2WFQW__Diapositiva413.JPG","E:\Zotero-organized-export\JPG-JPEG\Light Cult NFTs\KEN2WFQW__Diapositiva413.JPG","129.2","Could not parse NFT number from filename"
"KEQUVLM5__Diapositiva442.JPG","E:\Zotero-organized-export\JPG-JPEG\Light Cult NFTs\KEQUVLM5__Diapositiva442.JPG","51.8","Could not parse NFT number from filename"
"KF8FZRLU__Diapositiva135.JPG","E:\Zotero-organized-export\JPG-JPEG\Light Cult NFTs\KF8FZRLU__Diapositiva135.JPG","148.6","Could not parse NFT number from filename"
"KFYW8ACU__Diapositiva128.JPG","E:\Zotero-organized-export\JPG-JPEG\Light Cult NFTs\KFYW8ACU__Diapositiva128.JPG","51.8","Could not parse NFT number from filename"
"KG8PEWAQ__Diapositiva211.JPG","E:\Zotero-organized-export\JPG-JPEG\Light Cult NFTs\KG8PEWAQ__Diapositiva211.JPG","108.7","Could not parse NFT number from filename"
"KGEWMXVB__Diapositiva756.JPG","E:\Zotero-organized-export\JPG-JPEG\Light Cult NFTs\KGEWMXVB__Diapositiva756.JPG","96.4","Could not parse NFT number from filename"
"KGG4JYAP__Diapositiva573.JPG","E:\Zotero-organized-export\JPG-JPEG\Light Cult NFTs\KGG4JYAP__Diapositiva573.JPG","51.2","Could not parse NFT number from filename"
"KGHESWL7__Diapositiva982.JPG","E:\Zotero-organized-export\JPG-JPEG\Light Cult NFTs\KGHESWL7__Diapositiva982.JPG","75.9","Could not parse NFT number from filename"
"KGRQDNXG__Diapositiva383.JPG","E:\Zotero-organized-export\JPG-JPEG\Light Cult NFTs\KGRQDNXG__Diapositiva383.JPG","57","Could not parse NFT number from filename"
"KH7KZBZV__Diapositiva359.JPG","E:\Zotero-organized-export\JPG-JPEG\Light Cult NFTs\KH7KZBZV__Diapositiva359.JPG","152.6","Could not parse NFT number from filename"
"KHEAXDBY__Diapositiva512.JPG","E:\Zotero-organized-export\JPG-JPEG\Light Cult NFTs\KHEAXDBY__Diapositiva512.JPG","113.9","Could not parse NFT number from filename"
"KI7ELLKF__Diapositiva616.JPG","E:\Zotero-organized-export\JPG-JPEG\Light Cult NFTs\KI7ELLKF__Diapositiva616.JPG","132.9","Could not parse NFT number from filename"
"KI94JZS4__Diapositiva635.JPG","E:\Zotero-organized-export\JPG-JPEG\Light Cult NFTs\KI94JZS4__Diapositiva635.JPG","63.5","Could not parse NFT number from filename"
"KIJD6K7U__Diapositiva527.JPG","E:\Zotero-organized-export\JPG-JPEG\Light Cult NFTs\KIJD6K7U__Diapositiva527.JPG","80.6","Could not parse NFT number from filename"
"KIPLVKS3__Diapositiva522.JPG","E:\Zotero-organized-export\JPG-JPEG\Light Cult NFTs\KIPLVKS3__Diapositiva522.JPG","136.9","Could not parse NFT number from filename"
"KIY662PM__Diapositiva608.JPG","E:\Zotero-organized-export\JPG-JPEG\Light Cult NFTs\KIY662PM__Diapositiva608.JPG","70.9","Could not parse NFT number from filename"
"KJ2EX2XM__Diapositiva453.JPG","E:\Zotero-organized-export\JPG-JPEG\Light Cult NFTs\KJ2EX2XM__Diapositiva453.JPG","93","Could not parse NFT number from filename"
"KJIEVCNE__Diapositiva67.JPG","E:\Zotero-organized-export\JPG-JPEG\Light Cult NFTs\KJIEVCNE__Diapositiva67.JPG","126","Could not parse NFT number from filename"
"KK7MUGX9__Diapositiva91.JPG","E:\Zotero-organized-export\JPG-JPEG\Light Cult NFTs\KK7MUGX9__Diapositiva91.JPG","149.1","Could not parse NFT number from filename"
"KKA8NVLR__Diapositiva459.JPG","E:\Zotero-organized-export\JPG-JPEG\Light Cult NFTs\KKA8NVLR__Diapositiva459.JPG","86.9","Could not parse NFT number from filename"
"KKKY4LNQ__Diapositiva708.JPG","E:\Zotero-organized-export\JPG-JPEG\Light Cult NFTs\KKKY4LNQ__Diapositiva708.JPG","114.4","Could not parse NFT number from filename"
"KKP59T9L__Diapositiva265.JPG","E:\Zotero-organized-export\JPG-JPEG\Light Cult NFTs\KKP59T9L__Diapositiva265.JPG","50.3","Could not parse NFT number from filename"
"KKYGY6AE__Diapositiva110.JPG","E:\Zotero-organized-export\JPG-JPEG\Light Cult NFTs\KKYGY6AE__Diapositiva110.JPG","146.1","Could not parse NFT number from filename"
"KKYNYAMQ__Diapositiva770.JPG","E:\Zotero-organized-export\JPG-JPEG\Light Cult NFTs\KKYNYAMQ__Diapositiva770.JPG","50.9","Could not parse NFT number from filename"
"KL5TBRWV__Diapositiva879.JPG","E:\Zotero-organized-export\JPG-JPEG\Light Cult NFTs\KL5TBRWV__Diapositiva879.JPG","159.1","Could not parse NFT number from filename"
"KL884DKB__Diapositiva343.JPG","E:\Zotero-organized-export\JPG-JPEG\Light Cult NFTs\KL884DKB__Diapositiva343.JPG","29.3","Could not parse NFT number from filename"
"KLNMQGQZ__Diapositiva51.JPG","E:\Zotero-organized-export\JPG-JPEG\Light Cult NFTs\KLNMQGQZ__Diapositiva51.JPG","138.7","Could not parse NFT number from filename"
"KLWAXXL3__Diapositiva780.JPG","E:\Zotero-organized-export\JPG-JPEG\Light Cult NFTs\KLWAXXL3__Diapositiva780.JPG","65.2","Could not parse NFT number from filename"
"KM6PUVKW__Diapositiva421.JPG","E:\Zotero-organized-export\JPG-JPEG\Light Cult NFTs\KM6PUVKW__Diapositiva421.JPG","67.9","Could not parse NFT number from filename"
"KMD24P4Q__Diapositiva75.JPG","E:\Zotero-organized-export\JPG-JPEG\Light Cult NFTs\KMD24P4Q__Diapositiva75.JPG","145.3","Could not parse NFT number from filename"
"KMNBGMUF__Diapositiva631.JPG","E:\Zotero-organized-export\JPG-JPEG\Light Cult NFTs\KMNBGMUF__Diapositiva631.JPG","69.7","Could not parse NFT number from filename"
"KMQ8LDLA__Diapositiva966.JPG","E:\Zotero-organized-export\JPG-JPEG\Light Cult NFTs\KMQ8LDLA__Diapositiva966.JPG","115.8","Could not parse NFT number from filename"
"KMYM3628__Diapositiva701.JPG","E:\Zotero-organized-export\JPG-JPEG\Light Cult NFTs\KMYM3628__Diapositiva701.JPG","114.2","Could not parse NFT number from filename"
"KNILZ4KE__Diapositiva211.JPG","E:\Zotero-organized-export\JPG-JPEG\Light Cult NFTs\KNILZ4KE__Diapositiva211.JPG","52.2","Could not parse NFT number from filename"
"KNXMAQG5__Diapositiva729.JPG","E:\Zotero-organized-export\JPG-JPEG\Light Cult NFTs\KNXMAQG5__Diapositiva729.JPG","51.9","Could not parse NFT number from filename"
"KP5DFMUL__Diapositiva332.JPG","E:\Zotero-organized-export\JPG-JPEG\Light Cult NFTs\KP5DFMUL__Diapositiva332.JPG","112.7","Could not parse NFT number from filename"
"KPUEX7CM__Diapositiva513.JPG","E:\Zotero-organized-export\JPG-JPEG\Light Cult NFTs\KPUEX7CM__Diapositiva513.JPG","95.9","Could not parse NFT number from filename"
"KQ2C3BN7__Diapositiva905.JPG","E:\Zotero-organized-export\JPG-JPEG\Light Cult NFTs\KQ2C3BN7__Diapositiva905.JPG","97.4","Could not parse NFT number from filename"
"KQ5WI6J6__Diapositiva482.JPG","E:\Zotero-organized-export\JPG-JPEG\Light Cult NFTs\KQ5WI6J6__Diapositiva482.JPG","98.4","Could not parse NFT number from filename"
"KQ9AYVYI__Diapositiva449.JPG","E:\Zotero-organized-export\JPG-JPEG\Light Cult NFTs\KQ9AYVYI__Diapositiva449.JPG","98.3","Could not parse NFT number from filename"
"KQCLG37F__Diapositiva322.JPG","E:\Zotero-organized-export\JPG-JPEG\Light Cult NFTs\KQCLG37F__Diapositiva322.JPG","58.9","Could not parse NFT number from filename"
"KQDJB3IY__Diapositiva207.JPG","E:\Zotero-organized-export\JPG-JPEG\Light Cult NFTs\KQDJB3IY__Diapositiva207.JPG","123.1","Could not parse NFT number from filename"
"KQFB4ZP4__Diapositiva388.JPG","E:\Zotero-organized-export\JPG-JPEG\Light Cult NFTs\KQFB4ZP4__Diapositiva388.JPG","104.5","Could not parse NFT number from filename"
"KQI94H65__Diapositiva713.JPG","E:\Zotero-organized-export\JPG-JPEG\Light Cult NFTs\KQI94H65__Diapositiva713.JPG","61.7","Could not parse NFT number from filename"
"KQQ7A24T__Diapositiva571.JPG","E:\Zotero-organized-export\JPG-JPEG\Light Cult NFTs\KQQ7A24T__Diapositiva571.JPG","98.7","Could not parse NFT number from filename"
"KR7CCLRB__Diapositiva217.JPG","E:\Zotero-organized-export\JPG-JPEG\Light Cult NFTs\KR7CCLRB__Diapositiva217.JPG","76.9","Could not parse NFT number from filename"
"KRCYPDVS__Diapositiva962.JPG","E:\Zotero-organized-export\JPG-JPEG\Light Cult NFTs\KRCYPDVS__Diapositiva962.JPG","37","Could not parse NFT number from filename"
"KS4FGHM7__Diapositiva904.JPG","E:\Zotero-organized-export\JPG-JPEG\Light Cult NFTs\KS4FGHM7__Diapositiva904.JPG","115.3","Could not parse NFT number from filename"
"KSBIBEKK__Diapositiva698.JPG","E:\Zotero-organized-export\JPG-JPEG\Light Cult NFTs\KSBIBEKK__Diapositiva698.JPG","115.9","Could not parse NFT number from filename"
"KSMYZA2V__Diapositiva233.JPG","E:\Zotero-organized-export\JPG-JPEG\Light Cult NFTs\KSMYZA2V__Diapositiva233.JPG","139.4","Could not parse NFT number from filename"
"KSPSUQNW__Diapositiva637.JPG","E:\Zotero-organized-export\JPG-JPEG\Light Cult NFTs\KSPSUQNW__Diapositiva637.JPG","125","Could not parse NFT number from filename"
"KSRHZ7IF__Diapositiva173.JPG","E:\Zotero-organized-export\JPG-JPEG\Light Cult NFTs\KSRHZ7IF__Diapositiva173.JPG","107.4","Could not parse NFT number from filename"
"KTH4WEJ5__Diapositiva59.JPG","E:\Zotero-organized-export\JPG-JPEG\Light Cult NFTs\KTH4WEJ5__Diapositiva59.JPG","82.9","Could not parse NFT number from filename"
"KTQ5NUC3__Diapositiva948.JPG","E:\Zotero-organized-export\JPG-JPEG\Light Cult NFTs\KTQ5NUC3__Diapositiva948.JPG","62.3","Could not parse NFT number from filename"
"KU9D8VIG__Diapositiva660.JPG","E:\Zotero-organized-export\JPG-JPEG\Light Cult NFTs\KU9D8VIG__Diapositiva660.JPG","133.3","Could not parse NFT number from filename"
"KUH9KC7Z__Diapositiva588.JPG","E:\Zotero-organized-export\JPG-JPEG\Light Cult NFTs\KUH9KC7Z__Diapositiva588.JPG","136.7","Could not parse NFT number from filename"
"KUW3QLGF__Diapositiva152.JPG","E:\Zotero-organized-export\JPG-JPEG\Light Cult NFTs\KUW3QLGF__Diapositiva152.JPG","93.6","Could not parse NFT number from filename"
"KVCDUNYV__Diapositiva334.JPG","E:\Zotero-organized-export\JPG-JPEG\Light Cult NFTs\KVCDUNYV__Diapositiva334.JPG","106.9","Could not parse NFT number from filename"
"KVJ2LP52__Diapositiva895.JPG","E:\Zotero-organized-export\JPG-JPEG\Light Cult NFTs\KVJ2LP52__Diapositiva895.JPG","46.7","Could not parse NFT number from filename"
"KVJJRIBW__Diapositiva828.JPG","E:\Zotero-organized-export\JPG-JPEG\Light Cult NFTs\KVJJRIBW__Diapositiva828.JPG","51.7","Could not parse NFT number from filename"
"KVQ2SDIR__Diapositiva27.JPG","E:\Zotero-organized-export\JPG-JPEG\Light Cult NFTs\KVQ2SDIR__Diapositiva27.JPG","120.2","Could not parse NFT number from filename"
"KW3VZD7X__Diapositiva702.JPG","E:\Zotero-organized-export\JPG-JPEG\Light Cult NFTs\KW3VZD7X__Diapositiva702.JPG","132.9","Could not parse NFT number from filename"
"KW4GA85Z__Diapositiva377.JPG","E:\Zotero-organized-export\JPG-JPEG\Light Cult NFTs\KW4GA85Z__Diapositiva377.JPG","72.1","Could not parse NFT number from filename"
"KWESVDDU__Diapositiva1.JPG","E:\Zotero-organized-export\JPG-JPEG\Light Cult NFTs\KWESVDDU__Diapositiva1.JPG","84.3","Could not parse NFT number from filename"
"KWMF5NBT__Diapositiva652.JPG","E:\Zotero-organized-export\JPG-JPEG\Light Cult NFTs\KWMF5NBT__Diapositiva652.JPG","155.4","Could not parse NFT number from filename"
"KXMN25DY__Diapositiva66.JPG","E:\Zotero-organized-export\JPG-JPEG\Light Cult NFTs\KXMN25DY__Diapositiva66.JPG","127","Could not parse NFT number from filename"
"KXTU4BVY__Diapositiva397.JPG","E:\Zotero-organized-export\JPG-JPEG\Light Cult NFTs\KXTU4BVY__Diapositiva397.JPG","119.8","Could not parse NFT number from filename"
"KYPQEPV7__Diapositiva867.JPG","E:\Zotero-organized-export\JPG-JPEG\Light Cult NFTs\KYPQEPV7__Diapositiva867.JPG","43.5","Could not parse NFT number from filename"
"KZBVPDC8__Diapositiva754.JPG","E:\Zotero-organized-export\JPG-JPEG\Light Cult NFTs\KZBVPDC8__Diapositiva754.JPG","116.5","Could not parse NFT number from filename"
"KZDC29B9__Diapositiva649.JPG","E:\Zotero-organized-export\JPG-JPEG\Light Cult NFTs\KZDC29B9__Diapositiva649.JPG","120.8","Could not parse NFT number from filename"
"KZEXY3QK__Diapositiva187.JPG","E:\Zotero-organized-export\JPG-JPEG\Light Cult NFTs\KZEXY3QK__Diapositiva187.JPG","116.8","Could not parse NFT number from filename"
"KZKFRL86__Diapositiva441.JPG","E:\Zotero-organized-export\JPG-JPEG\Light Cult NFTs\KZKFRL86__Diapositiva441.JPG","72","Could not parse NFT number from filename"
"KZX32BDF__Diapositiva515.JPG","E:\Zotero-organized-export\JPG-JPEG\Light Cult NFTs\KZX32BDF__Diapositiva515.JPG","88.3","Could not parse NFT number from filename"
"L24AGJDQ__Diapositiva62.JPG","E:\Zotero-organized-export\JPG-JPEG\Light Cult NFTs\L24AGJDQ__Diapositiva62.JPG","120.9","Could not parse NFT number from filename"
"L27NCAWR__Diapositiva259.JPG","E:\Zotero-organized-export\JPG-JPEG\Light Cult NFTs\L27NCAWR__Diapositiva259.JPG","48.4","Could not parse NFT number from filename"
"L2DUVFET__Diapositiva299.JPG","E:\Zotero-organized-export\JPG-JPEG\Light Cult NFTs\L2DUVFET__Diapositiva299.JPG","116","Could not parse NFT number from filename"
"L2TCTX8I__Diapositiva279.JPG","E:\Zotero-organized-export\JPG-JPEG\Light Cult NFTs\L2TCTX8I__Diapositiva279.JPG","58.4","Could not parse NFT number from filename"
"L2Y78ENS__Diapositiva626.JPG","E:\Zotero-organized-export\JPG-JPEG\Light Cult NFTs\L2Y78ENS__Diapositiva626.JPG","115.1","Could not parse NFT number from filename"
"L2ZELVBN__Diapositiva847.JPG","E:\Zotero-organized-export\JPG-JPEG\Light Cult NFTs\L2ZELVBN__Diapositiva847.JPG","126.2","Could not parse NFT number from filename"
"L36AKPII__Diapositiva299.JPG","E:\Zotero-organized-export\JPG-JPEG\Light Cult NFTs\L36AKPII__Diapositiva299.JPG","126.1","Could not parse NFT number from filename"
"L3LSXJ4F__Diapositiva365.JPG","E:\Zotero-organized-export\JPG-JPEG\Light Cult NFTs\L3LSXJ4F__Diapositiva365.JPG","152.9","Could not parse NFT number from filename"
"L4LC2TTH__Diapositiva570.JPG","E:\Zotero-organized-export\JPG-JPEG\Light Cult NFTs\L4LC2TTH__Diapositiva570.JPG","61.8","Could not parse NFT number from filename"
"L4MPWH9T__Diapositiva909.JPG","E:\Zotero-organized-export\JPG-JPEG\Light Cult NFTs\L4MPWH9T__Diapositiva909.JPG","144.4","Could not parse NFT number from filename"
"L4N6FP8P__Diapositiva759.JPG","E:\Zotero-organized-export\JPG-JPEG\Light Cult NFTs\L4N6FP8P__Diapositiva759.JPG","60.1","Could not parse NFT number from filename"
"L4ZYIQVA__Diapositiva950.JPG","E:\Zotero-organized-export\JPG-JPEG\Light Cult NFTs\L4ZYIQVA__Diapositiva950.JPG","39.8","Could not parse NFT number from filename"
"L53QTKUA__Diapositiva12.JPG","E:\Zotero-organized-export\JPG-JPEG\Light Cult NFTs\L53QTKUA__Diapositiva12.JPG","74.3","Could not parse NFT number from filename"
"L5MKSVRH__Diapositiva728.JPG","E:\Zotero-organized-export\JPG-JPEG\Light Cult NFTs\L5MKSVRH__Diapositiva728.JPG","89.2","Could not parse NFT number from filename"
"L5MKUTRL__Diapositiva410.JPG","E:\Zotero-organized-export\JPG-JPEG\Light Cult NFTs\L5MKUTRL__Diapositiva410.JPG","88.3","Could not parse NFT number from filename"
"L5NGIEZM__Diapositiva558.JPG","E:\Zotero-organized-export\JPG-JPEG\Light Cult NFTs\L5NGIEZM__Diapositiva558.JPG","79","Could not parse NFT number from filename"
"L6CE65PF__Diapositiva364.JPG","E:\Zotero-organized-export\JPG-JPEG\Light Cult NFTs\L6CE65PF__Diapositiva364.JPG","107.4","Could not parse NFT number from filename"
"L6E6LWJG__Diapositiva191.JPG","E:\Zotero-organized-export\JPG-JPEG\Light Cult NFTs\L6E6LWJG__Diapositiva191.JPG","120.6","Could not parse NFT number from filename"
"L6H9PILK__Diapositiva16.JPG","E:\Zotero-organized-export\JPG-JPEG\Light Cult NFTs\L6H9PILK__Diapositiva16.JPG","105","Could not parse NFT number from filename"
"L6VJ8AQ7__Diapositiva170.JPG","E:\Zotero-organized-export\JPG-JPEG\Light Cult NFTs\L6VJ8AQ7__Diapositiva170.JPG","119.9","Could not parse NFT number from filename"
"L74LKTBL__Diapositiva994.JPG","E:\Zotero-organized-export\JPG-JPEG\Light Cult NFTs\L74LKTBL__Diapositiva994.JPG","118.4","Could not parse NFT number from filename"
"L782URUG__Diapositiva177.JPG","E:\Zotero-organized-export\JPG-JPEG\Light Cult NFTs\L782URUG__Diapositiva177.JPG","70.4","Could not parse NFT number from filename"
"L78ZIN27__Diapositiva509.JPG","E:\Zotero-organized-export\JPG-JPEG\Light Cult NFTs\L78ZIN27__Diapositiva509.JPG","95.1","Could not parse NFT number from filename"
"L8HM89ML__Diapositiva692.JPG","E:\Zotero-organized-export\JPG-JPEG\Light Cult NFTs\L8HM89ML__Diapositiva692.JPG","52","Could not parse NFT number from filename"
"L8R39VGZ__Diapositiva709.JPG","E:\Zotero-organized-export\JPG-JPEG\Light Cult NFTs\L8R39VGZ__Diapositiva709.JPG","113.6","Could not parse NFT number from filename"
"L9B5IXMM__Diapositiva196.JPG","E:\Zotero-organized-export\JPG-JPEG\Light Cult NFTs\L9B5IXMM__Diapositiva196.JPG","44.7","Could not parse NFT number from filename"
"LB3VAY26__Diapositiva672.JPG","E:\Zotero-organized-export\JPG-JPEG\Light Cult NFTs\LB3VAY26__Diapositiva672.JPG","79.7","Could not parse NFT number from filename"
"LB9BSUPK__Diapositiva564.JPG","E:\Zotero-organized-export\JPG-JPEG\Light Cult NFTs\LB9BSUPK__Diapositiva564.JPG","127.2","Could not parse NFT number from filename"
"LBWZ5ZSD__Diapositiva245.JPG","E:\Zotero-organized-export\JPG-JPEG\Light Cult NFTs\LBWZ5ZSD__Diapositiva245.JPG","71.8","Could not parse NFT number from filename"
"LCPQ5TF2__Diapositiva927.JPG","E:\Zotero-organized-export\JPG-JPEG\Light Cult NFTs\LCPQ5TF2__Diapositiva927.JPG","138","Could not parse NFT number from filename"
"LD44N8G2__Diapositiva725.JPG","E:\Zotero-organized-export\JPG-JPEG\Light Cult NFTs\LD44N8G2__Diapositiva725.JPG","55.8","Could not parse NFT number from filename"
"LD6E68LJ__Diapositiva223.JPG","E:\Zotero-organized-export\JPG-JPEG\Light Cult NFTs\LD6E68LJ__Diapositiva223.JPG","137.2","Could not parse NFT number from filename"
"LDA2M6RK__Diapositiva671.JPG","E:\Zotero-organized-export\JPG-JPEG\Light Cult NFTs\LDA2M6RK__Diapositiva671.JPG","152","Could not parse NFT number from filename"
"LEEZ93RP__Diapositiva227.JPG","E:\Zotero-organized-export\JPG-JPEG\Light Cult NFTs\LEEZ93RP__Diapositiva227.JPG","82.9","Could not parse NFT number from filename"
"LEX2Z6Y3__Diapositiva281.JPG","E:\Zotero-organized-export\JPG-JPEG\Light Cult NFTs\LEX2Z6Y3__Diapositiva281.JPG","57.9","Could not parse NFT number from filename"
"LEZHNFKZ__Diapositiva84.JPG","E:\Zotero-organized-export\JPG-JPEG\Light Cult NFTs\LEZHNFKZ__Diapositiva84.JPG","78.5","Could not parse NFT number from filename"
"LFHBEU8K__Diapositiva791.JPG","E:\Zotero-organized-export\JPG-JPEG\Light Cult NFTs\LFHBEU8K__Diapositiva791.JPG","133.8","Could not parse NFT number from filename"
"LFMBWJGK__Diapositiva786.JPG","E:\Zotero-organized-export\JPG-JPEG\Light Cult NFTs\LFMBWJGK__Diapositiva786.JPG","83.9","Could not parse NFT number from filename"
"LFNIC7JG__Diapositiva874.JPG","E:\Zotero-organized-export\JPG-JPEG\Light Cult NFTs\LFNIC7JG__Diapositiva874.JPG","109.1","Could not parse NFT number from filename"
"LG4NT5PI__Diapositiva239.JPG","E:\Zotero-organized-export\JPG-JPEG\Light Cult NFTs\LG4NT5PI__Diapositiva239.JPG","72.6","Could not parse NFT number from filename"
"LGFLHX8M__Diapositiva954.JPG","E:\Zotero-organized-export\JPG-JPEG\Light Cult NFTs\LGFLHX8M__Diapositiva954.JPG","30.8","Could not parse NFT number from filename"
"LGNEX9X9__Diapositiva727.JPG","E:\Zotero-organized-export\JPG-JPEG\Light Cult NFTs\LGNEX9X9__Diapositiva727.JPG","102.5","Could not parse NFT number from filename"
"LGU8NHM6__Diapositiva726.JPG","E:\Zotero-organized-export\JPG-JPEG\Light Cult NFTs\LGU8NHM6__Diapositiva726.JPG","113.9","Could not parse NFT number from filename"
"LGZWGZZP__Diapositiva674.JPG","E:\Zotero-organized-export\JPG-JPEG\Light Cult NFTs\LGZWGZZP__Diapositiva674.JPG","136","Could not parse NFT number from filename"
"LH4XD5JP__Diapositiva343.JPG","E:\Zotero-organized-export\JPG-JPEG\Light Cult NFTs\LH4XD5JP__Diapositiva343.JPG","45.8","Could not parse NFT number from filename"
"LI2269LC__Diapositiva32.JPG","E:\Zotero-organized-export\JPG-JPEG\Light Cult NFTs\LI2269LC__Diapositiva32.JPG","131.6","Could not parse NFT number from filename"
"LI58UMZF__Diapositiva685.JPG","E:\Zotero-organized-export\JPG-JPEG\Light Cult NFTs\LI58UMZF__Diapositiva685.JPG","140.3","Could not parse NFT number from filename"
"LIBM3VH8__Diapositiva333.JPG","E:\Zotero-organized-export\JPG-JPEG\Light Cult NFTs\LIBM3VH8__Diapositiva333.JPG","122.1","Could not parse NFT number from filename"
"LIH5WZXB__Diapositiva774.JPG","E:\Zotero-organized-export\JPG-JPEG\Light Cult NFTs\LIH5WZXB__Diapositiva774.JPG","63.4","Could not parse NFT number from filename"
"LIJRJ9E6__Diapositiva266.JPG","E:\Zotero-organized-export\JPG-JPEG\Light Cult NFTs\LIJRJ9E6__Diapositiva266.JPG","73.4","Could not parse NFT number from filename"
"LILXJJM8__Diapositiva594.JPG","E:\Zotero-organized-export\JPG-JPEG\Light Cult NFTs\LILXJJM8__Diapositiva594.JPG","126.2","Could not parse NFT number from filename"
"LJAHJHC9__Diapositiva578.JPG","E:\Zotero-organized-export\JPG-JPEG\Light Cult NFTs\LJAHJHC9__Diapositiva578.JPG","144.3","Could not parse NFT number from filename"
"LK5K3PPV__Diapositiva586.JPG","E:\Zotero-organized-export\JPG-JPEG\Light Cult NFTs\LK5K3PPV__Diapositiva586.JPG","92.5","Could not parse NFT number from filename"
"LKXMLWFA__Diapositiva400.JPG","E:\Zotero-organized-export\JPG-JPEG\Light Cult NFTs\LKXMLWFA__Diapositiva400.JPG","109.7","Could not parse NFT number from filename"
"LME3LUDS__Diapositiva909.JPG","E:\Zotero-organized-export\JPG-JPEG\Light Cult NFTs\LME3LUDS__Diapositiva909.JPG","115.9","Could not parse NFT number from filename"
"LMH5BIDZ__Diapositiva128.JPG","E:\Zotero-organized-export\JPG-JPEG\Light Cult NFTs\LMH5BIDZ__Diapositiva128.JPG","100.2","Could not parse NFT number from filename"
"LMLMI73U__Diapositiva382.JPG","E:\Zotero-organized-export\JPG-JPEG\Light Cult NFTs\LMLMI73U__Diapositiva382.JPG","49.7","Could not parse NFT number from filename"
"LMM5PACV__Diapositiva36.JPG","E:\Zotero-organized-export\JPG-JPEG\Light Cult NFTs\LMM5PACV__Diapositiva36.JPG","146.2","Could not parse NFT number from filename"
"LMYUQHD3__Diapositiva375.JPG","E:\Zotero-organized-export\JPG-JPEG\Light Cult NFTs\LMYUQHD3__Diapositiva375.JPG","122.4","Could not parse NFT number from filename"
"LNJXSTZF__Diapositiva943.JPG","E:\Zotero-organized-export\JPG-JPEG\Light Cult NFTs\LNJXSTZF__Diapositiva943.JPG","114.2","Could not parse NFT number from filename"
"LNKA47N5__Diapositiva727.JPG","E:\Zotero-organized-export\JPG-JPEG\Light Cult NFTs\LNKA47N5__Diapositiva727.JPG","96.1","Could not parse NFT number from filename"
"LPIU2UNY__Diapositiva926.JPG","E:\Zotero-organized-export\JPG-JPEG\Light Cult NFTs\LPIU2UNY__Diapositiva926.JPG","134.9","Could not parse NFT number from filename"
"LPPF8PN5__Diapositiva813.JPG","E:\Zotero-organized-export\JPG-JPEG\Light Cult NFTs\LPPF8PN5__Diapositiva813.JPG","72.1","Could not parse NFT number from filename"
"LPPIDEJ3__Diapositiva857.JPG","E:\Zotero-organized-export\JPG-JPEG\Light Cult NFTs\LPPIDEJ3__Diapositiva857.JPG","155.4","Could not parse NFT number from filename"
"LQ3E8DFE__Diapositiva971.JPG","E:\Zotero-organized-export\JPG-JPEG\Light Cult NFTs\LQ3E8DFE__Diapositiva971.JPG","86.3","Could not parse NFT number from filename"
"LQ9SWECI__Diapositiva750.JPG","E:\Zotero-organized-export\JPG-JPEG\Light Cult NFTs\LQ9SWECI__Diapositiva750.JPG","41.9","Could not parse NFT number from filename"
"LQEBBR8E__Diapositiva203.JPG","E:\Zotero-organized-export\JPG-JPEG\Light Cult NFTs\LQEBBR8E__Diapositiva203.JPG","60.5","Could not parse NFT number from filename"
"LRTHUP45__Diapositiva894.JPG","E:\Zotero-organized-export\JPG-JPEG\Light Cult NFTs\LRTHUP45__Diapositiva894.JPG","136.1","Could not parse NFT number from filename"
"LRXXE7LM__Diapositiva796.JPG","E:\Zotero-organized-export\JPG-JPEG\Light Cult NFTs\LRXXE7LM__Diapositiva796.JPG","132.9","Could not parse NFT number from filename"
"LS2679PN__Diapositiva297.JPG","E:\Zotero-organized-export\JPG-JPEG\Light Cult NFTs\LS2679PN__Diapositiva297.JPG","132.1","Could not parse NFT number from filename"
"LS9PHMZX__Diapositiva555.JPG","E:\Zotero-organized-export\JPG-JPEG\Light Cult NFTs\LS9PHMZX__Diapositiva555.JPG","145.3","Could not parse NFT number from filename"
"LSAL2ACL__Diapositiva6.JPG","E:\Zotero-organized-export\JPG-JPEG\Light Cult NFTs\LSAL2ACL__Diapositiva6.JPG","117","Could not parse NFT number from filename"
"LT8V7WZE__Diapositiva414.JPG","E:\Zotero-organized-export\JPG-JPEG\Light Cult NFTs\LT8V7WZE__Diapositiva414.JPG","102","Could not parse NFT number from filename"
"LTEEG2W5__Diapositiva840.JPG","E:\Zotero-organized-export\JPG-JPEG\Light Cult NFTs\LTEEG2W5__Diapositiva840.JPG","56.7","Could not parse NFT number from filename"
"LTW3JHX6__Diapositiva944.JPG","E:\Zotero-organized-export\JPG-JPEG\Light Cult NFTs\LTW3JHX6__Diapositiva944.JPG","135.4","Could not parse NFT number from filename"
"LU2MCNYU__Diapositiva918.JPG","E:\Zotero-organized-export\JPG-JPEG\Light Cult NFTs\LU2MCNYU__Diapositiva918.JPG","132.1","Could not parse NFT number from filename"
"LU2YMXS9__Diapositiva651.JPG","E:\Zotero-organized-export\JPG-JPEG\Light Cult NFTs\LU2YMXS9__Diapositiva651.JPG","92.1","Could not parse NFT number from filename"
"LU3TTDUX__Diapositiva42.JPG","E:\Zotero-organized-export\JPG-JPEG\Light Cult NFTs\LU3TTDUX__Diapositiva42.JPG","130.9","Could not parse NFT number from filename"
"LUQYHPWX__Diapositiva486.JPG","E:\Zotero-organized-export\JPG-JPEG\Light Cult NFTs\LUQYHPWX__Diapositiva486.JPG","93.4","Could not parse NFT number from filename"
"LUT6G8MU__Diapositiva150.JPG","E:\Zotero-organized-export\JPG-JPEG\Light Cult NFTs\LUT6G8MU__Diapositiva150.JPG","54.2","Could not parse NFT number from filename"
"LV4JUQRL__Diapositiva981.JPG","E:\Zotero-organized-export\JPG-JPEG\Light Cult NFTs\LV4JUQRL__Diapositiva981.JPG","138.6","Could not parse NFT number from filename"
"LVGYRPJI__Diapositiva334.JPG","E:\Zotero-organized-export\JPG-JPEG\Light Cult NFTs\LVGYRPJI__Diapositiva334.JPG","72.3","Could not parse NFT number from filename"
"LVMEVQWF__Diapositiva601.JPG","E:\Zotero-organized-export\JPG-JPEG\Light Cult NFTs\LVMEVQWF__Diapositiva601.JPG","136.6","Could not parse NFT number from filename"
"LVWL5UXU__Diapositiva675.JPG","E:\Zotero-organized-export\JPG-JPEG\Light Cult NFTs\LVWL5UXU__Diapositiva675.JPG","76.5","Could not parse NFT number from filename"
"LVYES62H__Diapositiva827.JPG","E:\Zotero-organized-export\JPG-JPEG\Light Cult NFTs\LVYES62H__Diapositiva827.JPG","78.9","Could not parse NFT number from filename"
"LWEIGYKX__Diapositiva609.JPG","E:\Zotero-organized-export\JPG-JPEG\Light Cult NFTs\LWEIGYKX__Diapositiva609.JPG","137.5","Could not parse NFT number from filename"
"LWKIAWN9__Diapositiva107.JPG","E:\Zotero-organized-export\JPG-JPEG\Light Cult NFTs\LWKIAWN9__Diapositiva107.JPG","102.3","Could not parse NFT number from filename"
"LWUR76BY__Diapositiva919.JPG","E:\Zotero-organized-export\JPG-JPEG\Light Cult NFTs\LWUR76BY__Diapositiva919.JPG","117.7","Could not parse NFT number from filename"
"LWZPJ4VF__Diapositiva131.JPG","E:\Zotero-organized-export\JPG-JPEG\Light Cult NFTs\LWZPJ4VF__Diapositiva131.JPG","140.6","Could not parse NFT number from filename"
"LXIJACFM__Diapositiva538.JPG","E:\Zotero-organized-export\JPG-JPEG\Light Cult NFTs\LXIJACFM__Diapositiva538.JPG","39.6","Could not parse NFT number from filename"
"LXK7P6S7__Diapositiva309.JPG","E:\Zotero-organized-export\JPG-JPEG\Light Cult NFTs\LXK7P6S7__Diapositiva309.JPG","139.5","Could not parse NFT number from filename"
"LXMWAZBN__Diapositiva680.JPG","E:\Zotero-organized-export\JPG-JPEG\Light Cult NFTs\LXMWAZBN__Diapositiva680.JPG","133.6","Could not parse NFT number from filename"
"LXPKMBIB__Diapositiva242.JPG","E:\Zotero-organized-export\JPG-JPEG\Light Cult NFTs\LXPKMBIB__Diapositiva242.JPG","57.3","Could not parse NFT number from filename"
"LXSS8I42__Diapositiva669.JPG","E:\Zotero-organized-export\JPG-JPEG\Light Cult NFTs\LXSS8I42__Diapositiva669.JPG","120.6","Could not parse NFT number from filename"
"LYE8Z5BI__Diapositiva493.JPG","E:\Zotero-organized-export\JPG-JPEG\Light Cult NFTs\LYE8Z5BI__Diapositiva493.JPG","105.2","Could not parse NFT number from filename"
"LYJDWS52__Diapositiva911.JPG","E:\Zotero-organized-export\JPG-JPEG\Light Cult NFTs\LYJDWS52__Diapositiva911.JPG","114.7","Could not parse NFT number from filename"
"LYKZFEGT__Diapositiva865.JPG","E:\Zotero-organized-export\JPG-JPEG\Light Cult NFTs\LYKZFEGT__Diapositiva865.JPG","61.8","Could not parse NFT number from filename"
"LYPZAEXS__Diapositiva995.JPG","E:\Zotero-organized-export\JPG-JPEG\Light Cult NFTs\LYPZAEXS__Diapositiva995.JPG","131.7","Could not parse NFT number from filename"
"LYTACXNI__Diapositiva740.JPG","E:\Zotero-organized-export\JPG-JPEG\Light Cult NFTs\LYTACXNI__Diapositiva740.JPG","131.5","Could not parse NFT number from filename"
"LZPHE3LH__Diapositiva78.JPG","E:\Zotero-organized-export\JPG-JPEG\Light Cult NFTs\LZPHE3LH__Diapositiva78.JPG","37.8","Could not parse NFT number from filename"
"M2HSLMPV__Diapositiva143.JPG","E:\Zotero-organized-export\JPG-JPEG\Light Cult NFTs\M2HSLMPV__Diapositiva143.JPG","78.2","Could not parse NFT number from filename"
"M2IGGFSW__Diapositiva247.JPG","E:\Zotero-organized-export\JPG-JPEG\Light Cult NFTs\M2IGGFSW__Diapositiva247.JPG","134.3","Could not parse NFT number from filename"
"M2PQWY6Q__Diapositiva929.JPG","E:\Zotero-organized-export\JPG-JPEG\Light Cult NFTs\M2PQWY6Q__Diapositiva929.JPG","82.7","Could not parse NFT number from filename"
"M2VJQVRX__Diapositiva704.JPG","E:\Zotero-organized-export\JPG-JPEG\Light Cult NFTs\M2VJQVRX__Diapositiva704.JPG","78.4","Could not parse NFT number from filename"
"M335EUGF__Diapositiva101.JPG","E:\Zotero-organized-export\JPG-JPEG\Light Cult NFTs\M335EUGF__Diapositiva101.JPG","127.8","Could not parse NFT number from filename"
"M3CHPQZ3__Diapositiva623.JPG","E:\Zotero-organized-export\JPG-JPEG\Light Cult NFTs\M3CHPQZ3__Diapositiva623.JPG","152.4","Could not parse NFT number from filename"
"M3GXDML5__Diapositiva671.JPG","E:\Zotero-organized-export\JPG-JPEG\Light Cult NFTs\M3GXDML5__Diapositiva671.JPG","111.9","Could not parse NFT number from filename"
"M48R9CT8__Diapositiva487.JPG","E:\Zotero-organized-export\JPG-JPEG\Light Cult NFTs\M48R9CT8__Diapositiva487.JPG","46.1","Could not parse NFT number from filename"
"M4CUALWF__Diapositiva667.JPG","E:\Zotero-organized-export\JPG-JPEG\Light Cult NFTs\M4CUALWF__Diapositiva667.JPG","80.8","Could not parse NFT number from filename"
"M526742E__Diapositiva916.JPG","E:\Zotero-organized-export\JPG-JPEG\Light Cult NFTs\M526742E__Diapositiva916.JPG","121","Could not parse NFT number from filename"
"M53SA2IU__Diapositiva220.JPG","E:\Zotero-organized-export\JPG-JPEG\Light Cult NFTs\M53SA2IU__Diapositiva220.JPG","136","Could not parse NFT number from filename"
"M55N7SCF__Diapositiva959.JPG","E:\Zotero-organized-export\JPG-JPEG\Light Cult NFTs\M55N7SCF__Diapositiva959.JPG","173.3","Could not parse NFT number from filename"
"M5KNVIWX__Diapositiva158.JPG","E:\Zotero-organized-export\JPG-JPEG\Light Cult NFTs\M5KNVIWX__Diapositiva158.JPG","88.1","Could not parse NFT number from filename"
"M5P4R54C__Diapositiva523.JPG","E:\Zotero-organized-export\JPG-JPEG\Light Cult NFTs\M5P4R54C__Diapositiva523.JPG","77.7","Could not parse NFT number from filename"
"M6BJQ2YB__Diapositiva37.JPG","E:\Zotero-organized-export\JPG-JPEG\Light Cult NFTs\M6BJQ2YB__Diapositiva37.JPG","92.9","Could not parse NFT number from filename"
"M6DSPP7K__Diapositiva111.JPG","E:\Zotero-organized-export\JPG-JPEG\Light Cult NFTs\M6DSPP7K__Diapositiva111.JPG","143.1","Could not parse NFT number from filename"
"M6MNHBVS__Diapositiva324.JPG","E:\Zotero-organized-export\JPG-JPEG\Light Cult NFTs\M6MNHBVS__Diapositiva324.JPG","80.9","Could not parse NFT number from filename"
"M6WF7E6M__Diapositiva675.JPG","E:\Zotero-organized-export\JPG-JPEG\Light Cult NFTs\M6WF7E6M__Diapositiva675.JPG","91.5","Could not parse NFT number from filename"
"M78N97JC__Diapositiva327.JPG","E:\Zotero-organized-export\JPG-JPEG\Light Cult NFTs\M78N97JC__Diapositiva327.JPG","130.1","Could not parse NFT number from filename"
"M7BISTGG__Diapositiva43.JPG","E:\Zotero-organized-export\JPG-JPEG\Light Cult NFTs\M7BISTGG__Diapositiva43.JPG","88.8","Could not parse NFT number from filename"
"M7D6KRZZ__Diapositiva639.JPG","E:\Zotero-organized-export\JPG-JPEG\Light Cult NFTs\M7D6KRZZ__Diapositiva639.JPG","66.8","Could not parse NFT number from filename"
"M7G366HT__Diapositiva757.JPG","E:\Zotero-organized-export\JPG-JPEG\Light Cult NFTs\M7G366HT__Diapositiva757.JPG","54.3","Could not parse NFT number from filename"
"M84LXWRE__Diapositiva476.JPG","E:\Zotero-organized-export\JPG-JPEG\Light Cult NFTs\M84LXWRE__Diapositiva476.JPG","131.7","Could not parse NFT number from filename"
"M8CXZJH3__Diapositiva800.JPG","E:\Zotero-organized-export\JPG-JPEG\Light Cult NFTs\M8CXZJH3__Diapositiva800.JPG","57.2","Could not parse NFT number from filename"
"M8KT5DL6__Diapositiva789.JPG","E:\Zotero-organized-export\JPG-JPEG\Light Cult NFTs\M8KT5DL6__Diapositiva789.JPG","99.3","Could not parse NFT number from filename"
"M8U57BLW__Diapositiva198.JPG","E:\Zotero-organized-export\JPG-JPEG\Light Cult NFTs\M8U57BLW__Diapositiva198.JPG","65.2","Could not parse NFT number from filename"
"M93P5LMZ__Diapositiva81.JPG","E:\Zotero-organized-export\JPG-JPEG\Light Cult NFTs\M93P5LMZ__Diapositiva81.JPG","99.2","Could not parse NFT number from filename"
"M9448EZT__Diapositiva524.JPG","E:\Zotero-organized-export\JPG-JPEG\Light Cult NFTs\M9448EZT__Diapositiva524.JPG","55","Could not parse NFT number from filename"
"M99UV8L6__Diapositiva850.JPG","E:\Zotero-organized-export\JPG-JPEG\Light Cult NFTs\M99UV8L6__Diapositiva850.JPG","43.1","Could not parse NFT number from filename"
"M9Z7SIFD__Diapositiva561.JPG","E:\Zotero-organized-export\JPG-JPEG\Light Cult NFTs\M9Z7SIFD__Diapositiva561.JPG","113.1","Could not parse NFT number from filename"
"MAB3C5TG__Diapositiva464.JPG","E:\Zotero-organized-export\JPG-JPEG\Light Cult NFTs\MAB3C5TG__Diapositiva464.JPG","48.8","Could not parse NFT number from filename"
"MAC6YQ4H__Diapositiva191.JPG","E:\Zotero-organized-export\JPG-JPEG\Light Cult NFTs\MAC6YQ4H__Diapositiva191.JPG","65.5","Could not parse NFT number from filename"
"MAX7NN9S__Diapositiva178.JPG","E:\Zotero-organized-export\JPG-JPEG\Light Cult NFTs\MAX7NN9S__Diapositiva178.JPG","73","Could not parse NFT number from filename"
"MBAHL8GW__Diapositiva100.JPG","E:\Zotero-organized-export\JPG-JPEG\Light Cult NFTs\MBAHL8GW__Diapositiva100.JPG","49.9","Could not parse NFT number from filename"
"MBPUGZUD__Diapositiva397.JPG","E:\Zotero-organized-export\JPG-JPEG\Light Cult NFTs\MBPUGZUD__Diapositiva397.JPG","93.4","Could not parse NFT number from filename"
"MBWW973V__Diapositiva328.JPG","E:\Zotero-organized-export\JPG-JPEG\Light Cult NFTs\MBWW973V__Diapositiva328.JPG","89.6","Could not parse NFT number from filename"
"MDI25Z7H__Diapositiva752.JPG","E:\Zotero-organized-export\JPG-JPEG\Light Cult NFTs\MDI25Z7H__Diapositiva752.JPG","51.6","Could not parse NFT number from filename"
"MDZ6QYTE__Diapositiva741.JPG","E:\Zotero-organized-export\JPG-JPEG\Light Cult NFTs\MDZ6QYTE__Diapositiva741.JPG","49.6","Could not parse NFT number from filename"
"ME6CXSJT__Diapositiva726.JPG","E:\Zotero-organized-export\JPG-JPEG\Light Cult NFTs\ME6CXSJT__Diapositiva726.JPG","147.3","Could not parse NFT number from filename"
"MEZJTBD7__Diapositiva456.JPG","E:\Zotero-organized-export\JPG-JPEG\Light Cult NFTs\MEZJTBD7__Diapositiva456.JPG","81.3","Could not parse NFT number from filename"
"MFPT38K4__Diapositiva494.JPG","E:\Zotero-organized-export\JPG-JPEG\Light Cult NFTs\MFPT38K4__Diapositiva494.JPG","138.2","Could not parse NFT number from filename"
"MFQGKJRA__Diapositiva834.JPG","E:\Zotero-organized-export\JPG-JPEG\Light Cult NFTs\MFQGKJRA__Diapositiva834.JPG","86.3","Could not parse NFT number from filename"
"MG6U8TNQ__Diapositiva19.JPG","E:\Zotero-organized-export\JPG-JPEG\Light Cult NFTs\MG6U8TNQ__Diapositiva19.JPG","73.2","Could not parse NFT number from filename"
"MGGFIKXD__Diapositiva355.JPG","E:\Zotero-organized-export\JPG-JPEG\Light Cult NFTs\MGGFIKXD__Diapositiva355.JPG","131","Could not parse NFT number from filename"
"MGXTM232__Diapositiva764.JPG","E:\Zotero-organized-export\JPG-JPEG\Light Cult NFTs\MGXTM232__Diapositiva764.JPG","83.2","Could not parse NFT number from filename"
"MH3W3F9Z__Diapositiva284.JPG","E:\Zotero-organized-export\JPG-JPEG\Light Cult NFTs\MH3W3F9Z__Diapositiva284.JPG","128.3","Could not parse NFT number from filename"
"MI3M2SK6__Diapositiva572.JPG","E:\Zotero-organized-export\JPG-JPEG\Light Cult NFTs\MI3M2SK6__Diapositiva572.JPG","56.3","Could not parse NFT number from filename"
"MIXJVWU7__Diapositiva439.JPG","E:\Zotero-organized-export\JPG-JPEG\Light Cult NFTs\MIXJVWU7__Diapositiva439.JPG","132.4","Could not parse NFT number from filename"
"MJ5S4ND9__Diapositiva753.JPG","E:\Zotero-organized-export\JPG-JPEG\Light Cult NFTs\MJ5S4ND9__Diapositiva753.JPG","80","Could not parse NFT number from filename"
"MJQBG36T__Diapositiva817.JPG","E:\Zotero-organized-export\JPG-JPEG\Light Cult NFTs\MJQBG36T__Diapositiva817.JPG","70.1","Could not parse NFT number from filename"
"MJY3XPIC__Diapositiva555.JPG","E:\Zotero-organized-export\JPG-JPEG\Light Cult NFTs\MJY3XPIC__Diapositiva555.JPG","43.5","Could not parse NFT number from filename"
"MK882MIU__Diapositiva314.JPG","E:\Zotero-organized-export\JPG-JPEG\Light Cult NFTs\MK882MIU__Diapositiva314.JPG","139.2","Could not parse NFT number from filename"
"MK9ILVM9__Diapositiva79.JPG","E:\Zotero-organized-export\JPG-JPEG\Light Cult NFTs\MK9ILVM9__Diapositiva79.JPG","67.8","Could not parse NFT number from filename"
"ML9RE3U4__Diapositiva204.JPG","E:\Zotero-organized-export\JPG-JPEG\Light Cult NFTs\ML9RE3U4__Diapositiva204.JPG","126.8","Could not parse NFT number from filename"
"MP42ZH3A__Diapositiva232.JPG","E:\Zotero-organized-export\JPG-JPEG\Light Cult NFTs\MP42ZH3A__Diapositiva232.JPG","91.4","Could not parse NFT number from filename"
"MPKSXCRZ__Diapositiva104.JPG","E:\Zotero-organized-export\JPG-JPEG\Light Cult NFTs\MPKSXCRZ__Diapositiva104.JPG","204.7","Could not parse NFT number from filename"
"MPZAWB3C__Diapositiva600.JPG","E:\Zotero-organized-export\JPG-JPEG\Light Cult NFTs\MPZAWB3C__Diapositiva600.JPG","94.2","Could not parse NFT number from filename"
"MQ4LZQRL__Diapositiva267.JPG","E:\Zotero-organized-export\JPG-JPEG\Light Cult NFTs\MQ4LZQRL__Diapositiva267.JPG","116.8","Could not parse NFT number from filename"
"MQ86A3K6__Diapositiva496.JPG","E:\Zotero-organized-export\JPG-JPEG\Light Cult NFTs\MQ86A3K6__Diapositiva496.JPG","169.5","Could not parse NFT number from filename"
"MQL9KRBY__Diapositiva277.JPG","E:\Zotero-organized-export\JPG-JPEG\Light Cult NFTs\MQL9KRBY__Diapositiva277.JPG","33.8","Could not parse NFT number from filename"
"MQT6RW3A__Diapositiva678.JPG","E:\Zotero-organized-export\JPG-JPEG\Light Cult NFTs\MQT6RW3A__Diapositiva678.JPG","33.4","Could not parse NFT number from filename"
"MR8RM4AQ__Diapositiva481.JPG","E:\Zotero-organized-export\JPG-JPEG\Light Cult NFTs\MR8RM4AQ__Diapositiva481.JPG","114.1","Could not parse NFT number from filename"
"MRFV3Y76__Diapositiva698.JPG","E:\Zotero-organized-export\JPG-JPEG\Light Cult NFTs\MRFV3Y76__Diapositiva698.JPG","69.8","Could not parse NFT number from filename"
"MRGKTZYJ__Diapositiva294.JPG","E:\Zotero-organized-export\JPG-JPEG\Light Cult NFTs\MRGKTZYJ__Diapositiva294.JPG","90.2","Could not parse NFT number from filename"
"MRLULHHN__Diapositiva876.JPG","E:\Zotero-organized-export\JPG-JPEG\Light Cult NFTs\MRLULHHN__Diapositiva876.JPG","108.4","Could not parse NFT number from filename"
"MRXWDPH3__Diapositiva264.JPG","E:\Zotero-organized-export\JPG-JPEG\Light Cult NFTs\MRXWDPH3__Diapositiva264.JPG","67.8","Could not parse NFT number from filename"
"MSHCRGML__Diapositiva606.JPG","E:\Zotero-organized-export\JPG-JPEG\Light Cult NFTs\MSHCRGML__Diapositiva606.JPG","91.7","Could not parse NFT number from filename"
"MSJZQPNQ__Diapositiva957.JPG","E:\Zotero-organized-export\JPG-JPEG\Light Cult NFTs\MSJZQPNQ__Diapositiva957.JPG","124.2","Could not parse NFT number from filename"
"MUR6UCNA__Diapositiva333.JPG","E:\Zotero-organized-export\JPG-JPEG\Light Cult NFTs\MUR6UCNA__Diapositiva333.JPG","141.1","Could not parse NFT number from filename"
"MUYJZQGU__Diapositiva682.JPG","E:\Zotero-organized-export\JPG-JPEG\Light Cult NFTs\MUYJZQGU__Diapositiva682.JPG","58","Could not parse NFT number from filename"
"MVG6TT6X__Diapositiva540.JPG","E:\Zotero-organized-export\JPG-JPEG\Light Cult NFTs\MVG6TT6X__Diapositiva540.JPG","48.3","Could not parse NFT number from filename"
"MXXKJ4FG__Diapositiva845.JPG","E:\Zotero-organized-export\JPG-JPEG\Light Cult NFTs\MXXKJ4FG__Diapositiva845.JPG","119.6","Could not parse NFT number from filename"
"MXYS9PGZ__Diapositiva144.JPG","E:\Zotero-organized-export\JPG-JPEG\Light Cult NFTs\MXYS9PGZ__Diapositiva144.JPG","127.6","Could not parse NFT number from filename"
"MY8HHIKW__Diapositiva226.JPG","E:\Zotero-organized-export\JPG-JPEG\Light Cult NFTs\MY8HHIKW__Diapositiva226.JPG","48.6","Could not parse NFT number from filename"
"MYDZPNB3__Diapositiva104.JPG","E:\Zotero-organized-export\JPG-JPEG\Light Cult NFTs\MYDZPNB3__Diapositiva104.JPG","97.8","Could not parse NFT number from filename"
"MYFVDIF9__Diapositiva79.JPG","E:\Zotero-organized-export\JPG-JPEG\Light Cult NFTs\MYFVDIF9__Diapositiva79.JPG","117.1","Could not parse NFT number from filename"
"MYQ9F9YU__Diapositiva831.JPG","E:\Zotero-organized-export\JPG-JPEG\Light Cult NFTs\MYQ9F9YU__Diapositiva831.JPG","111.3","Could not parse NFT number from filename"
"MYSJUIA2__Diapositiva825.JPG","E:\Zotero-organized-export\JPG-JPEG\Light Cult NFTs\MYSJUIA2__Diapositiva825.JPG","90.9","Could not parse NFT number from filename"
"MYZK8MGD__Diapositiva319.JPG","E:\Zotero-organized-export\JPG-JPEG\Light Cult NFTs\MYZK8MGD__Diapositiva319.JPG","86.5","Could not parse NFT number from filename"
"MZ8NWGY3__Diapositiva361.JPG","E:\Zotero-organized-export\JPG-JPEG\Light Cult NFTs\MZ8NWGY3__Diapositiva361.JPG","131.2","Could not parse NFT number from filename"
"MZN2Z6LN__Diapositiva587.JPG","E:\Zotero-organized-export\JPG-JPEG\Light Cult NFTs\MZN2Z6LN__Diapositiva587.JPG","96.1","Could not parse NFT number from filename"
"MZZNIIRL__Diapositiva31.JPG","E:\Zotero-organized-export\JPG-JPEG\Light Cult NFTs\MZZNIIRL__Diapositiva31.JPG","91.6","Could not parse NFT number from filename"
"N2ASPALC__Diapositiva706.JPG","E:\Zotero-organized-export\JPG-JPEG\Light Cult NFTs\N2ASPALC__Diapositiva706.JPG","60.5","Could not parse NFT number from filename"
"N2HVWEUK__Diapositiva767.JPG","E:\Zotero-organized-export\JPG-JPEG\Light Cult NFTs\N2HVWEUK__Diapositiva767.JPG","129.3","Could not parse NFT number from filename"
"N2MCXEKC__Diapositiva240.JPG","E:\Zotero-organized-export\JPG-JPEG\Light Cult NFTs\N2MCXEKC__Diapositiva240.JPG","49.3","Could not parse NFT number from filename"
"N3AABKFG__Diapositiva182.JPG","E:\Zotero-organized-export\JPG-JPEG\Light Cult NFTs\N3AABKFG__Diapositiva182.JPG","102.9","Could not parse NFT number from filename"
"N52XDYLA__Diapositiva357.JPG","E:\Zotero-organized-export\JPG-JPEG\Light Cult NFTs\N52XDYLA__Diapositiva357.JPG","124.9","Could not parse NFT number from filename"
"N5DG72I8__Diapositiva896.JPG","E:\Zotero-organized-export\JPG-JPEG\Light Cult NFTs\N5DG72I8__Diapositiva896.JPG","87.9","Could not parse NFT number from filename"
"N5RR63EY__Diapositiva775.JPG","E:\Zotero-organized-export\JPG-JPEG\Light Cult NFTs\N5RR63EY__Diapositiva775.JPG","49.1","Could not parse NFT number from filename"
"N5SLHPSV__Diapositiva54.JPG","E:\Zotero-organized-export\JPG-JPEG\Light Cult NFTs\N5SLHPSV__Diapositiva54.JPG","124.5","Could not parse NFT number from filename"
"N6F4IB9S__Diapositiva962.JPG","E:\Zotero-organized-export\JPG-JPEG\Light Cult NFTs\N6F4IB9S__Diapositiva962.JPG","119.6","Could not parse NFT number from filename"
"N6KYY4DC__Diapositiva860.JPG","E:\Zotero-organized-export\JPG-JPEG\Light Cult NFTs\N6KYY4DC__Diapositiva860.JPG","143.8","Could not parse NFT number from filename"
"N6TC3TQK__Diapositiva896.JPG","E:\Zotero-organized-export\JPG-JPEG\Light Cult NFTs\N6TC3TQK__Diapositiva896.JPG","59.6","Could not parse NFT number from filename"
"N6YBJ38J__Diapositiva750.JPG","E:\Zotero-organized-export\JPG-JPEG\Light Cult NFTs\N6YBJ38J__Diapositiva750.JPG","136.3","Could not parse NFT number from filename"
"N7EJ3T8Q__Diapositiva416.JPG","E:\Zotero-organized-export\JPG-JPEG\Light Cult NFTs\N7EJ3T8Q__Diapositiva416.JPG","42.4","Could not parse NFT number from filename"
"N8GZ7PDI__Diapositiva432.JPG","E:\Zotero-organized-export\JPG-JPEG\Light Cult NFTs\N8GZ7PDI__Diapositiva432.JPG","50.5","Could not parse NFT number from filename"
"N95QIFWL__Diapositiva127.JPG","E:\Zotero-organized-export\JPG-JPEG\Light Cult NFTs\N95QIFWL__Diapositiva127.JPG","56.8","Could not parse NFT number from filename"
"N9BE89JP__Diapositiva38.JPG","E:\Zotero-organized-export\JPG-JPEG\Light Cult NFTs\N9BE89JP__Diapositiva38.JPG","118.4","Could not parse NFT number from filename"
"N9BJRK4A__Diapositiva982.JPG","E:\Zotero-organized-export\JPG-JPEG\Light Cult NFTs\N9BJRK4A__Diapositiva982.JPG","56.4","Could not parse NFT number from filename"
"N9YRPYUA__Diapositiva358.JPG","E:\Zotero-organized-export\JPG-JPEG\Light Cult NFTs\N9YRPYUA__Diapositiva358.JPG","70.4","Could not parse NFT number from filename"
"NA9EQX5Q__Diapositiva162.JPG","E:\Zotero-organized-export\JPG-JPEG\Light Cult NFTs\NA9EQX5Q__Diapositiva162.JPG","139.3","Could not parse NFT number from filename"
"NB7D6M2R__Diapositiva403.JPG","E:\Zotero-organized-export\JPG-JPEG\Light Cult NFTs\NB7D6M2R__Diapositiva403.JPG","135.9","Could not parse NFT number from filename"
"NBCPHS4S__Diapositiva702.JPG","E:\Zotero-organized-export\JPG-JPEG\Light Cult NFTs\NBCPHS4S__Diapositiva702.JPG","79.1","Could not parse NFT number from filename"
"NBP5HLEG__Diapositiva715.JPG","E:\Zotero-organized-export\JPG-JPEG\Light Cult NFTs\NBP5HLEG__Diapositiva715.JPG","135.6","Could not parse NFT number from filename"
"NCT8CTGW__Diapositiva44.JPG","E:\Zotero-organized-export\JPG-JPEG\Light Cult NFTs\NCT8CTGW__Diapositiva44.JPG","52.4","Could not parse NFT number from filename"
"NCYTGMN5__Diapositiva941.JPG","E:\Zotero-organized-export\JPG-JPEG\Light Cult NFTs\NCYTGMN5__Diapositiva941.JPG","123.9","Could not parse NFT number from filename"
"ND6I2X5G__Diapositiva689.JPG","E:\Zotero-organized-export\JPG-JPEG\Light Cult NFTs\ND6I2X5G__Diapositiva689.JPG","76.7","Could not parse NFT number from filename"
"NDV7VRMW__Diapositiva494.JPG","E:\Zotero-organized-export\JPG-JPEG\Light Cult NFTs\NDV7VRMW__Diapositiva494.JPG","81.7","Could not parse NFT number from filename"
"NEE8PIVH__Diapositiva854.JPG","E:\Zotero-organized-export\JPG-JPEG\Light Cult NFTs\NEE8PIVH__Diapositiva854.JPG","139.4","Could not parse NFT number from filename"
"NEEDRGFY__Diapositiva133.JPG","E:\Zotero-organized-export\JPG-JPEG\Light Cult NFTs\NEEDRGFY__Diapositiva133.JPG","110.3","Could not parse NFT number from filename"
"NEGKCBLI__Diapositiva576.JPG","E:\Zotero-organized-export\JPG-JPEG\Light Cult NFTs\NEGKCBLI__Diapositiva576.JPG","92.5","Could not parse NFT number from filename"
"NFAWFX6H__Diapositiva215.JPG","E:\Zotero-organized-export\JPG-JPEG\Light Cult NFTs\NFAWFX6H__Diapositiva215.JPG","149.3","Could not parse NFT number from filename"
"NG3ZXAZM__Diapositiva290.JPG","E:\Zotero-organized-export\JPG-JPEG\Light Cult NFTs\NG3ZXAZM__Diapositiva290.JPG","52.1","Could not parse NFT number from filename"
"NGAQI6FJ__Diapositiva743.JPG","E:\Zotero-organized-export\JPG-JPEG\Light Cult NFTs\NGAQI6FJ__Diapositiva743.JPG","114.8","Could not parse NFT number from filename"
"NGC8IFIJ__Diapositiva426.JPG","E:\Zotero-organized-export\JPG-JPEG\Light Cult NFTs\NGC8IFIJ__Diapositiva426.JPG","53.1","Could not parse NFT number from filename"
"NGISZADK__Diapositiva78.JPG","E:\Zotero-organized-export\JPG-JPEG\Light Cult NFTs\NGISZADK__Diapositiva78.JPG","111.9","Could not parse NFT number from filename"
"NGJ6ZG9Y__Diapositiva366.JPG","E:\Zotero-organized-export\JPG-JPEG\Light Cult NFTs\NGJ6ZG9Y__Diapositiva366.JPG","72.4","Could not parse NFT number from filename"
"NGLATF4V__Diapositiva622.JPG","E:\Zotero-organized-export\JPG-JPEG\Light Cult NFTs\NGLATF4V__Diapositiva622.JPG","44.9","Could not parse NFT number from filename"
"NGTSIAKZ__Diapositiva318.JPG","E:\Zotero-organized-export\JPG-JPEG\Light Cult NFTs\NGTSIAKZ__Diapositiva318.JPG","53.8","Could not parse NFT number from filename"
"NIFKZBWW__Diapositiva294.JPG","E:\Zotero-organized-export\JPG-JPEG\Light Cult NFTs\NIFKZBWW__Diapositiva294.JPG","49.1","Could not parse NFT number from filename"
"NJR47G67__Diapositiva598.JPG","E:\Zotero-organized-export\JPG-JPEG\Light Cult NFTs\NJR47G67__Diapositiva598.JPG","47.5","Could not parse NFT number from filename"
"NJUPKLB5__Diapositiva914.JPG","E:\Zotero-organized-export\JPG-JPEG\Light Cult NFTs\NJUPKLB5__Diapositiva914.JPG","157","Could not parse NFT number from filename"
"NJXQN7UR__Diapositiva555.JPG","E:\Zotero-organized-export\JPG-JPEG\Light Cult NFTs\NJXQN7UR__Diapositiva555.JPG","143.3","Could not parse NFT number from filename"
"NJYW9W7Y__Diapositiva843.JPG","E:\Zotero-organized-export\JPG-JPEG\Light Cult NFTs\NJYW9W7Y__Diapositiva843.JPG","95.9","Could not parse NFT number from filename"
"NKK2XUV4__Diapositiva602.JPG","E:\Zotero-organized-export\JPG-JPEG\Light Cult NFTs\NKK2XUV4__Diapositiva602.JPG","68.4","Could not parse NFT number from filename"
"NL45PL7D__Diapositiva489.JPG","E:\Zotero-organized-export\JPG-JPEG\Light Cult NFTs\NL45PL7D__Diapositiva489.JPG","50.8","Could not parse NFT number from filename"
"NLIRGPIT__Diapositiva189.JPG","E:\Zotero-organized-export\JPG-JPEG\Light Cult NFTs\NLIRGPIT__Diapositiva189.JPG","59.5","Could not parse NFT number from filename"
"NLMEUEKM__Diapositiva83.JPG","E:\Zotero-organized-export\JPG-JPEG\Light Cult NFTs\NLMEUEKM__Diapositiva83.JPG","147.2","Could not parse NFT number from filename"
"NLMTRZJD__Diapositiva706.JPG","E:\Zotero-organized-export\JPG-JPEG\Light Cult NFTs\NLMTRZJD__Diapositiva706.JPG","101.6","Could not parse NFT number from filename"
"NLW7CDR2__Diapositiva88.JPG","E:\Zotero-organized-export\JPG-JPEG\Light Cult NFTs\NLW7CDR2__Diapositiva88.JPG","47.9","Could not parse NFT number from filename"
"NM3RV62M__Diapositiva801.JPG","E:\Zotero-organized-export\JPG-JPEG\Light Cult NFTs\NM3RV62M__Diapositiva801.JPG","91","Could not parse NFT number from filename"
"NM73F8ME__Diapositiva429.JPG","E:\Zotero-organized-export\JPG-JPEG\Light Cult NFTs\NM73F8ME__Diapositiva429.JPG","125.2","Could not parse NFT number from filename"
"NMGVVP55__Diapositiva841.JPG","E:\Zotero-organized-export\JPG-JPEG\Light Cult NFTs\NMGVVP55__Diapositiva841.JPG","45.4","Could not parse NFT number from filename"
"NMWJUUDY__Diapositiva707.JPG","E:\Zotero-organized-export\JPG-JPEG\Light Cult NFTs\NMWJUUDY__Diapositiva707.JPG","73.1","Could not parse NFT number from filename"
"NN3BDKV4__Diapositiva492.JPG","E:\Zotero-organized-export\JPG-JPEG\Light Cult NFTs\NN3BDKV4__Diapositiva492.JPG","150.6","Could not parse NFT number from filename"
"NN3I3VCF__Diapositiva636.JPG","E:\Zotero-organized-export\JPG-JPEG\Light Cult NFTs\NN3I3VCF__Diapositiva636.JPG","48.2","Could not parse NFT number from filename"
"NP3SJBBW__Diapositiva138.JPG","E:\Zotero-organized-export\JPG-JPEG\Light Cult NFTs\NP3SJBBW__Diapositiva138.JPG","64.7","Could not parse NFT number from filename"
"NPKZBU8Q__Diapositiva147.JPG","E:\Zotero-organized-export\JPG-JPEG\Light Cult NFTs\NPKZBU8Q__Diapositiva147.JPG","156.7","Could not parse NFT number from filename"
"NQKYXV82__Diapositiva733.JPG","E:\Zotero-organized-export\JPG-JPEG\Light Cult NFTs\NQKYXV82__Diapositiva733.JPG","139.7","Could not parse NFT number from filename"
"NQQTB36N__Diapositiva537.JPG","E:\Zotero-organized-export\JPG-JPEG\Light Cult NFTs\NQQTB36N__Diapositiva537.JPG","38.1","Could not parse NFT number from filename"
"NQXPFQ82__Diapositiva946.JPG","E:\Zotero-organized-export\JPG-JPEG\Light Cult NFTs\NQXPFQ82__Diapositiva946.JPG","91.7","Could not parse NFT number from filename"
"NRY5IN3M__Diapositiva776.JPG","E:\Zotero-organized-export\JPG-JPEG\Light Cult NFTs\NRY5IN3M__Diapositiva776.JPG","73.6","Could not parse NFT number from filename"
"NSZ5HB96__Diapositiva773.JPG","E:\Zotero-organized-export\JPG-JPEG\Light Cult NFTs\NSZ5HB96__Diapositiva773.JPG","100.8","Could not parse NFT number from filename"
"NTD8BI4Q__Diapositiva188.JPG","E:\Zotero-organized-export\JPG-JPEG\Light Cult NFTs\NTD8BI4Q__Diapositiva188.JPG","110.3","Could not parse NFT number from filename"
"NTTJ5XVS__Diapositiva915.JPG","E:\Zotero-organized-export\JPG-JPEG\Light Cult NFTs\NTTJ5XVS__Diapositiva915.JPG","52.7","Could not parse NFT number from filename"
"NU6NCBK8__Diapositiva934.JPG","E:\Zotero-organized-export\JPG-JPEG\Light Cult NFTs\NU6NCBK8__Diapositiva934.JPG","65.3","Could not parse NFT number from filename"
"NV26WE5A__Diapositiva91.JPG","E:\Zotero-organized-export\JPG-JPEG\Light Cult NFTs\NV26WE5A__Diapositiva91.JPG","122.2","Could not parse NFT number from filename"
"NVJVD8J4__Diapositiva938.JPG","E:\Zotero-organized-export\JPG-JPEG\Light Cult NFTs\NVJVD8J4__Diapositiva938.JPG","82.4","Could not parse NFT number from filename"
"NW6UNSQZ__Diapositiva166.JPG","E:\Zotero-organized-export\JPG-JPEG\Light Cult NFTs\NW6UNSQZ__Diapositiva166.JPG","94.7","Could not parse NFT number from filename"
"NWI5VQTY__Diapositiva315.JPG","E:\Zotero-organized-export\JPG-JPEG\Light Cult NFTs\NWI5VQTY__Diapositiva315.JPG","48.8","Could not parse NFT number from filename"
"NWZKUHSD__Diapositiva259.JPG","E:\Zotero-organized-export\JPG-JPEG\Light Cult NFTs\NWZKUHSD__Diapositiva259.JPG","142.8","Could not parse NFT number from filename"
"NXMDXIGN__Diapositiva732.JPG","E:\Zotero-organized-export\JPG-JPEG\Light Cult NFTs\NXMDXIGN__Diapositiva732.JPG","77.2","Could not parse NFT number from filename"
"NXT3B6CL__Diapositiva247.JPG","E:\Zotero-organized-export\JPG-JPEG\Light Cult NFTs\NXT3B6CL__Diapositiva247.JPG","91.2","Could not parse NFT number from filename"
"NY7PPLSU__Diapositiva119.JPG","E:\Zotero-organized-export\JPG-JPEG\Light Cult NFTs\NY7PPLSU__Diapositiva119.JPG","213.1","Could not parse NFT number from filename"
"NYHYXT7H__Diapositiva987.JPG","E:\Zotero-organized-export\JPG-JPEG\Light Cult NFTs\NYHYXT7H__Diapositiva987.JPG","179.7","Could not parse NFT number from filename"
"NYL3TZYQ__Diapositiva662.JPG","E:\Zotero-organized-export\JPG-JPEG\Light Cult NFTs\NYL3TZYQ__Diapositiva662.JPG","80.7","Could not parse NFT number from filename"
"NZ6WQDYD__Diapositiva635.JPG","E:\Zotero-organized-export\JPG-JPEG\Light Cult NFTs\NZ6WQDYD__Diapositiva635.JPG","78.9","Could not parse NFT number from filename"
"NZBISAFM__Diapositiva498.JPG","E:\Zotero-organized-export\JPG-JPEG\Light Cult NFTs\NZBISAFM__Diapositiva498.JPG","46","Could not parse NFT number from filename"
"NZDAEN9Y__Diapositiva941.JPG","E:\Zotero-organized-export\JPG-JPEG\Light Cult NFTs\NZDAEN9Y__Diapositiva941.JPG","110.6","Could not parse NFT number from filename"
"NZR7DRM9__Diapositiva878.JPG","E:\Zotero-organized-export\JPG-JPEG\Light Cult NFTs\NZR7DRM9__Diapositiva878.JPG","143.4","Could not parse NFT number from filename"
"P2C482DF__Diapositiva522.JPG","E:\Zotero-organized-export\JPG-JPEG\Light Cult NFTs\P2C482DF__Diapositiva522.JPG","44.4","Could not parse NFT number from filename"
"P3KVFLD3__Diapositiva433.JPG","E:\Zotero-organized-export\JPG-JPEG\Light Cult NFTs\P3KVFLD3__Diapositiva433.JPG","139.9","Could not parse NFT number from filename"
"P3SLPDCX__Diapositiva157.JPG","E:\Zotero-organized-export\JPG-JPEG\Light Cult NFTs\P3SLPDCX__Diapositiva157.JPG","59.1","Could not parse NFT number from filename"
"P3WW47ZR__Diapositiva900.JPG","E:\Zotero-organized-export\JPG-JPEG\Light Cult NFTs\P3WW47ZR__Diapositiva900.JPG","90.7","Could not parse NFT number from filename"
"P4RALJFV__Diapositiva413.JPG","E:\Zotero-organized-export\JPG-JPEG\Light Cult NFTs\P4RALJFV__Diapositiva413.JPG","122","Could not parse NFT number from filename"
"P5K7NCZR__Diapositiva265.JPG","E:\Zotero-organized-export\JPG-JPEG\Light Cult NFTs\P5K7NCZR__Diapositiva265.JPG","136.9","Could not parse NFT number from filename"
"P5UREREQ__Diapositiva279.JPG","E:\Zotero-organized-export\JPG-JPEG\Light Cult NFTs\P5UREREQ__Diapositiva279.JPG","58.4","Could not parse NFT number from filename"
"P5Z5UQCX__Diapositiva371.JPG","E:\Zotero-organized-export\JPG-JPEG\Light Cult NFTs\P5Z5UQCX__Diapositiva371.JPG","89","Could not parse NFT number from filename"
"P698SC8P__Diapositiva40.JPG","E:\Zotero-organized-export\JPG-JPEG\Light Cult NFTs\P698SC8P__Diapositiva40.JPG","118.8","Could not parse NFT number from filename"
"P6IF73WX__Diapositiva246.JPG","E:\Zotero-organized-export\JPG-JPEG\Light Cult NFTs\P6IF73WX__Diapositiva246.JPG","97.8","Could not parse NFT number from filename"
"P72ZP66D__Diapositiva706.JPG","E:\Zotero-organized-export\JPG-JPEG\Light Cult NFTs\P72ZP66D__Diapositiva706.JPG","85.7","Could not parse NFT number from filename"
"P7767DIU__Diapositiva149.JPG","E:\Zotero-organized-export\JPG-JPEG\Light Cult NFTs\P7767DIU__Diapositiva149.JPG","91.1","Could not parse NFT number from filename"
"P7SEX4DR__Diapositiva713.JPG","E:\Zotero-organized-export\JPG-JPEG\Light Cult NFTs\P7SEX4DR__Diapositiva713.JPG","73","Could not parse NFT number from filename"
"P82LB2V7__Diapositiva330.JPG","E:\Zotero-organized-export\JPG-JPEG\Light Cult NFTs\P82LB2V7__Diapositiva330.JPG","74.4","Could not parse NFT number from filename"
"P8JCBDZA__Diapositiva567.JPG","E:\Zotero-organized-export\JPG-JPEG\Light Cult NFTs\P8JCBDZA__Diapositiva567.JPG","52.2","Could not parse NFT number from filename"
"P8JNGNAK__Diapositiva362.JPG","E:\Zotero-organized-export\JPG-JPEG\Light Cult NFTs\P8JNGNAK__Diapositiva362.JPG","132.8","Could not parse NFT number from filename"
"P8PDWAPX__Diapositiva605.JPG","E:\Zotero-organized-export\JPG-JPEG\Light Cult NFTs\P8PDWAPX__Diapositiva605.JPG","118.5","Could not parse NFT number from filename"
"P9EE3DPX__Diapositiva216.JPG","E:\Zotero-organized-export\JPG-JPEG\Light Cult NFTs\P9EE3DPX__Diapositiva216.JPG","37.7","Could not parse NFT number from filename"
"P9P3X8XY__Diapositiva297.JPG","E:\Zotero-organized-export\JPG-JPEG\Light Cult NFTs\P9P3X8XY__Diapositiva297.JPG","44","Could not parse NFT number from filename"
"PADTN4KL__Diapositiva316.JPG","E:\Zotero-organized-export\JPG-JPEG\Light Cult NFTs\PADTN4KL__Diapositiva316.JPG","202.4","Could not parse NFT number from filename"
"PAT8C3CK__Diapositiva371.JPG","E:\Zotero-organized-export\JPG-JPEG\Light Cult NFTs\PAT8C3CK__Diapositiva371.JPG","132.4","Could not parse NFT number from filename"
"PCI8J63C__Diapositiva543.JPG","E:\Zotero-organized-export\JPG-JPEG\Light Cult NFTs\PCI8J63C__Diapositiva543.JPG","134.1","Could not parse NFT number from filename"
"PCX6LSFZ__Diapositiva787.JPG","E:\Zotero-organized-export\JPG-JPEG\Light Cult NFTs\PCX6LSFZ__Diapositiva787.JPG","52.7","Could not parse NFT number from filename"
"PCYGXD8C__Diapositiva146.JPG","E:\Zotero-organized-export\JPG-JPEG\Light Cult NFTs\PCYGXD8C__Diapositiva146.JPG","146.6","Could not parse NFT number from filename"
"PDDKC6T5__Diapositiva937.JPG","E:\Zotero-organized-export\JPG-JPEG\Light Cult NFTs\PDDKC6T5__Diapositiva937.JPG","50.9","Could not parse NFT number from filename"
"PDNYFJGQ__Diapositiva101.JPG","E:\Zotero-organized-export\JPG-JPEG\Light Cult NFTs\PDNYFJGQ__Diapositiva101.JPG","126.7","Could not parse NFT number from filename"
"PE2BD3K7__Diapositiva772.JPG","E:\Zotero-organized-export\JPG-JPEG\Light Cult NFTs\PE2BD3K7__Diapositiva772.JPG","71.1","Could not parse NFT number from filename"
"PEPZND69__Diapositiva854.JPG","E:\Zotero-organized-export\JPG-JPEG\Light Cult NFTs\PEPZND69__Diapositiva854.JPG","103.3","Could not parse NFT number from filename"
"PEXU272P__Diapositiva688.JPG","E:\Zotero-organized-export\JPG-JPEG\Light Cult NFTs\PEXU272P__Diapositiva688.JPG","116.2","Could not parse NFT number from filename"
"PF5837U4__Diapositiva801.JPG","E:\Zotero-organized-export\JPG-JPEG\Light Cult NFTs\PF5837U4__Diapositiva801.JPG","52.6","Could not parse NFT number from filename"
"PFAFN9G3__Diapositiva175.JPG","E:\Zotero-organized-export\JPG-JPEG\Light Cult NFTs\PFAFN9G3__Diapositiva175.JPG","81.5","Could not parse NFT number from filename"
"PFKB9ZEJ__Diapositiva278.JPG","E:\Zotero-organized-export\JPG-JPEG\Light Cult NFTs\PFKB9ZEJ__Diapositiva278.JPG","60.5","Could not parse NFT number from filename"
"PFP7NPBJ__Diapositiva899.JPG","E:\Zotero-organized-export\JPG-JPEG\Light Cult NFTs\PFP7NPBJ__Diapositiva899.JPG","41","Could not parse NFT number from filename"
"PFRWMTYW__Diapositiva452.JPG","E:\Zotero-organized-export\JPG-JPEG\Light Cult NFTs\PFRWMTYW__Diapositiva452.JPG","93.5","Could not parse NFT number from filename"
"PGIPVLKG__Diapositiva773.JPG","E:\Zotero-organized-export\JPG-JPEG\Light Cult NFTs\PGIPVLKG__Diapositiva773.JPG","139.2","Could not parse NFT number from filename"
"PGKBZMET__Diapositiva403.JPG","E:\Zotero-organized-export\JPG-JPEG\Light Cult NFTs\PGKBZMET__Diapositiva403.JPG","126.6","Could not parse NFT number from filename"
"PH2M4DR9__Diapositiva891.JPG","E:\Zotero-organized-export\JPG-JPEG\Light Cult NFTs\PH2M4DR9__Diapositiva891.JPG","48","Could not parse NFT number from filename"
"PHFCJ5HD__Diapositiva161.JPG","E:\Zotero-organized-export\JPG-JPEG\Light Cult NFTs\PHFCJ5HD__Diapositiva161.JPG","129.3","Could not parse NFT number from filename"
"PI38JSPX__Diapositiva368.JPG","E:\Zotero-organized-export\JPG-JPEG\Light Cult NFTs\PI38JSPX__Diapositiva368.JPG","123.2","Could not parse NFT number from filename"
"PI7NNKQQ__Diapositiva683.JPG","E:\Zotero-organized-export\JPG-JPEG\Light Cult NFTs\PI7NNKQQ__Diapositiva683.JPG","142.3","Could not parse NFT number from filename"
"PIK9ZHXX__Diapositiva532.JPG","E:\Zotero-organized-export\JPG-JPEG\Light Cult NFTs\PIK9ZHXX__Diapositiva532.JPG","136.9","Could not parse NFT number from filename"
"PIKTYGFW__Diapositiva749.JPG","E:\Zotero-organized-export\JPG-JPEG\Light Cult NFTs\PIKTYGFW__Diapositiva749.JPG","53.5","Could not parse NFT number from filename"
"PJHDV8ES__Diapositiva887.JPG","E:\Zotero-organized-export\JPG-JPEG\Light Cult NFTs\PJHDV8ES__Diapositiva887.JPG","60.1","Could not parse NFT number from filename"
"PKDBJCFD__Diapositiva769.JPG","E:\Zotero-organized-export\JPG-JPEG\Light Cult NFTs\PKDBJCFD__Diapositiva769.JPG","111.6","Could not parse NFT number from filename"
"PKGMIBKL__Diapositiva509.JPG","E:\Zotero-organized-export\JPG-JPEG\Light Cult NFTs\PKGMIBKL__Diapositiva509.JPG","135.2","Could not parse NFT number from filename"
"PLGUWQYY__Diapositiva999.JPG","E:\Zotero-organized-export\JPG-JPEG\Light Cult NFTs\PLGUWQYY__Diapositiva999.JPG","116.7","Could not parse NFT number from filename"
"PLID9R6N__Diapositiva250.JPG","E:\Zotero-organized-export\JPG-JPEG\Light Cult NFTs\PLID9R6N__Diapositiva250.JPG","71.5","Could not parse NFT number from filename"
"PLJPD4WA__Diapositiva536.JPG","E:\Zotero-organized-export\JPG-JPEG\Light Cult NFTs\PLJPD4WA__Diapositiva536.JPG","68.4","Could not parse NFT number from filename"
"PLSUVWAS__Diapositiva934.JPG","E:\Zotero-organized-export\JPG-JPEG\Light Cult NFTs\PLSUVWAS__Diapositiva934.JPG","137.3","Could not parse NFT number from filename"
"PMA6VPBJ__Diapositiva768.JPG","E:\Zotero-organized-export\JPG-JPEG\Light Cult NFTs\PMA6VPBJ__Diapositiva768.JPG","156.7","Could not parse NFT number from filename"
"PMLT3BGZ__Diapositiva536.JPG","E:\Zotero-organized-export\JPG-JPEG\Light Cult NFTs\PMLT3BGZ__Diapositiva536.JPG","56.1","Could not parse NFT number from filename"
"PMYCG2IJ__Diapositiva239.JPG","E:\Zotero-organized-export\JPG-JPEG\Light Cult NFTs\PMYCG2IJ__Diapositiva239.JPG","87.1","Could not parse NFT number from filename"
"PNC33NKR__Diapositiva477.JPG","E:\Zotero-organized-export\JPG-JPEG\Light Cult NFTs\PNC33NKR__Diapositiva477.JPG","86.4","Could not parse NFT number from filename"
"PNHUUJMT__Diapositiva173.JPG","E:\Zotero-organized-export\JPG-JPEG\Light Cult NFTs\PNHUUJMT__Diapositiva173.JPG","144.6","Could not parse NFT number from filename"
"PNU62WBG__Diapositiva406.JPG","E:\Zotero-organized-export\JPG-JPEG\Light Cult NFTs\PNU62WBG__Diapositiva406.JPG","148.4","Could not parse NFT number from filename"
"PP8N36T7__Diapositiva573.JPG","E:\Zotero-organized-export\JPG-JPEG\Light Cult NFTs\PP8N36T7__Diapositiva573.JPG","157.7","Could not parse NFT number from filename"
"PPE55JCZ__Diapositiva252.JPG","E:\Zotero-organized-export\JPG-JPEG\Light Cult NFTs\PPE55JCZ__Diapositiva252.JPG","123.3","Could not parse NFT number from filename"
"PPJ2T5T3__Diapositiva963.JPG","E:\Zotero-organized-export\JPG-JPEG\Light Cult NFTs\PPJ2T5T3__Diapositiva963.JPG","245.8","Could not parse NFT number from filename"
"PQ6YXCKN__Diapositiva690.JPG","E:\Zotero-organized-export\JPG-JPEG\Light Cult NFTs\PQ6YXCKN__Diapositiva690.JPG","94.8","Could not parse NFT number from filename"
"PQPIZN2L__Diapositiva454.JPG","E:\Zotero-organized-export\JPG-JPEG\Light Cult NFTs\PQPIZN2L__Diapositiva454.JPG","71.3","Could not parse NFT number from filename"
"PQRLA9LK__Diapositiva528.JPG","E:\Zotero-organized-export\JPG-JPEG\Light Cult NFTs\PQRLA9LK__Diapositiva528.JPG","74.4","Could not parse NFT number from filename"
"PQT3K28X__Diapositiva912.JPG","E:\Zotero-organized-export\JPG-JPEG\Light Cult NFTs\PQT3K28X__Diapositiva912.JPG","35.3","Could not parse NFT number from filename"
"PQUSG5SS__Diapositiva325.JPG","E:\Zotero-organized-export\JPG-JPEG\Light Cult NFTs\PQUSG5SS__Diapositiva325.JPG","131.4","Could not parse NFT number from filename"
"PRIHYPQ7__Diapositiva733.JPG","E:\Zotero-organized-export\JPG-JPEG\Light Cult NFTs\PRIHYPQ7__Diapositiva733.JPG","63.2","Could not parse NFT number from filename"
"PRTQD59C__Diapositiva840.JPG","E:\Zotero-organized-export\JPG-JPEG\Light Cult NFTs\PRTQD59C__Diapositiva840.JPG","90.7","Could not parse NFT number from filename"
"PSDCRGF3__Diapositiva859.JPG","E:\Zotero-organized-export\JPG-JPEG\Light Cult NFTs\PSDCRGF3__Diapositiva859.JPG","147.3","Could not parse NFT number from filename"
"PSGWE979__Diapositiva141.JPG","E:\Zotero-organized-export\JPG-JPEG\Light Cult NFTs\PSGWE979__Diapositiva141.JPG","100.1","Could not parse NFT number from filename"
"PSTN83JC__Diapositiva14.JPG","E:\Zotero-organized-export\JPG-JPEG\Light Cult NFTs\PSTN83JC__Diapositiva14.JPG","47","Could not parse NFT number from filename"
"PTK7TS4U__Diapositiva587.JPG","E:\Zotero-organized-export\JPG-JPEG\Light Cult NFTs\PTK7TS4U__Diapositiva587.JPG","96.5","Could not parse NFT number from filename"
"PTX9FW8D__Diapositiva735.JPG","E:\Zotero-organized-export\JPG-JPEG\Light Cult NFTs\PTX9FW8D__Diapositiva735.JPG","65.7","Could not parse NFT number from filename"
"PU6EPXPS__Diapositiva374.JPG","E:\Zotero-organized-export\JPG-JPEG\Light Cult NFTs\PU6EPXPS__Diapositiva374.JPG","73.1","Could not parse NFT number from filename"
"PUENVFKH__Diapositiva206.JPG","E:\Zotero-organized-export\JPG-JPEG\Light Cult NFTs\PUENVFKH__Diapositiva206.JPG","106.1","Could not parse NFT number from filename"
"PUFHHX9K__Diapositiva557.JPG","E:\Zotero-organized-export\JPG-JPEG\Light Cult NFTs\PUFHHX9K__Diapositiva557.JPG","67.2","Could not parse NFT number from filename"
"PUGHUEXT__Diapositiva316.JPG","E:\Zotero-organized-export\JPG-JPEG\Light Cult NFTs\PUGHUEXT__Diapositiva316.JPG","135.2","Could not parse NFT number from filename"
"PVRGRJA7__Diapositiva552.JPG","E:\Zotero-organized-export\JPG-JPEG\Light Cult NFTs\PVRGRJA7__Diapositiva552.JPG","121.5","Could not parse NFT number from filename"
"PVT6BZ54__Diapositiva973.JPG","E:\Zotero-organized-export\JPG-JPEG\Light Cult NFTs\PVT6BZ54__Diapositiva973.JPG","119.1","Could not parse NFT number from filename"
"PVYYWE3E__Diapositiva841.JPG","E:\Zotero-organized-export\JPG-JPEG\Light Cult NFTs\PVYYWE3E__Diapositiva841.JPG","119.4","Could not parse NFT number from filename"
"PWEVF34T__Diapositiva900.JPG","E:\Zotero-organized-export\JPG-JPEG\Light Cult NFTs\PWEVF34T__Diapositiva900.JPG","50","Could not parse NFT number from filename"
"PWFW492G__Diapositiva90.JPG","E:\Zotero-organized-export\JPG-JPEG\Light Cult NFTs\PWFW492G__Diapositiva90.JPG","44.8","Could not parse NFT number from filename"
"PX447MF6__Diapositiva132.JPG","E:\Zotero-organized-export\JPG-JPEG\Light Cult NFTs\PX447MF6__Diapositiva132.JPG","55","Could not parse NFT number from filename"
"PX5J8C7S__Diapositiva780.JPG","E:\Zotero-organized-export\JPG-JPEG\Light Cult NFTs\PX5J8C7S__Diapositiva780.JPG","95.7","Could not parse NFT number from filename"
"PXDB9D2K__Diapositiva168.JPG","E:\Zotero-organized-export\JPG-JPEG\Light Cult NFTs\PXDB9D2K__Diapositiva168.JPG","116.5","Could not parse NFT number from filename"
"PY2YFIJ6__Diapositiva111.JPG","E:\Zotero-organized-export\JPG-JPEG\Light Cult NFTs\PY2YFIJ6__Diapositiva111.JPG","56.2","Could not parse NFT number from filename"
"PY7EFUAB__Diapositiva492.JPG","E:\Zotero-organized-export\JPG-JPEG\Light Cult NFTs\PY7EFUAB__Diapositiva492.JPG","42.7","Could not parse NFT number from filename"
"PYEDBRAL__Diapositiva492.JPG","E:\Zotero-organized-export\JPG-JPEG\Light Cult NFTs\PYEDBRAL__Diapositiva492.JPG","69.6","Could not parse NFT number from filename"
"PYJIN4MA__Diapositiva999.JPG","E:\Zotero-organized-export\JPG-JPEG\Light Cult NFTs\PYJIN4MA__Diapositiva999.JPG","166.9","Could not parse NFT number from filename"
"PYSF69RX__Diapositiva493.JPG","E:\Zotero-organized-export\JPG-JPEG\Light Cult NFTs\PYSF69RX__Diapositiva493.JPG","46.3","Could not parse NFT number from filename"
"PZGEFM9S__Diapositiva60.JPG","E:\Zotero-organized-export\JPG-JPEG\Light Cult NFTs\PZGEFM9S__Diapositiva60.JPG","125.1","Could not parse NFT number from filename"
"PZZ6DD4W__Diapositiva565.JPG","E:\Zotero-organized-export\JPG-JPEG\Light Cult NFTs\PZZ6DD4W__Diapositiva565.JPG","147.1","Could not parse NFT number from filename"
"Q3BPKGDP__Diapositiva863.JPG","E:\Zotero-organized-export\JPG-JPEG\Light Cult NFTs\Q3BPKGDP__Diapositiva863.JPG","122.5","Could not parse NFT number from filename"
"Q3QVQ6T6__Diapositiva458.JPG","E:\Zotero-organized-export\JPG-JPEG\Light Cult NFTs\Q3QVQ6T6__Diapositiva458.JPG","77","Could not parse NFT number from filename"
"Q4278DEW__Diapositiva525.JPG","E:\Zotero-organized-export\JPG-JPEG\Light Cult NFTs\Q4278DEW__Diapositiva525.JPG","80.9","Could not parse NFT number from filename"
"Q4HKKBW6__Diapositiva926.JPG","E:\Zotero-organized-export\JPG-JPEG\Light Cult NFTs\Q4HKKBW6__Diapositiva926.JPG","121.2","Could not parse NFT number from filename"
"Q4KZBDH6__Diapositiva694.JPG","E:\Zotero-organized-export\JPG-JPEG\Light Cult NFTs\Q4KZBDH6__Diapositiva694.JPG","121.1","Could not parse NFT number from filename"
"Q4L7JCQR__Diapositiva683.JPG","E:\Zotero-organized-export\JPG-JPEG\Light Cult NFTs\Q4L7JCQR__Diapositiva683.JPG","141.7","Could not parse NFT number from filename"
"Q4NSESMS__Diapositiva823.JPG","E:\Zotero-organized-export\JPG-JPEG\Light Cult NFTs\Q4NSESMS__Diapositiva823.JPG","77.8","Could not parse NFT number from filename"
"Q5DKUZBA__Diapositiva897.JPG","E:\Zotero-organized-export\JPG-JPEG\Light Cult NFTs\Q5DKUZBA__Diapositiva897.JPG","56.4","Could not parse NFT number from filename"
"Q5FVZJGV__Diapositiva873.JPG","E:\Zotero-organized-export\JPG-JPEG\Light Cult NFTs\Q5FVZJGV__Diapositiva873.JPG","144.1","Could not parse NFT number from filename"
"Q5JBBLLL__Diapositiva5.JPG","E:\Zotero-organized-export\JPG-JPEG\Light Cult NFTs\Q5JBBLLL__Diapositiva5.JPG","123.3","Could not parse NFT number from filename"
"Q5MY3LD6__Diapositiva374.JPG","E:\Zotero-organized-export\JPG-JPEG\Light Cult NFTs\Q5MY3LD6__Diapositiva374.JPG","144","Could not parse NFT number from filename"
"Q6DABQ4Y__Diapositiva16.JPG","E:\Zotero-organized-export\JPG-JPEG\Light Cult NFTs\Q6DABQ4Y__Diapositiva16.JPG","61.2","Could not parse NFT number from filename"
"Q8EWN2BT__Diapositiva781.JPG","E:\Zotero-organized-export\JPG-JPEG\Light Cult NFTs\Q8EWN2BT__Diapositiva781.JPG","57.1","Could not parse NFT number from filename"
"Q8NRMXQM__Diapositiva269.JPG","E:\Zotero-organized-export\JPG-JPEG\Light Cult NFTs\Q8NRMXQM__Diapositiva269.JPG","138.6","Could not parse NFT number from filename"
"QAB3JFVR__Diapositiva810.JPG","E:\Zotero-organized-export\JPG-JPEG\Light Cult NFTs\QAB3JFVR__Diapositiva810.JPG","78.2","Could not parse NFT number from filename"
"QBJCF5XU__Diapositiva202.JPG","E:\Zotero-organized-export\JPG-JPEG\Light Cult NFTs\QBJCF5XU__Diapositiva202.JPG","125.1","Could not parse NFT number from filename"
"QC4DBWTC__Diapositiva141.JPG","E:\Zotero-organized-export\JPG-JPEG\Light Cult NFTs\QC4DBWTC__Diapositiva141.JPG","145.7","Could not parse NFT number from filename"
"QD2K5L2H__Diapositiva15.JPG","E:\Zotero-organized-export\JPG-JPEG\Light Cult NFTs\QD2K5L2H__Diapositiva15.JPG","121","Could not parse NFT number from filename"
"QDFD4PJI__Diapositiva684.JPG","E:\Zotero-organized-export\JPG-JPEG\Light Cult NFTs\QDFD4PJI__Diapositiva684.JPG","126.7","Could not parse NFT number from filename"
"QDGVAGJ9__Diapositiva608.JPG","E:\Zotero-organized-export\JPG-JPEG\Light Cult NFTs\QDGVAGJ9__Diapositiva608.JPG","43.9","Could not parse NFT number from filename"
"QDWWSXXS__Diapositiva931.JPG","E:\Zotero-organized-export\JPG-JPEG\Light Cult NFTs\QDWWSXXS__Diapositiva931.JPG","208.6","Could not parse NFT number from filename"
"QF8KK6LN__Diapositiva280.JPG","E:\Zotero-organized-export\JPG-JPEG\Light Cult NFTs\QF8KK6LN__Diapositiva280.JPG","142","Could not parse NFT number from filename"
"QF9DP9QR__Diapositiva993.JPG","E:\Zotero-organized-export\JPG-JPEG\Light Cult NFTs\QF9DP9QR__Diapositiva993.JPG","67.4","Could not parse NFT number from filename"
"QFA2HIQC__Diapositiva30.JPG","E:\Zotero-organized-export\JPG-JPEG\Light Cult NFTs\QFA2HIQC__Diapositiva30.JPG","42.5","Could not parse NFT number from filename"
"QFHV7EUP__Diapositiva59.JPG","E:\Zotero-organized-export\JPG-JPEG\Light Cult NFTs\QFHV7EUP__Diapositiva59.JPG","123.1","Could not parse NFT number from filename"
"QFPX7IAD__Diapositiva309.JPG","E:\Zotero-organized-export\JPG-JPEG\Light Cult NFTs\QFPX7IAD__Diapositiva309.JPG","79","Could not parse NFT number from filename"
"QG739E9M__Diapositiva599.JPG","E:\Zotero-organized-export\JPG-JPEG\Light Cult NFTs\QG739E9M__Diapositiva599.JPG","113.2","Could not parse NFT number from filename"
"QGKTFRU9__Diapositiva643.JPG","E:\Zotero-organized-export\JPG-JPEG\Light Cult NFTs\QGKTFRU9__Diapositiva643.JPG","72.1","Could not parse NFT number from filename"
"QHDVLCNC__Diapositiva292.JPG","E:\Zotero-organized-export\JPG-JPEG\Light Cult NFTs\QHDVLCNC__Diapositiva292.JPG","87.7","Could not parse NFT number from filename"
"QHNVH98T__Diapositiva938.JPG","E:\Zotero-organized-export\JPG-JPEG\Light Cult NFTs\QHNVH98T__Diapositiva938.JPG","141.3","Could not parse NFT number from filename"
"QHU9KY6J__Diapositiva360.JPG","E:\Zotero-organized-export\JPG-JPEG\Light Cult NFTs\QHU9KY6J__Diapositiva360.JPG","128.6","Could not parse NFT number from filename"
"QHYMGVVM__Diapositiva800.JPG","E:\Zotero-organized-export\JPG-JPEG\Light Cult NFTs\QHYMGVVM__Diapositiva800.JPG","129.8","Could not parse NFT number from filename"
"QJ24CVSH__Diapositiva248.JPG","E:\Zotero-organized-export\JPG-JPEG\Light Cult NFTs\QJ24CVSH__Diapositiva248.JPG","71.5","Could not parse NFT number from filename"
"QJGR2KQJ__Diapositiva472.JPG","E:\Zotero-organized-export\JPG-JPEG\Light Cult NFTs\QJGR2KQJ__Diapositiva472.JPG","91.4","Could not parse NFT number from filename"
"QJNLPFVX__Diapositiva449.JPG","E:\Zotero-organized-export\JPG-JPEG\Light Cult NFTs\QJNLPFVX__Diapositiva449.JPG","58.4","Could not parse NFT number from filename"
"QJT56F3C__Diapositiva990.JPG","E:\Zotero-organized-export\JPG-JPEG\Light Cult NFTs\QJT56F3C__Diapositiva990.JPG","65.2","Could not parse NFT number from filename"
"QKDNWU3B__Diapositiva243.JPG","E:\Zotero-organized-export\JPG-JPEG\Light Cult NFTs\QKDNWU3B__Diapositiva243.JPG","163.1","Could not parse NFT number from filename"
"QKHHP67Y__Diapositiva278.JPG","E:\Zotero-organized-export\JPG-JPEG\Light Cult NFTs\QKHHP67Y__Diapositiva278.JPG","47.5","Could not parse NFT number from filename"
"QKWP6KCT__Diapositiva595.JPG","E:\Zotero-organized-export\JPG-JPEG\Light Cult NFTs\QKWP6KCT__Diapositiva595.JPG","90.7","Could not parse NFT number from filename"
"QKXML66E__Diapositiva313.JPG","E:\Zotero-organized-export\JPG-JPEG\Light Cult NFTs\QKXML66E__Diapositiva313.JPG","122","Could not parse NFT number from filename"
"QL4FHUZT__Diapositiva755.JPG","E:\Zotero-organized-export\JPG-JPEG\Light Cult NFTs\QL4FHUZT__Diapositiva755.JPG","141.2","Could not parse NFT number from filename"
"QL7NHW83__Diapositiva545.JPG","E:\Zotero-organized-export\JPG-JPEG\Light Cult NFTs\QL7NHW83__Diapositiva545.JPG","75.4","Could not parse NFT number from filename"
"QLD8WTA8__Diapositiva476.JPG","E:\Zotero-organized-export\JPG-JPEG\Light Cult NFTs\QLD8WTA8__Diapositiva476.JPG","85.8","Could not parse NFT number from filename"
"QM2I4U8Z__Diapositiva25.JPG","E:\Zotero-organized-export\JPG-JPEG\Light Cult NFTs\QM2I4U8Z__Diapositiva25.JPG","62.4","Could not parse NFT number from filename"
"QM49HVKG__Diapositiva663.JPG","E:\Zotero-organized-export\JPG-JPEG\Light Cult NFTs\QM49HVKG__Diapositiva663.JPG","76.3","Could not parse NFT number from filename"
"QMH49R6J__Diapositiva190.JPG","E:\Zotero-organized-export\JPG-JPEG\Light Cult NFTs\QMH49R6J__Diapositiva190.JPG","80.3","Could not parse NFT number from filename"
"QN3VNWHT__Diapositiva658.JPG","E:\Zotero-organized-export\JPG-JPEG\Light Cult NFTs\QN3VNWHT__Diapositiva658.JPG","104.4","Could not parse NFT number from filename"
"QN7UFDG8__Diapositiva811.JPG","E:\Zotero-organized-export\JPG-JPEG\Light Cult NFTs\QN7UFDG8__Diapositiva811.JPG","136.6","Could not parse NFT number from filename"
"QNKPT6W3__Diapositiva882.JPG","E:\Zotero-organized-export\JPG-JPEG\Light Cult NFTs\QNKPT6W3__Diapositiva882.JPG","29.7","Could not parse NFT number from filename"
"QNT82XDT__Diapositiva656.JPG","E:\Zotero-organized-export\JPG-JPEG\Light Cult NFTs\QNT82XDT__Diapositiva656.JPG","83","Could not parse NFT number from filename"
"QNUA397B__Diapositiva523.JPG","E:\Zotero-organized-export\JPG-JPEG\Light Cult NFTs\QNUA397B__Diapositiva523.JPG","125.3","Could not parse NFT number from filename"
"QPE8I2SJ__Diapositiva717.JPG","E:\Zotero-organized-export\JPG-JPEG\Light Cult NFTs\QPE8I2SJ__Diapositiva717.JPG","69.7","Could not parse NFT number from filename"
"QPUHHU6Q__Diapositiva260.JPG","E:\Zotero-organized-export\JPG-JPEG\Light Cult NFTs\QPUHHU6Q__Diapositiva260.JPG","131.8","Could not parse NFT number from filename"
"QPVAMQWN__Diapositiva805.JPG","E:\Zotero-organized-export\JPG-JPEG\Light Cult NFTs\QPVAMQWN__Diapositiva805.JPG","172.1","Could not parse NFT number from filename"
"QQ2QBDAP__Diapositiva716.JPG","E:\Zotero-organized-export\JPG-JPEG\Light Cult NFTs\QQ2QBDAP__Diapositiva716.JPG","134.5","Could not parse NFT number from filename"
"QQ8L88QE__Diapositiva402.JPG","E:\Zotero-organized-export\JPG-JPEG\Light Cult NFTs\QQ8L88QE__Diapositiva402.JPG","135.5","Could not parse NFT number from filename"
"QQM3NBSH__Diapositiva5.JPG","E:\Zotero-organized-export\JPG-JPEG\Light Cult NFTs\QQM3NBSH__Diapositiva5.JPG","52.6","Could not parse NFT number from filename"
"QQTJ9T84__Diapositiva818.JPG","E:\Zotero-organized-export\JPG-JPEG\Light Cult NFTs\QQTJ9T84__Diapositiva818.JPG","48.4","Could not parse NFT number from filename"
"QS3LQHNS__Diapositiva493.JPG","E:\Zotero-organized-export\JPG-JPEG\Light Cult NFTs\QS3LQHNS__Diapositiva493.JPG","136.7","Could not parse NFT number from filename"
"QS9HCWAQ__Diapositiva237.JPG","E:\Zotero-organized-export\JPG-JPEG\Light Cult NFTs\QS9HCWAQ__Diapositiva237.JPG","97.5","Could not parse NFT number from filename"
"QSDRMJUM__Diapositiva306.JPG","E:\Zotero-organized-export\JPG-JPEG\Light Cult NFTs\QSDRMJUM__Diapositiva306.JPG","70.8","Could not parse NFT number from filename"
"QSL82IV7__Diapositiva367.JPG","E:\Zotero-organized-export\JPG-JPEG\Light Cult NFTs\QSL82IV7__Diapositiva367.JPG","75.6","Could not parse NFT number from filename"
"QSMKWCCB__Diapositiva438.JPG","E:\Zotero-organized-export\JPG-JPEG\Light Cult NFTs\QSMKWCCB__Diapositiva438.JPG","134.2","Could not parse NFT number from filename"
"QSP9CQUZ__Diapositiva589.JPG","E:\Zotero-organized-export\JPG-JPEG\Light Cult NFTs\QSP9CQUZ__Diapositiva589.JPG","133.3","Could not parse NFT number from filename"
"QSU8HI7P__Diapositiva293.JPG","E:\Zotero-organized-export\JPG-JPEG\Light Cult NFTs\QSU8HI7P__Diapositiva293.JPG","83.7","Could not parse NFT number from filename"
"QSZ7EIXU__Diapositiva24.JPG","E:\Zotero-organized-export\JPG-JPEG\Light Cult NFTs\QSZ7EIXU__Diapositiva24.JPG","48.8","Could not parse NFT number from filename"
"QTB9JR27__Diapositiva714.JPG","E:\Zotero-organized-export\JPG-JPEG\Light Cult NFTs\QTB9JR27__Diapositiva714.JPG","140.2","Could not parse NFT number from filename"
"QTL6RCY8__Diapositiva167.JPG","E:\Zotero-organized-export\JPG-JPEG\Light Cult NFTs\QTL6RCY8__Diapositiva167.JPG","134.8","Could not parse NFT number from filename"
"QTP9B8KR__Diapositiva845.JPG","E:\Zotero-organized-export\JPG-JPEG\Light Cult NFTs\QTP9B8KR__Diapositiva845.JPG","92.3","Could not parse NFT number from filename"
"QUA6ZNT8__Diapositiva199.JPG","E:\Zotero-organized-export\JPG-JPEG\Light Cult NFTs\QUA6ZNT8__Diapositiva199.JPG","55.8","Could not parse NFT number from filename"
"QUA96YAK__Diapositiva68.JPG","E:\Zotero-organized-export\JPG-JPEG\Light Cult NFTs\QUA96YAK__Diapositiva68.JPG","142.5","Could not parse NFT number from filename"
"QUNMIGLU__Diapositiva930.JPG","E:\Zotero-organized-export\JPG-JPEG\Light Cult NFTs\QUNMIGLU__Diapositiva930.JPG","207.8","Could not parse NFT number from filename"
"QVFT53FS__Diapositiva815.JPG","E:\Zotero-organized-export\JPG-JPEG\Light Cult NFTs\QVFT53FS__Diapositiva815.JPG","64.5","Could not parse NFT number from filename"
"QVJU8PAH__Diapositiva498.JPG","E:\Zotero-organized-export\JPG-JPEG\Light Cult NFTs\QVJU8PAH__Diapositiva498.JPG","119.7","Could not parse NFT number from filename"
"QVPNYDHK__Diapositiva440.JPG","E:\Zotero-organized-export\JPG-JPEG\Light Cult NFTs\QVPNYDHK__Diapositiva440.JPG","158.3","Could not parse NFT number from filename"
"QVWYLNZY__Diapositiva911.JPG","E:\Zotero-organized-export\JPG-JPEG\Light Cult NFTs\QVWYLNZY__Diapositiva911.JPG","134.2","Could not parse NFT number from filename"
"QVYPGWJR__Diapositiva516.JPG","E:\Zotero-organized-export\JPG-JPEG\Light Cult NFTs\QVYPGWJR__Diapositiva516.JPG","122","Could not parse NFT number from filename"
"QW3V477D__Diapositiva953.JPG","E:\Zotero-organized-export\JPG-JPEG\Light Cult NFTs\QW3V477D__Diapositiva953.JPG","132.1","Could not parse NFT number from filename"
"QWMVNLQG__Diapositiva688.JPG","E:\Zotero-organized-export\JPG-JPEG\Light Cult NFTs\QWMVNLQG__Diapositiva688.JPG","75.3","Could not parse NFT number from filename"
"QWST52EA__Diapositiva473.JPG","E:\Zotero-organized-export\JPG-JPEG\Light Cult NFTs\QWST52EA__Diapositiva473.JPG","123.5","Could not parse NFT number from filename"
"QX3MLVNF__Diapositiva143.JPG","E:\Zotero-organized-export\JPG-JPEG\Light Cult NFTs\QX3MLVNF__Diapositiva143.JPG","50.6","Could not parse NFT number from filename"
"QXGJQLN6__Diapositiva748.JPG","E:\Zotero-organized-export\JPG-JPEG\Light Cult NFTs\QXGJQLN6__Diapositiva748.JPG","112.8","Could not parse NFT number from filename"
"QXUX3HL2__Diapositiva658.JPG","E:\Zotero-organized-export\JPG-JPEG\Light Cult NFTs\QXUX3HL2__Diapositiva658.JPG","64.2","Could not parse NFT number from filename"
"QYHT6LUB__Diapositiva910.JPG","E:\Zotero-organized-export\JPG-JPEG\Light Cult NFTs\QYHT6LUB__Diapositiva910.JPG","83.8","Could not parse NFT number from filename"
"QYY3IYW2__Diapositiva595.JPG","E:\Zotero-organized-export\JPG-JPEG\Light Cult NFTs\QYY3IYW2__Diapositiva595.JPG","116.3","Could not parse NFT number from filename"
"QZFHNF3E__Diapositiva328.JPG","E:\Zotero-organized-export\JPG-JPEG\Light Cult NFTs\QZFHNF3E__Diapositiva328.JPG","124.1","Could not parse NFT number from filename"
"QZJXMG9T__Diapositiva252.JPG","E:\Zotero-organized-export\JPG-JPEG\Light Cult NFTs\QZJXMG9T__Diapositiva252.JPG","97.3","Could not parse NFT number from filename"
"R32E5IN9__Diapositiva139.JPG","E:\Zotero-organized-export\JPG-JPEG\Light Cult NFTs\R32E5IN9__Diapositiva139.JPG","106.7","Could not parse NFT number from filename"
"R3XUK2W6__Diapositiva156.JPG","E:\Zotero-organized-export\JPG-JPEG\Light Cult NFTs\R3XUK2W6__Diapositiva156.JPG","88.2","Could not parse NFT number from filename"
"R43M3SEG__Diapositiva40.JPG","E:\Zotero-organized-export\JPG-JPEG\Light Cult NFTs\R43M3SEG__Diapositiva40.JPG","121.4","Could not parse NFT number from filename"
"R46GJZWP__Diapositiva238.JPG","E:\Zotero-organized-export\JPG-JPEG\Light Cult NFTs\R46GJZWP__Diapositiva238.JPG","130.7","Could not parse NFT number from filename"
"R4BDM8A9__Diapositiva388.JPG","E:\Zotero-organized-export\JPG-JPEG\Light Cult NFTs\R4BDM8A9__Diapositiva388.JPG","127.5","Could not parse NFT number from filename"
"R4BSA2B2__Diapositiva411.JPG","E:\Zotero-organized-export\JPG-JPEG\Light Cult NFTs\R4BSA2B2__Diapositiva411.JPG","86.1","Could not parse NFT number from filename"
"R4D22EIH__Diapositiva849.JPG","E:\Zotero-organized-export\JPG-JPEG\Light Cult NFTs\R4D22EIH__Diapositiva849.JPG","111.9","Could not parse NFT number from filename"
"R4PQQ2TH__Diapositiva213.JPG","E:\Zotero-organized-export\JPG-JPEG\Light Cult NFTs\R4PQQ2TH__Diapositiva213.JPG","113.8","Could not parse NFT number from filename"
"R4UZ4BVD__Diapositiva611.JPG","E:\Zotero-organized-export\JPG-JPEG\Light Cult NFTs\R4UZ4BVD__Diapositiva611.JPG","48.3","Could not parse NFT number from filename"
"R4V54TPY__Diapositiva880.JPG","E:\Zotero-organized-export\JPG-JPEG\Light Cult NFTs\R4V54TPY__Diapositiva880.JPG","133.9","Could not parse NFT number from filename"
"R5ME84MC__Diapositiva103.JPG","E:\Zotero-organized-export\JPG-JPEG\Light Cult NFTs\R5ME84MC__Diapositiva103.JPG","63.1","Could not parse NFT number from filename"
"R5NF8U3F__Diapositiva508.JPG","E:\Zotero-organized-export\JPG-JPEG\Light Cult NFTs\R5NF8U3F__Diapositiva508.JPG","118.5","Could not parse NFT number from filename"
"R5X942LY__Diapositiva863.JPG","E:\Zotero-organized-export\JPG-JPEG\Light Cult NFTs\R5X942LY__Diapositiva863.JPG","129","Could not parse NFT number from filename"
"R68BGIQJ__Diapositiva737.JPG","E:\Zotero-organized-export\JPG-JPEG\Light Cult NFTs\R68BGIQJ__Diapositiva737.JPG","117.9","Could not parse NFT number from filename"
"R6GL3M88__Diapositiva552.JPG","E:\Zotero-organized-export\JPG-JPEG\Light Cult NFTs\R6GL3M88__Diapositiva552.JPG","29.1","Could not parse NFT number from filename"
"R7J4PBWI__Diapositiva130.JPG","E:\Zotero-organized-export\JPG-JPEG\Light Cult NFTs\R7J4PBWI__Diapositiva130.JPG","78.4","Could not parse NFT number from filename"
"R7J9TMK7__Diapositiva560.JPG","E:\Zotero-organized-export\JPG-JPEG\Light Cult NFTs\R7J9TMK7__Diapositiva560.JPG","133.6","Could not parse NFT number from filename"
"R8BEAWN7__Diapositiva708.JPG","E:\Zotero-organized-export\JPG-JPEG\Light Cult NFTs\R8BEAWN7__Diapositiva708.JPG","60.6","Could not parse NFT number from filename"
"R8G83FZQ__Diapositiva335.JPG","E:\Zotero-organized-export\JPG-JPEG\Light Cult NFTs\R8G83FZQ__Diapositiva335.JPG","78.3","Could not parse NFT number from filename"
"R8KA7ZPB__Diapositiva322.JPG","E:\Zotero-organized-export\JPG-JPEG\Light Cult NFTs\R8KA7ZPB__Diapositiva322.JPG","46.6","Could not parse NFT number from filename"
"R9C4X2KW__Diapositiva957.JPG","E:\Zotero-organized-export\JPG-JPEG\Light Cult NFTs\R9C4X2KW__Diapositiva957.JPG","126.2","Could not parse NFT number from filename"
"R9PKDPBQ__Diapositiva262.JPG","E:\Zotero-organized-export\JPG-JPEG\Light Cult NFTs\R9PKDPBQ__Diapositiva262.JPG","132.4","Could not parse NFT number from filename"
"R9V3DPQ7__Diapositiva150.JPG","E:\Zotero-organized-export\JPG-JPEG\Light Cult NFTs\R9V3DPQ7__Diapositiva150.JPG","69.8","Could not parse NFT number from filename"
"RB9EBSQ3__Diapositiva879.JPG","E:\Zotero-organized-export\JPG-JPEG\Light Cult NFTs\RB9EBSQ3__Diapositiva879.JPG","59.4","Could not parse NFT number from filename"
"RBQXZGVN__Diapositiva62.JPG","E:\Zotero-organized-export\JPG-JPEG\Light Cult NFTs\RBQXZGVN__Diapositiva62.JPG","140.9","Could not parse NFT number from filename"
"RCDUCBA4__Diapositiva92.JPG","E:\Zotero-organized-export\JPG-JPEG\Light Cult NFTs\RCDUCBA4__Diapositiva92.JPG","54.5","Could not parse NFT number from filename"
"RCJ6PU5T__Diapositiva529.JPG","E:\Zotero-organized-export\JPG-JPEG\Light Cult NFTs\RCJ6PU5T__Diapositiva529.JPG","69.1","Could not parse NFT number from filename"
"RDHBV8F3__Diapositiva485.JPG","E:\Zotero-organized-export\JPG-JPEG\Light Cult NFTs\RDHBV8F3__Diapositiva485.JPG","113.9","Could not parse NFT number from filename"
"RE6DILI3__Diapositiva514.JPG","E:\Zotero-organized-export\JPG-JPEG\Light Cult NFTs\RE6DILI3__Diapositiva514.JPG","113.3","Could not parse NFT number from filename"
"RF3D9PUG__Diapositiva975.JPG","E:\Zotero-organized-export\JPG-JPEG\Light Cult NFTs\RF3D9PUG__Diapositiva975.JPG","138.4","Could not parse NFT number from filename"
"RF5BFGH5__Diapositiva170.JPG","E:\Zotero-organized-export\JPG-JPEG\Light Cult NFTs\RF5BFGH5__Diapositiva170.JPG","81.3","Could not parse NFT number from filename"
"RFDDLHZR__Diapositiva301.JPG","E:\Zotero-organized-export\JPG-JPEG\Light Cult NFTs\RFDDLHZR__Diapositiva301.JPG","125.8","Could not parse NFT number from filename"
"RFJZISSI__Diapositiva421.JPG","E:\Zotero-organized-export\JPG-JPEG\Light Cult NFTs\RFJZISSI__Diapositiva421.JPG","58.6","Could not parse NFT number from filename"
"RFKTYE6N__Diapositiva800.JPG","E:\Zotero-organized-export\JPG-JPEG\Light Cult NFTs\RFKTYE6N__Diapositiva800.JPG","68.3","Could not parse NFT number from filename"
"RFS6L4HB__Diapositiva976.JPG","E:\Zotero-organized-export\JPG-JPEG\Light Cult NFTs\RFS6L4HB__Diapositiva976.JPG","73.2","Could not parse NFT number from filename"
"RFSDAZH2__Diapositiva325.JPG","E:\Zotero-organized-export\JPG-JPEG\Light Cult NFTs\RFSDAZH2__Diapositiva325.JPG","115.4","Could not parse NFT number from filename"
"RFWKBXCZ__Diapositiva673.JPG","E:\Zotero-organized-export\JPG-JPEG\Light Cult NFTs\RFWKBXCZ__Diapositiva673.JPG","127.8","Could not parse NFT number from filename"
"RI3NRT35__Diapositiva642.JPG","E:\Zotero-organized-export\JPG-JPEG\Light Cult NFTs\RI3NRT35__Diapositiva642.JPG","68.3","Could not parse NFT number from filename"
"RIPFYCL7__Diapositiva148.JPG","E:\Zotero-organized-export\JPG-JPEG\Light Cult NFTs\RIPFYCL7__Diapositiva148.JPG","136.5","Could not parse NFT number from filename"
"RJHVMWJW__Diapositiva49.JPG","E:\Zotero-organized-export\JPG-JPEG\Light Cult NFTs\RJHVMWJW__Diapositiva49.JPG","69.2","Could not parse NFT number from filename"
"RKDFDCJG__Diapositiva920.JPG","E:\Zotero-organized-export\JPG-JPEG\Light Cult NFTs\RKDFDCJG__Diapositiva920.JPG","120.8","Could not parse NFT number from filename"
"RKK38PPT__Diapositiva2.JPG","E:\Zotero-organized-export\JPG-JPEG\Light Cult NFTs\RKK38PPT__Diapositiva2.JPG","138.8","Could not parse NFT number from filename"
"RKKZ2PR9__Diapositiva49.JPG","E:\Zotero-organized-export\JPG-JPEG\Light Cult NFTs\RKKZ2PR9__Diapositiva49.JPG","135.9","Could not parse NFT number from filename"
"RKN29HXT__Diapositiva440.JPG","E:\Zotero-organized-export\JPG-JPEG\Light Cult NFTs\RKN29HXT__Diapositiva440.JPG","82.2","Could not parse NFT number from filename"
"RKNUXBLH__Diapositiva647.JPG","E:\Zotero-organized-export\JPG-JPEG\Light Cult NFTs\RKNUXBLH__Diapositiva647.JPG","84.1","Could not parse NFT number from filename"
"RKXLZC37__Diapositiva905.JPG","E:\Zotero-organized-export\JPG-JPEG\Light Cult NFTs\RKXLZC37__Diapositiva905.JPG","131.9","Could not parse NFT number from filename"
"RLAAUDLS__Diapositiva564.JPG","E:\Zotero-organized-export\JPG-JPEG\Light Cult NFTs\RLAAUDLS__Diapositiva564.JPG","155","Could not parse NFT number from filename"
"RLIFH2J4__Diapositiva170.JPG","E:\Zotero-organized-export\JPG-JPEG\Light Cult NFTs\RLIFH2J4__Diapositiva170.JPG","90.2","Could not parse NFT number from filename"
"RLYFDTLF__Diapositiva56.JPG","E:\Zotero-organized-export\JPG-JPEG\Light Cult NFTs\RLYFDTLF__Diapositiva56.JPG","78","Could not parse NFT number from filename"
"RM492WXC__Diapositiva890.JPG","E:\Zotero-organized-export\JPG-JPEG\Light Cult NFTs\RM492WXC__Diapositiva890.JPG","86.6","Could not parse NFT number from filename"
"RMDM6M7W__Diapositiva13.JPG","E:\Zotero-organized-export\JPG-JPEG\Light Cult NFTs\RMDM6M7W__Diapositiva13.JPG","92.9","Could not parse NFT number from filename"
"RMR3E5E8__Diapositiva529.JPG","E:\Zotero-organized-export\JPG-JPEG\Light Cult NFTs\RMR3E5E8__Diapositiva529.JPG","82.2","Could not parse NFT number from filename"
"RP82ZXFA__Diapositiva422.JPG","E:\Zotero-organized-export\JPG-JPEG\Light Cult NFTs\RP82ZXFA__Diapositiva422.JPG","59.1","Could not parse NFT number from filename"
"RPJUC2VV__Diapositiva163.JPG","E:\Zotero-organized-export\JPG-JPEG\Light Cult NFTs\RPJUC2VV__Diapositiva163.JPG","77.8","Could not parse NFT number from filename"
"RQL8KETA__Diapositiva194.JPG","E:\Zotero-organized-export\JPG-JPEG\Light Cult NFTs\RQL8KETA__Diapositiva194.JPG","108.2","Could not parse NFT number from filename"
"RRZGYSI6__Diapositiva86.JPG","E:\Zotero-organized-export\JPG-JPEG\Light Cult NFTs\RRZGYSI6__Diapositiva86.JPG","28.4","Could not parse NFT number from filename"
"RSILM37X__Diapositiva387.JPG","E:\Zotero-organized-export\JPG-JPEG\Light Cult NFTs\RSILM37X__Diapositiva387.JPG","143.1","Could not parse NFT number from filename"
"RSS5V6II__Diapositiva186.JPG","E:\Zotero-organized-export\JPG-JPEG\Light Cult NFTs\RSS5V6II__Diapositiva186.JPG","103.5","Could not parse NFT number from filename"
"RSYINRYA__Diapositiva85.JPG","E:\Zotero-organized-export\JPG-JPEG\Light Cult NFTs\RSYINRYA__Diapositiva85.JPG","94.3","Could not parse NFT number from filename"
"RSZV8SZW__Diapositiva691.JPG","E:\Zotero-organized-export\JPG-JPEG\Light Cult NFTs\RSZV8SZW__Diapositiva691.JPG","120.5","Could not parse NFT number from filename"
"RT3SMF7P__Diapositiva378.JPG","E:\Zotero-organized-export\JPG-JPEG\Light Cult NFTs\RT3SMF7P__Diapositiva378.JPG","81.9","Could not parse NFT number from filename"
"RT8Z35V9__Diapositiva236.JPG","E:\Zotero-organized-export\JPG-JPEG\Light Cult NFTs\RT8Z35V9__Diapositiva236.JPG","138.7","Could not parse NFT number from filename"
"RTH78AHK__Diapositiva554.JPG","E:\Zotero-organized-export\JPG-JPEG\Light Cult NFTs\RTH78AHK__Diapositiva554.JPG","88.4","Could not parse NFT number from filename"
"RTMPK8CS__Diapositiva624.JPG","E:\Zotero-organized-export\JPG-JPEG\Light Cult NFTs\RTMPK8CS__Diapositiva624.JPG","118.6","Could not parse NFT number from filename"
"RUHVN9D5__Diapositiva577.JPG","E:\Zotero-organized-export\JPG-JPEG\Light Cult NFTs\RUHVN9D5__Diapositiva577.JPG","115.5","Could not parse NFT number from filename"
"RUJ6QGCL__Diapositiva594.JPG","E:\Zotero-organized-export\JPG-JPEG\Light Cult NFTs\RUJ6QGCL__Diapositiva594.JPG","128.5","Could not parse NFT number from filename"
"RUUKF4XW__Diapositiva380.JPG","E:\Zotero-organized-export\JPG-JPEG\Light Cult NFTs\RUUKF4XW__Diapositiva380.JPG","144.9","Could not parse NFT number from filename"
"RUX4LP9M__Diapositiva319.JPG","E:\Zotero-organized-export\JPG-JPEG\Light Cult NFTs\RUX4LP9M__Diapositiva319.JPG","52.1","Could not parse NFT number from filename"
"RV4787UR__Diapositiva23.JPG","E:\Zotero-organized-export\JPG-JPEG\Light Cult NFTs\RV4787UR__Diapositiva23.JPG","116.5","Could not parse NFT number from filename"
"RVIIYI35__Diapositiva978.JPG","E:\Zotero-organized-export\JPG-JPEG\Light Cult NFTs\RVIIYI35__Diapositiva978.JPG","158.2","Could not parse NFT number from filename"
"RVK5X7QI__Diapositiva326.JPG","E:\Zotero-organized-export\JPG-JPEG\Light Cult NFTs\RVK5X7QI__Diapositiva326.JPG","65.7","Could not parse NFT number from filename"
"RW49EHML__Diapositiva908.JPG","E:\Zotero-organized-export\JPG-JPEG\Light Cult NFTs\RW49EHML__Diapositiva908.JPG","41.2","Could not parse NFT number from filename"
"RWI8EZZV__Diapositiva140.JPG","E:\Zotero-organized-export\JPG-JPEG\Light Cult NFTs\RWI8EZZV__Diapositiva140.JPG","71.1","Could not parse NFT number from filename"
"RWSGVM2P__Diapositiva357.JPG","E:\Zotero-organized-export\JPG-JPEG\Light Cult NFTs\RWSGVM2P__Diapositiva357.JPG","129.6","Could not parse NFT number from filename"
"RWZG3N4R__Diapositiva357.JPG","E:\Zotero-organized-export\JPG-JPEG\Light Cult NFTs\RWZG3N4R__Diapositiva357.JPG","148.1","Could not parse NFT number from filename"
"RXCHYH9P__Diapositiva131.JPG","E:\Zotero-organized-export\JPG-JPEG\Light Cult NFTs\RXCHYH9P__Diapositiva131.JPG","168.7","Could not parse NFT number from filename"
"RXDFGZXY__Diapositiva441.JPG","E:\Zotero-organized-export\JPG-JPEG\Light Cult NFTs\RXDFGZXY__Diapositiva441.JPG","117.8","Could not parse NFT number from filename"
"RYFBB44Q__Diapositiva353.JPG","E:\Zotero-organized-export\JPG-JPEG\Light Cult NFTs\RYFBB44Q__Diapositiva353.JPG","65.4","Could not parse NFT number from filename"
"RZWM8QZ6__Diapositiva823.JPG","E:\Zotero-organized-export\JPG-JPEG\Light Cult NFTs\RZWM8QZ6__Diapositiva823.JPG","118.3","Could not parse NFT number from filename"
"S3EILBXV__Diapositiva367.JPG","E:\Zotero-organized-export\JPG-JPEG\Light Cult NFTs\S3EILBXV__Diapositiva367.JPG","123.9","Could not parse NFT number from filename"
"S3IAUZ8L__Diapositiva935.JPG","E:\Zotero-organized-export\JPG-JPEG\Light Cult NFTs\S3IAUZ8L__Diapositiva935.JPG","81","Could not parse NFT number from filename"
"S3TDLTZ9__Diapositiva286.JPG","E:\Zotero-organized-export\JPG-JPEG\Light Cult NFTs\S3TDLTZ9__Diapositiva286.JPG","69.5","Could not parse NFT number from filename"
"S49CXN6F__Diapositiva709.JPG","E:\Zotero-organized-export\JPG-JPEG\Light Cult NFTs\S49CXN6F__Diapositiva709.JPG","99.7","Could not parse NFT number from filename"
"S4H9VHJ4__Diapositiva462.JPG","E:\Zotero-organized-export\JPG-JPEG\Light Cult NFTs\S4H9VHJ4__Diapositiva462.JPG","85.8","Could not parse NFT number from filename"
"S5GJUWKN__Diapositiva807.JPG","E:\Zotero-organized-export\JPG-JPEG\Light Cult NFTs\S5GJUWKN__Diapositiva807.JPG","127.2","Could not parse NFT number from filename"
"S68NFY2X__Diapositiva963.JPG","E:\Zotero-organized-export\JPG-JPEG\Light Cult NFTs\S68NFY2X__Diapositiva963.JPG","127.2","Could not parse NFT number from filename"
"S79XC5NT__Diapositiva648.JPG","E:\Zotero-organized-export\JPG-JPEG\Light Cult NFTs\S79XC5NT__Diapositiva648.JPG","121","Could not parse NFT number from filename"
"S7XLQQUL__Diapositiva675.JPG","E:\Zotero-organized-export\JPG-JPEG\Light Cult NFTs\S7XLQQUL__Diapositiva675.JPG","66.5","Could not parse NFT number from filename"
"S876ARJP__Diapositiva544.JPG","E:\Zotero-organized-export\JPG-JPEG\Light Cult NFTs\S876ARJP__Diapositiva544.JPG","84.5","Could not parse NFT number from filename"
"S8N7XDPT__Diapositiva377.JPG","E:\Zotero-organized-export\JPG-JPEG\Light Cult NFTs\S8N7XDPT__Diapositiva377.JPG","140.1","Could not parse NFT number from filename"
"S99QQ2TP__Diapositiva432.JPG","E:\Zotero-organized-export\JPG-JPEG\Light Cult NFTs\S99QQ2TP__Diapositiva432.JPG","142","Could not parse NFT number from filename"
"S9EHLTK6__Diapositiva307.JPG","E:\Zotero-organized-export\JPG-JPEG\Light Cult NFTs\S9EHLTK6__Diapositiva307.JPG","84","Could not parse NFT number from filename"
"S9FXYG7L__Diapositiva894.JPG","E:\Zotero-organized-export\JPG-JPEG\Light Cult NFTs\S9FXYG7L__Diapositiva894.JPG","111.7","Could not parse NFT number from filename"
"S9KQ7MR2__Diapositiva764.JPG","E:\Zotero-organized-export\JPG-JPEG\Light Cult NFTs\S9KQ7MR2__Diapositiva764.JPG","92.5","Could not parse NFT number from filename"
"S9ZWGLLZ__Diapositiva541.JPG","E:\Zotero-organized-export\JPG-JPEG\Light Cult NFTs\S9ZWGLLZ__Diapositiva541.JPG","108.9","Could not parse NFT number from filename"
"SA6IPSI7__Diapositiva267.JPG","E:\Zotero-organized-export\JPG-JPEG\Light Cult NFTs\SA6IPSI7__Diapositiva267.JPG","68.1","Could not parse NFT number from filename"
"SADJJ7V2__Diapositiva561.JPG","E:\Zotero-organized-export\JPG-JPEG\Light Cult NFTs\SADJJ7V2__Diapositiva561.JPG","129","Could not parse NFT number from filename"
"SAF9TIGQ__Diapositiva917.JPG","E:\Zotero-organized-export\JPG-JPEG\Light Cult NFTs\SAF9TIGQ__Diapositiva917.JPG","57.3","Could not parse NFT number from filename"
"SALRNNHV__Diapositiva790.JPG","E:\Zotero-organized-export\JPG-JPEG\Light Cult NFTs\SALRNNHV__Diapositiva790.JPG","151","Could not parse NFT number from filename"
"SARBETB5__Diapositiva921.JPG","E:\Zotero-organized-export\JPG-JPEG\Light Cult NFTs\SARBETB5__Diapositiva921.JPG","133.8","Could not parse NFT number from filename"
"SARFE3Y5__Diapositiva45.JPG","E:\Zotero-organized-export\JPG-JPEG\Light Cult NFTs\SARFE3Y5__Diapositiva45.JPG","148.7","Could not parse NFT number from filename"
"SATVZJ8Q__Diapositiva721.JPG","E:\Zotero-organized-export\JPG-JPEG\Light Cult NFTs\SATVZJ8Q__Diapositiva721.JPG","86","Could not parse NFT number from filename"
"SB4SVKQV__Diapositiva793.JPG","E:\Zotero-organized-export\JPG-JPEG\Light Cult NFTs\SB4SVKQV__Diapositiva793.JPG","63.7","Could not parse NFT number from filename"
"SBKEZRP8__Diapositiva833.JPG","E:\Zotero-organized-export\JPG-JPEG\Light Cult NFTs\SBKEZRP8__Diapositiva833.JPG","135","Could not parse NFT number from filename"
"SBKQGP5Y__Diapositiva136.JPG","E:\Zotero-organized-export\JPG-JPEG\Light Cult NFTs\SBKQGP5Y__Diapositiva136.JPG","59.1","Could not parse NFT number from filename"
"SBPHSVR7__Diapositiva698.JPG","E:\Zotero-organized-export\JPG-JPEG\Light Cult NFTs\SBPHSVR7__Diapositiva698.JPG","96.2","Could not parse NFT number from filename"
"SBQDN6LX__Diapositiva80.JPG","E:\Zotero-organized-export\JPG-JPEG\Light Cult NFTs\SBQDN6LX__Diapositiva80.JPG","65.1","Could not parse NFT number from filename"
"SBVBTNKW__Diapositiva115.JPG","E:\Zotero-organized-export\JPG-JPEG\Light Cult NFTs\SBVBTNKW__Diapositiva115.JPG","47.9","Could not parse NFT number from filename"
"SD5NZXTP__Diapositiva830.JPG","E:\Zotero-organized-export\JPG-JPEG\Light Cult NFTs\SD5NZXTP__Diapositiva830.JPG","78.1","Could not parse NFT number from filename"
"SEJZULR6__Diapositiva979.JPG","E:\Zotero-organized-export\JPG-JPEG\Light Cult NFTs\SEJZULR6__Diapositiva979.JPG","128.4","Could not parse NFT number from filename"
"SEMFXR5E__Diapositiva65.JPG","E:\Zotero-organized-export\JPG-JPEG\Light Cult NFTs\SEMFXR5E__Diapositiva65.JPG","63.1","Could not parse NFT number from filename"
"SEW32TV8__Diapositiva703.JPG","E:\Zotero-organized-export\JPG-JPEG\Light Cult NFTs\SEW32TV8__Diapositiva703.JPG","151","Could not parse NFT number from filename"
"SF7JRKCG__Diapositiva331.JPG","E:\Zotero-organized-export\JPG-JPEG\Light Cult NFTs\SF7JRKCG__Diapositiva331.JPG","56.3","Could not parse NFT number from filename"
"SFBXQVKM__Diapositiva600.JPG","E:\Zotero-organized-export\JPG-JPEG\Light Cult NFTs\SFBXQVKM__Diapositiva600.JPG","137.6","Could not parse NFT number from filename"
"SFV292NV__Diapositiva766.JPG","E:\Zotero-organized-export\JPG-JPEG\Light Cult NFTs\SFV292NV__Diapositiva766.JPG","204.3","Could not parse NFT number from filename"
"SFW9ZKP7__Diapositiva145.JPG","E:\Zotero-organized-export\JPG-JPEG\Light Cult NFTs\SFW9ZKP7__Diapositiva145.JPG","125.9","Could not parse NFT number from filename"
"SFXW53RR__Diapositiva734.JPG","E:\Zotero-organized-export\JPG-JPEG\Light Cult NFTs\SFXW53RR__Diapositiva734.JPG","87.1","Could not parse NFT number from filename"
"SGCQVI8X__Diapositiva57.JPG","E:\Zotero-organized-export\JPG-JPEG\Light Cult NFTs\SGCQVI8X__Diapositiva57.JPG","71.5","Could not parse NFT number from filename"
"SGZZH2NN__Diapositiva62.JPG","E:\Zotero-organized-export\JPG-JPEG\Light Cult NFTs\SGZZH2NN__Diapositiva62.JPG","55.1","Could not parse NFT number from filename"
"SHE3SAEM__Diapositiva63.JPG","E:\Zotero-organized-export\JPG-JPEG\Light Cult NFTs\SHE3SAEM__Diapositiva63.JPG","112.3","Could not parse NFT number from filename"
"SHVWT6TZ__Diapositiva379.JPG","E:\Zotero-organized-export\JPG-JPEG\Light Cult NFTs\SHVWT6TZ__Diapositiva379.JPG","146.8","Could not parse NFT number from filename"
"SHW3T2XR__Diapositiva225.JPG","E:\Zotero-organized-export\JPG-JPEG\Light Cult NFTs\SHW3T2XR__Diapositiva225.JPG","135.5","Could not parse NFT number from filename"
"SI9Y4FAY__Diapositiva384.JPG","E:\Zotero-organized-export\JPG-JPEG\Light Cult NFTs\SI9Y4FAY__Diapositiva384.JPG","98.2","Could not parse NFT number from filename"
"SICJJC3B__Diapositiva878.JPG","E:\Zotero-organized-export\JPG-JPEG\Light Cult NFTs\SICJJC3B__Diapositiva878.JPG","41","Could not parse NFT number from filename"
"SIFYYVQ2__Diapositiva574.JPG","E:\Zotero-organized-export\JPG-JPEG\Light Cult NFTs\SIFYYVQ2__Diapositiva574.JPG","137.9","Could not parse NFT number from filename"
"SIWF97YD__Diapositiva848.JPG","E:\Zotero-organized-export\JPG-JPEG\Light Cult NFTs\SIWF97YD__Diapositiva848.JPG","121.4","Could not parse NFT number from filename"
"SJANMSM7__Diapositiva835.JPG","E:\Zotero-organized-export\JPG-JPEG\Light Cult NFTs\SJANMSM7__Diapositiva835.JPG","121.2","Could not parse NFT number from filename"
"SJGGMHVP__Diapositiva832.JPG","E:\Zotero-organized-export\JPG-JPEG\Light Cult NFTs\SJGGMHVP__Diapositiva832.JPG","54","Could not parse NFT number from filename"
"SJHXADZU__Diapositiva891.JPG","E:\Zotero-organized-export\JPG-JPEG\Light Cult NFTs\SJHXADZU__Diapositiva891.JPG","41.1","Could not parse NFT number from filename"
"SJR3C3WK__Diapositiva94.JPG","E:\Zotero-organized-export\JPG-JPEG\Light Cult NFTs\SJR3C3WK__Diapositiva94.JPG","131.6","Could not parse NFT number from filename"
"SJSGMMPY__Diapositiva612.JPG","E:\Zotero-organized-export\JPG-JPEG\Light Cult NFTs\SJSGMMPY__Diapositiva612.JPG","115.1","Could not parse NFT number from filename"
"SKV747PB__Diapositiva711.JPG","E:\Zotero-organized-export\JPG-JPEG\Light Cult NFTs\SKV747PB__Diapositiva711.JPG","61.1","Could not parse NFT number from filename"
"SL3LGX8P__Diapositiva751.JPG","E:\Zotero-organized-export\JPG-JPEG\Light Cult NFTs\SL3LGX8P__Diapositiva751.JPG","155.9","Could not parse NFT number from filename"
"SLHHYD82__Diapositiva483.JPG","E:\Zotero-organized-export\JPG-JPEG\Light Cult NFTs\SLHHYD82__Diapositiva483.JPG","119.6","Could not parse NFT number from filename"
"SLNRPEM6__Diapositiva177.JPG","E:\Zotero-organized-export\JPG-JPEG\Light Cult NFTs\SLNRPEM6__Diapositiva177.JPG","136.3","Could not parse NFT number from filename"
"SM3IHT38__Diapositiva596.JPG","E:\Zotero-organized-export\JPG-JPEG\Light Cult NFTs\SM3IHT38__Diapositiva596.JPG","120.4","Could not parse NFT number from filename"
"SM8LFWE8__Diapositiva470.JPG","E:\Zotero-organized-export\JPG-JPEG\Light Cult NFTs\SM8LFWE8__Diapositiva470.JPG","81.4","Could not parse NFT number from filename"
"SM98H42X__Diapositiva264.JPG","E:\Zotero-organized-export\JPG-JPEG\Light Cult NFTs\SM98H42X__Diapositiva264.JPG","42.6","Could not parse NFT number from filename"
"SMBB5DBY__Diapositiva742.JPG","E:\Zotero-organized-export\JPG-JPEG\Light Cult NFTs\SMBB5DBY__Diapositiva742.JPG","118.7","Could not parse NFT number from filename"
"SMV8TE65__Diapositiva400.JPG","E:\Zotero-organized-export\JPG-JPEG\Light Cult NFTs\SMV8TE65__Diapositiva400.JPG","131.2","Could not parse NFT number from filename"
"SN32E6IC__Diapositiva392.JPG","E:\Zotero-organized-export\JPG-JPEG\Light Cult NFTs\SN32E6IC__Diapositiva392.JPG","131.9","Could not parse NFT number from filename"
"SNNJNVAQ__Diapositiva951.JPG","E:\Zotero-organized-export\JPG-JPEG\Light Cult NFTs\SNNJNVAQ__Diapositiva951.JPG","64.3","Could not parse NFT number from filename"
"SNXPKXYH__Diapositiva436.JPG","E:\Zotero-organized-export\JPG-JPEG\Light Cult NFTs\SNXPKXYH__Diapositiva436.JPG","75.9","Could not parse NFT number from filename"
"SQGI8WLH__Diapositiva209.JPG","E:\Zotero-organized-export\JPG-JPEG\Light Cult NFTs\SQGI8WLH__Diapositiva209.JPG","128.2","Could not parse NFT number from filename"
"SRG8HAKP__Diapositiva182.JPG","E:\Zotero-organized-export\JPG-JPEG\Light Cult NFTs\SRG8HAKP__Diapositiva182.JPG","92.3","Could not parse NFT number from filename"
"SS5Q8P68__Diapositiva138.JPG","E:\Zotero-organized-export\JPG-JPEG\Light Cult NFTs\SS5Q8P68__Diapositiva138.JPG","109.7","Could not parse NFT number from filename"
"SS6LDPGZ__Diapositiva155.JPG","E:\Zotero-organized-export\JPG-JPEG\Light Cult NFTs\SS6LDPGZ__Diapositiva155.JPG","67.3","Could not parse NFT number from filename"
"SSNLLBQ7__Diapositiva305.JPG","E:\Zotero-organized-export\JPG-JPEG\Light Cult NFTs\SSNLLBQ7__Diapositiva305.JPG","53","Could not parse NFT number from filename"
"STA6R997__Diapositiva619.JPG","E:\Zotero-organized-export\JPG-JPEG\Light Cult NFTs\STA6R997__Diapositiva619.JPG","130.8","Could not parse NFT number from filename"
"STEYGL75__Diapositiva537.JPG","E:\Zotero-organized-export\JPG-JPEG\Light Cult NFTs\STEYGL75__Diapositiva537.JPG","46.1","Could not parse NFT number from filename"
"SU6BZ5BQ__Diapositiva870.JPG","E:\Zotero-organized-export\JPG-JPEG\Light Cult NFTs\SU6BZ5BQ__Diapositiva870.JPG","45.3","Could not parse NFT number from filename"
"SVKCLN89__Diapositiva269.JPG","E:\Zotero-organized-export\JPG-JPEG\Light Cult NFTs\SVKCLN89__Diapositiva269.JPG","185.4","Could not parse NFT number from filename"
"SW84IR87__Diapositiva385.JPG","E:\Zotero-organized-export\JPG-JPEG\Light Cult NFTs\SW84IR87__Diapositiva385.JPG","64.5","Could not parse NFT number from filename"
"SWAXAAST__Diapositiva817.JPG","E:\Zotero-organized-export\JPG-JPEG\Light Cult NFTs\SWAXAAST__Diapositiva817.JPG","128.9","Could not parse NFT number from filename"
"SWISQCLU__Diapositiva602.JPG","E:\Zotero-organized-export\JPG-JPEG\Light Cult NFTs\SWISQCLU__Diapositiva602.JPG","130.5","Could not parse NFT number from filename"
"SWM2RIRL__Diapositiva530.JPG","E:\Zotero-organized-export\JPG-JPEG\Light Cult NFTs\SWM2RIRL__Diapositiva530.JPG","36.3","Could not parse NFT number from filename"
"SXBV5H3J__Diapositiva852.JPG","E:\Zotero-organized-export\JPG-JPEG\Light Cult NFTs\SXBV5H3J__Diapositiva852.JPG","113.6","Could not parse NFT number from filename"
"SXLC3BBL__Diapositiva140.JPG","E:\Zotero-organized-export\JPG-JPEG\Light Cult NFTs\SXLC3BBL__Diapositiva140.JPG","53.4","Could not parse NFT number from filename"
"SXPK8PYP__Diapositiva714.JPG","E:\Zotero-organized-export\JPG-JPEG\Light Cult NFTs\SXPK8PYP__Diapositiva714.JPG","127","Could not parse NFT number from filename"
"SYB62B98__Diapositiva305.JPG","E:\Zotero-organized-export\JPG-JPEG\Light Cult NFTs\SYB62B98__Diapositiva305.JPG","111.7","Could not parse NFT number from filename"
"SYCWFNL6__Diapositiva338.JPG","E:\Zotero-organized-export\JPG-JPEG\Light Cult NFTs\SYCWFNL6__Diapositiva338.JPG","161.7","Could not parse NFT number from filename"
"SYSAB4UA__Diapositiva293.JPG","E:\Zotero-organized-export\JPG-JPEG\Light Cult NFTs\SYSAB4UA__Diapositiva293.JPG","52","Could not parse NFT number from filename"
"SYX8RAHS__Diapositiva659.JPG","E:\Zotero-organized-export\JPG-JPEG\Light Cult NFTs\SYX8RAHS__Diapositiva659.JPG","129.2","Could not parse NFT number from filename"
"SYZ4NZ59__Diapositiva42.JPG","E:\Zotero-organized-export\JPG-JPEG\Light Cult NFTs\SYZ4NZ59__Diapositiva42.JPG","132.3","Could not parse NFT number from filename"
"SZFH3YXA__Diapositiva627.JPG","E:\Zotero-organized-export\JPG-JPEG\Light Cult NFTs\SZFH3YXA__Diapositiva627.JPG","58.1","Could not parse NFT number from filename"
"SZHERZ4V__Diapositiva943.JPG","E:\Zotero-organized-export\JPG-JPEG\Light Cult NFTs\SZHERZ4V__Diapositiva943.JPG","126.6","Could not parse NFT number from filename"
"SZLKW6CE__Diapositiva610.JPG","E:\Zotero-organized-export\JPG-JPEG\Light Cult NFTs\SZLKW6CE__Diapositiva610.JPG","134.3","Could not parse NFT number from filename"
"T22XC8K8__Diapositiva712.JPG","E:\Zotero-organized-export\JPG-JPEG\Light Cult NFTs\T22XC8K8__Diapositiva712.JPG","118.7","Could not parse NFT number from filename"
"T286GUN4__Diapositiva518.JPG","E:\Zotero-organized-export\JPG-JPEG\Light Cult NFTs\T286GUN4__Diapositiva518.JPG","43.8","Could not parse NFT number from filename"
"T2ATN8NF__Diapositiva635.JPG","E:\Zotero-organized-export\JPG-JPEG\Light Cult NFTs\T2ATN8NF__Diapositiva635.JPG","116","Could not parse NFT number from filename"
"T2IQXKYE__Diapositiva18.JPG","E:\Zotero-organized-export\JPG-JPEG\Light Cult NFTs\T2IQXKYE__Diapositiva18.JPG","85.4","Could not parse NFT number from filename"
"T2W29N8I__Diapositiva809.JPG","E:\Zotero-organized-export\JPG-JPEG\Light Cult NFTs\T2W29N8I__Diapositiva809.JPG","55.1","Could not parse NFT number from filename"
"T352L4FA__Diapositiva230.JPG","E:\Zotero-organized-export\JPG-JPEG\Light Cult NFTs\T352L4FA__Diapositiva230.JPG","158.3","Could not parse NFT number from filename"
"T3LATL4E__Diapositiva313.JPG","E:\Zotero-organized-export\JPG-JPEG\Light Cult NFTs\T3LATL4E__Diapositiva313.JPG","101.5","Could not parse NFT number from filename"
"T3SN86A9__Diapositiva451.JPG","E:\Zotero-organized-export\JPG-JPEG\Light Cult NFTs\T3SN86A9__Diapositiva451.JPG","94.7","Could not parse NFT number from filename"
"T3YWGVGK__Diapositiva534.JPG","E:\Zotero-organized-export\JPG-JPEG\Light Cult NFTs\T3YWGVGK__Diapositiva534.JPG","56.6","Could not parse NFT number from filename"
"T4ZZBC2Y__Diapositiva206.JPG","E:\Zotero-organized-export\JPG-JPEG\Light Cult NFTs\T4ZZBC2Y__Diapositiva206.JPG","74.5","Could not parse NFT number from filename"
"T5QYUWKB__Diapositiva17.JPG","E:\Zotero-organized-export\JPG-JPEG\Light Cult NFTs\T5QYUWKB__Diapositiva17.JPG","144.6","Could not parse NFT number from filename"
"T69MFDHB__Diapositiva21.JPG","E:\Zotero-organized-export\JPG-JPEG\Light Cult NFTs\T69MFDHB__Diapositiva21.JPG","53.8","Could not parse NFT number from filename"
"T6EWV4VV__Diapositiva575.JPG","E:\Zotero-organized-export\JPG-JPEG\Light Cult NFTs\T6EWV4VV__Diapositiva575.JPG","126.3","Could not parse NFT number from filename"
"T82B4EBD__Diapositiva291.JPG","E:\Zotero-organized-export\JPG-JPEG\Light Cult NFTs\T82B4EBD__Diapositiva291.JPG","108.3","Could not parse NFT number from filename"
"T8EBV9J3__Diapositiva585.JPG","E:\Zotero-organized-export\JPG-JPEG\Light Cult NFTs\T8EBV9J3__Diapositiva585.JPG","127","Could not parse NFT number from filename"
"T8HRN742__Diapositiva802.JPG","E:\Zotero-organized-export\JPG-JPEG\Light Cult NFTs\T8HRN742__Diapositiva802.JPG","53","Could not parse NFT number from filename"
"T8NIJM88__Diapositiva55.JPG","E:\Zotero-organized-export\JPG-JPEG\Light Cult NFTs\T8NIJM88__Diapositiva55.JPG","73.5","Could not parse NFT number from filename"
"T8VUYHU7__Diapositiva505.JPG","E:\Zotero-organized-export\JPG-JPEG\Light Cult NFTs\T8VUYHU7__Diapositiva505.JPG","121.4","Could not parse NFT number from filename"
"T9DXRGAL__Diapositiva50.JPG","E:\Zotero-organized-export\JPG-JPEG\Light Cult NFTs\T9DXRGAL__Diapositiva50.JPG","69.4","Could not parse NFT number from filename"
"T9VB3THB__Diapositiva9.JPG","E:\Zotero-organized-export\JPG-JPEG\Light Cult NFTs\T9VB3THB__Diapositiva9.JPG","69.6","Could not parse NFT number from filename"
"T9XVNW37__Diapositiva542.JPG","E:\Zotero-organized-export\JPG-JPEG\Light Cult NFTs\T9XVNW37__Diapositiva542.JPG","46.9","Could not parse NFT number from filename"
"T9Y9KHAD__Diapositiva779.JPG","E:\Zotero-organized-export\JPG-JPEG\Light Cult NFTs\T9Y9KHAD__Diapositiva779.JPG","79","Could not parse NFT number from filename"
"TAIN8JBP__Diapositiva788.JPG","E:\Zotero-organized-export\JPG-JPEG\Light Cult NFTs\TAIN8JBP__Diapositiva788.JPG","111.5","Could not parse NFT number from filename"
"TAVJZV8U__Diapositiva47.JPG","E:\Zotero-organized-export\JPG-JPEG\Light Cult NFTs\TAVJZV8U__Diapositiva47.JPG","55.7","Could not parse NFT number from filename"
"TB2K5FDC__Diapositiva28.JPG","E:\Zotero-organized-export\JPG-JPEG\Light Cult NFTs\TB2K5FDC__Diapositiva28.JPG","123.1","Could not parse NFT number from filename"
"TBCB86IF__Diapositiva673.JPG","E:\Zotero-organized-export\JPG-JPEG\Light Cult NFTs\TBCB86IF__Diapositiva673.JPG","46","Could not parse NFT number from filename"
"TBL85C3N__Diapositiva795.JPG","E:\Zotero-organized-export\JPG-JPEG\Light Cult NFTs\TBL85C3N__Diapositiva795.JPG","76.2","Could not parse NFT number from filename"
"TBREKAVY__Diapositiva802.JPG","E:\Zotero-organized-export\JPG-JPEG\Light Cult NFTs\TBREKAVY__Diapositiva802.JPG","38.5","Could not parse NFT number from filename"
"TC9PQR6P__Diapositiva352.JPG","E:\Zotero-organized-export\JPG-JPEG\Light Cult NFTs\TC9PQR6P__Diapositiva352.JPG","82.7","Could not parse NFT number from filename"
"TD8TYLN7__Diapositiva450.JPG","E:\Zotero-organized-export\JPG-JPEG\Light Cult NFTs\TD8TYLN7__Diapositiva450.JPG","175.5","Could not parse NFT number from filename"
"TD9ZC8P6__Diapositiva977.JPG","E:\Zotero-organized-export\JPG-JPEG\Light Cult NFTs\TD9ZC8P6__Diapositiva977.JPG","119.5","Could not parse NFT number from filename"
"TDDW8I6G__Diapositiva482.JPG","E:\Zotero-organized-export\JPG-JPEG\Light Cult NFTs\TDDW8I6G__Diapositiva482.JPG","155.2","Could not parse NFT number from filename"
"TDLCNLJ9__Diapositiva50.JPG","E:\Zotero-organized-export\JPG-JPEG\Light Cult NFTs\TDLCNLJ9__Diapositiva50.JPG","111.9","Could not parse NFT number from filename"
"TEH6TAKI__Diapositiva736.JPG","E:\Zotero-organized-export\JPG-JPEG\Light Cult NFTs\TEH6TAKI__Diapositiva736.JPG","144.3","Could not parse NFT number from filename"
"TEKSBM2P__Diapositiva942.JPG","E:\Zotero-organized-export\JPG-JPEG\Light Cult NFTs\TEKSBM2P__Diapositiva942.JPG","139.5","Could not parse NFT number from filename"
"TF2TUXKX__Diapositiva250.JPG","E:\Zotero-organized-export\JPG-JPEG\Light Cult NFTs\TF2TUXKX__Diapositiva250.JPG","134.8","Could not parse NFT number from filename"
"TFFKR8GA__Diapositiva662.JPG","E:\Zotero-organized-export\JPG-JPEG\Light Cult NFTs\TFFKR8GA__Diapositiva662.JPG","173.6","Could not parse NFT number from filename"
"TFLEKHWB__Diapositiva615.JPG","E:\Zotero-organized-export\JPG-JPEG\Light Cult NFTs\TFLEKHWB__Diapositiva615.JPG","119.2","Could not parse NFT number from filename"
"TFNKR689__Diapositiva667.JPG","E:\Zotero-organized-export\JPG-JPEG\Light Cult NFTs\TFNKR689__Diapositiva667.JPG","48.2","Could not parse NFT number from filename"
"TGCVZUSP__Diapositiva26.JPG","E:\Zotero-organized-export\JPG-JPEG\Light Cult NFTs\TGCVZUSP__Diapositiva26.JPG","97.6","Could not parse NFT number from filename"
"TGYZRBSJ__Diapositiva1.JPG","E:\Zotero-organized-export\JPG-JPEG\Light Cult NFTs\TGYZRBSJ__Diapositiva1.JPG","71.6","Could not parse NFT number from filename"
"THAYV86C__Diapositiva705.JPG","E:\Zotero-organized-export\JPG-JPEG\Light Cult NFTs\THAYV86C__Diapositiva705.JPG","130.8","Could not parse NFT number from filename"
"THBA65RX__Diapositiva135.JPG","E:\Zotero-organized-export\JPG-JPEG\Light Cult NFTs\THBA65RX__Diapositiva135.JPG","77.3","Could not parse NFT number from filename"
"TI3I2W7Y__Diapositiva803.JPG","E:\Zotero-organized-export\JPG-JPEG\Light Cult NFTs\TI3I2W7Y__Diapositiva803.JPG","168.8","Could not parse NFT number from filename"
"TIKA9F6L__Diapositiva230.JPG","E:\Zotero-organized-export\JPG-JPEG\Light Cult NFTs\TIKA9F6L__Diapositiva230.JPG","128.6","Could not parse NFT number from filename"
"TIKLD9P2__Diapositiva65.JPG","E:\Zotero-organized-export\JPG-JPEG\Light Cult NFTs\TIKLD9P2__Diapositiva65.JPG","119.1","Could not parse NFT number from filename"
"TIVKJALC__Diapositiva740.JPG","E:\Zotero-organized-export\JPG-JPEG\Light Cult NFTs\TIVKJALC__Diapositiva740.JPG","139.8","Could not parse NFT number from filename"
"TIWPV2TN__Diapositiva504.JPG","E:\Zotero-organized-export\JPG-JPEG\Light Cult NFTs\TIWPV2TN__Diapositiva504.JPG","86.8","Could not parse NFT number from filename"
"TK9UC3SA__Diapositiva966.JPG","E:\Zotero-organized-export\JPG-JPEG\Light Cult NFTs\TK9UC3SA__Diapositiva966.JPG","79.7","Could not parse NFT number from filename"
"TLW5QZTH__Diapositiva526.JPG","E:\Zotero-organized-export\JPG-JPEG\Light Cult NFTs\TLW5QZTH__Diapositiva526.JPG","61.4","Could not parse NFT number from filename"
"TMB8CJFP__Diapositiva742.JPG","E:\Zotero-organized-export\JPG-JPEG\Light Cult NFTs\TMB8CJFP__Diapositiva742.JPG","63.1","Could not parse NFT number from filename"
"TMNAFQ5N__Diapositiva445.JPG","E:\Zotero-organized-export\JPG-JPEG\Light Cult NFTs\TMNAFQ5N__Diapositiva445.JPG","143.5","Could not parse NFT number from filename"
"TMXJ9UDR__Diapositiva157.JPG","E:\Zotero-organized-export\JPG-JPEG\Light Cult NFTs\TMXJ9UDR__Diapositiva157.JPG","103.8","Could not parse NFT number from filename"
"TNQVT4VU__Diapositiva353.JPG","E:\Zotero-organized-export\JPG-JPEG\Light Cult NFTs\TNQVT4VU__Diapositiva353.JPG","83.8","Could not parse NFT number from filename"
"TPAURFEM__Diapositiva992.JPG","E:\Zotero-organized-export\JPG-JPEG\Light Cult NFTs\TPAURFEM__Diapositiva992.JPG","43.5","Could not parse NFT number from filename"
"TPX7NMZQ__Diapositiva949.JPG","E:\Zotero-organized-export\JPG-JPEG\Light Cult NFTs\TPX7NMZQ__Diapositiva949.JPG","145.2","Could not parse NFT number from filename"
"TQNUTMRL__Diapositiva783.JPG","E:\Zotero-organized-export\JPG-JPEG\Light Cult NFTs\TQNUTMRL__Diapositiva783.JPG","115.5","Could not parse NFT number from filename"
"TQSIUEIN__Diapositiva467.JPG","E:\Zotero-organized-export\JPG-JPEG\Light Cult NFTs\TQSIUEIN__Diapositiva467.JPG","63.3","Could not parse NFT number from filename"
"TQXFE26Z__Diapositiva553.JPG","E:\Zotero-organized-export\JPG-JPEG\Light Cult NFTs\TQXFE26Z__Diapositiva553.JPG","86","Could not parse NFT number from filename"
"TQY8L3BB__Diapositiva300.JPG","E:\Zotero-organized-export\JPG-JPEG\Light Cult NFTs\TQY8L3BB__Diapositiva300.JPG","82.5","Could not parse NFT number from filename"
"TRZWJ5SY__Diapositiva571.JPG","E:\Zotero-organized-export\JPG-JPEG\Light Cult NFTs\TRZWJ5SY__Diapositiva571.JPG","97","Could not parse NFT number from filename"
"TSE35PQ9__Diapositiva792.JPG","E:\Zotero-organized-export\JPG-JPEG\Light Cult NFTs\TSE35PQ9__Diapositiva792.JPG","83","Could not parse NFT number from filename"
"TSE3E52Z__Diapositiva304.JPG","E:\Zotero-organized-export\JPG-JPEG\Light Cult NFTs\TSE3E52Z__Diapositiva304.JPG","78.8","Could not parse NFT number from filename"
"TSEBNAL8__Diapositiva58.JPG","E:\Zotero-organized-export\JPG-JPEG\Light Cult NFTs\TSEBNAL8__Diapositiva58.JPG","104.8","Could not parse NFT number from filename"
"TSGZIVVL__Diapositiva704.JPG","E:\Zotero-organized-export\JPG-JPEG\Light Cult NFTs\TSGZIVVL__Diapositiva704.JPG","114.7","Could not parse NFT number from filename"
"TUEKZ6NJ__Diapositiva655.JPG","E:\Zotero-organized-export\JPG-JPEG\Light Cult NFTs\TUEKZ6NJ__Diapositiva655.JPG","56.7","Could not parse NFT number from filename"
"TUIY5RWH__Diapositiva575.JPG","E:\Zotero-organized-export\JPG-JPEG\Light Cult NFTs\TUIY5RWH__Diapositiva575.JPG","130.5","Could not parse NFT number from filename"
"TUT7HWGJ__Diapositiva522.JPG","E:\Zotero-organized-export\JPG-JPEG\Light Cult NFTs\TUT7HWGJ__Diapositiva522.JPG","48.3","Could not parse NFT number from filename"
"TV43EG6G__Diapositiva533.JPG","E:\Zotero-organized-export\JPG-JPEG\Light Cult NFTs\TV43EG6G__Diapositiva533.JPG","40.1","Could not parse NFT number from filename"
"TV9ML2YZ__Diapositiva799.JPG","E:\Zotero-organized-export\JPG-JPEG\Light Cult NFTs\TV9ML2YZ__Diapositiva799.JPG","127.6","Could not parse NFT number from filename"
"TWLLS2B9__Diapositiva683.JPG","E:\Zotero-organized-export\JPG-JPEG\Light Cult NFTs\TWLLS2B9__Diapositiva683.JPG","102.7","Could not parse NFT number from filename"
"TX9F86NJ__Diapositiva51.JPG","E:\Zotero-organized-export\JPG-JPEG\Light Cult NFTs\TX9F86NJ__Diapositiva51.JPG","126.9","Could not parse NFT number from filename"
"TXMXX2SW__Diapositiva776.JPG","E:\Zotero-organized-export\JPG-JPEG\Light Cult NFTs\TXMXX2SW__Diapositiva776.JPG","62.6","Could not parse NFT number from filename"
"TYP5TDVQ__Diapositiva534.JPG","E:\Zotero-organized-export\JPG-JPEG\Light Cult NFTs\TYP5TDVQ__Diapositiva534.JPG","81.1","Could not parse NFT number from filename"
"TZ5HEB9M__Diapositiva97.JPG","E:\Zotero-organized-export\JPG-JPEG\Light Cult NFTs\TZ5HEB9M__Diapositiva97.JPG","114.1","Could not parse NFT number from filename"
"TZV4A378__Diapositiva604.JPG","E:\Zotero-organized-export\JPG-JPEG\Light Cult NFTs\TZV4A378__Diapositiva604.JPG","154.5","Could not parse NFT number from filename"
"U26ZMNXW__Diapositiva154.JPG","E:\Zotero-organized-export\JPG-JPEG\Light Cult NFTs\U26ZMNXW__Diapositiva154.JPG","79.1","Could not parse NFT number from filename"
"U32MM5DR__Diapositiva378.JPG","E:\Zotero-organized-export\JPG-JPEG\Light Cult NFTs\U32MM5DR__Diapositiva378.JPG","32.9","Could not parse NFT number from filename"
"U3EDY3DG__Diapositiva458.JPG","E:\Zotero-organized-export\JPG-JPEG\Light Cult NFTs\U3EDY3DG__Diapositiva458.JPG","72.6","Could not parse NFT number from filename"
"U3GR39DD__Diapositiva396.JPG","E:\Zotero-organized-export\JPG-JPEG\Light Cult NFTs\U3GR39DD__Diapositiva396.JPG","47.3","Could not parse NFT number from filename"
"U3IHZ3FC__Diapositiva406.JPG","E:\Zotero-organized-export\JPG-JPEG\Light Cult NFTs\U3IHZ3FC__Diapositiva406.JPG","75.7","Could not parse NFT number from filename"
"U4FAHTF8__Diapositiva76.JPG","E:\Zotero-organized-export\JPG-JPEG\Light Cult NFTs\U4FAHTF8__Diapositiva76.JPG","115.5","Could not parse NFT number from filename"
"U5AZVIIK__Diapositiva340.JPG","E:\Zotero-organized-export\JPG-JPEG\Light Cult NFTs\U5AZVIIK__Diapositiva340.JPG","117.8","Could not parse NFT number from filename"
"U5FWJSWK__Diapositiva123.JPG","E:\Zotero-organized-export\JPG-JPEG\Light Cult NFTs\U5FWJSWK__Diapositiva123.JPG","76.5","Could not parse NFT number from filename"
"U6B5E7SD__Diapositiva491.JPG","E:\Zotero-organized-export\JPG-JPEG\Light Cult NFTs\U6B5E7SD__Diapositiva491.JPG","81","Could not parse NFT number from filename"
"U736786B__Diapositiva11.JPG","E:\Zotero-organized-export\JPG-JPEG\Light Cult NFTs\U736786B__Diapositiva11.JPG","87.2","Could not parse NFT number from filename"
"U74XNKS5__Diapositiva401.JPG","E:\Zotero-organized-export\JPG-JPEG\Light Cult NFTs\U74XNKS5__Diapositiva401.JPG","63.2","Could not parse NFT number from filename"
"U7LA3IB8__Diapositiva653.JPG","E:\Zotero-organized-export\JPG-JPEG\Light Cult NFTs\U7LA3IB8__Diapositiva653.JPG","65.2","Could not parse NFT number from filename"
"U7S3RLYT__Diapositiva862.JPG","E:\Zotero-organized-export\JPG-JPEG\Light Cult NFTs\U7S3RLYT__Diapositiva862.JPG","112.4","Could not parse NFT number from filename"
"U8MPELXJ__Diapositiva188.JPG","E:\Zotero-organized-export\JPG-JPEG\Light Cult NFTs\U8MPELXJ__Diapositiva188.JPG","94","Could not parse NFT number from filename"
"U99PAXUQ__Diapositiva627.JPG","E:\Zotero-organized-export\JPG-JPEG\Light Cult NFTs\U99PAXUQ__Diapositiva627.JPG","86.7","Could not parse NFT number from filename"
"U9MSP68W__Diapositiva179.JPG","E:\Zotero-organized-export\JPG-JPEG\Light Cult NFTs\U9MSP68W__Diapositiva179.JPG","52","Could not parse NFT number from filename"
"UB38YTIP__Diapositiva227.JPG","E:\Zotero-organized-export\JPG-JPEG\Light Cult NFTs\UB38YTIP__Diapositiva227.JPG","51.1","Could not parse NFT number from filename"
"UB4CJC5E__Diapositiva660.JPG","E:\Zotero-organized-export\JPG-JPEG\Light Cult NFTs\UB4CJC5E__Diapositiva660.JPG","145.8","Could not parse NFT number from filename"
"UB5B2P72__Diapositiva804.JPG","E:\Zotero-organized-export\JPG-JPEG\Light Cult NFTs\UB5B2P72__Diapositiva804.JPG","65.5","Could not parse NFT number from filename"
"UBHZLLBJ__Diapositiva360.JPG","E:\Zotero-organized-export\JPG-JPEG\Light Cult NFTs\UBHZLLBJ__Diapositiva360.JPG","139.6","Could not parse NFT number from filename"
"UBNES4CB__Diapositiva679.JPG","E:\Zotero-organized-export\JPG-JPEG\Light Cult NFTs\UBNES4CB__Diapositiva679.JPG","37.6","Could not parse NFT number from filename"
"UCVDWS4B__Diapositiva176.JPG","E:\Zotero-organized-export\JPG-JPEG\Light Cult NFTs\UCVDWS4B__Diapositiva176.JPG","119","Could not parse NFT number from filename"
"UDKTV3DN__Diapositiva810.JPG","E:\Zotero-organized-export\JPG-JPEG\Light Cult NFTs\UDKTV3DN__Diapositiva810.JPG","38.5","Could not parse NFT number from filename"
"UDXX7PUM__Diapositiva303.JPG","E:\Zotero-organized-export\JPG-JPEG\Light Cult NFTs\UDXX7PUM__Diapositiva303.JPG","97.8","Could not parse NFT number from filename"
"UE2QIYBC__Diapositiva388.JPG","E:\Zotero-organized-export\JPG-JPEG\Light Cult NFTs\UE2QIYBC__Diapositiva388.JPG","100.9","Could not parse NFT number from filename"
"UENUEL88__Diapositiva616.JPG","E:\Zotero-organized-export\JPG-JPEG\Light Cult NFTs\UENUEL88__Diapositiva616.JPG","121","Could not parse NFT number from filename"
"UF5B5SR6__Diapositiva659.JPG","E:\Zotero-organized-export\JPG-JPEG\Light Cult NFTs\UF5B5SR6__Diapositiva659.JPG","67.6","Could not parse NFT number from filename"
"UFBWXECT__Diapositiva15.JPG","E:\Zotero-organized-export\JPG-JPEG\Light Cult NFTs\UFBWXECT__Diapositiva15.JPG","51.5","Could not parse NFT number from filename"
"UFNYRBDM__Diapositiva10.JPG","E:\Zotero-organized-export\JPG-JPEG\Light Cult NFTs\UFNYRBDM__Diapositiva10.JPG","127.6","Could not parse NFT number from filename"
"UFV699EV__Diapositiva19.JPG","E:\Zotero-organized-export\JPG-JPEG\Light Cult NFTs\UFV699EV__Diapositiva19.JPG","187.1","Could not parse NFT number from filename"
"UG3VIWG9__Diapositiva160.JPG","E:\Zotero-organized-export\JPG-JPEG\Light Cult NFTs\UG3VIWG9__Diapositiva160.JPG","89.5","Could not parse NFT number from filename"
"UG65FRI5__Diapositiva369.JPG","E:\Zotero-organized-export\JPG-JPEG\Light Cult NFTs\UG65FRI5__Diapositiva369.JPG","93.4","Could not parse NFT number from filename"
"UGGW26C3__Diapositiva96.JPG","E:\Zotero-organized-export\JPG-JPEG\Light Cult NFTs\UGGW26C3__Diapositiva96.JPG","127.8","Could not parse NFT number from filename"
"UGHKBKPH__Diapositiva847.JPG","E:\Zotero-organized-export\JPG-JPEG\Light Cult NFTs\UGHKBKPH__Diapositiva847.JPG","73.3","Could not parse NFT number from filename"
"UGPJKM38__Diapositiva642.JPG","E:\Zotero-organized-export\JPG-JPEG\Light Cult NFTs\UGPJKM38__Diapositiva642.JPG","81.4","Could not parse NFT number from filename"
"UH9LG6BY__Diapositiva161.JPG","E:\Zotero-organized-export\JPG-JPEG\Light Cult NFTs\UH9LG6BY__Diapositiva161.JPG","123","Could not parse NFT number from filename"
"UHQEBMS4__Diapositiva839.JPG","E:\Zotero-organized-export\JPG-JPEG\Light Cult NFTs\UHQEBMS4__Diapositiva839.JPG","51.3","Could not parse NFT number from filename"
"UIE72S8T__Diapositiva262.JPG","E:\Zotero-organized-export\JPG-JPEG\Light Cult NFTs\UIE72S8T__Diapositiva262.JPG","46.4","Could not parse NFT number from filename"
"UIMFNJ84__Diapositiva295.JPG","E:\Zotero-organized-export\JPG-JPEG\Light Cult NFTs\UIMFNJ84__Diapositiva295.JPG","68.3","Could not parse NFT number from filename"
"UIUP2GX8__Diapositiva848.JPG","E:\Zotero-organized-export\JPG-JPEG\Light Cult NFTs\UIUP2GX8__Diapositiva848.JPG","206","Could not parse NFT number from filename"
"UJ5TJ9IG__Diapositiva695.JPG","E:\Zotero-organized-export\JPG-JPEG\Light Cult NFTs\UJ5TJ9IG__Diapositiva695.JPG","88","Could not parse NFT number from filename"
"UJSRJ592__Diapositiva596.JPG","E:\Zotero-organized-export\JPG-JPEG\Light Cult NFTs\UJSRJ592__Diapositiva596.JPG","39.6","Could not parse NFT number from filename"
"UJYB7T8S__Diapositiva351.JPG","E:\Zotero-organized-export\JPG-JPEG\Light Cult NFTs\UJYB7T8S__Diapositiva351.JPG","150","Could not parse NFT number from filename"
"ULEILSF4__Diapositiva941.JPG","E:\Zotero-organized-export\JPG-JPEG\Light Cult NFTs\ULEILSF4__Diapositiva941.JPG","53.2","Could not parse NFT number from filename"
"UM2BF7TQ__Diapositiva205.JPG","E:\Zotero-organized-export\JPG-JPEG\Light Cult NFTs\UM2BF7TQ__Diapositiva205.JPG","83.4","Could not parse NFT number from filename"
"UM2RZNBD__Diapositiva471.JPG","E:\Zotero-organized-export\JPG-JPEG\Light Cult NFTs\UM2RZNBD__Diapositiva471.JPG","152.3","Could not parse NFT number from filename"
"UML8G4VR__Diapositiva102.JPG","E:\Zotero-organized-export\JPG-JPEG\Light Cult NFTs\UML8G4VR__Diapositiva102.JPG","86.4","Could not parse NFT number from filename"
"UNH8MHAG__Diapositiva114.JPG","E:\Zotero-organized-export\JPG-JPEG\Light Cult NFTs\UNH8MHAG__Diapositiva114.JPG","36.2","Could not parse NFT number from filename"
"UNKF6JTI__Diapositiva716.JPG","E:\Zotero-organized-export\JPG-JPEG\Light Cult NFTs\UNKF6JTI__Diapositiva716.JPG","66.9","Could not parse NFT number from filename"
"UNMHCLHG__Diapositiva169.JPG","E:\Zotero-organized-export\JPG-JPEG\Light Cult NFTs\UNMHCLHG__Diapositiva169.JPG","102.4","Could not parse NFT number from filename"
"UNQY5WTB__Diapositiva188.JPG","E:\Zotero-organized-export\JPG-JPEG\Light Cult NFTs\UNQY5WTB__Diapositiva188.JPG","120.5","Could not parse NFT number from filename"
"UP5AUHSJ__Diapositiva164.JPG","E:\Zotero-organized-export\JPG-JPEG\Light Cult NFTs\UP5AUHSJ__Diapositiva164.JPG","47.2","Could not parse NFT number from filename"
"UP9H3KFE__Diapositiva341.JPG","E:\Zotero-organized-export\JPG-JPEG\Light Cult NFTs\UP9H3KFE__Diapositiva341.JPG","43.3","Could not parse NFT number from filename"
"UQ42XUAK__Diapositiva442.JPG","E:\Zotero-organized-export\JPG-JPEG\Light Cult NFTs\UQ42XUAK__Diapositiva442.JPG","115.5","Could not parse NFT number from filename"
"UQ64WVW8__Diapositiva386.JPG","E:\Zotero-organized-export\JPG-JPEG\Light Cult NFTs\UQ64WVW8__Diapositiva386.JPG","79.9","Could not parse NFT number from filename"
"URHU37XG__Diapositiva724.JPG","E:\Zotero-organized-export\JPG-JPEG\Light Cult NFTs\URHU37XG__Diapositiva724.JPG","112.4","Could not parse NFT number from filename"
"USG4MC3I__Diapositiva880.JPG","E:\Zotero-organized-export\JPG-JPEG\Light Cult NFTs\USG4MC3I__Diapositiva880.JPG","69.1","Could not parse NFT number from filename"
"USICRYCC__Diapositiva775.JPG","E:\Zotero-organized-export\JPG-JPEG\Light Cult NFTs\USICRYCC__Diapositiva775.JPG","51.4","Could not parse NFT number from filename"
"USIPX9RH__Diapositiva313.JPG","E:\Zotero-organized-export\JPG-JPEG\Light Cult NFTs\USIPX9RH__Diapositiva313.JPG","65.1","Could not parse NFT number from filename"
"USLGWRG2__Diapositiva116.JPG","E:\Zotero-organized-export\JPG-JPEG\Light Cult NFTs\USLGWRG2__Diapositiva116.JPG","117.3","Could not parse NFT number from filename"
"UT3LKLJG__Diapositiva299.JPG","E:\Zotero-organized-export\JPG-JPEG\Light Cult NFTs\UT3LKLJG__Diapositiva299.JPG","45.7","Could not parse NFT number from filename"
"UT5FJWYD__Diapositiva717.JPG","E:\Zotero-organized-export\JPG-JPEG\Light Cult NFTs\UT5FJWYD__Diapositiva717.JPG","139.9","Could not parse NFT number from filename"
"UTBQ6NP5__Diapositiva76.JPG","E:\Zotero-organized-export\JPG-JPEG\Light Cult NFTs\UTBQ6NP5__Diapositiva76.JPG","78.5","Could not parse NFT number from filename"
"UTGRLK2Q__Diapositiva178.JPG","E:\Zotero-organized-export\JPG-JPEG\Light Cult NFTs\UTGRLK2Q__Diapositiva178.JPG","136.6","Could not parse NFT number from filename"
"UTNVAKMQ__Diapositiva301.JPG","E:\Zotero-organized-export\JPG-JPEG\Light Cult NFTs\UTNVAKMQ__Diapositiva301.JPG","67.4","Could not parse NFT number from filename"
"UTNVZV89__Diapositiva578.JPG","E:\Zotero-organized-export\JPG-JPEG\Light Cult NFTs\UTNVZV89__Diapositiva578.JPG","57.3","Could not parse NFT number from filename"
"UU6GSQ25__Diapositiva915.JPG","E:\Zotero-organized-export\JPG-JPEG\Light Cult NFTs\UU6GSQ25__Diapositiva915.JPG","60.9","Could not parse NFT number from filename"
"UUPXL6VQ__Diapositiva311.JPG","E:\Zotero-organized-export\JPG-JPEG\Light Cult NFTs\UUPXL6VQ__Diapositiva311.JPG","122.5","Could not parse NFT number from filename"
"UUV4VJC4__Diapositiva732.JPG","E:\Zotero-organized-export\JPG-JPEG\Light Cult NFTs\UUV4VJC4__Diapositiva732.JPG","83.1","Could not parse NFT number from filename"
"UV3694BV__Diapositiva943.JPG","E:\Zotero-organized-export\JPG-JPEG\Light Cult NFTs\UV3694BV__Diapositiva943.JPG","119.9","Could not parse NFT number from filename"
"UVAY36XB__Diapositiva852.JPG","E:\Zotero-organized-export\JPG-JPEG\Light Cult NFTs\UVAY36XB__Diapositiva852.JPG","121.7","Could not parse NFT number from filename"
"UVRIDUGV__Diapositiva563.JPG","E:\Zotero-organized-export\JPG-JPEG\Light Cult NFTs\UVRIDUGV__Diapositiva563.JPG","120.6","Could not parse NFT number from filename"
"UW6VR5KW__Diapositiva699.JPG","E:\Zotero-organized-export\JPG-JPEG\Light Cult NFTs\UW6VR5KW__Diapositiva699.JPG","130.5","Could not parse NFT number from filename"
"UWFTWTD4__Diapositiva116.JPG","E:\Zotero-organized-export\JPG-JPEG\Light Cult NFTs\UWFTWTD4__Diapositiva116.JPG","67.2","Could not parse NFT number from filename"
"UWIJC77K__Diapositiva810.JPG","E:\Zotero-organized-export\JPG-JPEG\Light Cult NFTs\UWIJC77K__Diapositiva810.JPG","80","Could not parse NFT number from filename"
"UWP8AU7E__Diapositiva695.JPG","E:\Zotero-organized-export\JPG-JPEG\Light Cult NFTs\UWP8AU7E__Diapositiva695.JPG","147.6","Could not parse NFT number from filename"
"UXIAH54F__Diapositiva590.JPG","E:\Zotero-organized-export\JPG-JPEG\Light Cult NFTs\UXIAH54F__Diapositiva590.JPG","99.6","Could not parse NFT number from filename"
"UXLBQQLY__Diapositiva846.JPG","E:\Zotero-organized-export\JPG-JPEG\Light Cult NFTs\UXLBQQLY__Diapositiva846.JPG","144.8","Could not parse NFT number from filename"
"UXZYDXBZ__Diapositiva969.JPG","E:\Zotero-organized-export\JPG-JPEG\Light Cult NFTs\UXZYDXBZ__Diapositiva969.JPG","97.6","Could not parse NFT number from filename"
"UYK9H94H__Diapositiva784.JPG","E:\Zotero-organized-export\JPG-JPEG\Light Cult NFTs\UYK9H94H__Diapositiva784.JPG","183.6","Could not parse NFT number from filename"
"UZ2M7JG5__Diapositiva748.JPG","E:\Zotero-organized-export\JPG-JPEG\Light Cult NFTs\UZ2M7JG5__Diapositiva748.JPG","140.5","Could not parse NFT number from filename"
"UZ6JEA3Q__Diapositiva340.JPG","E:\Zotero-organized-export\JPG-JPEG\Light Cult NFTs\UZ6JEA3Q__Diapositiva340.JPG","122.8","Could not parse NFT number from filename"
"UZEPGJ3W__Diapositiva77.JPG","E:\Zotero-organized-export\JPG-JPEG\Light Cult NFTs\UZEPGJ3W__Diapositiva77.JPG","85.2","Could not parse NFT number from filename"
"UZSGETJJ__Diapositiva120.JPG","E:\Zotero-organized-export\JPG-JPEG\Light Cult NFTs\UZSGETJJ__Diapositiva120.JPG","69.2","Could not parse NFT number from filename"
"UZTYJ33R__Diapositiva435.JPG","E:\Zotero-organized-export\JPG-JPEG\Light Cult NFTs\UZTYJ33R__Diapositiva435.JPG","111.4","Could not parse NFT number from filename"
"V2SWY3AR__Diapositiva290.JPG","E:\Zotero-organized-export\JPG-JPEG\Light Cult NFTs\V2SWY3AR__Diapositiva290.JPG","112.8","Could not parse NFT number from filename"
"V2UIWYR5__Diapositiva971.JPG","E:\Zotero-organized-export\JPG-JPEG\Light Cult NFTs\V2UIWYR5__Diapositiva971.JPG","67.6","Could not parse NFT number from filename"
"V36L2NB7__Diapositiva684.JPG","E:\Zotero-organized-export\JPG-JPEG\Light Cult NFTs\V36L2NB7__Diapositiva684.JPG","89.8","Could not parse NFT number from filename"
"V3B7X7ER__Diapositiva435.JPG","E:\Zotero-organized-export\JPG-JPEG\Light Cult NFTs\V3B7X7ER__Diapositiva435.JPG","141.5","Could not parse NFT number from filename"
"V3GKXVE6__Diapositiva54.JPG","E:\Zotero-organized-export\JPG-JPEG\Light Cult NFTs\V3GKXVE6__Diapositiva54.JPG","125.6","Could not parse NFT number from filename"
"V4BIEWF4__Diapositiva320.JPG","E:\Zotero-organized-export\JPG-JPEG\Light Cult NFTs\V4BIEWF4__Diapositiva320.JPG","205.6","Could not parse NFT number from filename"
"V4KMESUD__Diapositiva421.JPG","E:\Zotero-organized-export\JPG-JPEG\Light Cult NFTs\V4KMESUD__Diapositiva421.JPG","103","Could not parse NFT number from filename"
"V4MBSMN7__Diapositiva431.JPG","E:\Zotero-organized-export\JPG-JPEG\Light Cult NFTs\V4MBSMN7__Diapositiva431.JPG","76.7","Could not parse NFT number from filename"
"V5PGGSBT__Diapositiva139.JPG","E:\Zotero-organized-export\JPG-JPEG\Light Cult NFTs\V5PGGSBT__Diapositiva139.JPG","145","Could not parse NFT number from filename"
"V5XYSN7Q__Diapositiva700.JPG","E:\Zotero-organized-export\JPG-JPEG\Light Cult NFTs\V5XYSN7Q__Diapositiva700.JPG","94.3","Could not parse NFT number from filename"
"V5YH99J4__Diapositiva755.JPG","E:\Zotero-organized-export\JPG-JPEG\Light Cult NFTs\V5YH99J4__Diapositiva755.JPG","61","Could not parse NFT number from filename"
"V5YSTN8M__Diapositiva521.JPG","E:\Zotero-organized-export\JPG-JPEG\Light Cult NFTs\V5YSTN8M__Diapositiva521.JPG","63","Could not parse NFT number from filename"
"V6S7GIQV__Diapositiva864.JPG","E:\Zotero-organized-export\JPG-JPEG\Light Cult NFTs\V6S7GIQV__Diapositiva864.JPG","146.1","Could not parse NFT number from filename"
"V6ZFPQHI__Diapositiva490.JPG","E:\Zotero-organized-export\JPG-JPEG\Light Cult NFTs\V6ZFPQHI__Diapositiva490.JPG","48.2","Could not parse NFT number from filename"
"V7J8AI22__Diapositiva97.JPG","E:\Zotero-organized-export\JPG-JPEG\Light Cult NFTs\V7J8AI22__Diapositiva97.JPG","90.8","Could not parse NFT number from filename"
"V82AQCK2__Diapositiva744.JPG","E:\Zotero-organized-export\JPG-JPEG\Light Cult NFTs\V82AQCK2__Diapositiva744.JPG","116.6","Could not parse NFT number from filename"
"V82IJV8W__Diapositiva302.JPG","E:\Zotero-organized-export\JPG-JPEG\Light Cult NFTs\V82IJV8W__Diapositiva302.JPG","100.5","Could not parse NFT number from filename"
"V8IJD7EC__Diapositiva174.JPG","E:\Zotero-organized-export\JPG-JPEG\Light Cult NFTs\V8IJD7EC__Diapositiva174.JPG","108.5","Could not parse NFT number from filename"
"VADW9772__Diapositiva890.JPG","E:\Zotero-organized-export\JPG-JPEG\Light Cult NFTs\VADW9772__Diapositiva890.JPG","153.3","Could not parse NFT number from filename"
"VAYPFR3S__Diapositiva409.JPG","E:\Zotero-organized-export\JPG-JPEG\Light Cult NFTs\VAYPFR3S__Diapositiva409.JPG","80.2","Could not parse NFT number from filename"
"VAZCTATN__Diapositiva790.JPG","E:\Zotero-organized-export\JPG-JPEG\Light Cult NFTs\VAZCTATN__Diapositiva790.JPG","139.7","Could not parse NFT number from filename"
"VBNCCGWP__Diapositiva969.JPG","E:\Zotero-organized-export\JPG-JPEG\Light Cult NFTs\VBNCCGWP__Diapositiva969.JPG","122.8","Could not parse NFT number from filename"
"VD8ST6K5__Diapositiva789.JPG","E:\Zotero-organized-export\JPG-JPEG\Light Cult NFTs\VD8ST6K5__Diapositiva789.JPG","43.7","Could not parse NFT number from filename"
"VDSEF4G2__Diapositiva405.JPG","E:\Zotero-organized-export\JPG-JPEG\Light Cult NFTs\VDSEF4G2__Diapositiva405.JPG","81.1","Could not parse NFT number from filename"
"VEDS8TMU__Diapositiva512.JPG","E:\Zotero-organized-export\JPG-JPEG\Light Cult NFTs\VEDS8TMU__Diapositiva512.JPG","52.2","Could not parse NFT number from filename"
"VEHGFJ3I__Diapositiva2.JPG","E:\Zotero-organized-export\JPG-JPEG\Light Cult NFTs\VEHGFJ3I__Diapositiva2.JPG","127.8","Could not parse NFT number from filename"
"VELD5YDG__Diapositiva274.JPG","E:\Zotero-organized-export\JPG-JPEG\Light Cult NFTs\VELD5YDG__Diapositiva274.JPG","131","Could not parse NFT number from filename"
"VEPEWGKH__Diapositiva962.JPG","E:\Zotero-organized-export\JPG-JPEG\Light Cult NFTs\VEPEWGKH__Diapositiva962.JPG","61.5","Could not parse NFT number from filename"
"VEWRWTZS__Diapositiva277.JPG","E:\Zotero-organized-export\JPG-JPEG\Light Cult NFTs\VEWRWTZS__Diapositiva277.JPG","104.2","Could not parse NFT number from filename"
"VF2F2NB3__Diapositiva1000.JPG","E:\Zotero-organized-export\JPG-JPEG\Light Cult NFTs\VF2F2NB3__Diapositiva1000.JPG","79","Could not parse NFT number from filename"
"VF5KCLI9__Diapositiva889.JPG","E:\Zotero-organized-export\JPG-JPEG\Light Cult NFTs\VF5KCLI9__Diapositiva889.JPG","53.8","Could not parse NFT number from filename"
"VFQBK4SM__Diapositiva22.JPG","E:\Zotero-organized-export\JPG-JPEG\Light Cult NFTs\VFQBK4SM__Diapositiva22.JPG","129.8","Could not parse NFT number from filename"
"VGAPTE4H__Diapositiva837.JPG","E:\Zotero-organized-export\JPG-JPEG\Light Cult NFTs\VGAPTE4H__Diapositiva837.JPG","135.9","Could not parse NFT number from filename"
"VGSQSEE8__Diapositiva905.JPG","E:\Zotero-organized-export\JPG-JPEG\Light Cult NFTs\VGSQSEE8__Diapositiva905.JPG","66.1","Could not parse NFT number from filename"
"VH2ZVHFF__Diapositiva58.JPG","E:\Zotero-organized-export\JPG-JPEG\Light Cult NFTs\VH2ZVHFF__Diapositiva58.JPG","104.9","Could not parse NFT number from filename"
"VH32MSTT__Diapositiva60.JPG","E:\Zotero-organized-export\JPG-JPEG\Light Cult NFTs\VH32MSTT__Diapositiva60.JPG","128.7","Could not parse NFT number from filename"
"VHG7UFZM__Diapositiva67.JPG","E:\Zotero-organized-export\JPG-JPEG\Light Cult NFTs\VHG7UFZM__Diapositiva67.JPG","111.8","Could not parse NFT number from filename"
"VIEJSWDE__Diapositiva447.JPG","E:\Zotero-organized-export\JPG-JPEG\Light Cult NFTs\VIEJSWDE__Diapositiva447.JPG","130.5","Could not parse NFT number from filename"
"VIIYBLCA__Diapositiva433.JPG","E:\Zotero-organized-export\JPG-JPEG\Light Cult NFTs\VIIYBLCA__Diapositiva433.JPG","139.2","Could not parse NFT number from filename"
"VIW2Q3M9__Diapositiva699.JPG","E:\Zotero-organized-export\JPG-JPEG\Light Cult NFTs\VIW2Q3M9__Diapositiva699.JPG","93.5","Could not parse NFT number from filename"
"VJ2P8234__Diapositiva439.JPG","E:\Zotero-organized-export\JPG-JPEG\Light Cult NFTs\VJ2P8234__Diapositiva439.JPG","165.9","Could not parse NFT number from filename"
"VJQUVF5S__Diapositiva10.JPG","E:\Zotero-organized-export\JPG-JPEG\Light Cult NFTs\VJQUVF5S__Diapositiva10.JPG","73.4","Could not parse NFT number from filename"
"VK4NGHD4__Diapositiva670.JPG","E:\Zotero-organized-export\JPG-JPEG\Light Cult NFTs\VK4NGHD4__Diapositiva670.JPG","134.7","Could not parse NFT number from filename"
"VKBVP2Z5__Diapositiva851.JPG","E:\Zotero-organized-export\JPG-JPEG\Light Cult NFTs\VKBVP2Z5__Diapositiva851.JPG","112.2","Could not parse NFT number from filename"
"VKILEEGI__Diapositiva361.JPG","E:\Zotero-organized-export\JPG-JPEG\Light Cult NFTs\VKILEEGI__Diapositiva361.JPG","47.4","Could not parse NFT number from filename"
"VL7SJNGU__Diapositiva730.JPG","E:\Zotero-organized-export\JPG-JPEG\Light Cult NFTs\VL7SJNGU__Diapositiva730.JPG","21.3","Could not parse NFT number from filename"
"VLXHUUQ6__Diapositiva543.JPG","E:\Zotero-organized-export\JPG-JPEG\Light Cult NFTs\VLXHUUQ6__Diapositiva543.JPG","63.3","Could not parse NFT number from filename"
"VMV5EFHB__Diapositiva120.JPG","E:\Zotero-organized-export\JPG-JPEG\Light Cult NFTs\VMV5EFHB__Diapositiva120.JPG","142.8","Could not parse NFT number from filename"
"VMXAE9K5__Diapositiva804.JPG","E:\Zotero-organized-export\JPG-JPEG\Light Cult NFTs\VMXAE9K5__Diapositiva804.JPG","121.7","Could not parse NFT number from filename"
"VN2AHIUS__Diapositiva617.JPG","E:\Zotero-organized-export\JPG-JPEG\Light Cult NFTs\VN2AHIUS__Diapositiva617.JPG","131.4","Could not parse NFT number from filename"
"VNE3Z7CG__Diapositiva183.JPG","E:\Zotero-organized-export\JPG-JPEG\Light Cult NFTs\VNE3Z7CG__Diapositiva183.JPG","95","Could not parse NFT number from filename"
"VNJDT4MF__Diapositiva280.JPG","E:\Zotero-organized-export\JPG-JPEG\Light Cult NFTs\VNJDT4MF__Diapositiva280.JPG","81","Could not parse NFT number from filename"
"VNQ9UD2V__Diapositiva72.JPG","E:\Zotero-organized-export\JPG-JPEG\Light Cult NFTs\VNQ9UD2V__Diapositiva72.JPG","92","Could not parse NFT number from filename"
"VPKJM8I6__Diapositiva907.JPG","E:\Zotero-organized-export\JPG-JPEG\Light Cult NFTs\VPKJM8I6__Diapositiva907.JPG","89.6","Could not parse NFT number from filename"
"VQAZZYHZ__Diapositiva972.JPG","E:\Zotero-organized-export\JPG-JPEG\Light Cult NFTs\VQAZZYHZ__Diapositiva972.JPG","163.9","Could not parse NFT number from filename"
"VQN3G72N__Diapositiva359.JPG","E:\Zotero-organized-export\JPG-JPEG\Light Cult NFTs\VQN3G72N__Diapositiva359.JPG","54.5","Could not parse NFT number from filename"
"VQU2QT4H__Diapositiva866.JPG","E:\Zotero-organized-export\JPG-JPEG\Light Cult NFTs\VQU2QT4H__Diapositiva866.JPG","109.3","Could not parse NFT number from filename"
"VRFKWTZM__Diapositiva844.JPG","E:\Zotero-organized-export\JPG-JPEG\Light Cult NFTs\VRFKWTZM__Diapositiva844.JPG","127.2","Could not parse NFT number from filename"
"VRNMHA8Q__Diapositiva283.JPG","E:\Zotero-organized-export\JPG-JPEG\Light Cult NFTs\VRNMHA8Q__Diapositiva283.JPG","71.1","Could not parse NFT number from filename"
"VSBNE452__Diapositiva870.JPG","E:\Zotero-organized-export\JPG-JPEG\Light Cult NFTs\VSBNE452__Diapositiva870.JPG","150.6","Could not parse NFT number from filename"
"VTFKLG3P__Diapositiva829.JPG","E:\Zotero-organized-export\JPG-JPEG\Light Cult NFTs\VTFKLG3P__Diapositiva829.JPG","128.8","Could not parse NFT number from filename"
"VTN8B4NB__Diapositiva242.JPG","E:\Zotero-organized-export\JPG-JPEG\Light Cult NFTs\VTN8B4NB__Diapositiva242.JPG","67","Could not parse NFT number from filename"
"VVDVUN4K__Diapositiva833.JPG","E:\Zotero-organized-export\JPG-JPEG\Light Cult NFTs\VVDVUN4K__Diapositiva833.JPG","69.9","Could not parse NFT number from filename"
"VVYE724A__Diapositiva795.JPG","E:\Zotero-organized-export\JPG-JPEG\Light Cult NFTs\VVYE724A__Diapositiva795.JPG","89.3","Could not parse NFT number from filename"
"VW6XI6WZ__Diapositiva174.JPG","E:\Zotero-organized-export\JPG-JPEG\Light Cult NFTs\VW6XI6WZ__Diapositiva174.JPG","52.9","Could not parse NFT number from filename"
"VWP8JRRJ__Diapositiva587.JPG","E:\Zotero-organized-export\JPG-JPEG\Light Cult NFTs\VWP8JRRJ__Diapositiva587.JPG","70.5","Could not parse NFT number from filename"
"VWPHHPNA__Diapositiva347.JPG","E:\Zotero-organized-export\JPG-JPEG\Light Cult NFTs\VWPHHPNA__Diapositiva347.JPG","94","Could not parse NFT number from filename"
"VWRT9E55__Diapositiva836.JPG","E:\Zotero-organized-export\JPG-JPEG\Light Cult NFTs\VWRT9E55__Diapositiva836.JPG","60.5","Could not parse NFT number from filename"
"VWWAKMY4__Diapositiva39.JPG","E:\Zotero-organized-export\JPG-JPEG\Light Cult NFTs\VWWAKMY4__Diapositiva39.JPG","62.8","Could not parse NFT number from filename"
"VX3SH2M6__Diapositiva28.JPG","E:\Zotero-organized-export\JPG-JPEG\Light Cult NFTs\VX3SH2M6__Diapositiva28.JPG","122.3","Could not parse NFT number from filename"
"VXG3MYEM__Diapositiva901.JPG","E:\Zotero-organized-export\JPG-JPEG\Light Cult NFTs\VXG3MYEM__Diapositiva901.JPG","128","Could not parse NFT number from filename"
"VXJTJKFZ__Diapositiva420.JPG","E:\Zotero-organized-export\JPG-JPEG\Light Cult NFTs\VXJTJKFZ__Diapositiva420.JPG","67.5","Could not parse NFT number from filename"
"VY3P55JR__Diapositiva861.JPG","E:\Zotero-organized-export\JPG-JPEG\Light Cult NFTs\VY3P55JR__Diapositiva861.JPG","66.8","Could not parse NFT number from filename"
"VYRCPP5V__Diapositiva228.JPG","E:\Zotero-organized-export\JPG-JPEG\Light Cult NFTs\VYRCPP5V__Diapositiva228.JPG","166.4","Could not parse NFT number from filename"
"VYTD72W7__Diapositiva372.JPG","E:\Zotero-organized-export\JPG-JPEG\Light Cult NFTs\VYTD72W7__Diapositiva372.JPG","47.2","Could not parse NFT number from filename"
"VZ995GBZ__Diapositiva867.JPG","E:\Zotero-organized-export\JPG-JPEG\Light Cult NFTs\VZ995GBZ__Diapositiva867.JPG","90.8","Could not parse NFT number from filename"
"VZ9DJPWY__Diapositiva854.JPG","E:\Zotero-organized-export\JPG-JPEG\Light Cult NFTs\VZ9DJPWY__Diapositiva854.JPG","126.9","Could not parse NFT number from filename"
"VZM94BGG__Diapositiva505.JPG","E:\Zotero-organized-export\JPG-JPEG\Light Cult NFTs\VZM94BGG__Diapositiva505.JPG","98.5","Could not parse NFT number from filename"
"VZQMLL9L__Diapositiva436.JPG","E:\Zotero-organized-export\JPG-JPEG\Light Cult NFTs\VZQMLL9L__Diapositiva436.JPG","137.4","Could not parse NFT number from filename"
"VZW7I2FG__Diapositiva37.JPG","E:\Zotero-organized-export\JPG-JPEG\Light Cult NFTs\VZW7I2FG__Diapositiva37.JPG","137.2","Could not parse NFT number from filename"
"VZXT7JUR__Diapositiva26.JPG","E:\Zotero-organized-export\JPG-JPEG\Light Cult NFTs\VZXT7JUR__Diapositiva26.JPG","65.2","Could not parse NFT number from filename"
"VZYNIELR__Diapositiva751.JPG","E:\Zotero-organized-export\JPG-JPEG\Light Cult NFTs\VZYNIELR__Diapositiva751.JPG","46.1","Could not parse NFT number from filename"
"W2KM6MDM__Diapositiva244.JPG","E:\Zotero-organized-export\JPG-JPEG\Light Cult NFTs\W2KM6MDM__Diapositiva244.JPG","102.5","Could not parse NFT number from filename"
"W34NEJ4J__Diapositiva366.JPG","E:\Zotero-organized-export\JPG-JPEG\Light Cult NFTs\W34NEJ4J__Diapositiva366.JPG","61.8","Could not parse NFT number from filename"
"W3UDBMKW__Diapositiva858.JPG","E:\Zotero-organized-export\JPG-JPEG\Light Cult NFTs\W3UDBMKW__Diapositiva858.JPG","75.2","Could not parse NFT number from filename"
"W46R59LY__Diapositiva907.JPG","E:\Zotero-organized-export\JPG-JPEG\Light Cult NFTs\W46R59LY__Diapositiva907.JPG","82.6","Could not parse NFT number from filename"
"W4CWJ866__Diapositiva395.JPG","E:\Zotero-organized-export\JPG-JPEG\Light Cult NFTs\W4CWJ866__Diapositiva395.JPG","57","Could not parse NFT number from filename"
"W52NQCDJ__Diapositiva235.JPG","E:\Zotero-organized-export\JPG-JPEG\Light Cult NFTs\W52NQCDJ__Diapositiva235.JPG","116.1","Could not parse NFT number from filename"
"W56UDFXL__Diapositiva355.JPG","E:\Zotero-organized-export\JPG-JPEG\Light Cult NFTs\W56UDFXL__Diapositiva355.JPG","54","Could not parse NFT number from filename"
"W657B7H2__Diapositiva719.JPG","E:\Zotero-organized-export\JPG-JPEG\Light Cult NFTs\W657B7H2__Diapositiva719.JPG","146","Could not parse NFT number from filename"
"W6RW989E__Diapositiva487.JPG","E:\Zotero-organized-export\JPG-JPEG\Light Cult NFTs\W6RW989E__Diapositiva487.JPG","132.8","Could not parse NFT number from filename"
"W77Y35YG__Diapositiva243.JPG","E:\Zotero-organized-export\JPG-JPEG\Light Cult NFTs\W77Y35YG__Diapositiva243.JPG","125.3","Could not parse NFT number from filename"
"W78N36CH__Diapositiva246.JPG","E:\Zotero-organized-export\JPG-JPEG\Light Cult NFTs\W78N36CH__Diapositiva246.JPG","143.7","Could not parse NFT number from filename"
"W79TT5BH__Diapositiva781.JPG","E:\Zotero-organized-export\JPG-JPEG\Light Cult NFTs\W79TT5BH__Diapositiva781.JPG","131.4","Could not parse NFT number from filename"
"W7CFJXL6__Diapositiva510.JPG","E:\Zotero-organized-export\JPG-JPEG\Light Cult NFTs\W7CFJXL6__Diapositiva510.JPG","133.9","Could not parse NFT number from filename"
"W7HKXCM6__Diapositiva412.JPG","E:\Zotero-organized-export\JPG-JPEG\Light Cult NFTs\W7HKXCM6__Diapositiva412.JPG","32.7","Could not parse NFT number from filename"
"W7XD7L4F__Diapositiva86.JPG","E:\Zotero-organized-export\JPG-JPEG\Light Cult NFTs\W7XD7L4F__Diapositiva86.JPG","124.6","Could not parse NFT number from filename"
"W96GHWMP__Diapositiva469.JPG","E:\Zotero-organized-export\JPG-JPEG\Light Cult NFTs\W96GHWMP__Diapositiva469.JPG","39.9","Could not parse NFT number from filename"
"W97FPW56__Diapositiva702.JPG","E:\Zotero-organized-export\JPG-JPEG\Light Cult NFTs\W97FPW56__Diapositiva702.JPG","137.7","Could not parse NFT number from filename"
"W9ANNBJZ__Diapositiva281.JPG","E:\Zotero-organized-export\JPG-JPEG\Light Cult NFTs\W9ANNBJZ__Diapositiva281.JPG","71.2","Could not parse NFT number from filename"
"W9BKQ578__Diapositiva739.JPG","E:\Zotero-organized-export\JPG-JPEG\Light Cult NFTs\W9BKQ578__Diapositiva739.JPG","115","Could not parse NFT number from filename"
"W9HUIXHL__Diapositiva851.JPG","E:\Zotero-organized-export\JPG-JPEG\Light Cult NFTs\W9HUIXHL__Diapositiva851.JPG","72.4","Could not parse NFT number from filename"
"WAAT3UQK__Diapositiva730.JPG","E:\Zotero-organized-export\JPG-JPEG\Light Cult NFTs\WAAT3UQK__Diapositiva730.JPG","116.9","Could not parse NFT number from filename"
"WAXDNI4U__Diapositiva806.JPG","E:\Zotero-organized-export\JPG-JPEG\Light Cult NFTs\WAXDNI4U__Diapositiva806.JPG","126.3","Could not parse NFT number from filename"
"WBE8KMIV__Diapositiva952.JPG","E:\Zotero-organized-export\JPG-JPEG\Light Cult NFTs\WBE8KMIV__Diapositiva952.JPG","109.7","Could not parse NFT number from filename"
"WBKMGR3P__Diapositiva927.JPG","E:\Zotero-organized-export\JPG-JPEG\Light Cult NFTs\WBKMGR3P__Diapositiva927.JPG","46.9","Could not parse NFT number from filename"
"WBL2ACJ4__Diapositiva657.JPG","E:\Zotero-organized-export\JPG-JPEG\Light Cult NFTs\WBL2ACJ4__Diapositiva657.JPG","69.3","Could not parse NFT number from filename"
"WBZITHNY__Diapositiva584.JPG","E:\Zotero-organized-export\JPG-JPEG\Light Cult NFTs\WBZITHNY__Diapositiva584.JPG","154.3","Could not parse NFT number from filename"
"WD2MNM8G__Diapositiva592.JPG","E:\Zotero-organized-export\JPG-JPEG\Light Cult NFTs\WD2MNM8G__Diapositiva592.JPG","111.3","Could not parse NFT number from filename"
"WD9M7HIJ__Diapositiva391.JPG","E:\Zotero-organized-export\JPG-JPEG\Light Cult NFTs\WD9M7HIJ__Diapositiva391.JPG","168.5","Could not parse NFT number from filename"
"WDNDAX4U__Diapositiva983.JPG","E:\Zotero-organized-export\JPG-JPEG\Light Cult NFTs\WDNDAX4U__Diapositiva983.JPG","58.9","Could not parse NFT number from filename"
"WENLRPYV__Diapositiva238.JPG","E:\Zotero-organized-export\JPG-JPEG\Light Cult NFTs\WENLRPYV__Diapositiva238.JPG","98.4","Could not parse NFT number from filename"
"WESJHCLW__Diapositiva293.JPG","E:\Zotero-organized-export\JPG-JPEG\Light Cult NFTs\WESJHCLW__Diapositiva293.JPG","64","Could not parse NFT number from filename"
"WEU8SVBQ__Diapositiva308.JPG","E:\Zotero-organized-export\JPG-JPEG\Light Cult NFTs\WEU8SVBQ__Diapositiva308.JPG","68.8","Could not parse NFT number from filename"
"WEV9C7Z7__Diapositiva224.JPG","E:\Zotero-organized-export\JPG-JPEG\Light Cult NFTs\WEV9C7Z7__Diapositiva224.JPG","52.8","Could not parse NFT number from filename"
"WF8YASZH__Diapositiva711.JPG","E:\Zotero-organized-export\JPG-JPEG\Light Cult NFTs\WF8YASZH__Diapositiva711.JPG","104.9","Could not parse NFT number from filename"
"WFHSXPIC__Diapositiva856.JPG","E:\Zotero-organized-export\JPG-JPEG\Light Cult NFTs\WFHSXPIC__Diapositiva856.JPG","133.6","Could not parse NFT number from filename"
"WFKEGQIN__Diapositiva741.JPG","E:\Zotero-organized-export\JPG-JPEG\Light Cult NFTs\WFKEGQIN__Diapositiva741.JPG","66.4","Could not parse NFT number from filename"
"WFLEY3PH__Diapositiva738.JPG","E:\Zotero-organized-export\JPG-JPEG\Light Cult NFTs\WFLEY3PH__Diapositiva738.JPG","118.3","Could not parse NFT number from filename"
"WFXRHL2X__Diapositiva201.JPG","E:\Zotero-organized-export\JPG-JPEG\Light Cult NFTs\WFXRHL2X__Diapositiva201.JPG","111","Could not parse NFT number from filename"
"WG6RJIWV__Diapositiva832.JPG","E:\Zotero-organized-export\JPG-JPEG\Light Cult NFTs\WG6RJIWV__Diapositiva832.JPG","120.9","Could not parse NFT number from filename"
"WGAMAFTR__Diapositiva809.JPG","E:\Zotero-organized-export\JPG-JPEG\Light Cult NFTs\WGAMAFTR__Diapositiva809.JPG","127.2","Could not parse NFT number from filename"
"WGAXRV3H__Diapositiva119.JPG","E:\Zotero-organized-export\JPG-JPEG\Light Cult NFTs\WGAXRV3H__Diapositiva119.JPG","66","Could not parse NFT number from filename"
"WGK5KUUN__Diapositiva853.JPG","E:\Zotero-organized-export\JPG-JPEG\Light Cult NFTs\WGK5KUUN__Diapositiva853.JPG","83.9","Could not parse NFT number from filename"
"WH8AWHSU__Diapositiva999.JPG","E:\Zotero-organized-export\JPG-JPEG\Light Cult NFTs\WH8AWHSU__Diapositiva999.JPG","69.8","Could not parse NFT number from filename"
"WHDCUQYC__Diapositiva134.JPG","E:\Zotero-organized-export\JPG-JPEG\Light Cult NFTs\WHDCUQYC__Diapositiva134.JPG","134.2","Could not parse NFT number from filename"
"WHNFN37B__Diapositiva626.JPG","E:\Zotero-organized-export\JPG-JPEG\Light Cult NFTs\WHNFN37B__Diapositiva626.JPG","141.2","Could not parse NFT number from filename"
"WHVJ8F3C__Diapositiva851.JPG","E:\Zotero-organized-export\JPG-JPEG\Light Cult NFTs\WHVJ8F3C__Diapositiva851.JPG","136.6","Could not parse NFT number from filename"
"WHYWIBJJ__Diapositiva449.JPG","E:\Zotero-organized-export\JPG-JPEG\Light Cult NFTs\WHYWIBJJ__Diapositiva449.JPG","114.2","Could not parse NFT number from filename"
"WI2EGAKU__Diapositiva33.JPG","E:\Zotero-organized-export\JPG-JPEG\Light Cult NFTs\WI2EGAKU__Diapositiva33.JPG","69.8","Could not parse NFT number from filename"
"WIDKWZ4Q__Diapositiva233.JPG","E:\Zotero-organized-export\JPG-JPEG\Light Cult NFTs\WIDKWZ4Q__Diapositiva233.JPG","142.3","Could not parse NFT number from filename"
"WJ4SYCZJ__Diapositiva959.JPG","E:\Zotero-organized-export\JPG-JPEG\Light Cult NFTs\WJ4SYCZJ__Diapositiva959.JPG","125","Could not parse NFT number from filename"
"WJ63YLNA__Diapositiva249.JPG","E:\Zotero-organized-export\JPG-JPEG\Light Cult NFTs\WJ63YLNA__Diapositiva249.JPG","102.7","Could not parse NFT number from filename"
"WJAJSLTX__Diapositiva618.JPG","E:\Zotero-organized-export\JPG-JPEG\Light Cult NFTs\WJAJSLTX__Diapositiva618.JPG","70.4","Could not parse NFT number from filename"
"WJJ8UX4U__Diapositiva942.JPG","E:\Zotero-organized-export\JPG-JPEG\Light Cult NFTs\WJJ8UX4U__Diapositiva942.JPG","116.1","Could not parse NFT number from filename"
"WJNF4ALQ__Diapositiva310.JPG","E:\Zotero-organized-export\JPG-JPEG\Light Cult NFTs\WJNF4ALQ__Diapositiva310.JPG","89.7","Could not parse NFT number from filename"
"WK8XXVJ2__Diapositiva263.JPG","E:\Zotero-organized-export\JPG-JPEG\Light Cult NFTs\WK8XXVJ2__Diapositiva263.JPG","121","Could not parse NFT number from filename"
"WKFXRHNR__Diapositiva920.JPG","E:\Zotero-organized-export\JPG-JPEG\Light Cult NFTs\WKFXRHNR__Diapositiva920.JPG","95.8","Could not parse NFT number from filename"
"WKMLC3MT__Diapositiva66.JPG","E:\Zotero-organized-export\JPG-JPEG\Light Cult NFTs\WKMLC3MT__Diapositiva66.JPG","194.6","Could not parse NFT number from filename"
"WKUKCGID__Diapositiva739.JPG","E:\Zotero-organized-export\JPG-JPEG\Light Cult NFTs\WKUKCGID__Diapositiva739.JPG","66.8","Could not parse NFT number from filename"
"WLJIF5XP__Diapositiva937.JPG","E:\Zotero-organized-export\JPG-JPEG\Light Cult NFTs\WLJIF5XP__Diapositiva937.JPG","129.8","Could not parse NFT number from filename"
"WLLEGSHK__Diapositiva507.JPG","E:\Zotero-organized-export\JPG-JPEG\Light Cult NFTs\WLLEGSHK__Diapositiva507.JPG","125.4","Could not parse NFT number from filename"
"WLMIWE7Y__Diapositiva983.JPG","E:\Zotero-organized-export\JPG-JPEG\Light Cult NFTs\WLMIWE7Y__Diapositiva983.JPG","73.2","Could not parse NFT number from filename"
"WM62FV24__Diapositiva400.JPG","E:\Zotero-organized-export\JPG-JPEG\Light Cult NFTs\WM62FV24__Diapositiva400.JPG","67","Could not parse NFT number from filename"
"WME448HN__Diapositiva797.JPG","E:\Zotero-organized-export\JPG-JPEG\Light Cult NFTs\WME448HN__Diapositiva797.JPG","129.2","Could not parse NFT number from filename"
"WNS58TSA__Diapositiva619.JPG","E:\Zotero-organized-export\JPG-JPEG\Light Cult NFTs\WNS58TSA__Diapositiva619.JPG","131.6","Could not parse NFT number from filename"
"WPC82DV7__Diapositiva164.JPG","E:\Zotero-organized-export\JPG-JPEG\Light Cult NFTs\WPC82DV7__Diapositiva164.JPG","52.4","Could not parse NFT number from filename"
"WQCWBVE4__Diapositiva3.JPG","E:\Zotero-organized-export\JPG-JPEG\Light Cult NFTs\WQCWBVE4__Diapositiva3.JPG","120.6","Could not parse NFT number from filename"
"WQKMY8VZ__Diapositiva298.JPG","E:\Zotero-organized-export\JPG-JPEG\Light Cult NFTs\WQKMY8VZ__Diapositiva298.JPG","54.4","Could not parse NFT number from filename"
"WQMBYE3J__Diapositiva678.JPG","E:\Zotero-organized-export\JPG-JPEG\Light Cult NFTs\WQMBYE3J__Diapositiva678.JPG","32.1","Could not parse NFT number from filename"
"WSBR69ZP__Diapositiva722.JPG","E:\Zotero-organized-export\JPG-JPEG\Light Cult NFTs\WSBR69ZP__Diapositiva722.JPG","75.7","Could not parse NFT number from filename"
"WSLXITL6__Diapositiva260.JPG","E:\Zotero-organized-export\JPG-JPEG\Light Cult NFTs\WSLXITL6__Diapositiva260.JPG","90.4","Could not parse NFT number from filename"
"WTKHT7K7__Diapositiva973.JPG","E:\Zotero-organized-export\JPG-JPEG\Light Cult NFTs\WTKHT7K7__Diapositiva973.JPG","87.7","Could not parse NFT number from filename"
"WTSUEVWM__Diapositiva187.JPG","E:\Zotero-organized-export\JPG-JPEG\Light Cult NFTs\WTSUEVWM__Diapositiva187.JPG","74.4","Could not parse NFT number from filename"
"WUUD5G5Q__Diapositiva565.JPG","E:\Zotero-organized-export\JPG-JPEG\Light Cult NFTs\WUUD5G5Q__Diapositiva565.JPG","124.2","Could not parse NFT number from filename"
"WV97AARC__Diapositiva979.JPG","E:\Zotero-organized-export\JPG-JPEG\Light Cult NFTs\WV97AARC__Diapositiva979.JPG","60.5","Could not parse NFT number from filename"
"WVEC6APM__Diapositiva253.JPG","E:\Zotero-organized-export\JPG-JPEG\Light Cult NFTs\WVEC6APM__Diapositiva253.JPG","44","Could not parse NFT number from filename"
"WVMNTQHA__Diapositiva324.JPG","E:\Zotero-organized-export\JPG-JPEG\Light Cult NFTs\WVMNTQHA__Diapositiva324.JPG","83.5","Could not parse NFT number from filename"
"WVSL2KZI__Diapositiva922.JPG","E:\Zotero-organized-export\JPG-JPEG\Light Cult NFTs\WVSL2KZI__Diapositiva922.JPG","72.2","Could not parse NFT number from filename"
"WVX5MNBS__Diapositiva404.JPG","E:\Zotero-organized-export\JPG-JPEG\Light Cult NFTs\WVX5MNBS__Diapositiva404.JPG","117.3","Could not parse NFT number from filename"
"WVXCDGT5__Diapositiva240.JPG","E:\Zotero-organized-export\JPG-JPEG\Light Cult NFTs\WVXCDGT5__Diapositiva240.JPG","141.2","Could not parse NFT number from filename"
"WX4GTGG8__Diapositiva684.JPG","E:\Zotero-organized-export\JPG-JPEG\Light Cult NFTs\WX4GTGG8__Diapositiva684.JPG","45.2","Could not parse NFT number from filename"
"WX7BURFA__Diapositiva333.JPG","E:\Zotero-organized-export\JPG-JPEG\Light Cult NFTs\WX7BURFA__Diapositiva333.JPG","152.2","Could not parse NFT number from filename"
"WXHE5EPB__Diapositiva271.JPG","E:\Zotero-organized-export\JPG-JPEG\Light Cult NFTs\WXHE5EPB__Diapositiva271.JPG","109.7","Could not parse NFT number from filename"
"WXL5A3AW__Diapositiva946.JPG","E:\Zotero-organized-export\JPG-JPEG\Light Cult NFTs\WXL5A3AW__Diapositiva946.JPG","82.3","Could not parse NFT number from filename"
"WXU8PUH5__Diapositiva632.JPG","E:\Zotero-organized-export\JPG-JPEG\Light Cult NFTs\WXU8PUH5__Diapositiva632.JPG","125","Could not parse NFT number from filename"
"WYHQZ7TW__Diapositiva618.JPG","E:\Zotero-organized-export\JPG-JPEG\Light Cult NFTs\WYHQZ7TW__Diapositiva618.JPG","95","Could not parse NFT number from filename"
"WYI52BJ4__Diapositiva821.JPG","E:\Zotero-organized-export\JPG-JPEG\Light Cult NFTs\WYI52BJ4__Diapositiva821.JPG","102.3","Could not parse NFT number from filename"
"WYK3NYQ4__Diapositiva671.JPG","E:\Zotero-organized-export\JPG-JPEG\Light Cult NFTs\WYK3NYQ4__Diapositiva671.JPG","128.4","Could not parse NFT number from filename"
"WYYUEH95__Diapositiva541.JPG","E:\Zotero-organized-export\JPG-JPEG\Light Cult NFTs\WYYUEH95__Diapositiva541.JPG","138.6","Could not parse NFT number from filename"
"WZ4FF2GK__Diapositiva811.JPG","E:\Zotero-organized-export\JPG-JPEG\Light Cult NFTs\WZ4FF2GK__Diapositiva811.JPG","76.6","Could not parse NFT number from filename"
"WZAW7MMJ__Diapositiva780.JPG","E:\Zotero-organized-export\JPG-JPEG\Light Cult NFTs\WZAW7MMJ__Diapositiva780.JPG","52.1","Could not parse NFT number from filename"
"WZGGURYM__Diapositiva626.JPG","E:\Zotero-organized-export\JPG-JPEG\Light Cult NFTs\WZGGURYM__Diapositiva626.JPG","122.3","Could not parse NFT number from filename"
"X2WRCYB7__Diapositiva70.JPG","E:\Zotero-organized-export\JPG-JPEG\Light Cult NFTs\X2WRCYB7__Diapositiva70.JPG","120.2","Could not parse NFT number from filename"
"X32VDDMQ__Diapositiva258.JPG","E:\Zotero-organized-export\JPG-JPEG\Light Cult NFTs\X32VDDMQ__Diapositiva258.JPG","45.4","Could not parse NFT number from filename"
"X3DJEUML__Diapositiva918.JPG","E:\Zotero-organized-export\JPG-JPEG\Light Cult NFTs\X3DJEUML__Diapositiva918.JPG","117.6","Could not parse NFT number from filename"
"X3VJL2K5__Diapositiva907.JPG","E:\Zotero-organized-export\JPG-JPEG\Light Cult NFTs\X3VJL2K5__Diapositiva907.JPG","44.4","Could not parse NFT number from filename"
"X3ZKR5TL__Diapositiva674.JPG","E:\Zotero-organized-export\JPG-JPEG\Light Cult NFTs\X3ZKR5TL__Diapositiva674.JPG","58.7","Could not parse NFT number from filename"
"X4B8GHWS__Diapositiva585.JPG","E:\Zotero-organized-export\JPG-JPEG\Light Cult NFTs\X4B8GHWS__Diapositiva585.JPG","124.8","Could not parse NFT number from filename"
"X4ESEXQ3__Diapositiva370.JPG","E:\Zotero-organized-export\JPG-JPEG\Light Cult NFTs\X4ESEXQ3__Diapositiva370.JPG","73.2","Could not parse NFT number from filename"
"X4LCHHWR__Diapositiva847.JPG","E:\Zotero-organized-export\JPG-JPEG\Light Cult NFTs\X4LCHHWR__Diapositiva847.JPG","117.7","Could not parse NFT number from filename"
"X56UETRP__Diapositiva524.JPG","E:\Zotero-organized-export\JPG-JPEG\Light Cult NFTs\X56UETRP__Diapositiva524.JPG","47.8","Could not parse NFT number from filename"
"X5PU4C4F__Diapositiva719.JPG","E:\Zotero-organized-export\JPG-JPEG\Light Cult NFTs\X5PU4C4F__Diapositiva719.JPG","42.9","Could not parse NFT number from filename"
"X5YXKXRI__Diapositiva956.JPG","E:\Zotero-organized-export\JPG-JPEG\Light Cult NFTs\X5YXKXRI__Diapositiva956.JPG","130.5","Could not parse NFT number from filename"
"X69VSVF5__Diapositiva929.JPG","E:\Zotero-organized-export\JPG-JPEG\Light Cult NFTs\X69VSVF5__Diapositiva929.JPG","148.5","Could not parse NFT number from filename"
"X6I2QJ4W__Diapositiva397.JPG","E:\Zotero-organized-export\JPG-JPEG\Light Cult NFTs\X6I2QJ4W__Diapositiva397.JPG","98.9","Could not parse NFT number from filename"
"X6MJ6CQQ__Diapositiva283.JPG","E:\Zotero-organized-export\JPG-JPEG\Light Cult NFTs\X6MJ6CQQ__Diapositiva283.JPG","119.6","Could not parse NFT number from filename"
"X72FAQ53__Diapositiva117.JPG","E:\Zotero-organized-export\JPG-JPEG\Light Cult NFTs\X72FAQ53__Diapositiva117.JPG","51.9","Could not parse NFT number from filename"
"X7KULS9X__Diapositiva503.JPG","E:\Zotero-organized-export\JPG-JPEG\Light Cult NFTs\X7KULS9X__Diapositiva503.JPG","90.2","Could not parse NFT number from filename"
"X7LIGQLN__Diapositiva873.JPG","E:\Zotero-organized-export\JPG-JPEG\Light Cult NFTs\X7LIGQLN__Diapositiva873.JPG","52.4","Could not parse NFT number from filename"
"X87N5E8E__Diapositiva445.JPG","E:\Zotero-organized-export\JPG-JPEG\Light Cult NFTs\X87N5E8E__Diapositiva445.JPG","48.5","Could not parse NFT number from filename"
"X8BYBT39__Diapositiva664.JPG","E:\Zotero-organized-export\JPG-JPEG\Light Cult NFTs\X8BYBT39__Diapositiva664.JPG","46.4","Could not parse NFT number from filename"
"X93SDDXQ__Diapositiva205.JPG","E:\Zotero-organized-export\JPG-JPEG\Light Cult NFTs\X93SDDXQ__Diapositiva205.JPG","75.6","Could not parse NFT number from filename"
"X95JIYJ2__Diapositiva373.JPG","E:\Zotero-organized-export\JPG-JPEG\Light Cult NFTs\X95JIYJ2__Diapositiva373.JPG","89.5","Could not parse NFT number from filename"
"X9GV9DBA__Diapositiva197.JPG","E:\Zotero-organized-export\JPG-JPEG\Light Cult NFTs\X9GV9DBA__Diapositiva197.JPG","129.4","Could not parse NFT number from filename"
"X9ZHCY3J__Diapositiva417.JPG","E:\Zotero-organized-export\JPG-JPEG\Light Cult NFTs\X9ZHCY3J__Diapositiva417.JPG","83","Could not parse NFT number from filename"
"XACFLXF6__Diapositiva431.JPG","E:\Zotero-organized-export\JPG-JPEG\Light Cult NFTs\XACFLXF6__Diapositiva431.JPG","135.4","Could not parse NFT number from filename"
"XAMG4RK6__Diapositiva129.JPG","E:\Zotero-organized-export\JPG-JPEG\Light Cult NFTs\XAMG4RK6__Diapositiva129.JPG","127.1","Could not parse NFT number from filename"
"XCAETJ8T__Diapositiva428.JPG","E:\Zotero-organized-export\JPG-JPEG\Light Cult NFTs\XCAETJ8T__Diapositiva428.JPG","60.1","Could not parse NFT number from filename"
"XCIWZUX5__Diapositiva527.JPG","E:\Zotero-organized-export\JPG-JPEG\Light Cult NFTs\XCIWZUX5__Diapositiva527.JPG","148.5","Could not parse NFT number from filename"
"XCM6DRUF__Diapositiva761.JPG","E:\Zotero-organized-export\JPG-JPEG\Light Cult NFTs\XCM6DRUF__Diapositiva761.JPG","205.4","Could not parse NFT number from filename"
"XCRFLZDW__Diapositiva868.JPG","E:\Zotero-organized-export\JPG-JPEG\Light Cult NFTs\XCRFLZDW__Diapositiva868.JPG","105.8","Could not parse NFT number from filename"
"XD3RIZRL__Diapositiva85.JPG","E:\Zotero-organized-export\JPG-JPEG\Light Cult NFTs\XD3RIZRL__Diapositiva85.JPG","47.2","Could not parse NFT number from filename"
"XD4YBWWZ__Diapositiva746.JPG","E:\Zotero-organized-export\JPG-JPEG\Light Cult NFTs\XD4YBWWZ__Diapositiva746.JPG","104.4","Could not parse NFT number from filename"
"XD6BHHSD__Diapositiva326.JPG","E:\Zotero-organized-export\JPG-JPEG\Light Cult NFTs\XD6BHHSD__Diapositiva326.JPG","152.2","Could not parse NFT number from filename"
"XD9MBIGM__Diapositiva252.JPG","E:\Zotero-organized-export\JPG-JPEG\Light Cult NFTs\XD9MBIGM__Diapositiva252.JPG","74.7","Could not parse NFT number from filename"
"XDIK3HPN__Diapositiva167.JPG","E:\Zotero-organized-export\JPG-JPEG\Light Cult NFTs\XDIK3HPN__Diapositiva167.JPG","83.2","Could not parse NFT number from filename"
"XFAF666G__Diapositiva982.JPG","E:\Zotero-organized-export\JPG-JPEG\Light Cult NFTs\XFAF666G__Diapositiva982.JPG","69.8","Could not parse NFT number from filename"
"XFDD35Q8__Diapositiva18.JPG","E:\Zotero-organized-export\JPG-JPEG\Light Cult NFTs\XFDD35Q8__Diapositiva18.JPG","52.1","Could not parse NFT number from filename"
"XFNW7BGU__Diapositiva629.JPG","E:\Zotero-organized-export\JPG-JPEG\Light Cult NFTs\XFNW7BGU__Diapositiva629.JPG","114.9","Could not parse NFT number from filename"
"XFTEJPC3__Diapositiva10.JPG","E:\Zotero-organized-export\JPG-JPEG\Light Cult NFTs\XFTEJPC3__Diapositiva10.JPG","79","Could not parse NFT number from filename"
"XG3BJ7H5__Diapositiva169.JPG","E:\Zotero-organized-export\JPG-JPEG\Light Cult NFTs\XG3BJ7H5__Diapositiva169.JPG","128.3","Could not parse NFT number from filename"
"XGKZI6TD__Diapositiva721.JPG","E:\Zotero-organized-export\JPG-JPEG\Light Cult NFTs\XGKZI6TD__Diapositiva721.JPG","97.9","Could not parse NFT number from filename"
"XGNCGSEG__Diapositiva576.JPG","E:\Zotero-organized-export\JPG-JPEG\Light Cult NFTs\XGNCGSEG__Diapositiva576.JPG","54.9","Could not parse NFT number from filename"
"XH3NJYN7__Diapositiva99.JPG","E:\Zotero-organized-export\JPG-JPEG\Light Cult NFTs\XH3NJYN7__Diapositiva99.JPG","60.5","Could not parse NFT number from filename"
"XH4LDXNW__Diapositiva268.JPG","E:\Zotero-organized-export\JPG-JPEG\Light Cult NFTs\XH4LDXNW__Diapositiva268.JPG","124.8","Could not parse NFT number from filename"
"XH59JB36__Diapositiva808.JPG","E:\Zotero-organized-export\JPG-JPEG\Light Cult NFTs\XH59JB36__Diapositiva808.JPG","140.4","Could not parse NFT number from filename"
"XI8HLJHT__Diapositiva171.JPG","E:\Zotero-organized-export\JPG-JPEG\Light Cult NFTs\XI8HLJHT__Diapositiva171.JPG","94.9","Could not parse NFT number from filename"
"XJPZPCVQ__Diapositiva520.JPG","E:\Zotero-organized-export\JPG-JPEG\Light Cult NFTs\XJPZPCVQ__Diapositiva520.JPG","74.5","Could not parse NFT number from filename"
"XJQGXPHP__Diapositiva460.JPG","E:\Zotero-organized-export\JPG-JPEG\Light Cult NFTs\XJQGXPHP__Diapositiva460.JPG","143.3","Could not parse NFT number from filename"
"XKPSZ6YZ__Diapositiva398.JPG","E:\Zotero-organized-export\JPG-JPEG\Light Cult NFTs\XKPSZ6YZ__Diapositiva398.JPG","61","Could not parse NFT number from filename"
"XKSYGH9S__Diapositiva567.JPG","E:\Zotero-organized-export\JPG-JPEG\Light Cult NFTs\XKSYGH9S__Diapositiva567.JPG","78.3","Could not parse NFT number from filename"
"XLIY6HCY__Diapositiva132.JPG","E:\Zotero-organized-export\JPG-JPEG\Light Cult NFTs\XLIY6HCY__Diapositiva132.JPG","71","Could not parse NFT number from filename"
"XM5C3W8E__Diapositiva985.JPG","E:\Zotero-organized-export\JPG-JPEG\Light Cult NFTs\XM5C3W8E__Diapositiva985.JPG","92.7","Could not parse NFT number from filename"
"XM8ZZK6L__Diapositiva221.JPG","E:\Zotero-organized-export\JPG-JPEG\Light Cult NFTs\XM8ZZK6L__Diapositiva221.JPG","111.1","Could not parse NFT number from filename"
"XMXA9RQI__Diapositiva853.JPG","E:\Zotero-organized-export\JPG-JPEG\Light Cult NFTs\XMXA9RQI__Diapositiva853.JPG","132.6","Could not parse NFT number from filename"
"XNXTNWJN__Diapositiva384.JPG","E:\Zotero-organized-export\JPG-JPEG\Light Cult NFTs\XNXTNWJN__Diapositiva384.JPG","124.5","Could not parse NFT number from filename"
"XPD2FVFE__Diapositiva103.JPG","E:\Zotero-organized-export\JPG-JPEG\Light Cult NFTs\XPD2FVFE__Diapositiva103.JPG","132","Could not parse NFT number from filename"
"XQ2D88MV__Diapositiva407.JPG","E:\Zotero-organized-export\JPG-JPEG\Light Cult NFTs\XQ2D88MV__Diapositiva407.JPG","68.6","Could not parse NFT number from filename"
"XR8KBN9I__Diapositiva790.JPG","E:\Zotero-organized-export\JPG-JPEG\Light Cult NFTs\XR8KBN9I__Diapositiva790.JPG","88.7","Could not parse NFT number from filename"
"XRHHMIGS__Diapositiva650.JPG","E:\Zotero-organized-export\JPG-JPEG\Light Cult NFTs\XRHHMIGS__Diapositiva650.JPG","58.6","Could not parse NFT number from filename"
"XRPYX3SA__Diapositiva631.JPG","E:\Zotero-organized-export\JPG-JPEG\Light Cult NFTs\XRPYX3SA__Diapositiva631.JPG","69.6","Could not parse NFT number from filename"
"XS3TP775__Diapositiva41.JPG","E:\Zotero-organized-export\JPG-JPEG\Light Cult NFTs\XS3TP775__Diapositiva41.JPG","151.8","Could not parse NFT number from filename"
"XS8RZJUB__Diapositiva539.JPG","E:\Zotero-organized-export\JPG-JPEG\Light Cult NFTs\XS8RZJUB__Diapositiva539.JPG","45.6","Could not parse NFT number from filename"
"XSA6TRBE__Diapositiva574.JPG","E:\Zotero-organized-export\JPG-JPEG\Light Cult NFTs\XSA6TRBE__Diapositiva574.JPG","64.3","Could not parse NFT number from filename"
"XSC6P4S2__Diapositiva832.JPG","E:\Zotero-organized-export\JPG-JPEG\Light Cult NFTs\XSC6P4S2__Diapositiva832.JPG","136.2","Could not parse NFT number from filename"
"XSMS49KU__Diapositiva958.JPG","E:\Zotero-organized-export\JPG-JPEG\Light Cult NFTs\XSMS49KU__Diapositiva958.JPG","212.2","Could not parse NFT number from filename"
"XTCLKNGR__Diapositiva81.JPG","E:\Zotero-organized-export\JPG-JPEG\Light Cult NFTs\XTCLKNGR__Diapositiva81.JPG","61.3","Could not parse NFT number from filename"
"XTIV6GGQ__Diapositiva120.JPG","E:\Zotero-organized-export\JPG-JPEG\Light Cult NFTs\XTIV6GGQ__Diapositiva120.JPG","125.8","Could not parse NFT number from filename"
"XUEEWP6D__Diapositiva632.JPG","E:\Zotero-organized-export\JPG-JPEG\Light Cult NFTs\XUEEWP6D__Diapositiva632.JPG","122.7","Could not parse NFT number from filename"
"XURRL3YB__Diapositiva412.JPG","E:\Zotero-organized-export\JPG-JPEG\Light Cult NFTs\XURRL3YB__Diapositiva412.JPG","42.7","Could not parse NFT number from filename"
"XV2P3DMY__Diapositiva550.JPG","E:\Zotero-organized-export\JPG-JPEG\Light Cult NFTs\XV2P3DMY__Diapositiva550.JPG","75.8","Could not parse NFT number from filename"
"XWC4Q24B__Diapositiva590.JPG","E:\Zotero-organized-export\JPG-JPEG\Light Cult NFTs\XWC4Q24B__Diapositiva590.JPG","78.4","Could not parse NFT number from filename"
"XWCWVSYX__Diapositiva223.JPG","E:\Zotero-organized-export\JPG-JPEG\Light Cult NFTs\XWCWVSYX__Diapositiva223.JPG","57.5","Could not parse NFT number from filename"
"XWKXQU6M__Diapositiva393.JPG","E:\Zotero-organized-export\JPG-JPEG\Light Cult NFTs\XWKXQU6M__Diapositiva393.JPG","121","Could not parse NFT number from filename"
"XX8JDWD8__Diapositiva646.JPG","E:\Zotero-organized-export\JPG-JPEG\Light Cult NFTs\XX8JDWD8__Diapositiva646.JPG","109.6","Could not parse NFT number from filename"
"XXXCXV3A__Diapositiva871.JPG","E:\Zotero-organized-export\JPG-JPEG\Light Cult NFTs\XXXCXV3A__Diapositiva871.JPG","72.1","Could not parse NFT number from filename"
"XYC9BMNC__Diapositiva767.JPG","E:\Zotero-organized-export\JPG-JPEG\Light Cult NFTs\XYC9BMNC__Diapositiva767.JPG","100.8","Could not parse NFT number from filename"
"XYECCMBN__Diapositiva76.JPG","E:\Zotero-organized-export\JPG-JPEG\Light Cult NFTs\XYECCMBN__Diapositiva76.JPG","98.7","Could not parse NFT number from filename"
"XYJBEAIW__Diapositiva270.JPG","E:\Zotero-organized-export\JPG-JPEG\Light Cult NFTs\XYJBEAIW__Diapositiva270.JPG","121.7","Could not parse NFT number from filename"
"Y2JQKF7F__Diapositiva296.JPG","E:\Zotero-organized-export\JPG-JPEG\Light Cult NFTs\Y2JQKF7F__Diapositiva296.JPG","65","Could not parse NFT number from filename"
"Y3IAKM9Z__Diapositiva32.JPG","E:\Zotero-organized-export\JPG-JPEG\Light Cult NFTs\Y3IAKM9Z__Diapositiva32.JPG","140.6","Could not parse NFT number from filename"
"Y3MU25PH__Diapositiva803.JPG","E:\Zotero-organized-export\JPG-JPEG\Light Cult NFTs\Y3MU25PH__Diapositiva803.JPG","77.8","Could not parse NFT number from filename"
"Y3T2PJLX__Diapositiva516.JPG","E:\Zotero-organized-export\JPG-JPEG\Light Cult NFTs\Y3T2PJLX__Diapositiva516.JPG","65.3","Could not parse NFT number from filename"
"Y3Z64GYD__Diapositiva142.JPG","E:\Zotero-organized-export\JPG-JPEG\Light Cult NFTs\Y3Z64GYD__Diapositiva142.JPG","75.8","Could not parse NFT number from filename"
"Y45S4MGR__Diapositiva291.JPG","E:\Zotero-organized-export\JPG-JPEG\Light Cult NFTs\Y45S4MGR__Diapositiva291.JPG","120.9","Could not parse NFT number from filename"
"Y4V2BQHX__Diapositiva387.JPG","E:\Zotero-organized-export\JPG-JPEG\Light Cult NFTs\Y4V2BQHX__Diapositiva387.JPG","146.7","Could not parse NFT number from filename"
"Y56ISM8U__Diapositiva142.JPG","E:\Zotero-organized-export\JPG-JPEG\Light Cult NFTs\Y56ISM8U__Diapositiva142.JPG","60","Could not parse NFT number from filename"
"Y5TKUDGT__Diapositiva622.JPG","E:\Zotero-organized-export\JPG-JPEG\Light Cult NFTs\Y5TKUDGT__Diapositiva622.JPG","155.7","Could not parse NFT number from filename"
"Y69YAAPL__Diapositiva225.JPG","E:\Zotero-organized-export\JPG-JPEG\Light Cult NFTs\Y69YAAPL__Diapositiva225.JPG","161.4","Could not parse NFT number from filename"
"Y6J3ZS7P__Diapositiva598.JPG","E:\Zotero-organized-export\JPG-JPEG\Light Cult NFTs\Y6J3ZS7P__Diapositiva598.JPG","110","Could not parse NFT number from filename"
"Y6L8HY6E__Diapositiva589.JPG","E:\Zotero-organized-export\JPG-JPEG\Light Cult NFTs\Y6L8HY6E__Diapositiva589.JPG","57.2","Could not parse NFT number from filename"
"Y8GLLMD2__Diapositiva591.JPG","E:\Zotero-organized-export\JPG-JPEG\Light Cult NFTs\Y8GLLMD2__Diapositiva591.JPG","41.3","Could not parse NFT number from filename"
"Y9CRXUF3__Diapositiva2.JPG","E:\Zotero-organized-export\JPG-JPEG\Light Cult NFTs\Y9CRXUF3__Diapositiva2.JPG","81.5","Could not parse NFT number from filename"
"Y9JHMQLW__Diapositiva438.JPG","E:\Zotero-organized-export\JPG-JPEG\Light Cult NFTs\Y9JHMQLW__Diapositiva438.JPG","82.9","Could not parse NFT number from filename"
"Y9WVMDJX__Diapositiva766.JPG","E:\Zotero-organized-export\JPG-JPEG\Light Cult NFTs\Y9WVMDJX__Diapositiva766.JPG","87.4","Could not parse NFT number from filename"
"Y9XI4Z9G__Diapositiva906.JPG","E:\Zotero-organized-export\JPG-JPEG\Light Cult NFTs\Y9XI4Z9G__Diapositiva906.JPG","41.2","Could not parse NFT number from filename"
"YA6QDQDV__Diapositiva141.JPG","E:\Zotero-organized-export\JPG-JPEG\Light Cult NFTs\YA6QDQDV__Diapositiva141.JPG","110.2","Could not parse NFT number from filename"
"YB728JTA__Diapositiva457.JPG","E:\Zotero-organized-export\JPG-JPEG\Light Cult NFTs\YB728JTA__Diapositiva457.JPG","121.2","Could not parse NFT number from filename"
"YB76UUQ7__Diapositiva286.JPG","E:\Zotero-organized-export\JPG-JPEG\Light Cult NFTs\YB76UUQ7__Diapositiva286.JPG","45.4","Could not parse NFT number from filename"
"YBJGDWVH__Diapositiva145.JPG","E:\Zotero-organized-export\JPG-JPEG\Light Cult NFTs\YBJGDWVH__Diapositiva145.JPG","67.1","Could not parse NFT number from filename"
"YC8CSYJQ__Diapositiva27.JPG","E:\Zotero-organized-export\JPG-JPEG\Light Cult NFTs\YC8CSYJQ__Diapositiva27.JPG","137.2","Could not parse NFT number from filename"
"YC8NXA3K__Diapositiva917.JPG","E:\Zotero-organized-export\JPG-JPEG\Light Cult NFTs\YC8NXA3K__Diapositiva917.JPG","120.3","Could not parse NFT number from filename"
"YCFUVP5B__Diapositiva770.JPG","E:\Zotero-organized-export\JPG-JPEG\Light Cult NFTs\YCFUVP5B__Diapositiva770.JPG","64.8","Could not parse NFT number from filename"
"YCPTTLJQ__Diapositiva285.JPG","E:\Zotero-organized-export\JPG-JPEG\Light Cult NFTs\YCPTTLJQ__Diapositiva285.JPG","36.6","Could not parse NFT number from filename"
"YD98PV8S__Diapositiva782.JPG","E:\Zotero-organized-export\JPG-JPEG\Light Cult NFTs\YD98PV8S__Diapositiva782.JPG","69.3","Could not parse NFT number from filename"
"YE5WDBUL__Diapositiva568.JPG","E:\Zotero-organized-export\JPG-JPEG\Light Cult NFTs\YE5WDBUL__Diapositiva568.JPG","150.9","Could not parse NFT number from filename"
"YEIFDUAL__Diapositiva22.JPG","E:\Zotero-organized-export\JPG-JPEG\Light Cult NFTs\YEIFDUAL__Diapositiva22.JPG","61.9","Could not parse NFT number from filename"
"YERGS8GT__Diapositiva715.JPG","E:\Zotero-organized-export\JPG-JPEG\Light Cult NFTs\YERGS8GT__Diapositiva715.JPG","161.9","Could not parse NFT number from filename"
"YETM6MZY__Diapositiva175.JPG","E:\Zotero-organized-export\JPG-JPEG\Light Cult NFTs\YETM6MZY__Diapositiva175.JPG","75.4","Could not parse NFT number from filename"
"YF8KU3SC__Diapositiva773.JPG","E:\Zotero-organized-export\JPG-JPEG\Light Cult NFTs\YF8KU3SC__Diapositiva773.JPG","38.5","Could not parse NFT number from filename"
"YFHJ8JTT__Diapositiva222.JPG","E:\Zotero-organized-export\JPG-JPEG\Light Cult NFTs\YFHJ8JTT__Diapositiva222.JPG","144.4","Could not parse NFT number from filename"
"YFIDITLB__Diapositiva997.JPG","E:\Zotero-organized-export\JPG-JPEG\Light Cult NFTs\YFIDITLB__Diapositiva997.JPG","78.7","Could not parse NFT number from filename"
"YFN8EN4H__Diapositiva34.JPG","E:\Zotero-organized-export\JPG-JPEG\Light Cult NFTs\YFN8EN4H__Diapositiva34.JPG","76.2","Could not parse NFT number from filename"
"YFNIX8XP__Diapositiva561.JPG","E:\Zotero-organized-export\JPG-JPEG\Light Cult NFTs\YFNIX8XP__Diapositiva561.JPG","48.7","Could not parse NFT number from filename"
"YFTL2U9S__Diapositiva343.JPG","E:\Zotero-organized-export\JPG-JPEG\Light Cult NFTs\YFTL2U9S__Diapositiva343.JPG","65.6","Could not parse NFT number from filename"
"YGANYGBS__Diapositiva613.JPG","E:\Zotero-organized-export\JPG-JPEG\Light Cult NFTs\YGANYGBS__Diapositiva613.JPG","36.3","Could not parse NFT number from filename"
"YGJ4WCI5__Diapositiva864.JPG","E:\Zotero-organized-export\JPG-JPEG\Light Cult NFTs\YGJ4WCI5__Diapositiva864.JPG","124","Could not parse NFT number from filename"
"YGL6RU5T__Diapositiva488.JPG","E:\Zotero-organized-export\JPG-JPEG\Light Cult NFTs\YGL6RU5T__Diapositiva488.JPG","56.7","Could not parse NFT number from filename"
"YGVEARJZ__Diapositiva417.JPG","E:\Zotero-organized-export\JPG-JPEG\Light Cult NFTs\YGVEARJZ__Diapositiva417.JPG","74.6","Could not parse NFT number from filename"
"YHBYBDTA__Diapositiva778.JPG","E:\Zotero-organized-export\JPG-JPEG\Light Cult NFTs\YHBYBDTA__Diapositiva778.JPG","153.8","Could not parse NFT number from filename"
"YIA5BLCC__Diapositiva926.JPG","E:\Zotero-organized-export\JPG-JPEG\Light Cult NFTs\YIA5BLCC__Diapositiva926.JPG","61.2","Could not parse NFT number from filename"
"YIMYHIWF__Diapositiva945.JPG","E:\Zotero-organized-export\JPG-JPEG\Light Cult NFTs\YIMYHIWF__Diapositiva945.JPG","68.5","Could not parse NFT number from filename"
"YIYDM3QX__Diapositiva349.JPG","E:\Zotero-organized-export\JPG-JPEG\Light Cult NFTs\YIYDM3QX__Diapositiva349.JPG","103.8","Could not parse NFT number from filename"
"YJRP9WVL__Diapositiva121.JPG","E:\Zotero-organized-export\JPG-JPEG\Light Cult NFTs\YJRP9WVL__Diapositiva121.JPG","43.7","Could not parse NFT number from filename"
"YJS4HYB5__Diapositiva165.JPG","E:\Zotero-organized-export\JPG-JPEG\Light Cult NFTs\YJS4HYB5__Diapositiva165.JPG","101.7","Could not parse NFT number from filename"
"YJS8QXKK__Diapositiva788.JPG","E:\Zotero-organized-export\JPG-JPEG\Light Cult NFTs\YJS8QXKK__Diapositiva788.JPG","81.7","Could not parse NFT number from filename"
"YK27CB5T__Diapositiva994.JPG","E:\Zotero-organized-export\JPG-JPEG\Light Cult NFTs\YK27CB5T__Diapositiva994.JPG","30.7","Could not parse NFT number from filename"
"YKB8CR57__Diapositiva480.JPG","E:\Zotero-organized-export\JPG-JPEG\Light Cult NFTs\YKB8CR57__Diapositiva480.JPG","81.7","Could not parse NFT number from filename"
"YKVIPFZ4__Diapositiva477.JPG","E:\Zotero-organized-export\JPG-JPEG\Light Cult NFTs\YKVIPFZ4__Diapositiva477.JPG","112.5","Could not parse NFT number from filename"
"YLEAX29W__Diapositiva114.JPG","E:\Zotero-organized-export\JPG-JPEG\Light Cult NFTs\YLEAX29W__Diapositiva114.JPG","128.1","Could not parse NFT number from filename"
"YM2R72X5__Diapositiva828.JPG","E:\Zotero-organized-export\JPG-JPEG\Light Cult NFTs\YM2R72X5__Diapositiva828.JPG","78.6","Could not parse NFT number from filename"
"YMFKI52P__Diapositiva332.JPG","E:\Zotero-organized-export\JPG-JPEG\Light Cult NFTs\YMFKI52P__Diapositiva332.JPG","135.3","Could not parse NFT number from filename"
"YMMKMPZ2__Diapositiva22.JPG","E:\Zotero-organized-export\JPG-JPEG\Light Cult NFTs\YMMKMPZ2__Diapositiva22.JPG","51","Could not parse NFT number from filename"
"YPEPM8PD__Diapositiva872.JPG","E:\Zotero-organized-export\JPG-JPEG\Light Cult NFTs\YPEPM8PD__Diapositiva872.JPG","143.9","Could not parse NFT number from filename"
"YPGHZQ3T__Diapositiva221.JPG","E:\Zotero-organized-export\JPG-JPEG\Light Cult NFTs\YPGHZQ3T__Diapositiva221.JPG","71.6","Could not parse NFT number from filename"
"YPVMEBBC__Diapositiva307.JPG","E:\Zotero-organized-export\JPG-JPEG\Light Cult NFTs\YPVMEBBC__Diapositiva307.JPG","88.8","Could not parse NFT number from filename"
"YPZKHDRD__Diapositiva476.JPG","E:\Zotero-organized-export\JPG-JPEG\Light Cult NFTs\YPZKHDRD__Diapositiva476.JPG","150.2","Could not parse NFT number from filename"
"YQFGI7TZ__Diapositiva499.JPG","E:\Zotero-organized-export\JPG-JPEG\Light Cult NFTs\YQFGI7TZ__Diapositiva499.JPG","80.5","Could not parse NFT number from filename"
"YQUY2JUB__Diapositiva30.JPG","E:\Zotero-organized-export\JPG-JPEG\Light Cult NFTs\YQUY2JUB__Diapositiva30.JPG","69.1","Could not parse NFT number from filename"
"YRHX4F3W__Diapositiva231.JPG","E:\Zotero-organized-export\JPG-JPEG\Light Cult NFTs\YRHX4F3W__Diapositiva231.JPG","115.4","Could not parse NFT number from filename"
"YRLXAEVJ__Diapositiva549.JPG","E:\Zotero-organized-export\JPG-JPEG\Light Cult NFTs\YRLXAEVJ__Diapositiva549.JPG","56.3","Could not parse NFT number from filename"
"YRN4GZS7__Diapositiva438.JPG","E:\Zotero-organized-export\JPG-JPEG\Light Cult NFTs\YRN4GZS7__Diapositiva438.JPG","68.3","Could not parse NFT number from filename"
"YRR6EISA__Diapositiva82.JPG","E:\Zotero-organized-export\JPG-JPEG\Light Cult NFTs\YRR6EISA__Diapositiva82.JPG","118","Could not parse NFT number from filename"
"YS872HI2__Diapositiva898.JPG","E:\Zotero-organized-export\JPG-JPEG\Light Cult NFTs\YS872HI2__Diapositiva898.JPG","136.1","Could not parse NFT number from filename"
"YSMPJ3SR__Diapositiva395.JPG","E:\Zotero-organized-export\JPG-JPEG\Light Cult NFTs\YSMPJ3SR__Diapositiva395.JPG","50.3","Could not parse NFT number from filename"
"YT6Y2K76__Diapositiva732.JPG","E:\Zotero-organized-export\JPG-JPEG\Light Cult NFTs\YT6Y2K76__Diapositiva732.JPG","71.7","Could not parse NFT number from filename"
"YTAIA54Z__Diapositiva118.JPG","E:\Zotero-organized-export\JPG-JPEG\Light Cult NFTs\YTAIA54Z__Diapositiva118.JPG","137.6","Could not parse NFT number from filename"
"YTDL7FWI__Diapositiva627.JPG","E:\Zotero-organized-export\JPG-JPEG\Light Cult NFTs\YTDL7FWI__Diapositiva627.JPG","84.9","Could not parse NFT number from filename"
"YUQWGFBX__Diapositiva497.JPG","E:\Zotero-organized-export\JPG-JPEG\Light Cult NFTs\YUQWGFBX__Diapositiva497.JPG","44.1","Could not parse NFT number from filename"
"YUX92DG2__Diapositiva990.JPG","E:\Zotero-organized-export\JPG-JPEG\Light Cult NFTs\YUX92DG2__Diapositiva990.JPG","107.3","Could not parse NFT number from filename"
"YUYWJ9SU__Diapositiva303.JPG","E:\Zotero-organized-export\JPG-JPEG\Light Cult NFTs\YUYWJ9SU__Diapositiva303.JPG","128.8","Could not parse NFT number from filename"
"YWSEG36E__Diapositiva676.JPG","E:\Zotero-organized-export\JPG-JPEG\Light Cult NFTs\YWSEG36E__Diapositiva676.JPG","68.1","Could not parse NFT number from filename"
"YWTLE2RU__Diapositiva935.JPG","E:\Zotero-organized-export\JPG-JPEG\Light Cult NFTs\YWTLE2RU__Diapositiva935.JPG","61.3","Could not parse NFT number from filename"
"YWUGZMHV__Diapositiva567.JPG","E:\Zotero-organized-export\JPG-JPEG\Light Cult NFTs\YWUGZMHV__Diapositiva567.JPG","81.9","Could not parse NFT number from filename"
"YWZL6UPW__Diapositiva55.JPG","E:\Zotero-organized-export\JPG-JPEG\Light Cult NFTs\YWZL6UPW__Diapositiva55.JPG","56.1","Could not parse NFT number from filename"
"YX5JPHT5__Diapositiva236.JPG","E:\Zotero-organized-export\JPG-JPEG\Light Cult NFTs\YX5JPHT5__Diapositiva236.JPG","65.9","Could not parse NFT number from filename"
"YXF347IH__Diapositiva996.JPG","E:\Zotero-organized-export\JPG-JPEG\Light Cult NFTs\YXF347IH__Diapositiva996.JPG","64.2","Could not parse NFT number from filename"
"YXPCBD8J__Diapositiva607.JPG","E:\Zotero-organized-export\JPG-JPEG\Light Cult NFTs\YXPCBD8J__Diapositiva607.JPG","53.3","Could not parse NFT number from filename"
"YXS5XMT4__Diapositiva200.JPG","E:\Zotero-organized-export\JPG-JPEG\Light Cult NFTs\YXS5XMT4__Diapositiva200.JPG","134.4","Could not parse NFT number from filename"
"YXZZW7KH__Diapositiva794.JPG","E:\Zotero-organized-export\JPG-JPEG\Light Cult NFTs\YXZZW7KH__Diapositiva794.JPG","80.6","Could not parse NFT number from filename"
"YY8MUFTK__Diapositiva11.JPG","E:\Zotero-organized-export\JPG-JPEG\Light Cult NFTs\YY8MUFTK__Diapositiva11.JPG","187.5","Could not parse NFT number from filename"
"YYB6ZJQ8__Diapositiva64.JPG","E:\Zotero-organized-export\JPG-JPEG\Light Cult NFTs\YYB6ZJQ8__Diapositiva64.JPG","116.7","Could not parse NFT number from filename"
"YYICWRGZ__Diapositiva13.JPG","E:\Zotero-organized-export\JPG-JPEG\Light Cult NFTs\YYICWRGZ__Diapositiva13.JPG","64.3","Could not parse NFT number from filename"
"YYJ7QQPH__Diapositiva424.JPG","E:\Zotero-organized-export\JPG-JPEG\Light Cult NFTs\YYJ7QQPH__Diapositiva424.JPG","59.5","Could not parse NFT number from filename"
"YYQPUYCZ__Diapositiva925.JPG","E:\Zotero-organized-export\JPG-JPEG\Light Cult NFTs\YYQPUYCZ__Diapositiva925.JPG","38.2","Could not parse NFT number from filename"
"YYR5XITA__Diapositiva18.JPG","E:\Zotero-organized-export\JPG-JPEG\Light Cult NFTs\YYR5XITA__Diapositiva18.JPG","168","Could not parse NFT number from filename"
"YZFA8UC7__Diapositiva475.JPG","E:\Zotero-organized-export\JPG-JPEG\Light Cult NFTs\YZFA8UC7__Diapositiva475.JPG","123.3","Could not parse NFT number from filename"
"YZHIVUNU__Diapositiva347.JPG","E:\Zotero-organized-export\JPG-JPEG\Light Cult NFTs\YZHIVUNU__Diapositiva347.JPG","143.5","Could not parse NFT number from filename"
"YZIUBWBG__Diapositiva49.JPG","E:\Zotero-organized-export\JPG-JPEG\Light Cult NFTs\YZIUBWBG__Diapositiva49.JPG","89.1","Could not parse NFT number from filename"
"Z24UZ3V7__Diapositiva737.JPG","E:\Zotero-organized-export\JPG-JPEG\Light Cult NFTs\Z24UZ3V7__Diapositiva737.JPG","69.7","Could not parse NFT number from filename"
"Z2D2ANIG__Diapositiva321.JPG","E:\Zotero-organized-export\JPG-JPEG\Light Cult NFTs\Z2D2ANIG__Diapositiva321.JPG","48.1","Could not parse NFT number from filename"
"Z39C2YQU__Diapositiva266.JPG","E:\Zotero-organized-export\JPG-JPEG\Light Cult NFTs\Z39C2YQU__Diapositiva266.JPG","149.7","Could not parse NFT number from filename"
"Z43SDCS7__Diapositiva319.JPG","E:\Zotero-organized-export\JPG-JPEG\Light Cult NFTs\Z43SDCS7__Diapositiva319.JPG","131.4","Could not parse NFT number from filename"
"Z4CUUJR7__Diapositiva929.JPG","E:\Zotero-organized-export\JPG-JPEG\Light Cult NFTs\Z4CUUJR7__Diapositiva929.JPG","55","Could not parse NFT number from filename"
"Z4DDG9DV__Diapositiva984.JPG","E:\Zotero-organized-export\JPG-JPEG\Light Cult NFTs\Z4DDG9DV__Diapositiva984.JPG","110.3","Could not parse NFT number from filename"
"Z4NX9EFN__Diapositiva222.JPG","E:\Zotero-organized-export\JPG-JPEG\Light Cult NFTs\Z4NX9EFN__Diapositiva222.JPG","128","Could not parse NFT number from filename"
"Z4Z329L5__Diapositiva978.JPG","E:\Zotero-organized-export\JPG-JPEG\Light Cult NFTs\Z4Z329L5__Diapositiva978.JPG","173.7","Could not parse NFT number from filename"
"Z4ZAEMIC__Diapositiva318.JPG","E:\Zotero-organized-export\JPG-JPEG\Light Cult NFTs\Z4ZAEMIC__Diapositiva318.JPG","76.7","Could not parse NFT number from filename"
"Z5IMD7A5__Diapositiva219.JPG","E:\Zotero-organized-export\JPG-JPEG\Light Cult NFTs\Z5IMD7A5__Diapositiva219.JPG","116.2","Could not parse NFT number from filename"
"Z5KICK56__Diapositiva955.JPG","E:\Zotero-organized-export\JPG-JPEG\Light Cult NFTs\Z5KICK56__Diapositiva955.JPG","71.2","Could not parse NFT number from filename"
"Z6JMV7W2__Diapositiva158.JPG","E:\Zotero-organized-export\JPG-JPEG\Light Cult NFTs\Z6JMV7W2__Diapositiva158.JPG","138.3","Could not parse NFT number from filename"
"Z6LAATLE__Diapositiva167.JPG","E:\Zotero-organized-export\JPG-JPEG\Light Cult NFTs\Z6LAATLE__Diapositiva167.JPG","142.7","Could not parse NFT number from filename"
"Z6Y6HNJV__Diapositiva96.JPG","E:\Zotero-organized-export\JPG-JPEG\Light Cult NFTs\Z6Y6HNJV__Diapositiva96.JPG","58.1","Could not parse NFT number from filename"
"Z88SJX7N__Diapositiva312.JPG","E:\Zotero-organized-export\JPG-JPEG\Light Cult NFTs\Z88SJX7N__Diapositiva312.JPG","53.2","Could not parse NFT number from filename"
"Z8AH84ZN__Diapositiva61.JPG","E:\Zotero-organized-export\JPG-JPEG\Light Cult NFTs\Z8AH84ZN__Diapositiva61.JPG","112.2","Could not parse NFT number from filename"
"Z8NWZCJH__Diapositiva131.JPG","E:\Zotero-organized-export\JPG-JPEG\Light Cult NFTs\Z8NWZCJH__Diapositiva131.JPG","56.3","Could not parse NFT number from filename"
"Z8PW62PT__Diapositiva44.JPG","E:\Zotero-organized-export\JPG-JPEG\Light Cult NFTs\Z8PW62PT__Diapositiva44.JPG","107.3","Could not parse NFT number from filename"
"Z8TPJVDK__Diapositiva409.JPG","E:\Zotero-organized-export\JPG-JPEG\Light Cult NFTs\Z8TPJVDK__Diapositiva409.JPG","54.3","Could not parse NFT number from filename"
"Z9AV7JXQ__Diapositiva434.JPG","E:\Zotero-organized-export\JPG-JPEG\Light Cult NFTs\Z9AV7JXQ__Diapositiva434.JPG","68.7","Could not parse NFT number from filename"
"Z9LAJYRZ__Diapositiva961.JPG","E:\Zotero-organized-export\JPG-JPEG\Light Cult NFTs\Z9LAJYRZ__Diapositiva961.JPG","71.4","Could not parse NFT number from filename"
"ZA5D5DUI__Diapositiva331.JPG","E:\Zotero-organized-export\JPG-JPEG\Light Cult NFTs\ZA5D5DUI__Diapositiva331.JPG","67.9","Could not parse NFT number from filename"
"ZBTEH94A__Diapositiva25.JPG","E:\Zotero-organized-export\JPG-JPEG\Light Cult NFTs\ZBTEH94A__Diapositiva25.JPG","82.8","Could not parse NFT number from filename"
"ZBVQG8RI__Diapositiva950.JPG","E:\Zotero-organized-export\JPG-JPEG\Light Cult NFTs\ZBVQG8RI__Diapositiva950.JPG","89.9","Could not parse NFT number from filename"
"ZD6CIZYI__Diapositiva205.JPG","E:\Zotero-organized-export\JPG-JPEG\Light Cult NFTs\ZD6CIZYI__Diapositiva205.JPG","60.2","Could not parse NFT number from filename"
"ZD8UH9TJ__Diapositiva831.JPG","E:\Zotero-organized-export\JPG-JPEG\Light Cult NFTs\ZD8UH9TJ__Diapositiva831.JPG","116.5","Could not parse NFT number from filename"
"ZDADU5BX__Diapositiva238.JPG","E:\Zotero-organized-export\JPG-JPEG\Light Cult NFTs\ZDADU5BX__Diapositiva238.JPG","74.8","Could not parse NFT number from filename"
"ZE2TV7KW__Diapositiva345.JPG","E:\Zotero-organized-export\JPG-JPEG\Light Cult NFTs\ZE2TV7KW__Diapositiva345.JPG","119.5","Could not parse NFT number from filename"
"ZE8LWQ7P__Diapositiva405.JPG","E:\Zotero-organized-export\JPG-JPEG\Light Cult NFTs\ZE8LWQ7P__Diapositiva405.JPG","114.9","Could not parse NFT number from filename"
"ZEH8BV76__Diapositiva944.JPG","E:\Zotero-organized-export\JPG-JPEG\Light Cult NFTs\ZEH8BV76__Diapositiva944.JPG","102.4","Could not parse NFT number from filename"
"ZFGQSK5T__Diapositiva118.JPG","E:\Zotero-organized-export\JPG-JPEG\Light Cult NFTs\ZFGQSK5T__Diapositiva118.JPG","71.5","Could not parse NFT number from filename"
"ZFHHAUW3__Diapositiva70.JPG","E:\Zotero-organized-export\JPG-JPEG\Light Cult NFTs\ZFHHAUW3__Diapositiva70.JPG","64.6","Could not parse NFT number from filename"
"ZG534GH9__Diapositiva389.JPG","E:\Zotero-organized-export\JPG-JPEG\Light Cult NFTs\ZG534GH9__Diapositiva389.JPG","125.9","Could not parse NFT number from filename"
"ZHCRIGE5__Diapositiva886.JPG","E:\Zotero-organized-export\JPG-JPEG\Light Cult NFTs\ZHCRIGE5__Diapositiva886.JPG","62.2","Could not parse NFT number from filename"
"ZHHPUYTV__Diapositiva390.JPG","E:\Zotero-organized-export\JPG-JPEG\Light Cult NFTs\ZHHPUYTV__Diapositiva390.JPG","59.6","Could not parse NFT number from filename"
"ZHZWKCH2__Diapositiva256.JPG","E:\Zotero-organized-export\JPG-JPEG\Light Cult NFTs\ZHZWKCH2__Diapositiva256.JPG","134.3","Could not parse NFT number from filename"
"ZI7A7YTT__Diapositiva875.JPG","E:\Zotero-organized-export\JPG-JPEG\Light Cult NFTs\ZI7A7YTT__Diapositiva875.JPG","130","Could not parse NFT number from filename"
"ZIMNL6YH__Diapositiva274.JPG","E:\Zotero-organized-export\JPG-JPEG\Light Cult NFTs\ZIMNL6YH__Diapositiva274.JPG","80","Could not parse NFT number from filename"
"ZK38C77N__Diapositiva446.JPG","E:\Zotero-organized-export\JPG-JPEG\Light Cult NFTs\ZK38C77N__Diapositiva446.JPG","106.5","Could not parse NFT number from filename"
"ZKBUC6YK__Diapositiva888.JPG","E:\Zotero-organized-export\JPG-JPEG\Light Cult NFTs\ZKBUC6YK__Diapositiva888.JPG","53.9","Could not parse NFT number from filename"
"ZL898TQ4__Diapositiva987.JPG","E:\Zotero-organized-export\JPG-JPEG\Light Cult NFTs\ZL898TQ4__Diapositiva987.JPG","132","Could not parse NFT number from filename"
"ZLH47U73__Diapositiva258.JPG","E:\Zotero-organized-export\JPG-JPEG\Light Cult NFTs\ZLH47U73__Diapositiva258.JPG","114.2","Could not parse NFT number from filename"
"ZLQJ4NEJ__Diapositiva858.JPG","E:\Zotero-organized-export\JPG-JPEG\Light Cult NFTs\ZLQJ4NEJ__Diapositiva858.JPG","165.5","Could not parse NFT number from filename"
"ZMYL8UF7__Diapositiva763.JPG","E:\Zotero-organized-export\JPG-JPEG\Light Cult NFTs\ZMYL8UF7__Diapositiva763.JPG","79.1","Could not parse NFT number from filename"
"ZMYPIMCC__Diapositiva272.JPG","E:\Zotero-organized-export\JPG-JPEG\Light Cult NFTs\ZMYPIMCC__Diapositiva272.JPG","30.5","Could not parse NFT number from filename"
"ZN7H586R__Diapositiva36.JPG","E:\Zotero-organized-export\JPG-JPEG\Light Cult NFTs\ZN7H586R__Diapositiva36.JPG","127.1","Could not parse NFT number from filename"
"ZNMMRNXJ__Diapositiva757.JPG","E:\Zotero-organized-export\JPG-JPEG\Light Cult NFTs\ZNMMRNXJ__Diapositiva757.JPG","69.6","Could not parse NFT number from filename"
"ZPWC2GLB__Diapositiva645.JPG","E:\Zotero-organized-export\JPG-JPEG\Light Cult NFTs\ZPWC2GLB__Diapositiva645.JPG","57.1","Could not parse NFT number from filename"
"ZQ4XHI8Z__Diapositiva924.JPG","E:\Zotero-organized-export\JPG-JPEG\Light Cult NFTs\ZQ4XHI8Z__Diapositiva924.JPG","128.8","Could not parse NFT number from filename"
"ZQ7DCVYA__Diapositiva102.JPG","E:\Zotero-organized-export\JPG-JPEG\Light Cult NFTs\ZQ7DCVYA__Diapositiva102.JPG","76","Could not parse NFT number from filename"
"ZQ7EG5MQ__Diapositiva402.JPG","E:\Zotero-organized-export\JPG-JPEG\Light Cult NFTs\ZQ7EG5MQ__Diapositiva402.JPG","111.6","Could not parse NFT number from filename"
"ZQ7HIZVJ__Diapositiva796.JPG","E:\Zotero-organized-export\JPG-JPEG\Light Cult NFTs\ZQ7HIZVJ__Diapositiva796.JPG","61.1","Could not parse NFT number from filename"
"ZQGV3V9E__Diapositiva516.JPG","E:\Zotero-organized-export\JPG-JPEG\Light Cult NFTs\ZQGV3V9E__Diapositiva516.JPG","62.5","Could not parse NFT number from filename"
"ZQQP5U3M__Diapositiva95.JPG","E:\Zotero-organized-export\JPG-JPEG\Light Cult NFTs\ZQQP5U3M__Diapositiva95.JPG","63.6","Could not parse NFT number from filename"
"ZR8HMHYI__Diapositiva261.JPG","E:\Zotero-organized-export\JPG-JPEG\Light Cult NFTs\ZR8HMHYI__Diapositiva261.JPG","51.5","Could not parse NFT number from filename"
"ZR9T53IZ__Diapositiva697.JPG","E:\Zotero-organized-export\JPG-JPEG\Light Cult NFTs\ZR9T53IZ__Diapositiva697.JPG","76.8","Could not parse NFT number from filename"
"ZRWLYGCW__Diapositiva87.JPG","E:\Zotero-organized-export\JPG-JPEG\Light Cult NFTs\ZRWLYGCW__Diapositiva87.JPG","99.4","Could not parse NFT number from filename"
"ZTHVTTD4__Diapositiva545.JPG","E:\Zotero-organized-export\JPG-JPEG\Light Cult NFTs\ZTHVTTD4__Diapositiva545.JPG","119.9","Could not parse NFT number from filename"
"ZTMFBRBU__Diapositiva334.JPG","E:\Zotero-organized-export\JPG-JPEG\Light Cult NFTs\ZTMFBRBU__Diapositiva334.JPG","169.5","Could not parse NFT number from filename"
"ZU3GVDZK__Diapositiva960.JPG","E:\Zotero-organized-export\JPG-JPEG\Light Cult NFTs\ZU3GVDZK__Diapositiva960.JPG","79.4","Could not parse NFT number from filename"
"ZUSPCG5S__Diapositiva526.JPG","E:\Zotero-organized-export\JPG-JPEG\Light Cult NFTs\ZUSPCG5S__Diapositiva526.JPG","69.4","Could not parse NFT number from filename"
"ZUYH98PS__Diapositiva814.JPG","E:\Zotero-organized-export\JPG-JPEG\Light Cult NFTs\ZUYH98PS__Diapositiva814.JPG","105.9","Could not parse NFT number from filename"
"ZV6QQR4K__Diapositiva451.JPG","E:\Zotero-organized-export\JPG-JPEG\Light Cult NFTs\ZV6QQR4K__Diapositiva451.JPG","125.4","Could not parse NFT number from filename"
"ZVHCX4UQ__Diapositiva902.JPG","E:\Zotero-organized-export\JPG-JPEG\Light Cult NFTs\ZVHCX4UQ__Diapositiva902.JPG","111.4","Could not parse NFT number from filename"
"ZVJP4E3X__Diapositiva350.JPG","E:\Zotero-organized-export\JPG-JPEG\Light Cult NFTs\ZVJP4E3X__Diapositiva350.JPG","75.8","Could not parse NFT number from filename"
"ZVY2IC5U__Diapositiva740.JPG","E:\Zotero-organized-export\JPG-JPEG\Light Cult NFTs\ZVY2IC5U__Diapositiva740.JPG","71.5","Could not parse NFT number from filename"
"ZW3SYV2R__Diapositiva379.JPG","E:\Zotero-organized-export\JPG-JPEG\Light Cult NFTs\ZW3SYV2R__Diapositiva379.JPG","128.7","Could not parse NFT number from filename"
"ZWHSWMF7__Diapositiva774.JPG","E:\Zotero-organized-export\JPG-JPEG\Light Cult NFTs\ZWHSWMF7__Diapositiva774.JPG","138.9","Could not parse NFT number from filename"
"ZWRDDYZR__Diapositiva599.JPG","E:\Zotero-organized-export\JPG-JPEG\Light Cult NFTs\ZWRDDYZR__Diapositiva599.JPG","78.2","Could not parse NFT number from filename"
"ZWWMRQ8U__Diapositiva216.JPG","E:\Zotero-organized-export\JPG-JPEG\Light Cult NFTs\ZWWMRQ8U__Diapositiva216.JPG","49.8","Could not parse NFT number from filename"
"ZWX8U3BQ__Diapositiva198.JPG","E:\Zotero-organized-export\JPG-JPEG\Light Cult NFTs\ZWX8U3BQ__Diapositiva198.JPG","49.4","Could not parse NFT number from filename"
"ZXVWTWUP__Diapositiva229.JPG","E:\Zotero-organized-export\JPG-JPEG\Light Cult NFTs\ZXVWTWUP__Diapositiva229.JPG","122.6","Could not parse NFT number from filename"
"ZY9JQRKR__Diapositiva105.JPG","E:\Zotero-organized-export\JPG-JPEG\Light Cult NFTs\ZY9JQRKR__Diapositiva105.JPG","42.3","Could not parse NFT number from filename"
"ZZMD4FFD__Diapositiva737.JPG","E:\Zotero-organized-export\JPG-JPEG\Light Cult NFTs\ZZMD4FFD__Diapositiva737.JPG","133.6","Could not parse NFT number from filename"
"ZZMYK96Y__Diapositiva470.JPG","E:\Zotero-organized-export\JPG-JPEG\Light Cult NFTs\ZZMYK96Y__Diapositiva470.JPG","71.1","Could not parse NFT number from filename"
"ZZNMP2EG__Diapositiva220.JPG","E:\Zotero-organized-export\JPG-JPEG\Light Cult NFTs\ZZNMP2EG__Diapositiva220.JPG","75.2","Could not parse NFT number from filename"
"ZZTP9YSQ__Diapositiva690.JPG","E:\Zotero-organized-export\JPG-JPEG\Light Cult NFTs\ZZTP9YSQ__Diapositiva690.JPG","162","Could not parse NFT number from filename"
