"NFTNumber","DuplicateCountForNumber","FileName","FullPath","SizeKB"
"1","3","4J2JN5CY__Diapositiva1.JPG","E:\Zotero-organized-export\JPG-JPEG\Light Cult NFTs\4J2JN5CY__Diapositiva1.JPG","124.9"
"1","3","KWESVDDU__Diapositiva1.JPG","E:\Zotero-organized-export\JPG-JPEG\Light Cult NFTs\KWESVDDU__Diapositiva1.JPG","84.3"
"1","3","TGYZRBSJ__Diapositiva1.JPG","E:\Zotero-organized-export\JPG-JPEG\Light Cult NFTs\TGYZRBSJ__Diapositiva1.JPG","71.6"
"2","3","RKK38PPT__Diapositiva2.JPG","E:\Zotero-organized-export\JPG-JPEG\Light Cult NFTs\RKK38PPT__Diapositiva2.JPG","138.8"
"2","3","VEHGFJ3I__Diapositiva2.JPG","E:\Zotero-organized-export\JPG-JPEG\Light Cult NFTs\VEHGFJ3I__Diapositiva2.JPG","127.8"
"2","3","Y9CRXUF3__Diapositiva2.JPG","E:\Zotero-organized-export\JPG-JPEG\Light Cult NFTs\Y9CRXUF3__Diapositiva2.JPG","81.5"
"3","3","5LB5JX43__Diapositiva3.JPG","E:\Zotero-organized-export\JPG-JPEG\Light Cult NFTs\5LB5JX43__Diapositiva3.JPG","81.9"
"3","3","9YRYIANB__Diapositiva3.JPG","E:\Zotero-organized-export\JPG-JPEG\Light Cult NFTs\9YRYIANB__Diapositiva3.JPG","53.1"
"3","3","WQCWBVE4__Diapositiva3.JPG","E:\Zotero-organized-export\JPG-JPEG\Light Cult NFTs\WQCWBVE4__Diapositiva3.JPG","120.6"
"4","3","3EU2J4GM__Diapositiva4.JPG","E:\Zotero-organized-export\JPG-JPEG\Light Cult NFTs\3EU2J4GM__Diapositiva4.JPG","152.4"
"4","3","562UD7W2__Diapositiva4.JPG","E:\Zotero-organized-export\JPG-JPEG\Light Cult NFTs\562UD7W2__Diapositiva4.JPG","53.6"
"4","3","A7VX6JLN__Diapositiva4.JPG","E:\Zotero-organized-export\JPG-JPEG\Light Cult NFTs\A7VX6JLN__Diapositiva4.JPG","54.9"
"5","3","FAHH7WZ9__Diapositiva5.JPG","E:\Zotero-organized-export\JPG-JPEG\Light Cult NFTs\FAHH7WZ9__Diapositiva5.JPG","132.9"
"5","3","Q5JBBLLL__Diapositiva5.JPG","E:\Zotero-organized-export\JPG-JPEG\Light Cult NFTs\Q5JBBLLL__Diapositiva5.JPG","123.3"
"5","3","QQM3NBSH__Diapositiva5.JPG","E:\Zotero-organized-export\JPG-JPEG\Light Cult NFTs\QQM3NBSH__Diapositiva5.JPG","52.6"
"6","3","7LRMWDVQ__Diapositiva6.JPG","E:\Zotero-organized-export\JPG-JPEG\Light Cult NFTs\7LRMWDVQ__Diapositiva6.JPG","138"
"6","3","J3SWDLTU__Diapositiva6.JPG","E:\Zotero-organized-export\JPG-JPEG\Light Cult NFTs\J3SWDLTU__Diapositiva6.JPG","67.8"
"6","3","LSAL2ACL__Diapositiva6.JPG","E:\Zotero-organized-export\JPG-JPEG\Light Cult NFTs\LSAL2ACL__Diapositiva6.JPG","117"
"7","2","9GPRV4SL__Diapositiva7.JPG","E:\Zotero-organized-export\JPG-JPEG\Light Cult NFTs\9GPRV4SL__Diapositiva7.JPG","125.3"
"7","2","C9EZ6BCF__Diapositiva7.JPG","E:\Zotero-organized-export\JPG-JPEG\Light Cult NFTs\C9EZ6BCF__Diapositiva7.JPG","80.8"
"8","3","3BX9PQKE__Diapositiva8.JPG","E:\Zotero-organized-export\JPG-JPEG\Light Cult NFTs\3BX9PQKE__Diapositiva8.JPG","119.4"
"8","3","3DJEDMD9__Diapositiva8.JPG","E:\Zotero-organized-export\JPG-JPEG\Light Cult NFTs\3DJEDMD9__Diapositiva8.JPG","126.2"
"8","3","5PELGWMW__Diapositiva8.JPG","E:\Zotero-organized-export\JPG-JPEG\Light Cult NFTs\5PELGWMW__Diapositiva8.JPG","132.5"
"9","3","GRS8RW53__Diapositiva9.JPG","E:\Zotero-organized-export\JPG-JPEG\Light Cult NFTs\GRS8RW53__Diapositiva9.JPG","43"
"9","3","GXCKXJUR__Diapositiva9.JPG","E:\Zotero-organized-export\JPG-JPEG\Light Cult NFTs\GXCKXJUR__Diapositiva9.JPG","116.1"
"9","3","T9VB3THB__Diapositiva9.JPG","E:\Zotero-organized-export\JPG-JPEG\Light Cult NFTs\T9VB3THB__Diapositiva9.JPG","69.6"
"10","3","UFNYRBDM__Diapositiva10.JPG","E:\Zotero-organized-export\JPG-JPEG\Light Cult NFTs\UFNYRBDM__Diapositiva10.JPG","127.6"
"10","3","VJQUVF5S__Diapositiva10.JPG","E:\Zotero-organized-export\JPG-JPEG\Light Cult NFTs\VJQUVF5S__Diapositiva10.JPG","73.4"
"10","3","XFTEJPC3__Diapositiva10.JPG","E:\Zotero-organized-export\JPG-JPEG\Light Cult NFTs\XFTEJPC3__Diapositiva10.JPG","79"
"11","3","84ASXFA2__Diapositiva11.JPG","E:\Zotero-organized-export\JPG-JPEG\Light Cult NFTs\84ASXFA2__Diapositiva11.JPG","131.2"
"11","3","U736786B__Diapositiva11.JPG","E:\Zotero-organized-export\JPG-JPEG\Light Cult NFTs\U736786B__Diapositiva11.JPG","87.2"
"11","3","YY8MUFTK__Diapositiva11.JPG","E:\Zotero-organized-export\JPG-JPEG\Light Cult NFTs\YY8MUFTK__Diapositiva11.JPG","187.5"
"12","2","HVAZLM4R__Diapositiva12.JPG","E:\Zotero-organized-export\JPG-JPEG\Light Cult NFTs\HVAZLM4R__Diapositiva12.JPG","102.7"
"12","2","L53QTKUA__Diapositiva12.JPG","E:\Zotero-organized-export\JPG-JPEG\Light Cult NFTs\L53QTKUA__Diapositiva12.JPG","74.3"
"13","3","BTVEG2Q8__Diapositiva13.JPG","E:\Zotero-organized-export\JPG-JPEG\Light Cult NFTs\BTVEG2Q8__Diapositiva13.JPG","69.1"
"13","3","RMDM6M7W__Diapositiva13.JPG","E:\Zotero-organized-export\JPG-JPEG\Light Cult NFTs\RMDM6M7W__Diapositiva13.JPG","92.9"
"13","3","YYICWRGZ__Diapositiva13.JPG","E:\Zotero-organized-export\JPG-JPEG\Light Cult NFTs\YYICWRGZ__Diapositiva13.JPG","64.3"
"14","2","J6D65PTX__Diapositiva14.JPG","E:\Zotero-organized-export\JPG-JPEG\Light Cult NFTs\J6D65PTX__Diapositiva14.JPG","36.2"
"14","2","PSTN83JC__Diapositiva14.JPG","E:\Zotero-organized-export\JPG-JPEG\Light Cult NFTs\PSTN83JC__Diapositiva14.JPG","47"
"15","3","47AXCZMG__Diapositiva15.JPG","E:\Zotero-organized-export\JPG-JPEG\Light Cult NFTs\47AXCZMG__Diapositiva15.JPG","72.6"
"15","3","QD2K5L2H__Diapositiva15.JPG","E:\Zotero-organized-export\JPG-JPEG\Light Cult NFTs\QD2K5L2H__Diapositiva15.JPG","121"
"15","3","UFBWXECT__Diapositiva15.JPG","E:\Zotero-organized-export\JPG-JPEG\Light Cult NFTs\UFBWXECT__Diapositiva15.JPG","51.5"
"16","3","HHI943UG__Diapositiva16.JPG","E:\Zotero-organized-export\JPG-JPEG\Light Cult NFTs\HHI943UG__Diapositiva16.JPG","48.2"
"16","3","L6H9PILK__Diapositiva16.JPG","E:\Zotero-organized-export\JPG-JPEG\Light Cult NFTs\L6H9PILK__Diapositiva16.JPG","105"
"16","3","Q6DABQ4Y__Diapositiva16.JPG","E:\Zotero-organized-export\JPG-JPEG\Light Cult NFTs\Q6DABQ4Y__Diapositiva16.JPG","61.2"
"17","2","5FQRLFVQ__Diapositiva17.JPG","E:\Zotero-organized-export\JPG-JPEG\Light Cult NFTs\5FQRLFVQ__Diapositiva17.JPG","133.5"
"17","2","T5QYUWKB__Diapositiva17.JPG","E:\Zotero-organized-export\JPG-JPEG\Light Cult NFTs\T5QYUWKB__Diapositiva17.JPG","144.6"
"18","3","T2IQXKYE__Diapositiva18.JPG","E:\Zotero-organized-export\JPG-JPEG\Light Cult NFTs\T2IQXKYE__Diapositiva18.JPG","85.4"
"18","3","XFDD35Q8__Diapositiva18.JPG","E:\Zotero-organized-export\JPG-JPEG\Light Cult NFTs\XFDD35Q8__Diapositiva18.JPG","52.1"
"18","3","YYR5XITA__Diapositiva18.JPG","E:\Zotero-organized-export\JPG-JPEG\Light Cult NFTs\YYR5XITA__Diapositiva18.JPG","168"
"19","3","9CJ3WVPS__Diapositiva19.JPG","E:\Zotero-organized-export\JPG-JPEG\Light Cult NFTs\9CJ3WVPS__Diapositiva19.JPG","79.9"
"19","3","MG6U8TNQ__Diapositiva19.JPG","E:\Zotero-organized-export\JPG-JPEG\Light Cult NFTs\MG6U8TNQ__Diapositiva19.JPG","73.2"
"19","3","UFV699EV__Diapositiva19.JPG","E:\Zotero-organized-export\JPG-JPEG\Light Cult NFTs\UFV699EV__Diapositiva19.JPG","187.1"
"20","2","4CT5K7L8__Diapositiva20.JPG","E:\Zotero-organized-export\JPG-JPEG\Light Cult NFTs\4CT5K7L8__Diapositiva20.JPG","53"
"20","2","93YK3YSG__Diapositiva20.JPG","E:\Zotero-organized-export\JPG-JPEG\Light Cult NFTs\93YK3YSG__Diapositiva20.JPG","156.4"
"21","3","65KWLQWS__Diapositiva21.JPG","E:\Zotero-organized-export\JPG-JPEG\Light Cult NFTs\65KWLQWS__Diapositiva21.JPG","61.2"
"21","3","AJZGK5RS__Diapositiva21.JPG","E:\Zotero-organized-export\JPG-JPEG\Light Cult NFTs\AJZGK5RS__Diapositiva21.JPG","134.5"
"21","3","T69MFDHB__Diapositiva21.JPG","E:\Zotero-organized-export\JPG-JPEG\Light Cult NFTs\T69MFDHB__Diapositiva21.JPG","53.8"
"22","3","VFQBK4SM__Diapositiva22.JPG","E:\Zotero-organized-export\JPG-JPEG\Light Cult NFTs\VFQBK4SM__Diapositiva22.JPG","129.8"
"22","3","YEIFDUAL__Diapositiva22.JPG","E:\Zotero-organized-export\JPG-JPEG\Light Cult NFTs\YEIFDUAL__Diapositiva22.JPG","61.9"
"22","3","YMMKMPZ2__Diapositiva22.JPG","E:\Zotero-organized-export\JPG-JPEG\Light Cult NFTs\YMMKMPZ2__Diapositiva22.JPG","51"
"23","3","4KTPJ4BI__Diapositiva23.JPG","E:\Zotero-organized-export\JPG-JPEG\Light Cult NFTs\4KTPJ4BI__Diapositiva23.JPG","125.2"
"23","3","AC8GD3ND__Diapositiva23.JPG","E:\Zotero-organized-export\JPG-JPEG\Light Cult NFTs\AC8GD3ND__Diapositiva23.JPG","128.1"
"23","3","RV4787UR__Diapositiva23.JPG","E:\Zotero-organized-export\JPG-JPEG\Light Cult NFTs\RV4787UR__Diapositiva23.JPG","116.5"
"24","3","3EBQLDQ8__Diapositiva24.JPG","E:\Zotero-organized-export\JPG-JPEG\Light Cult NFTs\3EBQLDQ8__Diapositiva24.JPG","156.4"
"24","3","5QWPW44U__Diapositiva24.JPG","E:\Zotero-organized-export\JPG-JPEG\Light Cult NFTs\5QWPW44U__Diapositiva24.JPG","95"
"24","3","QSZ7EIXU__Diapositiva24.JPG","E:\Zotero-organized-export\JPG-JPEG\Light Cult NFTs\QSZ7EIXU__Diapositiva24.JPG","48.8"
"25","3","I667HKN8__Diapositiva25.JPG","E:\Zotero-organized-export\JPG-JPEG\Light Cult NFTs\I667HKN8__Diapositiva25.JPG","131.6"
"25","3","QM2I4U8Z__Diapositiva25.JPG","E:\Zotero-organized-export\JPG-JPEG\Light Cult NFTs\QM2I4U8Z__Diapositiva25.JPG","62.4"
"25","3","ZBTEH94A__Diapositiva25.JPG","E:\Zotero-organized-export\JPG-JPEG\Light Cult NFTs\ZBTEH94A__Diapositiva25.JPG","82.8"
"26","3","DVZP5JX9__Diapositiva26.JPG","E:\Zotero-organized-export\JPG-JPEG\Light Cult NFTs\DVZP5JX9__Diapositiva26.JPG","42.9"
"26","3","TGCVZUSP__Diapositiva26.JPG","E:\Zotero-organized-export\JPG-JPEG\Light Cult NFTs\TGCVZUSP__Diapositiva26.JPG","97.6"
"26","3","VZXT7JUR__Diapositiva26.JPG","E:\Zotero-organized-export\JPG-JPEG\Light Cult NFTs\VZXT7JUR__Diapositiva26.JPG","65.2"
"27","3","IDC7KGVJ__Diapositiva27.JPG","E:\Zotero-organized-export\JPG-JPEG\Light Cult NFTs\IDC7KGVJ__Diapositiva27.JPG","128.6"
"27","3","KVQ2SDIR__Diapositiva27.JPG","E:\Zotero-organized-export\JPG-JPEG\Light Cult NFTs\KVQ2SDIR__Diapositiva27.JPG","120.2"
"27","3","YC8CSYJQ__Diapositiva27.JPG","E:\Zotero-organized-export\JPG-JPEG\Light Cult NFTs\YC8CSYJQ__Diapositiva27.JPG","137.2"
"28","2","TB2K5FDC__Diapositiva28.JPG","E:\Zotero-organized-export\JPG-JPEG\Light Cult NFTs\TB2K5FDC__Diapositiva28.JPG","123.1"
"28","2","VX3SH2M6__Diapositiva28.JPG","E:\Zotero-organized-export\JPG-JPEG\Light Cult NFTs\VX3SH2M6__Diapositiva28.JPG","122.3"
"29","3","3SWBUQSZ__Diapositiva29.JPG","E:\Zotero-organized-export\JPG-JPEG\Light Cult NFTs\3SWBUQSZ__Diapositiva29.JPG","76.7"
"29","3","7IX7Y3FW__Diapositiva29.JPG","E:\Zotero-organized-export\JPG-JPEG\Light Cult NFTs\7IX7Y3FW__Diapositiva29.JPG","62.1"
"29","3","9YGGQK3V__Diapositiva29.JPG","E:\Zotero-organized-export\JPG-JPEG\Light Cult NFTs\9YGGQK3V__Diapositiva29.JPG","80.6"
"30","3","8QRIPUAJ__Diapositiva30.JPG","E:\Zotero-organized-export\JPG-JPEG\Light Cult NFTs\8QRIPUAJ__Diapositiva30.JPG","100"
"30","3","QFA2HIQC__Diapositiva30.JPG","E:\Zotero-organized-export\JPG-JPEG\Light Cult NFTs\QFA2HIQC__Diapositiva30.JPG","42.5"
"30","3","YQUY2JUB__Diapositiva30.JPG","E:\Zotero-organized-export\JPG-JPEG\Light Cult NFTs\YQUY2JUB__Diapositiva30.JPG","69.1"
"31","3","4RLC48SF__Diapositiva31.JPG","E:\Zotero-organized-export\JPG-JPEG\Light Cult NFTs\4RLC48SF__Diapositiva31.JPG","136.5"
"31","3","DGZEY6I6__Diapositiva31.JPG","E:\Zotero-organized-export\JPG-JPEG\Light Cult NFTs\DGZEY6I6__Diapositiva31.JPG","133"
"31","3","MZZNIIRL__Diapositiva31.JPG","E:\Zotero-organized-export\JPG-JPEG\Light Cult NFTs\MZZNIIRL__Diapositiva31.JPG","91.6"
"32","3","J2B2DASR__Diapositiva32.JPG","E:\Zotero-organized-export\JPG-JPEG\Light Cult NFTs\J2B2DASR__Diapositiva32.JPG","116.3"
"32","3","LI2269LC__Diapositiva32.JPG","E:\Zotero-organized-export\JPG-JPEG\Light Cult NFTs\LI2269LC__Diapositiva32.JPG","131.6"
"32","3","Y3IAKM9Z__Diapositiva32.JPG","E:\Zotero-organized-export\JPG-JPEG\Light Cult NFTs\Y3IAKM9Z__Diapositiva32.JPG","140.6"
"33","3","2VFN34TY__Diapositiva33.JPG","E:\Zotero-organized-export\JPG-JPEG\Light Cult NFTs\2VFN34TY__Diapositiva33.JPG","143.4"
"33","3","ESYN52MW__Diapositiva33.JPG","E:\Zotero-organized-export\JPG-JPEG\Light Cult NFTs\ESYN52MW__Diapositiva33.JPG","61.4"
"33","3","WI2EGAKU__Diapositiva33.JPG","E:\Zotero-organized-export\JPG-JPEG\Light Cult NFTs\WI2EGAKU__Diapositiva33.JPG","69.8"
"34","3","54C85IH5__Diapositiva34.JPG","E:\Zotero-organized-export\JPG-JPEG\Light Cult NFTs\54C85IH5__Diapositiva34.JPG","145.6"
"34","3","96QJ637V__Diapositiva34.JPG","E:\Zotero-organized-export\JPG-JPEG\Light Cult NFTs\96QJ637V__Diapositiva34.JPG","56.6"
"34","3","YFN8EN4H__Diapositiva34.JPG","E:\Zotero-organized-export\JPG-JPEG\Light Cult NFTs\YFN8EN4H__Diapositiva34.JPG","76.2"
"35","3","ACT86XAB__Diapositiva35.JPG","E:\Zotero-organized-export\JPG-JPEG\Light Cult NFTs\ACT86XAB__Diapositiva35.JPG","111"
"35","3","E6FHIGHE__Diapositiva35.JPG","E:\Zotero-organized-export\JPG-JPEG\Light Cult NFTs\E6FHIGHE__Diapositiva35.JPG","40"
"35","3","EQK7C66D__Diapositiva35.JPG","E:\Zotero-organized-export\JPG-JPEG\Light Cult NFTs\EQK7C66D__Diapositiva35.JPG","140.6"
"36","3","92QMT5VN__Diapositiva36.JPG","E:\Zotero-organized-export\JPG-JPEG\Light Cult NFTs\92QMT5VN__Diapositiva36.JPG","130.3"
"36","3","LMM5PACV__Diapositiva36.JPG","E:\Zotero-organized-export\JPG-JPEG\Light Cult NFTs\LMM5PACV__Diapositiva36.JPG","146.2"
"36","3","ZN7H586R__Diapositiva36.JPG","E:\Zotero-organized-export\JPG-JPEG\Light Cult NFTs\ZN7H586R__Diapositiva36.JPG","127.1"
"37","3","D4YNX543__Diapositiva37.JPG","E:\Zotero-organized-export\JPG-JPEG\Light Cult NFTs\D4YNX543__Diapositiva37.JPG","59.6"
"37","3","M6BJQ2YB__Diapositiva37.JPG","E:\Zotero-organized-export\JPG-JPEG\Light Cult NFTs\M6BJQ2YB__Diapositiva37.JPG","92.9"
"37","3","VZW7I2FG__Diapositiva37.JPG","E:\Zotero-organized-export\JPG-JPEG\Light Cult NFTs\VZW7I2FG__Diapositiva37.JPG","137.2"
"38","3","ELE6FY8I__Diapositiva38.JPG","E:\Zotero-organized-export\JPG-JPEG\Light Cult NFTs\ELE6FY8I__Diapositiva38.JPG","130.7"
"38","3","HEM6NREP__Diapositiva38.JPG","E:\Zotero-organized-export\JPG-JPEG\Light Cult NFTs\HEM6NREP__Diapositiva38.JPG","88"
"38","3","N9BE89JP__Diapositiva38.JPG","E:\Zotero-organized-export\JPG-JPEG\Light Cult NFTs\N9BE89JP__Diapositiva38.JPG","118.4"
"39","2","DEYVQHA4__Diapositiva39.JPG","E:\Zotero-organized-export\JPG-JPEG\Light Cult NFTs\DEYVQHA4__Diapositiva39.JPG","69"
"39","2","VWWAKMY4__Diapositiva39.JPG","E:\Zotero-organized-export\JPG-JPEG\Light Cult NFTs\VWWAKMY4__Diapositiva39.JPG","62.8"
"40","2","P698SC8P__Diapositiva40.JPG","E:\Zotero-organized-export\JPG-JPEG\Light Cult NFTs\P698SC8P__Diapositiva40.JPG","118.8"
"40","2","R43M3SEG__Diapositiva40.JPG","E:\Zotero-organized-export\JPG-JPEG\Light Cult NFTs\R43M3SEG__Diapositiva40.JPG","121.4"
"41","3","A8NVW7GB__Diapositiva41.JPG","E:\Zotero-organized-export\JPG-JPEG\Light Cult NFTs\A8NVW7GB__Diapositiva41.JPG","110.1"
"41","3","C5MJ5J28__Diapositiva41.JPG","E:\Zotero-organized-export\JPG-JPEG\Light Cult NFTs\C5MJ5J28__Diapositiva41.JPG","67.7"
"41","3","XS3TP775__Diapositiva41.JPG","E:\Zotero-organized-export\JPG-JPEG\Light Cult NFTs\XS3TP775__Diapositiva41.JPG","151.8"
"42","3","EVU5JDFY__Diapositiva42.JPG","E:\Zotero-organized-export\JPG-JPEG\Light Cult NFTs\EVU5JDFY__Diapositiva42.JPG","53.7"
"42","3","LU3TTDUX__Diapositiva42.JPG","E:\Zotero-organized-export\JPG-JPEG\Light Cult NFTs\LU3TTDUX__Diapositiva42.JPG","130.9"
"42","3","SYZ4NZ59__Diapositiva42.JPG","E:\Zotero-organized-export\JPG-JPEG\Light Cult NFTs\SYZ4NZ59__Diapositiva42.JPG","132.3"
"43","2","D2QJKD9G__Diapositiva43.JPG","E:\Zotero-organized-export\JPG-JPEG\Light Cult NFTs\D2QJKD9G__Diapositiva43.JPG","82"
"43","2","M7BISTGG__Diapositiva43.JPG","E:\Zotero-organized-export\JPG-JPEG\Light Cult NFTs\M7BISTGG__Diapositiva43.JPG","88.8"
"44","3","FANQ44NR__Diapositiva44.JPG","E:\Zotero-organized-export\JPG-JPEG\Light Cult NFTs\FANQ44NR__Diapositiva44.JPG","105.6"
"44","3","NCT8CTGW__Diapositiva44.JPG","E:\Zotero-organized-export\JPG-JPEG\Light Cult NFTs\NCT8CTGW__Diapositiva44.JPG","52.4"
"44","3","Z8PW62PT__Diapositiva44.JPG","E:\Zotero-organized-export\JPG-JPEG\Light Cult NFTs\Z8PW62PT__Diapositiva44.JPG","107.3"
"45","2","I9EL8SJE__Diapositiva45.JPG","E:\Zotero-organized-export\JPG-JPEG\Light Cult NFTs\I9EL8SJE__Diapositiva45.JPG","88.5"
"45","2","SARFE3Y5__Diapositiva45.JPG","E:\Zotero-organized-export\JPG-JPEG\Light Cult NFTs\SARFE3Y5__Diapositiva45.JPG","148.7"
"46","2","54SVWX3N__Diapositiva46.JPG","E:\Zotero-organized-export\JPG-JPEG\Light Cult NFTs\54SVWX3N__Diapositiva46.JPG","133.9"
"46","2","E9JBGLWJ__Diapositiva46.JPG","E:\Zotero-organized-export\JPG-JPEG\Light Cult NFTs\E9JBGLWJ__Diapositiva46.JPG","75.6"
"47","3","2GA69K42__Diapositiva47.JPG","E:\Zotero-organized-export\JPG-JPEG\Light Cult NFTs\2GA69K42__Diapositiva47.JPG","142.1"
"47","3","3SH95NYI__Diapositiva47.JPG","E:\Zotero-organized-export\JPG-JPEG\Light Cult NFTs\3SH95NYI__Diapositiva47.JPG","111.9"
"47","3","TAVJZV8U__Diapositiva47.JPG","E:\Zotero-organized-export\JPG-JPEG\Light Cult NFTs\TAVJZV8U__Diapositiva47.JPG","55.7"
"48","3","4TIRUZH5__Diapositiva48.JPG","E:\Zotero-organized-export\JPG-JPEG\Light Cult NFTs\4TIRUZH5__Diapositiva48.JPG","80.7"
"48","3","5CPG9K8K__Diapositiva48.JPG","E:\Zotero-organized-export\JPG-JPEG\Light Cult NFTs\5CPG9K8K__Diapositiva48.JPG","47.5"
"48","3","6JPR6P4R__Diapositiva48.JPG","E:\Zotero-organized-export\JPG-JPEG\Light Cult NFTs\6JPR6P4R__Diapositiva48.JPG","136.9"
"49","3","RJHVMWJW__Diapositiva49.JPG","E:\Zotero-organized-export\JPG-JPEG\Light Cult NFTs\RJHVMWJW__Diapositiva49.JPG","69.2"
"49","3","RKKZ2PR9__Diapositiva49.JPG","E:\Zotero-organized-export\JPG-JPEG\Light Cult NFTs\RKKZ2PR9__Diapositiva49.JPG","135.9"
"49","3","YZIUBWBG__Diapositiva49.JPG","E:\Zotero-organized-export\JPG-JPEG\Light Cult NFTs\YZIUBWBG__Diapositiva49.JPG","89.1"
"50","3","3GW7EU5S__Diapositiva50.JPG","E:\Zotero-organized-export\JPG-JPEG\Light Cult NFTs\3GW7EU5S__Diapositiva50.JPG","182.5"
"50","3","T9DXRGAL__Diapositiva50.JPG","E:\Zotero-organized-export\JPG-JPEG\Light Cult NFTs\T9DXRGAL__Diapositiva50.JPG","69.4"
"50","3","TDLCNLJ9__Diapositiva50.JPG","E:\Zotero-organized-export\JPG-JPEG\Light Cult NFTs\TDLCNLJ9__Diapositiva50.JPG","111.9"
"51","3","D3MS7MHX__Diapositiva51.JPG","E:\Zotero-organized-export\JPG-JPEG\Light Cult NFTs\D3MS7MHX__Diapositiva51.JPG","145.3"
"51","3","KLNMQGQZ__Diapositiva51.JPG","E:\Zotero-organized-export\JPG-JPEG\Light Cult NFTs\KLNMQGQZ__Diapositiva51.JPG","138.7"
"51","3","TX9F86NJ__Diapositiva51.JPG","E:\Zotero-organized-export\JPG-JPEG\Light Cult NFTs\TX9F86NJ__Diapositiva51.JPG","126.9"
"52","2","DQHS63G8__Diapositiva52.JPG","E:\Zotero-organized-export\JPG-JPEG\Light Cult NFTs\DQHS63G8__Diapositiva52.JPG","138.5"
"52","2","EZPDFIWL__Diapositiva52.JPG","E:\Zotero-organized-export\JPG-JPEG\Light Cult NFTs\EZPDFIWL__Diapositiva52.JPG","78.5"
"53","2","3ZIHZCZN__Diapositiva53.JPG","E:\Zotero-organized-export\JPG-JPEG\Light Cult NFTs\3ZIHZCZN__Diapositiva53.JPG","47.1"
"53","2","FXTUN9U7__Diapositiva53.JPG","E:\Zotero-organized-export\JPG-JPEG\Light Cult NFTs\FXTUN9U7__Diapositiva53.JPG","141.6"
"54","3","3IKFVH9M__Diapositiva54.JPG","E:\Zotero-organized-export\JPG-JPEG\Light Cult NFTs\3IKFVH9M__Diapositiva54.JPG","75.9"
"54","3","N5SLHPSV__Diapositiva54.JPG","E:\Zotero-organized-export\JPG-JPEG\Light Cult NFTs\N5SLHPSV__Diapositiva54.JPG","124.5"
"54","3","V3GKXVE6__Diapositiva54.JPG","E:\Zotero-organized-export\JPG-JPEG\Light Cult NFTs\V3GKXVE6__Diapositiva54.JPG","125.6"
"55","3","BMY6X3HF__Diapositiva55.JPG","E:\Zotero-organized-export\JPG-JPEG\Light Cult NFTs\BMY6X3HF__Diapositiva55.JPG","87.5"
"55","3","T8NIJM88__Diapositiva55.JPG","E:\Zotero-organized-export\JPG-JPEG\Light Cult NFTs\T8NIJM88__Diapositiva55.JPG","73.5"
"55","3","YWZL6UPW__Diapositiva55.JPG","E:\Zotero-organized-export\JPG-JPEG\Light Cult NFTs\YWZL6UPW__Diapositiva55.JPG","56.1"
"56","3","AXIPRIPB__Diapositiva56.JPG","E:\Zotero-organized-export\JPG-JPEG\Light Cult NFTs\AXIPRIPB__Diapositiva56.JPG","158.9"
"56","3","DPSD2VNI__Diapositiva56.JPG","E:\Zotero-organized-export\JPG-JPEG\Light Cult NFTs\DPSD2VNI__Diapositiva56.JPG","100.2"
"56","3","RLYFDTLF__Diapositiva56.JPG","E:\Zotero-organized-export\JPG-JPEG\Light Cult NFTs\RLYFDTLF__Diapositiva56.JPG","78"
"57","3","4M64WLNZ__Diapositiva57.JPG","E:\Zotero-organized-export\JPG-JPEG\Light Cult NFTs\4M64WLNZ__Diapositiva57.JPG","120.5"
"57","3","IEXXQ82D__Diapositiva57.JPG","E:\Zotero-organized-export\JPG-JPEG\Light Cult NFTs\IEXXQ82D__Diapositiva57.JPG","83"
"57","3","SGCQVI8X__Diapositiva57.JPG","E:\Zotero-organized-export\JPG-JPEG\Light Cult NFTs\SGCQVI8X__Diapositiva57.JPG","71.5"
"58","3","E6KFHC6A__Diapositiva58.JPG","E:\Zotero-organized-export\JPG-JPEG\Light Cult NFTs\E6KFHC6A__Diapositiva58.JPG","146.8"
"58","3","TSEBNAL8__Diapositiva58.JPG","E:\Zotero-organized-export\JPG-JPEG\Light Cult NFTs\TSEBNAL8__Diapositiva58.JPG","104.8"
"58","3","VH2ZVHFF__Diapositiva58.JPG","E:\Zotero-organized-export\JPG-JPEG\Light Cult NFTs\VH2ZVHFF__Diapositiva58.JPG","104.9"
"59","3","GGK95AVY__Diapositiva59.JPG","E:\Zotero-organized-export\JPG-JPEG\Light Cult NFTs\GGK95AVY__Diapositiva59.JPG","98.9"
"59","3","KTH4WEJ5__Diapositiva59.JPG","E:\Zotero-organized-export\JPG-JPEG\Light Cult NFTs\KTH4WEJ5__Diapositiva59.JPG","82.9"
"59","3","QFHV7EUP__Diapositiva59.JPG","E:\Zotero-organized-export\JPG-JPEG\Light Cult NFTs\QFHV7EUP__Diapositiva59.JPG","123.1"
"60","3","JP8JQSFY__Diapositiva60.JPG","E:\Zotero-organized-export\JPG-JPEG\Light Cult NFTs\JP8JQSFY__Diapositiva60.JPG","72.9"
"60","3","PZGEFM9S__Diapositiva60.JPG","E:\Zotero-organized-export\JPG-JPEG\Light Cult NFTs\PZGEFM9S__Diapositiva60.JPG","125.1"
"60","3","VH32MSTT__Diapositiva60.JPG","E:\Zotero-organized-export\JPG-JPEG\Light Cult NFTs\VH32MSTT__Diapositiva60.JPG","128.7"
"61","3","F2V3Z3PY__Diapositiva61.JPG","E:\Zotero-organized-export\JPG-JPEG\Light Cult NFTs\F2V3Z3PY__Diapositiva61.JPG","109.9"
"61","3","KBGBPSKB__Diapositiva61.JPG","E:\Zotero-organized-export\JPG-JPEG\Light Cult NFTs\KBGBPSKB__Diapositiva61.JPG","77.6"
"61","3","Z8AH84ZN__Diapositiva61.JPG","E:\Zotero-organized-export\JPG-JPEG\Light Cult NFTs\Z8AH84ZN__Diapositiva61.JPG","112.2"
"62","3","L24AGJDQ__Diapositiva62.JPG","E:\Zotero-organized-export\JPG-JPEG\Light Cult NFTs\L24AGJDQ__Diapositiva62.JPG","120.9"
"62","3","RBQXZGVN__Diapositiva62.JPG","E:\Zotero-organized-export\JPG-JPEG\Light Cult NFTs\RBQXZGVN__Diapositiva62.JPG","140.9"
"62","3","SGZZH2NN__Diapositiva62.JPG","E:\Zotero-organized-export\JPG-JPEG\Light Cult NFTs\SGZZH2NN__Diapositiva62.JPG","55.1"
"63","3","4KH828PF__Diapositiva63.JPG","E:\Zotero-organized-export\JPG-JPEG\Light Cult NFTs\4KH828PF__Diapositiva63.JPG","140.8"
"63","3","97LQ5T3A__Diapositiva63.JPG","E:\Zotero-organized-export\JPG-JPEG\Light Cult NFTs\97LQ5T3A__Diapositiva63.JPG","132.9"
"63","3","SHE3SAEM__Diapositiva63.JPG","E:\Zotero-organized-export\JPG-JPEG\Light Cult NFTs\SHE3SAEM__Diapositiva63.JPG","112.3"
"64","3","53I8PLPJ__Diapositiva64.JPG","E:\Zotero-organized-export\JPG-JPEG\Light Cult NFTs\53I8PLPJ__Diapositiva64.JPG","89.5"
"64","3","F8GNDMTC__Diapositiva64.JPG","E:\Zotero-organized-export\JPG-JPEG\Light Cult NFTs\F8GNDMTC__Diapositiva64.JPG","80.4"
"64","3","YYB6ZJQ8__Diapositiva64.JPG","E:\Zotero-organized-export\JPG-JPEG\Light Cult NFTs\YYB6ZJQ8__Diapositiva64.JPG","116.7"
"65","3","BFXIJ6QB__Diapositiva65.JPG","E:\Zotero-organized-export\JPG-JPEG\Light Cult NFTs\BFXIJ6QB__Diapositiva65.JPG","97"
"65","3","SEMFXR5E__Diapositiva65.JPG","E:\Zotero-organized-export\JPG-JPEG\Light Cult NFTs\SEMFXR5E__Diapositiva65.JPG","63.1"
"65","3","TIKLD9P2__Diapositiva65.JPG","E:\Zotero-organized-export\JPG-JPEG\Light Cult NFTs\TIKLD9P2__Diapositiva65.JPG","119.1"
"66","3","B945RFSY__Diapositiva66.JPG","E:\Zotero-organized-export\JPG-JPEG\Light Cult NFTs\B945RFSY__Diapositiva66.JPG","72"
"66","3","KXMN25DY__Diapositiva66.JPG","E:\Zotero-organized-export\JPG-JPEG\Light Cult NFTs\KXMN25DY__Diapositiva66.JPG","127"
"66","3","WKMLC3MT__Diapositiva66.JPG","E:\Zotero-organized-export\JPG-JPEG\Light Cult NFTs\WKMLC3MT__Diapositiva66.JPG","194.6"
"67","3","DEBYS7SC__Diapositiva67.JPG","E:\Zotero-organized-export\JPG-JPEG\Light Cult NFTs\DEBYS7SC__Diapositiva67.JPG","88.4"
"67","3","KJIEVCNE__Diapositiva67.JPG","E:\Zotero-organized-export\JPG-JPEG\Light Cult NFTs\KJIEVCNE__Diapositiva67.JPG","126"
"67","3","VHG7UFZM__Diapositiva67.JPG","E:\Zotero-organized-export\JPG-JPEG\Light Cult NFTs\VHG7UFZM__Diapositiva67.JPG","111.8"
"68","3","8LQQ3T7R__Diapositiva68.JPG","E:\Zotero-organized-export\JPG-JPEG\Light Cult NFTs\8LQQ3T7R__Diapositiva68.JPG","40"
"68","3","EUT2J7BS__Diapositiva68.JPG","E:\Zotero-organized-export\JPG-JPEG\Light Cult NFTs\EUT2J7BS__Diapositiva68.JPG","59.7"
"68","3","QUA96YAK__Diapositiva68.JPG","E:\Zotero-organized-export\JPG-JPEG\Light Cult NFTs\QUA96YAK__Diapositiva68.JPG","142.5"
"70","3","2CGCXDFQ__Diapositiva70.JPG","E:\Zotero-organized-export\JPG-JPEG\Light Cult NFTs\2CGCXDFQ__Diapositiva70.JPG","141"
"70","3","X2WRCYB7__Diapositiva70.JPG","E:\Zotero-organized-export\JPG-JPEG\Light Cult NFTs\X2WRCYB7__Diapositiva70.JPG","120.2"
"70","3","ZFHHAUW3__Diapositiva70.JPG","E:\Zotero-organized-export\JPG-JPEG\Light Cult NFTs\ZFHHAUW3__Diapositiva70.JPG","64.6"
"71","3","4VECRXYS__Diapositiva71.JPG","E:\Zotero-organized-export\JPG-JPEG\Light Cult NFTs\4VECRXYS__Diapositiva71.JPG","113"
"71","3","AMKSN5LD__Diapositiva71.JPG","E:\Zotero-organized-export\JPG-JPEG\Light Cult NFTs\AMKSN5LD__Diapositiva71.JPG","93.7"
"71","3","FBIQEX7Y__Diapositiva71.JPG","E:\Zotero-organized-export\JPG-JPEG\Light Cult NFTs\FBIQEX7Y__Diapositiva71.JPG","58.6"
"72","3","4T5DBXUJ__Diapositiva72.JPG","E:\Zotero-organized-export\JPG-JPEG\Light Cult NFTs\4T5DBXUJ__Diapositiva72.JPG","137.6"
"72","3","HI9NWZB4__Diapositiva72.JPG","E:\Zotero-organized-export\JPG-JPEG\Light Cult NFTs\HI9NWZB4__Diapositiva72.JPG","104.6"
"72","3","VNQ9UD2V__Diapositiva72.JPG","E:\Zotero-organized-export\JPG-JPEG\Light Cult NFTs\VNQ9UD2V__Diapositiva72.JPG","92"
"73","3","AINP3D2W__Diapositiva73.JPG","E:\Zotero-organized-export\JPG-JPEG\Light Cult NFTs\AINP3D2W__Diapositiva73.JPG","98.3"
"73","3","DMB9Z2UW__Diapositiva73.JPG","E:\Zotero-organized-export\JPG-JPEG\Light Cult NFTs\DMB9Z2UW__Diapositiva73.JPG","138.3"
"73","3","HP5UGEZ6__Diapositiva73.JPG","E:\Zotero-organized-export\JPG-JPEG\Light Cult NFTs\HP5UGEZ6__Diapositiva73.JPG","150.3"
"74","2","2PAQGVMU__Diapositiva74.JPG","E:\Zotero-organized-export\JPG-JPEG\Light Cult NFTs\2PAQGVMU__Diapositiva74.JPG","123.8"
"74","2","2U68UA35__Diapositiva74.JPG","E:\Zotero-organized-export\JPG-JPEG\Light Cult NFTs\2U68UA35__Diapositiva74.JPG","101"
"75","2","4K6ESF87__Diapositiva75.JPG","E:\Zotero-organized-export\JPG-JPEG\Light Cult NFTs\4K6ESF87__Diapositiva75.JPG","137.1"
"75","2","KMD24P4Q__Diapositiva75.JPG","E:\Zotero-organized-export\JPG-JPEG\Light Cult NFTs\KMD24P4Q__Diapositiva75.JPG","145.3"
"76","3","U4FAHTF8__Diapositiva76.JPG","E:\Zotero-organized-export\JPG-JPEG\Light Cult NFTs\U4FAHTF8__Diapositiva76.JPG","115.5"
"76","3","UTBQ6NP5__Diapositiva76.JPG","E:\Zotero-organized-export\JPG-JPEG\Light Cult NFTs\UTBQ6NP5__Diapositiva76.JPG","78.5"
"76","3","XYECCMBN__Diapositiva76.JPG","E:\Zotero-organized-export\JPG-JPEG\Light Cult NFTs\XYECCMBN__Diapositiva76.JPG","98.7"
"77","3","3CFHK5I4__Diapositiva77.JPG","E:\Zotero-organized-export\JPG-JPEG\Light Cult NFTs\3CFHK5I4__Diapositiva77.JPG","75.6"
"77","3","EPJR6RFG__Diapositiva77.JPG","E:\Zotero-organized-export\JPG-JPEG\Light Cult NFTs\EPJR6RFG__Diapositiva77.JPG","121.3"
"77","3","UZEPGJ3W__Diapositiva77.JPG","E:\Zotero-organized-export\JPG-JPEG\Light Cult NFTs\UZEPGJ3W__Diapositiva77.JPG","85.2"
"78","3","C8R2VIF3__Diapositiva78.JPG","E:\Zotero-organized-export\JPG-JPEG\Light Cult NFTs\C8R2VIF3__Diapositiva78.JPG","128.1"
"78","3","LZPHE3LH__Diapositiva78.JPG","E:\Zotero-organized-export\JPG-JPEG\Light Cult NFTs\LZPHE3LH__Diapositiva78.JPG","37.8"
"78","3","NGISZADK__Diapositiva78.JPG","E:\Zotero-organized-export\JPG-JPEG\Light Cult NFTs\NGISZADK__Diapositiva78.JPG","111.9"
"79","3","HEYY5CDR__Diapositiva79.JPG","E:\Zotero-organized-export\JPG-JPEG\Light Cult NFTs\HEYY5CDR__Diapositiva79.JPG","121.8"
"79","3","MK9ILVM9__Diapositiva79.JPG","E:\Zotero-organized-export\JPG-JPEG\Light Cult NFTs\MK9ILVM9__Diapositiva79.JPG","67.8"
"79","3","MYFVDIF9__Diapositiva79.JPG","E:\Zotero-organized-export\JPG-JPEG\Light Cult NFTs\MYFVDIF9__Diapositiva79.JPG","117.1"
"80","3","4KBEDFEE__Diapositiva80.JPG","E:\Zotero-organized-export\JPG-JPEG\Light Cult NFTs\4KBEDFEE__Diapositiva80.JPG","51.7"
"80","3","5HKNT4G8__Diapositiva80.JPG","E:\Zotero-organized-export\JPG-JPEG\Light Cult NFTs\5HKNT4G8__Diapositiva80.JPG","62.3"
"80","3","SBQDN6LX__Diapositiva80.JPG","E:\Zotero-organized-export\JPG-JPEG\Light Cult NFTs\SBQDN6LX__Diapositiva80.JPG","65.1"
"81","3","BIPUJMRN__Diapositiva81.JPG","E:\Zotero-organized-export\JPG-JPEG\Light Cult NFTs\BIPUJMRN__Diapositiva81.JPG","134.5"
"81","3","M93P5LMZ__Diapositiva81.JPG","E:\Zotero-organized-export\JPG-JPEG\Light Cult NFTs\M93P5LMZ__Diapositiva81.JPG","99.2"
"81","3","XTCLKNGR__Diapositiva81.JPG","E:\Zotero-organized-export\JPG-JPEG\Light Cult NFTs\XTCLKNGR__Diapositiva81.JPG","61.3"
"82","3","3ZZ3B3V8__Diapositiva82.JPG","E:\Zotero-organized-export\JPG-JPEG\Light Cult NFTs\3ZZ3B3V8__Diapositiva82.JPG","125.5"
"82","3","GZC9WHXP__Diapositiva82.JPG","E:\Zotero-organized-export\JPG-JPEG\Light Cult NFTs\GZC9WHXP__Diapositiva82.JPG","47.8"
"82","3","YRR6EISA__Diapositiva82.JPG","E:\Zotero-organized-export\JPG-JPEG\Light Cult NFTs\YRR6EISA__Diapositiva82.JPG","118"
"83","3","GSDIW584__Diapositiva83.JPG","E:\Zotero-organized-export\JPG-JPEG\Light Cult NFTs\GSDIW584__Diapositiva83.JPG","69.8"
"83","3","HSZJ32JM__Diapositiva83.JPG","E:\Zotero-organized-export\JPG-JPEG\Light Cult NFTs\HSZJ32JM__Diapositiva83.JPG","45.3"
"83","3","NLMEUEKM__Diapositiva83.JPG","E:\Zotero-organized-export\JPG-JPEG\Light Cult NFTs\NLMEUEKM__Diapositiva83.JPG","147.2"
"84","3","AYY653KQ__Diapositiva84.JPG","E:\Zotero-organized-export\JPG-JPEG\Light Cult NFTs\AYY653KQ__Diapositiva84.JPG","83.9"
"84","3","BB2QUJS4__Diapositiva84.JPG","E:\Zotero-organized-export\JPG-JPEG\Light Cult NFTs\BB2QUJS4__Diapositiva84.JPG","136"
"84","3","LEZHNFKZ__Diapositiva84.JPG","E:\Zotero-organized-export\JPG-JPEG\Light Cult NFTs\LEZHNFKZ__Diapositiva84.JPG","78.5"
"85","3","6EEI7DSD__Diapositiva85.JPG","E:\Zotero-organized-export\JPG-JPEG\Light Cult NFTs\6EEI7DSD__Diapositiva85.JPG","85.6"
"85","3","RSYINRYA__Diapositiva85.JPG","E:\Zotero-organized-export\JPG-JPEG\Light Cult NFTs\RSYINRYA__Diapositiva85.JPG","94.3"
"85","3","XD3RIZRL__Diapositiva85.JPG","E:\Zotero-organized-export\JPG-JPEG\Light Cult NFTs\XD3RIZRL__Diapositiva85.JPG","47.2"
"86","3","BK4FBFEB__Diapositiva86.JPG","E:\Zotero-organized-export\JPG-JPEG\Light Cult NFTs\BK4FBFEB__Diapositiva86.JPG","123.2"
"86","3","RRZGYSI6__Diapositiva86.JPG","E:\Zotero-organized-export\JPG-JPEG\Light Cult NFTs\RRZGYSI6__Diapositiva86.JPG","28.4"
"86","3","W7XD7L4F__Diapositiva86.JPG","E:\Zotero-organized-export\JPG-JPEG\Light Cult NFTs\W7XD7L4F__Diapositiva86.JPG","124.6"
"87","2","8I8ST5JW__Diapositiva87.JPG","E:\Zotero-organized-export\JPG-JPEG\Light Cult NFTs\8I8ST5JW__Diapositiva87.JPG","105"
"87","2","ZRWLYGCW__Diapositiva87.JPG","E:\Zotero-organized-export\JPG-JPEG\Light Cult NFTs\ZRWLYGCW__Diapositiva87.JPG","99.4"
"88","3","5JL7GSX3__Diapositiva88.JPG","E:\Zotero-organized-export\JPG-JPEG\Light Cult NFTs\5JL7GSX3__Diapositiva88.JPG","27.7"
"88","3","JXI74YGJ__Diapositiva88.JPG","E:\Zotero-organized-export\JPG-JPEG\Light Cult NFTs\JXI74YGJ__Diapositiva88.JPG","151.4"
"88","3","NLW7CDR2__Diapositiva88.JPG","E:\Zotero-organized-export\JPG-JPEG\Light Cult NFTs\NLW7CDR2__Diapositiva88.JPG","47.9"
"89","2","CCL4GSCK__Diapositiva89.JPG","E:\Zotero-organized-export\JPG-JPEG\Light Cult NFTs\CCL4GSCK__Diapositiva89.JPG","159.5"
"89","2","DZH3IY9B__Diapositiva89.JPG","E:\Zotero-organized-export\JPG-JPEG\Light Cult NFTs\DZH3IY9B__Diapositiva89.JPG","57.5"
"90","2","A4SGDAI9__Diapositiva90.JPG","E:\Zotero-organized-export\JPG-JPEG\Light Cult NFTs\A4SGDAI9__Diapositiva90.JPG","120.9"
"90","2","PWFW492G__Diapositiva90.JPG","E:\Zotero-organized-export\JPG-JPEG\Light Cult NFTs\PWFW492G__Diapositiva90.JPG","44.8"
"91","3","EGMHA2JG__Diapositiva91.JPG","E:\Zotero-organized-export\JPG-JPEG\Light Cult NFTs\EGMHA2JG__Diapositiva91.JPG","73.3"
"91","3","KK7MUGX9__Diapositiva91.JPG","E:\Zotero-organized-export\JPG-JPEG\Light Cult NFTs\KK7MUGX9__Diapositiva91.JPG","149.1"
"91","3","NV26WE5A__Diapositiva91.JPG","E:\Zotero-organized-export\JPG-JPEG\Light Cult NFTs\NV26WE5A__Diapositiva91.JPG","122.2"
"92","2","JJUJFR53__Diapositiva92.JPG","E:\Zotero-organized-export\JPG-JPEG\Light Cult NFTs\JJUJFR53__Diapositiva92.JPG","50.9"
"92","2","RCDUCBA4__Diapositiva92.JPG","E:\Zotero-organized-export\JPG-JPEG\Light Cult NFTs\RCDUCBA4__Diapositiva92.JPG","54.5"
"93","2","434LXRCZ__Diapositiva93.JPG","E:\Zotero-organized-export\JPG-JPEG\Light Cult NFTs\434LXRCZ__Diapositiva93.JPG","104"
"93","2","DNNLWHWQ__Diapositiva93.JPG","E:\Zotero-organized-export\JPG-JPEG\Light Cult NFTs\DNNLWHWQ__Diapositiva93.JPG","130"
"94","2","FEJ9KRT5__Diapositiva94.JPG","E:\Zotero-organized-export\JPG-JPEG\Light Cult NFTs\FEJ9KRT5__Diapositiva94.JPG","106.6"
"94","2","SJR3C3WK__Diapositiva94.JPG","E:\Zotero-organized-export\JPG-JPEG\Light Cult NFTs\SJR3C3WK__Diapositiva94.JPG","131.6"
"95","2","C442PBS6__Diapositiva95.JPG","E:\Zotero-organized-export\JPG-JPEG\Light Cult NFTs\C442PBS6__Diapositiva95.JPG","113.8"
"95","2","ZQQP5U3M__Diapositiva95.JPG","E:\Zotero-organized-export\JPG-JPEG\Light Cult NFTs\ZQQP5U3M__Diapositiva95.JPG","63.6"
"96","3","BERHNNYP__Diapositiva96.JPG","E:\Zotero-organized-export\JPG-JPEG\Light Cult NFTs\BERHNNYP__Diapositiva96.JPG","149.3"
"96","3","UGGW26C3__Diapositiva96.JPG","E:\Zotero-organized-export\JPG-JPEG\Light Cult NFTs\UGGW26C3__Diapositiva96.JPG","127.8"
"96","3","Z6Y6HNJV__Diapositiva96.JPG","E:\Zotero-organized-export\JPG-JPEG\Light Cult NFTs\Z6Y6HNJV__Diapositiva96.JPG","58.1"
"97","2","TZ5HEB9M__Diapositiva97.JPG","E:\Zotero-organized-export\JPG-JPEG\Light Cult NFTs\TZ5HEB9M__Diapositiva97.JPG","114.1"
"97","2","V7J8AI22__Diapositiva97.JPG","E:\Zotero-organized-export\JPG-JPEG\Light Cult NFTs\V7J8AI22__Diapositiva97.JPG","90.8"
"98","3","8T2QLMIY__Diapositiva98.JPG","E:\Zotero-organized-export\JPG-JPEG\Light Cult NFTs\8T2QLMIY__Diapositiva98.JPG","46.4"
"98","3","9U782EQH__Diapositiva98.JPG","E:\Zotero-organized-export\JPG-JPEG\Light Cult NFTs\9U782EQH__Diapositiva98.JPG","133.3"
"98","3","JV6PUVNU__Diapositiva98.JPG","E:\Zotero-organized-export\JPG-JPEG\Light Cult NFTs\JV6PUVNU__Diapositiva98.JPG","123"
"99","3","D9A6Q33E__Diapositiva99.JPG","E:\Zotero-organized-export\JPG-JPEG\Light Cult NFTs\D9A6Q33E__Diapositiva99.JPG","128.5"
"99","3","G55IQL84__Diapositiva99.JPG","E:\Zotero-organized-export\JPG-JPEG\Light Cult NFTs\G55IQL84__Diapositiva99.JPG","39.4"
"99","3","XH3NJYN7__Diapositiva99.JPG","E:\Zotero-organized-export\JPG-JPEG\Light Cult NFTs\XH3NJYN7__Diapositiva99.JPG","60.5"
"100","3","4ZTFBYZ9__Diapositiva100.JPG","E:\Zotero-organized-export\JPG-JPEG\Light Cult NFTs\4ZTFBYZ9__Diapositiva100.JPG","132.4"
"100","3","8Y3VZWEN__Diapositiva100.JPG","E:\Zotero-organized-export\JPG-JPEG\Light Cult NFTs\8Y3VZWEN__Diapositiva100.JPG","70.5"
"100","3","MBAHL8GW__Diapositiva100.JPG","E:\Zotero-organized-export\JPG-JPEG\Light Cult NFTs\MBAHL8GW__Diapositiva100.JPG","49.9"
"101","3","FP3E8E53__Diapositiva101.JPG","E:\Zotero-organized-export\JPG-JPEG\Light Cult NFTs\FP3E8E53__Diapositiva101.JPG","134.5"
"101","3","M335EUGF__Diapositiva101.JPG","E:\Zotero-organized-export\JPG-JPEG\Light Cult NFTs\M335EUGF__Diapositiva101.JPG","127.8"
"101","3","PDNYFJGQ__Diapositiva101.JPG","E:\Zotero-organized-export\JPG-JPEG\Light Cult NFTs\PDNYFJGQ__Diapositiva101.JPG","126.7"
"102","3","72VFKG48__Diapositiva102.JPG","E:\Zotero-organized-export\JPG-JPEG\Light Cult NFTs\72VFKG48__Diapositiva102.JPG","205.6"
"102","3","UML8G4VR__Diapositiva102.JPG","E:\Zotero-organized-export\JPG-JPEG\Light Cult NFTs\UML8G4VR__Diapositiva102.JPG","86.4"
"102","3","ZQ7DCVYA__Diapositiva102.JPG","E:\Zotero-organized-export\JPG-JPEG\Light Cult NFTs\ZQ7DCVYA__Diapositiva102.JPG","76"
"103","3","AG9GS22K__Diapositiva103.JPG","E:\Zotero-organized-export\JPG-JPEG\Light Cult NFTs\AG9GS22K__Diapositiva103.JPG","58.1"
"103","3","R5ME84MC__Diapositiva103.JPG","E:\Zotero-organized-export\JPG-JPEG\Light Cult NFTs\R5ME84MC__Diapositiva103.JPG","63.1"
"103","3","XPD2FVFE__Diapositiva103.JPG","E:\Zotero-organized-export\JPG-JPEG\Light Cult NFTs\XPD2FVFE__Diapositiva103.JPG","132"
"104","2","MPKSXCRZ__Diapositiva104.JPG","E:\Zotero-organized-export\JPG-JPEG\Light Cult NFTs\MPKSXCRZ__Diapositiva104.JPG","204.7"
"104","2","MYDZPNB3__Diapositiva104.JPG","E:\Zotero-organized-export\JPG-JPEG\Light Cult NFTs\MYDZPNB3__Diapositiva104.JPG","97.8"
"105","2","EUENHWXS__Diapositiva105.JPG","E:\Zotero-organized-export\JPG-JPEG\Light Cult NFTs\EUENHWXS__Diapositiva105.JPG","136.4"
"105","2","ZY9JQRKR__Diapositiva105.JPG","E:\Zotero-organized-export\JPG-JPEG\Light Cult NFTs\ZY9JQRKR__Diapositiva105.JPG","42.3"
"106","2","39KPRUHP__Diapositiva106.JPG","E:\Zotero-organized-export\JPG-JPEG\Light Cult NFTs\39KPRUHP__Diapositiva106.JPG","149"
"106","2","CZW57G6W__Diapositiva106.JPG","E:\Zotero-organized-export\JPG-JPEG\Light Cult NFTs\CZW57G6W__Diapositiva106.JPG","145.5"
"107","3","J6E2Q7KZ__Diapositiva107.JPG","E:\Zotero-organized-export\JPG-JPEG\Light Cult NFTs\J6E2Q7KZ__Diapositiva107.JPG","58"
"107","3","JCZNRLH4__Diapositiva107.JPG","E:\Zotero-organized-export\JPG-JPEG\Light Cult NFTs\JCZNRLH4__Diapositiva107.JPG","131.2"
"107","3","LWKIAWN9__Diapositiva107.JPG","E:\Zotero-organized-export\JPG-JPEG\Light Cult NFTs\LWKIAWN9__Diapositiva107.JPG","102.3"
"108","3","295CBCQ8__Diapositiva108.JPG","E:\Zotero-organized-export\JPG-JPEG\Light Cult NFTs\295CBCQ8__Diapositiva108.JPG","71.9"
"108","3","GKY2TNH7__Diapositiva108.JPG","E:\Zotero-organized-export\JPG-JPEG\Light Cult NFTs\GKY2TNH7__Diapositiva108.JPG","112.1"
"108","3","HMGFKBWJ__Diapositiva108.JPG","E:\Zotero-organized-export\JPG-JPEG\Light Cult NFTs\HMGFKBWJ__Diapositiva108.JPG","62.3"
"109","3","62MBKDAJ__Diapositiva109.JPG","E:\Zotero-organized-export\JPG-JPEG\Light Cult NFTs\62MBKDAJ__Diapositiva109.JPG","156.1"
"109","3","6NCH4DK6__Diapositiva109.JPG","E:\Zotero-organized-export\JPG-JPEG\Light Cult NFTs\6NCH4DK6__Diapositiva109.JPG","86.2"
"109","3","EUFN7H4F__Diapositiva109.JPG","E:\Zotero-organized-export\JPG-JPEG\Light Cult NFTs\EUFN7H4F__Diapositiva109.JPG","113.3"
"110","3","2G54AW2K__Diapositiva110.JPG","E:\Zotero-organized-export\JPG-JPEG\Light Cult NFTs\2G54AW2K__Diapositiva110.JPG","124.5"
"110","3","I36GITYX__Diapositiva110.JPG","E:\Zotero-organized-export\JPG-JPEG\Light Cult NFTs\I36GITYX__Diapositiva110.JPG","86.9"
"110","3","KKYGY6AE__Diapositiva110.JPG","E:\Zotero-organized-export\JPG-JPEG\Light Cult NFTs\KKYGY6AE__Diapositiva110.JPG","146.1"
"111","3","DFQ62BW4__Diapositiva111.JPG","E:\Zotero-organized-export\JPG-JPEG\Light Cult NFTs\DFQ62BW4__Diapositiva111.JPG","122.4"
"111","3","M6DSPP7K__Diapositiva111.JPG","E:\Zotero-organized-export\JPG-JPEG\Light Cult NFTs\M6DSPP7K__Diapositiva111.JPG","143.1"
"111","3","PY2YFIJ6__Diapositiva111.JPG","E:\Zotero-organized-export\JPG-JPEG\Light Cult NFTs\PY2YFIJ6__Diapositiva111.JPG","56.2"
"112","3","8NKYCLE3__Diapositiva112.JPG","E:\Zotero-organized-export\JPG-JPEG\Light Cult NFTs\8NKYCLE3__Diapositiva112.JPG","58"
"112","3","CU5F8ITP__Diapositiva112.JPG","E:\Zotero-organized-export\JPG-JPEG\Light Cult NFTs\CU5F8ITP__Diapositiva112.JPG","114.4"
"112","3","F346H9TC__Diapositiva112.JPG","E:\Zotero-organized-export\JPG-JPEG\Light Cult NFTs\F346H9TC__Diapositiva112.JPG","144.1"
"113","3","2M5UZ77U__Diapositiva113.JPG","E:\Zotero-organized-export\JPG-JPEG\Light Cult NFTs\2M5UZ77U__Diapositiva113.JPG","105.3"
"113","3","5U86QTMA__Diapositiva113.JPG","E:\Zotero-organized-export\JPG-JPEG\Light Cult NFTs\5U86QTMA__Diapositiva113.JPG","48.3"
"113","3","6SQS3KFU__Diapositiva113.JPG","E:\Zotero-organized-export\JPG-JPEG\Light Cult NFTs\6SQS3KFU__Diapositiva113.JPG","142"
"114","2","UNH8MHAG__Diapositiva114.JPG","E:\Zotero-organized-export\JPG-JPEG\Light Cult NFTs\UNH8MHAG__Diapositiva114.JPG","36.2"
"114","2","YLEAX29W__Diapositiva114.JPG","E:\Zotero-organized-export\JPG-JPEG\Light Cult NFTs\YLEAX29W__Diapositiva114.JPG","128.1"
"115","3","FJM4C9NB__Diapositiva115.JPG","E:\Zotero-organized-export\JPG-JPEG\Light Cult NFTs\FJM4C9NB__Diapositiva115.JPG","71.7"
"115","3","HLVT6NKL__Diapositiva115.JPG","E:\Zotero-organized-export\JPG-JPEG\Light Cult NFTs\HLVT6NKL__Diapositiva115.JPG","55.5"
"115","3","SBVBTNKW__Diapositiva115.JPG","E:\Zotero-organized-export\JPG-JPEG\Light Cult NFTs\SBVBTNKW__Diapositiva115.JPG","47.9"
"116","3","39VSQ49I__Diapositiva116.JPG","E:\Zotero-organized-export\JPG-JPEG\Light Cult NFTs\39VSQ49I__Diapositiva116.JPG","116.5"
"116","3","USLGWRG2__Diapositiva116.JPG","E:\Zotero-organized-export\JPG-JPEG\Light Cult NFTs\USLGWRG2__Diapositiva116.JPG","117.3"
"116","3","UWFTWTD4__Diapositiva116.JPG","E:\Zotero-organized-export\JPG-JPEG\Light Cult NFTs\UWFTWTD4__Diapositiva116.JPG","67.2"
"117","3","92K4EJXH__Diapositiva117.JPG","E:\Zotero-organized-export\JPG-JPEG\Light Cult NFTs\92K4EJXH__Diapositiva117.JPG","144.3"
"117","3","CJVZNUUR__Diapositiva117.JPG","E:\Zotero-organized-export\JPG-JPEG\Light Cult NFTs\CJVZNUUR__Diapositiva117.JPG","83.1"
"117","3","X72FAQ53__Diapositiva117.JPG","E:\Zotero-organized-export\JPG-JPEG\Light Cult NFTs\X72FAQ53__Diapositiva117.JPG","51.9"
"118","3","3KZ93V7X__Diapositiva118.JPG","E:\Zotero-organized-export\JPG-JPEG\Light Cult NFTs\3KZ93V7X__Diapositiva118.JPG","82.7"
"118","3","YTAIA54Z__Diapositiva118.JPG","E:\Zotero-organized-export\JPG-JPEG\Light Cult NFTs\YTAIA54Z__Diapositiva118.JPG","137.6"
"118","3","ZFGQSK5T__Diapositiva118.JPG","E:\Zotero-organized-export\JPG-JPEG\Light Cult NFTs\ZFGQSK5T__Diapositiva118.JPG","71.5"
"119","3","DHUIDUIF__Diapositiva119.JPG","E:\Zotero-organized-export\JPG-JPEG\Light Cult NFTs\DHUIDUIF__Diapositiva119.JPG","87.7"
"119","3","NY7PPLSU__Diapositiva119.JPG","E:\Zotero-organized-export\JPG-JPEG\Light Cult NFTs\NY7PPLSU__Diapositiva119.JPG","213.1"
"119","3","WGAXRV3H__Diapositiva119.JPG","E:\Zotero-organized-export\JPG-JPEG\Light Cult NFTs\WGAXRV3H__Diapositiva119.JPG","66"
"120","3","UZSGETJJ__Diapositiva120.JPG","E:\Zotero-organized-export\JPG-JPEG\Light Cult NFTs\UZSGETJJ__Diapositiva120.JPG","69.2"
"120","3","VMV5EFHB__Diapositiva120.JPG","E:\Zotero-organized-export\JPG-JPEG\Light Cult NFTs\VMV5EFHB__Diapositiva120.JPG","142.8"
"120","3","XTIV6GGQ__Diapositiva120.JPG","E:\Zotero-organized-export\JPG-JPEG\Light Cult NFTs\XTIV6GGQ__Diapositiva120.JPG","125.8"
"121","3","9U69ZHA6__Diapositiva121.JPG","E:\Zotero-organized-export\JPG-JPEG\Light Cult NFTs\9U69ZHA6__Diapositiva121.JPG","79.8"
"121","3","E2AEKM3B__Diapositiva121.JPG","E:\Zotero-organized-export\JPG-JPEG\Light Cult NFTs\E2AEKM3B__Diapositiva121.JPG","90.4"
"121","3","YJRP9WVL__Diapositiva121.JPG","E:\Zotero-organized-export\JPG-JPEG\Light Cult NFTs\YJRP9WVL__Diapositiva121.JPG","43.7"
"122","2","DR5L2KUI__Diapositiva122.JPG","E:\Zotero-organized-export\JPG-JPEG\Light Cult NFTs\DR5L2KUI__Diapositiva122.JPG","58.3"
"122","2","FFJRBS98__Diapositiva122.JPG","E:\Zotero-organized-export\JPG-JPEG\Light Cult NFTs\FFJRBS98__Diapositiva122.JPG","67.8"
"123","3","6KESVIZ3__Diapositiva123.JPG","E:\Zotero-organized-export\JPG-JPEG\Light Cult NFTs\6KESVIZ3__Diapositiva123.JPG","59.2"
"123","3","J56MSTB5__Diapositiva123.JPG","E:\Zotero-organized-export\JPG-JPEG\Light Cult NFTs\J56MSTB5__Diapositiva123.JPG","73.4"
"123","3","U5FWJSWK__Diapositiva123.JPG","E:\Zotero-organized-export\JPG-JPEG\Light Cult NFTs\U5FWJSWK__Diapositiva123.JPG","76.5"
"124","3","AD4NPXSX__Diapositiva124.JPG","E:\Zotero-organized-export\JPG-JPEG\Light Cult NFTs\AD4NPXSX__Diapositiva124.JPG","128.6"
"124","3","F22PTHEI__Diapositiva124.JPG","E:\Zotero-organized-export\JPG-JPEG\Light Cult NFTs\F22PTHEI__Diapositiva124.JPG","164"
"124","3","HH3S3ERP__Diapositiva124.JPG","E:\Zotero-organized-export\JPG-JPEG\Light Cult NFTs\HH3S3ERP__Diapositiva124.JPG","82.6"
"125","3","CRRYDCA7__Diapositiva125.JPG","E:\Zotero-organized-export\JPG-JPEG\Light Cult NFTs\CRRYDCA7__Diapositiva125.JPG","128.5"
"125","3","GCHB8P7U__Diapositiva125.JPG","E:\Zotero-organized-export\JPG-JPEG\Light Cult NFTs\GCHB8P7U__Diapositiva125.JPG","180.5"
"125","3","GD4GVAY6__Diapositiva125.JPG","E:\Zotero-organized-export\JPG-JPEG\Light Cult NFTs\GD4GVAY6__Diapositiva125.JPG","112.4"
"126","2","6F2VVHVI__Diapositiva126.JPG","E:\Zotero-organized-export\JPG-JPEG\Light Cult NFTs\6F2VVHVI__Diapositiva126.JPG","63"
"126","2","6W2HX63Z__Diapositiva126.JPG","E:\Zotero-organized-export\JPG-JPEG\Light Cult NFTs\6W2HX63Z__Diapositiva126.JPG","124.7"
"127","3","AEU92G2X__Diapositiva127.JPG","E:\Zotero-organized-export\JPG-JPEG\Light Cult NFTs\AEU92G2X__Diapositiva127.JPG","143.2"
"127","3","IXCKTKIV__Diapositiva127.JPG","E:\Zotero-organized-export\JPG-JPEG\Light Cult NFTs\IXCKTKIV__Diapositiva127.JPG","177.1"
"127","3","N95QIFWL__Diapositiva127.JPG","E:\Zotero-organized-export\JPG-JPEG\Light Cult NFTs\N95QIFWL__Diapositiva127.JPG","56.8"
"128","2","KFYW8ACU__Diapositiva128.JPG","E:\Zotero-organized-export\JPG-JPEG\Light Cult NFTs\KFYW8ACU__Diapositiva128.JPG","51.8"
"128","2","LMH5BIDZ__Diapositiva128.JPG","E:\Zotero-organized-export\JPG-JPEG\Light Cult NFTs\LMH5BIDZ__Diapositiva128.JPG","100.2"
"129","3","53UL7LMX__Diapositiva129.JPG","E:\Zotero-organized-export\JPG-JPEG\Light Cult NFTs\53UL7LMX__Diapositiva129.JPG","75.8"
"129","3","APNMBE5V__Diapositiva129.JPG","E:\Zotero-organized-export\JPG-JPEG\Light Cult NFTs\APNMBE5V__Diapositiva129.JPG","129.7"
"129","3","XAMG4RK6__Diapositiva129.JPG","E:\Zotero-organized-export\JPG-JPEG\Light Cult NFTs\XAMG4RK6__Diapositiva129.JPG","127.1"
"130","2","DZTBYPCN__Diapositiva130.JPG","E:\Zotero-organized-export\JPG-JPEG\Light Cult NFTs\DZTBYPCN__Diapositiva130.JPG","69.7"
"130","2","R7J4PBWI__Diapositiva130.JPG","E:\Zotero-organized-export\JPG-JPEG\Light Cult NFTs\R7J4PBWI__Diapositiva130.JPG","78.4"
"131","3","LWZPJ4VF__Diapositiva131.JPG","E:\Zotero-organized-export\JPG-JPEG\Light Cult NFTs\LWZPJ4VF__Diapositiva131.JPG","140.6"
"131","3","RXCHYH9P__Diapositiva131.JPG","E:\Zotero-organized-export\JPG-JPEG\Light Cult NFTs\RXCHYH9P__Diapositiva131.JPG","168.7"
"131","3","Z8NWZCJH__Diapositiva131.JPG","E:\Zotero-organized-export\JPG-JPEG\Light Cult NFTs\Z8NWZCJH__Diapositiva131.JPG","56.3"
"132","3","99NKCHSH__Diapositiva132.JPG","E:\Zotero-organized-export\JPG-JPEG\Light Cult NFTs\99NKCHSH__Diapositiva132.JPG","153.2"
"132","3","PX447MF6__Diapositiva132.JPG","E:\Zotero-organized-export\JPG-JPEG\Light Cult NFTs\PX447MF6__Diapositiva132.JPG","55"
"132","3","XLIY6HCY__Diapositiva132.JPG","E:\Zotero-organized-export\JPG-JPEG\Light Cult NFTs\XLIY6HCY__Diapositiva132.JPG","71"
"133","3","CV6HY9AD__Diapositiva133.JPG","E:\Zotero-organized-export\JPG-JPEG\Light Cult NFTs\CV6HY9AD__Diapositiva133.JPG","134.6"
"133","3","HMM9D4YU__Diapositiva133.JPG","E:\Zotero-organized-export\JPG-JPEG\Light Cult NFTs\HMM9D4YU__Diapositiva133.JPG","124.7"
"133","3","NEEDRGFY__Diapositiva133.JPG","E:\Zotero-organized-export\JPG-JPEG\Light Cult NFTs\NEEDRGFY__Diapositiva133.JPG","110.3"
"134","3","ALEMLV8T__Diapositiva134.JPG","E:\Zotero-organized-export\JPG-JPEG\Light Cult NFTs\ALEMLV8T__Diapositiva134.JPG","63.4"
"134","3","CGQKEXMR__Diapositiva134.JPG","E:\Zotero-organized-export\JPG-JPEG\Light Cult NFTs\CGQKEXMR__Diapositiva134.JPG","111.5"
"134","3","WHDCUQYC__Diapositiva134.JPG","E:\Zotero-organized-export\JPG-JPEG\Light Cult NFTs\WHDCUQYC__Diapositiva134.JPG","134.2"
"135","3","7JUHUG98__Diapositiva135.JPG","E:\Zotero-organized-export\JPG-JPEG\Light Cult NFTs\7JUHUG98__Diapositiva135.JPG","45"
"135","3","KF8FZRLU__Diapositiva135.JPG","E:\Zotero-organized-export\JPG-JPEG\Light Cult NFTs\KF8FZRLU__Diapositiva135.JPG","148.6"
"135","3","THBA65RX__Diapositiva135.JPG","E:\Zotero-organized-export\JPG-JPEG\Light Cult NFTs\THBA65RX__Diapositiva135.JPG","77.3"
"136","3","554WE3AJ__Diapositiva136.JPG","E:\Zotero-organized-export\JPG-JPEG\Light Cult NFTs\554WE3AJ__Diapositiva136.JPG","136.7"
"136","3","AL9VF5KR__Diapositiva136.JPG","E:\Zotero-organized-export\JPG-JPEG\Light Cult NFTs\AL9VF5KR__Diapositiva136.JPG","74.7"
"136","3","SBKQGP5Y__Diapositiva136.JPG","E:\Zotero-organized-export\JPG-JPEG\Light Cult NFTs\SBKQGP5Y__Diapositiva136.JPG","59.1"
"137","3","3VQJWS4I__Diapositiva137.JPG","E:\Zotero-organized-export\JPG-JPEG\Light Cult NFTs\3VQJWS4I__Diapositiva137.JPG","153.5"
"137","3","6PTHLQFT__Diapositiva137.JPG","E:\Zotero-organized-export\JPG-JPEG\Light Cult NFTs\6PTHLQFT__Diapositiva137.JPG","60.6"
"137","3","EN8SMXXU__Diapositiva137.JPG","E:\Zotero-organized-export\JPG-JPEG\Light Cult NFTs\EN8SMXXU__Diapositiva137.JPG","58.1"
"138","2","NP3SJBBW__Diapositiva138.JPG","E:\Zotero-organized-export\JPG-JPEG\Light Cult NFTs\NP3SJBBW__Diapositiva138.JPG","64.7"
"138","2","SS5Q8P68__Diapositiva138.JPG","E:\Zotero-organized-export\JPG-JPEG\Light Cult NFTs\SS5Q8P68__Diapositiva138.JPG","109.7"
"139","2","R32E5IN9__Diapositiva139.JPG","E:\Zotero-organized-export\JPG-JPEG\Light Cult NFTs\R32E5IN9__Diapositiva139.JPG","106.7"
"139","2","V5PGGSBT__Diapositiva139.JPG","E:\Zotero-organized-export\JPG-JPEG\Light Cult NFTs\V5PGGSBT__Diapositiva139.JPG","145"
"140","3","CLRYV3ZR__Diapositiva140.JPG","E:\Zotero-organized-export\JPG-JPEG\Light Cult NFTs\CLRYV3ZR__Diapositiva140.JPG","84.4"
"140","3","RWI8EZZV__Diapositiva140.JPG","E:\Zotero-organized-export\JPG-JPEG\Light Cult NFTs\RWI8EZZV__Diapositiva140.JPG","71.1"
"140","3","SXLC3BBL__Diapositiva140.JPG","E:\Zotero-organized-export\JPG-JPEG\Light Cult NFTs\SXLC3BBL__Diapositiva140.JPG","53.4"
"141","3","PSGWE979__Diapositiva141.JPG","E:\Zotero-organized-export\JPG-JPEG\Light Cult NFTs\PSGWE979__Diapositiva141.JPG","100.1"
"141","3","QC4DBWTC__Diapositiva141.JPG","E:\Zotero-organized-export\JPG-JPEG\Light Cult NFTs\QC4DBWTC__Diapositiva141.JPG","145.7"
"141","3","YA6QDQDV__Diapositiva141.JPG","E:\Zotero-organized-export\JPG-JPEG\Light Cult NFTs\YA6QDQDV__Diapositiva141.JPG","110.2"
"142","2","Y3Z64GYD__Diapositiva142.JPG","E:\Zotero-organized-export\JPG-JPEG\Light Cult NFTs\Y3Z64GYD__Diapositiva142.JPG","75.8"
"142","2","Y56ISM8U__Diapositiva142.JPG","E:\Zotero-organized-export\JPG-JPEG\Light Cult NFTs\Y56ISM8U__Diapositiva142.JPG","60"
"143","3","6UWIBKZ2__Diapositiva143.JPG","E:\Zotero-organized-export\JPG-JPEG\Light Cult NFTs\6UWIBKZ2__Diapositiva143.JPG","89.6"
"143","3","M2HSLMPV__Diapositiva143.JPG","E:\Zotero-organized-export\JPG-JPEG\Light Cult NFTs\M2HSLMPV__Diapositiva143.JPG","78.2"
"143","3","QX3MLVNF__Diapositiva143.JPG","E:\Zotero-organized-export\JPG-JPEG\Light Cult NFTs\QX3MLVNF__Diapositiva143.JPG","50.6"
"144","2","F5KEFRJ8__Diapositiva144.JPG","E:\Zotero-organized-export\JPG-JPEG\Light Cult NFTs\F5KEFRJ8__Diapositiva144.JPG","118.2"
"144","2","MXYS9PGZ__Diapositiva144.JPG","E:\Zotero-organized-export\JPG-JPEG\Light Cult NFTs\MXYS9PGZ__Diapositiva144.JPG","127.6"
"145","3","8QCV8M6P__Diapositiva145.JPG","E:\Zotero-organized-export\JPG-JPEG\Light Cult NFTs\8QCV8M6P__Diapositiva145.JPG","103.1"
"145","3","SFW9ZKP7__Diapositiva145.JPG","E:\Zotero-organized-export\JPG-JPEG\Light Cult NFTs\SFW9ZKP7__Diapositiva145.JPG","125.9"
"145","3","YBJGDWVH__Diapositiva145.JPG","E:\Zotero-organized-export\JPG-JPEG\Light Cult NFTs\YBJGDWVH__Diapositiva145.JPG","67.1"
"146","3","EIME5UBD__Diapositiva146.JPG","E:\Zotero-organized-export\JPG-JPEG\Light Cult NFTs\EIME5UBD__Diapositiva146.JPG","32.4"
"146","3","FVV3AN52__Diapositiva146.JPG","E:\Zotero-organized-export\JPG-JPEG\Light Cult NFTs\FVV3AN52__Diapositiva146.JPG","133.8"
"146","3","PCYGXD8C__Diapositiva146.JPG","E:\Zotero-organized-export\JPG-JPEG\Light Cult NFTs\PCYGXD8C__Diapositiva146.JPG","146.6"
"147","3","86EV4P93__Diapositiva147.JPG","E:\Zotero-organized-export\JPG-JPEG\Light Cult NFTs\86EV4P93__Diapositiva147.JPG","82.5"
"147","3","A69WHR9Z__Diapositiva147.JPG","E:\Zotero-organized-export\JPG-JPEG\Light Cult NFTs\A69WHR9Z__Diapositiva147.JPG","67.7"
"147","3","NPKZBU8Q__Diapositiva147.JPG","E:\Zotero-organized-export\JPG-JPEG\Light Cult NFTs\NPKZBU8Q__Diapositiva147.JPG","156.7"
"148","3","3TCQVBNP__Diapositiva148.JPG","E:\Zotero-organized-export\JPG-JPEG\Light Cult NFTs\3TCQVBNP__Diapositiva148.JPG","61.8"
"148","3","DDFLTAZ2__Diapositiva148.JPG","E:\Zotero-organized-export\JPG-JPEG\Light Cult NFTs\DDFLTAZ2__Diapositiva148.JPG","76.7"
"148","3","RIPFYCL7__Diapositiva148.JPG","E:\Zotero-organized-export\JPG-JPEG\Light Cult NFTs\RIPFYCL7__Diapositiva148.JPG","136.5"
"149","3","228FKVZI__Diapositiva149.JPG","E:\Zotero-organized-export\JPG-JPEG\Light Cult NFTs\228FKVZI__Diapositiva149.JPG","63.1"
"149","3","2K9VW3H9__Diapositiva149.JPG","E:\Zotero-organized-export\JPG-JPEG\Light Cult NFTs\2K9VW3H9__Diapositiva149.JPG","36"
"149","3","P7767DIU__Diapositiva149.JPG","E:\Zotero-organized-export\JPG-JPEG\Light Cult NFTs\P7767DIU__Diapositiva149.JPG","91.1"
"150","3","FDURDFIT__Diapositiva150.JPG","E:\Zotero-organized-export\JPG-JPEG\Light Cult NFTs\FDURDFIT__Diapositiva150.JPG","47.7"
"150","3","LUT6G8MU__Diapositiva150.JPG","E:\Zotero-organized-export\JPG-JPEG\Light Cult NFTs\LUT6G8MU__Diapositiva150.JPG","54.2"
"150","3","R9V3DPQ7__Diapositiva150.JPG","E:\Zotero-organized-export\JPG-JPEG\Light Cult NFTs\R9V3DPQ7__Diapositiva150.JPG","69.8"
"151","3","DQ7LKZIW__Diapositiva151.JPG","E:\Zotero-organized-export\JPG-JPEG\Light Cult NFTs\DQ7LKZIW__Diapositiva151.JPG","34.1"
"151","3","GNULHKN7__Diapositiva151.JPG","E:\Zotero-organized-export\JPG-JPEG\Light Cult NFTs\GNULHKN7__Diapositiva151.JPG","83.9"
"151","3","IPAGKY78__Diapositiva151.JPG","E:\Zotero-organized-export\JPG-JPEG\Light Cult NFTs\IPAGKY78__Diapositiva151.JPG","93.1"
"152","3","9IBCSLFL__Diapositiva152.JPG","E:\Zotero-organized-export\JPG-JPEG\Light Cult NFTs\9IBCSLFL__Diapositiva152.JPG","98.6"
"152","3","A8SZVSMK__Diapositiva152.JPG","E:\Zotero-organized-export\JPG-JPEG\Light Cult NFTs\A8SZVSMK__Diapositiva152.JPG","70.6"
"152","3","KUW3QLGF__Diapositiva152.JPG","E:\Zotero-organized-export\JPG-JPEG\Light Cult NFTs\KUW3QLGF__Diapositiva152.JPG","93.6"
"153","3","C4K9AUA5__Diapositiva153.JPG","E:\Zotero-organized-export\JPG-JPEG\Light Cult NFTs\C4K9AUA5__Diapositiva153.JPG","82.3"
"153","3","EAU24LRU__Diapositiva153.JPG","E:\Zotero-organized-export\JPG-JPEG\Light Cult NFTs\EAU24LRU__Diapositiva153.JPG","90.9"
"153","3","FJBKQQ2A__Diapositiva153.JPG","E:\Zotero-organized-export\JPG-JPEG\Light Cult NFTs\FJBKQQ2A__Diapositiva153.JPG","53.8"
"154","3","AX7D87CQ__Diapositiva154.JPG","E:\Zotero-organized-export\JPG-JPEG\Light Cult NFTs\AX7D87CQ__Diapositiva154.JPG","75"
"154","3","FSWWR2PE__Diapositiva154.JPG","E:\Zotero-organized-export\JPG-JPEG\Light Cult NFTs\FSWWR2PE__Diapositiva154.JPG","64.6"
"154","3","U26ZMNXW__Diapositiva154.JPG","E:\Zotero-organized-export\JPG-JPEG\Light Cult NFTs\U26ZMNXW__Diapositiva154.JPG","79.1"
"155","2","FDN55ADJ__Diapositiva155.JPG","E:\Zotero-organized-export\JPG-JPEG\Light Cult NFTs\FDN55ADJ__Diapositiva155.JPG","141.8"
"155","2","SS6LDPGZ__Diapositiva155.JPG","E:\Zotero-organized-export\JPG-JPEG\Light Cult NFTs\SS6LDPGZ__Diapositiva155.JPG","67.3"
"156","3","6SRML2IG__Diapositiva156.JPG","E:\Zotero-organized-export\JPG-JPEG\Light Cult NFTs\6SRML2IG__Diapositiva156.JPG","118.8"
"156","3","C8BA76SR__Diapositiva156.JPG","E:\Zotero-organized-export\JPG-JPEG\Light Cult NFTs\C8BA76SR__Diapositiva156.JPG","66.1"
"156","3","R3XUK2W6__Diapositiva156.JPG","E:\Zotero-organized-export\JPG-JPEG\Light Cult NFTs\R3XUK2W6__Diapositiva156.JPG","88.2"
"157","3","6I7DFRPW__Diapositiva157.JPG","E:\Zotero-organized-export\JPG-JPEG\Light Cult NFTs\6I7DFRPW__Diapositiva157.JPG","55"
"157","3","P3SLPDCX__Diapositiva157.JPG","E:\Zotero-organized-export\JPG-JPEG\Light Cult NFTs\P3SLPDCX__Diapositiva157.JPG","59.1"
"157","3","TMXJ9UDR__Diapositiva157.JPG","E:\Zotero-organized-export\JPG-JPEG\Light Cult NFTs\TMXJ9UDR__Diapositiva157.JPG","103.8"
"158","3","GSNJAKFZ__Diapositiva158.JPG","E:\Zotero-organized-export\JPG-JPEG\Light Cult NFTs\GSNJAKFZ__Diapositiva158.JPG","122.9"
"158","3","M5KNVIWX__Diapositiva158.JPG","E:\Zotero-organized-export\JPG-JPEG\Light Cult NFTs\M5KNVIWX__Diapositiva158.JPG","88.1"
"158","3","Z6JMV7W2__Diapositiva158.JPG","E:\Zotero-organized-export\JPG-JPEG\Light Cult NFTs\Z6JMV7W2__Diapositiva158.JPG","138.3"
"159","2","6T639NQS__Diapositiva159.JPG","E:\Zotero-organized-export\JPG-JPEG\Light Cult NFTs\6T639NQS__Diapositiva159.JPG","138"
"159","2","8CAI9N93__Diapositiva159.JPG","E:\Zotero-organized-export\JPG-JPEG\Light Cult NFTs\8CAI9N93__Diapositiva159.JPG","90.5"
"160","3","BDPQH9JS__Diapositiva160.JPG","E:\Zotero-organized-export\JPG-JPEG\Light Cult NFTs\BDPQH9JS__Diapositiva160.JPG","61.2"
"160","3","HK7IJEDK__Diapositiva160.JPG","E:\Zotero-organized-export\JPG-JPEG\Light Cult NFTs\HK7IJEDK__Diapositiva160.JPG","33.9"
"160","3","UG3VIWG9__Diapositiva160.JPG","E:\Zotero-organized-export\JPG-JPEG\Light Cult NFTs\UG3VIWG9__Diapositiva160.JPG","89.5"
"161","3","IHAR28CW__Diapositiva161.JPG","E:\Zotero-organized-export\JPG-JPEG\Light Cult NFTs\IHAR28CW__Diapositiva161.JPG","77.5"
"161","3","PHFCJ5HD__Diapositiva161.JPG","E:\Zotero-organized-export\JPG-JPEG\Light Cult NFTs\PHFCJ5HD__Diapositiva161.JPG","129.3"
"161","3","UH9LG6BY__Diapositiva161.JPG","E:\Zotero-organized-export\JPG-JPEG\Light Cult NFTs\UH9LG6BY__Diapositiva161.JPG","123"
"162","2","FDNHB4EW__Diapositiva162.JPG","E:\Zotero-organized-export\JPG-JPEG\Light Cult NFTs\FDNHB4EW__Diapositiva162.JPG","64"
"162","2","NA9EQX5Q__Diapositiva162.JPG","E:\Zotero-organized-export\JPG-JPEG\Light Cult NFTs\NA9EQX5Q__Diapositiva162.JPG","139.3"
"163","3","I3YFWSYV__Diapositiva163.JPG","E:\Zotero-organized-export\JPG-JPEG\Light Cult NFTs\I3YFWSYV__Diapositiva163.JPG","82.6"
"163","3","JLKLG6ZH__Diapositiva163.JPG","E:\Zotero-organized-export\JPG-JPEG\Light Cult NFTs\JLKLG6ZH__Diapositiva163.JPG","112.7"
"163","3","RPJUC2VV__Diapositiva163.JPG","E:\Zotero-organized-export\JPG-JPEG\Light Cult NFTs\RPJUC2VV__Diapositiva163.JPG","77.8"
"164","3","9CJY2VFF__Diapositiva164.JPG","E:\Zotero-organized-export\JPG-JPEG\Light Cult NFTs\9CJY2VFF__Diapositiva164.JPG","89.5"
"164","3","UP5AUHSJ__Diapositiva164.JPG","E:\Zotero-organized-export\JPG-JPEG\Light Cult NFTs\UP5AUHSJ__Diapositiva164.JPG","47.2"
"164","3","WPC82DV7__Diapositiva164.JPG","E:\Zotero-organized-export\JPG-JPEG\Light Cult NFTs\WPC82DV7__Diapositiva164.JPG","52.4"
"165","2","47M5ALCY__Diapositiva165.JPG","E:\Zotero-organized-export\JPG-JPEG\Light Cult NFTs\47M5ALCY__Diapositiva165.JPG","202.2"
"165","2","YJS4HYB5__Diapositiva165.JPG","E:\Zotero-organized-export\JPG-JPEG\Light Cult NFTs\YJS4HYB5__Diapositiva165.JPG","101.7"
"166","2","6KS4T6EV__Diapositiva166.JPG","E:\Zotero-organized-export\JPG-JPEG\Light Cult NFTs\6KS4T6EV__Diapositiva166.JPG","66.6"
"166","2","NW6UNSQZ__Diapositiva166.JPG","E:\Zotero-organized-export\JPG-JPEG\Light Cult NFTs\NW6UNSQZ__Diapositiva166.JPG","94.7"
"167","3","QTL6RCY8__Diapositiva167.JPG","E:\Zotero-organized-export\JPG-JPEG\Light Cult NFTs\QTL6RCY8__Diapositiva167.JPG","134.8"
"167","3","XDIK3HPN__Diapositiva167.JPG","E:\Zotero-organized-export\JPG-JPEG\Light Cult NFTs\XDIK3HPN__Diapositiva167.JPG","83.2"
"167","3","Z6LAATLE__Diapositiva167.JPG","E:\Zotero-organized-export\JPG-JPEG\Light Cult NFTs\Z6LAATLE__Diapositiva167.JPG","142.7"
"168","3","BZW3RAQH__Diapositiva168.JPG","E:\Zotero-organized-export\JPG-JPEG\Light Cult NFTs\BZW3RAQH__Diapositiva168.JPG","48.2"
"168","3","IGSWF4FD__Diapositiva168.JPG","E:\Zotero-organized-export\JPG-JPEG\Light Cult NFTs\IGSWF4FD__Diapositiva168.JPG","111.6"
"168","3","PXDB9D2K__Diapositiva168.JPG","E:\Zotero-organized-export\JPG-JPEG\Light Cult NFTs\PXDB9D2K__Diapositiva168.JPG","116.5"
"169","3","H7UUFE9I__Diapositiva169.JPG","E:\Zotero-organized-export\JPG-JPEG\Light Cult NFTs\H7UUFE9I__Diapositiva169.JPG","95.2"
"169","3","UNMHCLHG__Diapositiva169.JPG","E:\Zotero-organized-export\JPG-JPEG\Light Cult NFTs\UNMHCLHG__Diapositiva169.JPG","102.4"
"169","3","XG3BJ7H5__Diapositiva169.JPG","E:\Zotero-organized-export\JPG-JPEG\Light Cult NFTs\XG3BJ7H5__Diapositiva169.JPG","128.3"
"170","3","L6VJ8AQ7__Diapositiva170.JPG","E:\Zotero-organized-export\JPG-JPEG\Light Cult NFTs\L6VJ8AQ7__Diapositiva170.JPG","119.9"
"170","3","RF5BFGH5__Diapositiva170.JPG","E:\Zotero-organized-export\JPG-JPEG\Light Cult NFTs\RF5BFGH5__Diapositiva170.JPG","81.3"
"170","3","RLIFH2J4__Diapositiva170.JPG","E:\Zotero-organized-export\JPG-JPEG\Light Cult NFTs\RLIFH2J4__Diapositiva170.JPG","90.2"
"171","3","7TXV85FA__Diapositiva171.JPG","E:\Zotero-organized-export\JPG-JPEG\Light Cult NFTs\7TXV85FA__Diapositiva171.JPG","127.8"
"171","3","AE6B8MXV__Diapositiva171.JPG","E:\Zotero-organized-export\JPG-JPEG\Light Cult NFTs\AE6B8MXV__Diapositiva171.JPG","57"
"171","3","XI8HLJHT__Diapositiva171.JPG","E:\Zotero-organized-export\JPG-JPEG\Light Cult NFTs\XI8HLJHT__Diapositiva171.JPG","94.9"
"172","2","8NJQ4KUL__Diapositiva172.JPG","E:\Zotero-organized-export\JPG-JPEG\Light Cult NFTs\8NJQ4KUL__Diapositiva172.JPG","139.9"
"172","2","E59HBZRR__Diapositiva172.JPG","E:\Zotero-organized-export\JPG-JPEG\Light Cult NFTs\E59HBZRR__Diapositiva172.JPG","94.9"
"173","3","H23CENDP__Diapositiva173.JPG","E:\Zotero-organized-export\JPG-JPEG\Light Cult NFTs\H23CENDP__Diapositiva173.JPG","53.8"
"173","3","KSRHZ7IF__Diapositiva173.JPG","E:\Zotero-organized-export\JPG-JPEG\Light Cult NFTs\KSRHZ7IF__Diapositiva173.JPG","107.4"
"173","3","PNHUUJMT__Diapositiva173.JPG","E:\Zotero-organized-export\JPG-JPEG\Light Cult NFTs\PNHUUJMT__Diapositiva173.JPG","144.6"
"174","3","972BCDUI__Diapositiva174.JPG","E:\Zotero-organized-export\JPG-JPEG\Light Cult NFTs\972BCDUI__Diapositiva174.JPG","78.9"
"174","3","V8IJD7EC__Diapositiva174.JPG","E:\Zotero-organized-export\JPG-JPEG\Light Cult NFTs\V8IJD7EC__Diapositiva174.JPG","108.5"
"174","3","VW6XI6WZ__Diapositiva174.JPG","E:\Zotero-organized-export\JPG-JPEG\Light Cult NFTs\VW6XI6WZ__Diapositiva174.JPG","52.9"
"175","3","8LNPWQQN__Diapositiva175.JPG","E:\Zotero-organized-export\JPG-JPEG\Light Cult NFTs\8LNPWQQN__Diapositiva175.JPG","166.7"
"175","3","PFAFN9G3__Diapositiva175.JPG","E:\Zotero-organized-export\JPG-JPEG\Light Cult NFTs\PFAFN9G3__Diapositiva175.JPG","81.5"
"175","3","YETM6MZY__Diapositiva175.JPG","E:\Zotero-organized-export\JPG-JPEG\Light Cult NFTs\YETM6MZY__Diapositiva175.JPG","75.4"
"176","3","8M4FWAJU__Diapositiva176.JPG","E:\Zotero-organized-export\JPG-JPEG\Light Cult NFTs\8M4FWAJU__Diapositiva176.JPG","120.8"
"176","3","CKS3WE9X__Diapositiva176.JPG","E:\Zotero-organized-export\JPG-JPEG\Light Cult NFTs\CKS3WE9X__Diapositiva176.JPG","75.5"
"176","3","UCVDWS4B__Diapositiva176.JPG","E:\Zotero-organized-export\JPG-JPEG\Light Cult NFTs\UCVDWS4B__Diapositiva176.JPG","119"
"177","3","AUAZ58UL__Diapositiva177.JPG","E:\Zotero-organized-export\JPG-JPEG\Light Cult NFTs\AUAZ58UL__Diapositiva177.JPG","75.5"
"177","3","L782URUG__Diapositiva177.JPG","E:\Zotero-organized-export\JPG-JPEG\Light Cult NFTs\L782URUG__Diapositiva177.JPG","70.4"
"177","3","SLNRPEM6__Diapositiva177.JPG","E:\Zotero-organized-export\JPG-JPEG\Light Cult NFTs\SLNRPEM6__Diapositiva177.JPG","136.3"
"178","3","DCQ2RNMP__Diapositiva178.JPG","E:\Zotero-organized-export\JPG-JPEG\Light Cult NFTs\DCQ2RNMP__Diapositiva178.JPG","114.1"
"178","3","MAX7NN9S__Diapositiva178.JPG","E:\Zotero-organized-export\JPG-JPEG\Light Cult NFTs\MAX7NN9S__Diapositiva178.JPG","73"
"178","3","UTGRLK2Q__Diapositiva178.JPG","E:\Zotero-organized-export\JPG-JPEG\Light Cult NFTs\UTGRLK2Q__Diapositiva178.JPG","136.6"
"179","3","FVIHA43W__Diapositiva179.JPG","E:\Zotero-organized-export\JPG-JPEG\Light Cult NFTs\FVIHA43W__Diapositiva179.JPG","116.5"
"179","3","HUJ5PUSU__Diapositiva179.JPG","E:\Zotero-organized-export\JPG-JPEG\Light Cult NFTs\HUJ5PUSU__Diapositiva179.JPG","59.8"
"179","3","U9MSP68W__Diapositiva179.JPG","E:\Zotero-organized-export\JPG-JPEG\Light Cult NFTs\U9MSP68W__Diapositiva179.JPG","52"
"180","3","BAUBWLTN__Diapositiva180.JPG","E:\Zotero-organized-export\JPG-JPEG\Light Cult NFTs\BAUBWLTN__Diapositiva180.JPG","133.9"
"180","3","IZZFWM9Z__Diapositiva180.JPG","E:\Zotero-organized-export\JPG-JPEG\Light Cult NFTs\IZZFWM9Z__Diapositiva180.JPG","52.3"
"180","3","KD4TVRTW__Diapositiva180.JPG","E:\Zotero-organized-export\JPG-JPEG\Light Cult NFTs\KD4TVRTW__Diapositiva180.JPG","140.8"
"181","3","AZMVXMET__Diapositiva181.JPG","E:\Zotero-organized-export\JPG-JPEG\Light Cult NFTs\AZMVXMET__Diapositiva181.JPG","81.4"
"181","3","GX4I2VEF__Diapositiva181.JPG","E:\Zotero-organized-export\JPG-JPEG\Light Cult NFTs\GX4I2VEF__Diapositiva181.JPG","130.9"
"181","3","H7ZSVAJG__Diapositiva181.JPG","E:\Zotero-organized-export\JPG-JPEG\Light Cult NFTs\H7ZSVAJG__Diapositiva181.JPG","63.3"
"182","3","ENXFI7YI__Diapositiva182.JPG","E:\Zotero-organized-export\JPG-JPEG\Light Cult NFTs\ENXFI7YI__Diapositiva182.JPG","114"
"182","3","N3AABKFG__Diapositiva182.JPG","E:\Zotero-organized-export\JPG-JPEG\Light Cult NFTs\N3AABKFG__Diapositiva182.JPG","102.9"
"182","3","SRG8HAKP__Diapositiva182.JPG","E:\Zotero-organized-export\JPG-JPEG\Light Cult NFTs\SRG8HAKP__Diapositiva182.JPG","92.3"
"183","3","4VNVIR99__Diapositiva183.JPG","E:\Zotero-organized-export\JPG-JPEG\Light Cult NFTs\4VNVIR99__Diapositiva183.JPG","146.5"
"183","3","GMA22UW9__Diapositiva183.JPG","E:\Zotero-organized-export\JPG-JPEG\Light Cult NFTs\GMA22UW9__Diapositiva183.JPG","82.6"
"183","3","VNE3Z7CG__Diapositiva183.JPG","E:\Zotero-organized-export\JPG-JPEG\Light Cult NFTs\VNE3Z7CG__Diapositiva183.JPG","95"
"184","3","5EHJ9JPT__Diapositiva184.JPG","E:\Zotero-organized-export\JPG-JPEG\Light Cult NFTs\5EHJ9JPT__Diapositiva184.JPG","62.9"
"184","3","6APKMHAN__Diapositiva184.JPG","E:\Zotero-organized-export\JPG-JPEG\Light Cult NFTs\6APKMHAN__Diapositiva184.JPG","121.2"
"184","3","7HQPAEQV__Diapositiva184.JPG","E:\Zotero-organized-export\JPG-JPEG\Light Cult NFTs\7HQPAEQV__Diapositiva184.JPG","95.8"
"186","3","4YAH3PM8__Diapositiva186.JPG","E:\Zotero-organized-export\JPG-JPEG\Light Cult NFTs\4YAH3PM8__Diapositiva186.JPG","110.1"
"186","3","GN3Z2PHT__Diapositiva186.JPG","E:\Zotero-organized-export\JPG-JPEG\Light Cult NFTs\GN3Z2PHT__Diapositiva186.JPG","87.3"
"186","3","RSS5V6II__Diapositiva186.JPG","E:\Zotero-organized-export\JPG-JPEG\Light Cult NFTs\RSS5V6II__Diapositiva186.JPG","103.5"
"187","3","BU7PXHCA__Diapositiva187.JPG","E:\Zotero-organized-export\JPG-JPEG\Light Cult NFTs\BU7PXHCA__Diapositiva187.JPG","150.7"
"187","3","KZEXY3QK__Diapositiva187.JPG","E:\Zotero-organized-export\JPG-JPEG\Light Cult NFTs\KZEXY3QK__Diapositiva187.JPG","116.8"
"187","3","WTSUEVWM__Diapositiva187.JPG","E:\Zotero-organized-export\JPG-JPEG\Light Cult NFTs\WTSUEVWM__Diapositiva187.JPG","74.4"
"188","3","NTD8BI4Q__Diapositiva188.JPG","E:\Zotero-organized-export\JPG-JPEG\Light Cult NFTs\NTD8BI4Q__Diapositiva188.JPG","110.3"
"188","3","U8MPELXJ__Diapositiva188.JPG","E:\Zotero-organized-export\JPG-JPEG\Light Cult NFTs\U8MPELXJ__Diapositiva188.JPG","94"
"188","3","UNQY5WTB__Diapositiva188.JPG","E:\Zotero-organized-export\JPG-JPEG\Light Cult NFTs\UNQY5WTB__Diapositiva188.JPG","120.5"
"189","3","7PJHUFPW__Diapositiva189.JPG","E:\Zotero-organized-export\JPG-JPEG\Light Cult NFTs\7PJHUFPW__Diapositiva189.JPG","91.7"
"189","3","9PZ4X6UX__Diapositiva189.JPG","E:\Zotero-organized-export\JPG-JPEG\Light Cult NFTs\9PZ4X6UX__Diapositiva189.JPG","49.4"
"189","3","NLIRGPIT__Diapositiva189.JPG","E:\Zotero-organized-export\JPG-JPEG\Light Cult NFTs\NLIRGPIT__Diapositiva189.JPG","59.5"
"190","3","9XVDLP49__Diapositiva190.JPG","E:\Zotero-organized-export\JPG-JPEG\Light Cult NFTs\9XVDLP49__Diapositiva190.JPG","68"
"190","3","CH8TEE7X__Diapositiva190.JPG","E:\Zotero-organized-export\JPG-JPEG\Light Cult NFTs\CH8TEE7X__Diapositiva190.JPG","86.5"
"190","3","QMH49R6J__Diapositiva190.JPG","E:\Zotero-organized-export\JPG-JPEG\Light Cult NFTs\QMH49R6J__Diapositiva190.JPG","80.3"
"191","3","9F574KLY__Diapositiva191.JPG","E:\Zotero-organized-export\JPG-JPEG\Light Cult NFTs\9F574KLY__Diapositiva191.JPG","100.9"
"191","3","L6E6LWJG__Diapositiva191.JPG","E:\Zotero-organized-export\JPG-JPEG\Light Cult NFTs\L6E6LWJG__Diapositiva191.JPG","120.6"
"191","3","MAC6YQ4H__Diapositiva191.JPG","E:\Zotero-organized-export\JPG-JPEG\Light Cult NFTs\MAC6YQ4H__Diapositiva191.JPG","65.5"
"192","3","6JIQMYNE__Diapositiva192.JPG","E:\Zotero-organized-export\JPG-JPEG\Light Cult NFTs\6JIQMYNE__Diapositiva192.JPG","97.7"
"192","3","6LG8JCKE__Diapositiva192.JPG","E:\Zotero-organized-export\JPG-JPEG\Light Cult NFTs\6LG8JCKE__Diapositiva192.JPG","56.3"
"192","3","IPZW5NVL__Diapositiva192.JPG","E:\Zotero-organized-export\JPG-JPEG\Light Cult NFTs\IPZW5NVL__Diapositiva192.JPG","49.1"
"193","3","6G48GUWQ__Diapositiva193.JPG","E:\Zotero-organized-export\JPG-JPEG\Light Cult NFTs\6G48GUWQ__Diapositiva193.JPG","121.8"
"193","3","J3P3UQ63__Diapositiva193.JPG","E:\Zotero-organized-export\JPG-JPEG\Light Cult NFTs\J3P3UQ63__Diapositiva193.JPG","40.5"
"193","3","J9YEN9DI__Diapositiva193.JPG","E:\Zotero-organized-export\JPG-JPEG\Light Cult NFTs\J9YEN9DI__Diapositiva193.JPG","95.4"
"194","2","K9MLV2LV__Diapositiva194.JPG","E:\Zotero-organized-export\JPG-JPEG\Light Cult NFTs\K9MLV2LV__Diapositiva194.JPG","61"
"194","2","RQL8KETA__Diapositiva194.JPG","E:\Zotero-organized-export\JPG-JPEG\Light Cult NFTs\RQL8KETA__Diapositiva194.JPG","108.2"
"195","3","7HZ4IKH3__Diapositiva195.JPG","E:\Zotero-organized-export\JPG-JPEG\Light Cult NFTs\7HZ4IKH3__Diapositiva195.JPG","72.6"
"195","3","B389TNRR__Diapositiva195.JPG","E:\Zotero-organized-export\JPG-JPEG\Light Cult NFTs\B389TNRR__Diapositiva195.JPG","48.2"
"195","3","JDIPTJCD__Diapositiva195.JPG","E:\Zotero-organized-export\JPG-JPEG\Light Cult NFTs\JDIPTJCD__Diapositiva195.JPG","44.5"
"196","3","62S364AN__Diapositiva196.JPG","E:\Zotero-organized-export\JPG-JPEG\Light Cult NFTs\62S364AN__Diapositiva196.JPG","77.8"
"196","3","JWAUEQVM__Diapositiva196.JPG","E:\Zotero-organized-export\JPG-JPEG\Light Cult NFTs\JWAUEQVM__Diapositiva196.JPG","90.9"
"196","3","L9B5IXMM__Diapositiva196.JPG","E:\Zotero-organized-export\JPG-JPEG\Light Cult NFTs\L9B5IXMM__Diapositiva196.JPG","44.7"
"197","3","3MXMQDTX__Diapositiva197.JPG","E:\Zotero-organized-export\JPG-JPEG\Light Cult NFTs\3MXMQDTX__Diapositiva197.JPG","134.6"
"197","3","822DM922__Diapositiva197.JPG","E:\Zotero-organized-export\JPG-JPEG\Light Cult NFTs\822DM922__Diapositiva197.JPG","59.9"
"197","3","X9GV9DBA__Diapositiva197.JPG","E:\Zotero-organized-export\JPG-JPEG\Light Cult NFTs\X9GV9DBA__Diapositiva197.JPG","129.4"
"198","3","9TJV2B8D__Diapositiva198.JPG","E:\Zotero-organized-export\JPG-JPEG\Light Cult NFTs\9TJV2B8D__Diapositiva198.JPG","112.6"
"198","3","M8U57BLW__Diapositiva198.JPG","E:\Zotero-organized-export\JPG-JPEG\Light Cult NFTs\M8U57BLW__Diapositiva198.JPG","65.2"
"198","3","ZWX8U3BQ__Diapositiva198.JPG","E:\Zotero-organized-export\JPG-JPEG\Light Cult NFTs\ZWX8U3BQ__Diapositiva198.JPG","49.4"
"199","3","2VL32TSQ__Diapositiva199.JPG","E:\Zotero-organized-export\JPG-JPEG\Light Cult NFTs\2VL32TSQ__Diapositiva199.JPG","142.2"
"199","3","HZBKPSP8__Diapositiva199.JPG","E:\Zotero-organized-export\JPG-JPEG\Light Cult NFTs\HZBKPSP8__Diapositiva199.JPG","40.4"
"199","3","QUA6ZNT8__Diapositiva199.JPG","E:\Zotero-organized-export\JPG-JPEG\Light Cult NFTs\QUA6ZNT8__Diapositiva199.JPG","55.8"
"200","2","DI5Q44G2__Diapositiva200.JPG","E:\Zotero-organized-export\JPG-JPEG\Light Cult NFTs\DI5Q44G2__Diapositiva200.JPG","127"
"200","2","YXS5XMT4__Diapositiva200.JPG","E:\Zotero-organized-export\JPG-JPEG\Light Cult NFTs\YXS5XMT4__Diapositiva200.JPG","134.4"
"201","3","954R96FV__Diapositiva201.JPG","E:\Zotero-organized-export\JPG-JPEG\Light Cult NFTs\954R96FV__Diapositiva201.JPG","80.1"
"201","3","FTTA5ZCW__Diapositiva201.JPG","E:\Zotero-organized-export\JPG-JPEG\Light Cult NFTs\FTTA5ZCW__Diapositiva201.JPG","117.8"
"201","3","WFXRHL2X__Diapositiva201.JPG","E:\Zotero-organized-export\JPG-JPEG\Light Cult NFTs\WFXRHL2X__Diapositiva201.JPG","111"
"202","3","65B7LDHK__Diapositiva202.JPG","E:\Zotero-organized-export\JPG-JPEG\Light Cult NFTs\65B7LDHK__Diapositiva202.JPG","75.7"
"202","3","7PSCET9H__Diapositiva202.JPG","E:\Zotero-organized-export\JPG-JPEG\Light Cult NFTs\7PSCET9H__Diapositiva202.JPG","64.4"
"202","3","QBJCF5XU__Diapositiva202.JPG","E:\Zotero-organized-export\JPG-JPEG\Light Cult NFTs\QBJCF5XU__Diapositiva202.JPG","125.1"
"203","3","2DQWUHGY__Diapositiva203.JPG","E:\Zotero-organized-export\JPG-JPEG\Light Cult NFTs\2DQWUHGY__Diapositiva203.JPG","53.4"
"203","3","FIA8RDU9__Diapositiva203.JPG","E:\Zotero-organized-export\JPG-JPEG\Light Cult NFTs\FIA8RDU9__Diapositiva203.JPG","105.3"
"203","3","LQEBBR8E__Diapositiva203.JPG","E:\Zotero-organized-export\JPG-JPEG\Light Cult NFTs\LQEBBR8E__Diapositiva203.JPG","60.5"
"204","3","H6W8RTEM__Diapositiva204.JPG","E:\Zotero-organized-export\JPG-JPEG\Light Cult NFTs\H6W8RTEM__Diapositiva204.JPG","145.7"
"204","3","I84IBB5F__Diapositiva204.JPG","E:\Zotero-organized-export\JPG-JPEG\Light Cult NFTs\I84IBB5F__Diapositiva204.JPG","140.7"
"204","3","ML9RE3U4__Diapositiva204.JPG","E:\Zotero-organized-export\JPG-JPEG\Light Cult NFTs\ML9RE3U4__Diapositiva204.JPG","126.8"
"205","3","UM2BF7TQ__Diapositiva205.JPG","E:\Zotero-organized-export\JPG-JPEG\Light Cult NFTs\UM2BF7TQ__Diapositiva205.JPG","83.4"
"205","3","X93SDDXQ__Diapositiva205.JPG","E:\Zotero-organized-export\JPG-JPEG\Light Cult NFTs\X93SDDXQ__Diapositiva205.JPG","75.6"
"205","3","ZD6CIZYI__Diapositiva205.JPG","E:\Zotero-organized-export\JPG-JPEG\Light Cult NFTs\ZD6CIZYI__Diapositiva205.JPG","60.2"
"206","3","JE6XLDTY__Diapositiva206.JPG","E:\Zotero-organized-export\JPG-JPEG\Light Cult NFTs\JE6XLDTY__Diapositiva206.JPG","121.1"
"206","3","PUENVFKH__Diapositiva206.JPG","E:\Zotero-organized-export\JPG-JPEG\Light Cult NFTs\PUENVFKH__Diapositiva206.JPG","106.1"
"206","3","T4ZZBC2Y__Diapositiva206.JPG","E:\Zotero-organized-export\JPG-JPEG\Light Cult NFTs\T4ZZBC2Y__Diapositiva206.JPG","74.5"
"207","3","44RIW5R7__Diapositiva207.JPG","E:\Zotero-organized-export\JPG-JPEG\Light Cult NFTs\44RIW5R7__Diapositiva207.JPG","129.8"
"207","3","J3WA8BRA__Diapositiva207.JPG","E:\Zotero-organized-export\JPG-JPEG\Light Cult NFTs\J3WA8BRA__Diapositiva207.JPG","62.2"
"207","3","KQDJB3IY__Diapositiva207.JPG","E:\Zotero-organized-export\JPG-JPEG\Light Cult NFTs\KQDJB3IY__Diapositiva207.JPG","123.1"
"208","3","995XT5UH__Diapositiva208.JPG","E:\Zotero-organized-export\JPG-JPEG\Light Cult NFTs\995XT5UH__Diapositiva208.JPG","115.8"
"208","3","B9M39YQQ__Diapositiva208.JPG","E:\Zotero-organized-export\JPG-JPEG\Light Cult NFTs\B9M39YQQ__Diapositiva208.JPG","36.3"
"208","3","CNEPZBXW__Diapositiva208.JPG","E:\Zotero-organized-export\JPG-JPEG\Light Cult NFTs\CNEPZBXW__Diapositiva208.JPG","48.7"
"209","2","FXJ3UW82__Diapositiva209.JPG","E:\Zotero-organized-export\JPG-JPEG\Light Cult NFTs\FXJ3UW82__Diapositiva209.JPG","64.7"
"209","2","SQGI8WLH__Diapositiva209.JPG","E:\Zotero-organized-export\JPG-JPEG\Light Cult NFTs\SQGI8WLH__Diapositiva209.JPG","128.2"
"210","2","3UR2V7KH__Diapositiva210.JPG","E:\Zotero-organized-export\JPG-JPEG\Light Cult NFTs\3UR2V7KH__Diapositiva210.JPG","79.2"
"210","2","9AMLSM6S__Diapositiva210.JPG","E:\Zotero-organized-export\JPG-JPEG\Light Cult NFTs\9AMLSM6S__Diapositiva210.JPG","142"
"211","3","8JPVDWAB__Diapositiva211.JPG","E:\Zotero-organized-export\JPG-JPEG\Light Cult NFTs\8JPVDWAB__Diapositiva211.JPG","39.1"
"211","3","KG8PEWAQ__Diapositiva211.JPG","E:\Zotero-organized-export\JPG-JPEG\Light Cult NFTs\KG8PEWAQ__Diapositiva211.JPG","108.7"
"211","3","KNILZ4KE__Diapositiva211.JPG","E:\Zotero-organized-export\JPG-JPEG\Light Cult NFTs\KNILZ4KE__Diapositiva211.JPG","52.2"
"212","3","3B3MVAC7__Diapositiva212.JPG","E:\Zotero-organized-export\JPG-JPEG\Light Cult NFTs\3B3MVAC7__Diapositiva212.JPG","77.3"
"212","3","9CT78MH7__Diapositiva212.JPG","E:\Zotero-organized-export\JPG-JPEG\Light Cult NFTs\9CT78MH7__Diapositiva212.JPG","55.6"
"212","3","A3B2TA67__Diapositiva212.JPG","E:\Zotero-organized-export\JPG-JPEG\Light Cult NFTs\A3B2TA67__Diapositiva212.JPG","117.7"
"213","2","CLCPYVNH__Diapositiva213.JPG","E:\Zotero-organized-export\JPG-JPEG\Light Cult NFTs\CLCPYVNH__Diapositiva213.JPG","89.4"
"213","2","R4PQQ2TH__Diapositiva213.JPG","E:\Zotero-organized-export\JPG-JPEG\Light Cult NFTs\R4PQQ2TH__Diapositiva213.JPG","113.8"
"214","3","2FWYM2D4__Diapositiva214.JPG","E:\Zotero-organized-export\JPG-JPEG\Light Cult NFTs\2FWYM2D4__Diapositiva214.JPG","120.9"
"214","3","BETK8LME__Diapositiva214.JPG","E:\Zotero-organized-export\JPG-JPEG\Light Cult NFTs\BETK8LME__Diapositiva214.JPG","56.4"
"214","3","JMKU6ED8__Diapositiva214.JPG","E:\Zotero-organized-export\JPG-JPEG\Light Cult NFTs\JMKU6ED8__Diapositiva214.JPG","135.1"
"215","3","5KQVMYRK__Diapositiva215.JPG","E:\Zotero-organized-export\JPG-JPEG\Light Cult NFTs\5KQVMYRK__Diapositiva215.JPG","122.9"
"215","3","C4TCW5NG__Diapositiva215.JPG","E:\Zotero-organized-export\JPG-JPEG\Light Cult NFTs\C4TCW5NG__Diapositiva215.JPG","148.2"
"215","3","NFAWFX6H__Diapositiva215.JPG","E:\Zotero-organized-export\JPG-JPEG\Light Cult NFTs\NFAWFX6H__Diapositiva215.JPG","149.3"
"216","3","795ZM5IZ__Diapositiva216.JPG","E:\Zotero-organized-export\JPG-JPEG\Light Cult NFTs\795ZM5IZ__Diapositiva216.JPG","125.3"
"216","3","P9EE3DPX__Diapositiva216.JPG","E:\Zotero-organized-export\JPG-JPEG\Light Cult NFTs\P9EE3DPX__Diapositiva216.JPG","37.7"
"216","3","ZWWMRQ8U__Diapositiva216.JPG","E:\Zotero-organized-export\JPG-JPEG\Light Cult NFTs\ZWWMRQ8U__Diapositiva216.JPG","49.8"
"217","3","6QKEXA23__Diapositiva217.JPG","E:\Zotero-organized-export\JPG-JPEG\Light Cult NFTs\6QKEXA23__Diapositiva217.JPG","79.2"
"217","3","7M7MRYQX__Diapositiva217.JPG","E:\Zotero-organized-export\JPG-JPEG\Light Cult NFTs\7M7MRYQX__Diapositiva217.JPG","77.2"
"217","3","KR7CCLRB__Diapositiva217.JPG","E:\Zotero-organized-export\JPG-JPEG\Light Cult NFTs\KR7CCLRB__Diapositiva217.JPG","76.9"
"218","2","F5BEKCZ2__Diapositiva218.JPG","E:\Zotero-organized-export\JPG-JPEG\Light Cult NFTs\F5BEKCZ2__Diapositiva218.JPG","55.5"
"218","2","G7YR88DL__Diapositiva218.JPG","E:\Zotero-organized-export\JPG-JPEG\Light Cult NFTs\G7YR88DL__Diapositiva218.JPG","53.3"
"219","3","AM98B5AN__Diapositiva219.JPG","E:\Zotero-organized-export\JPG-JPEG\Light Cult NFTs\AM98B5AN__Diapositiva219.JPG","56.6"
"219","3","FISYEPLG__Diapositiva219.JPG","E:\Zotero-organized-export\JPG-JPEG\Light Cult NFTs\FISYEPLG__Diapositiva219.JPG","57.5"
"219","3","Z5IMD7A5__Diapositiva219.JPG","E:\Zotero-organized-export\JPG-JPEG\Light Cult NFTs\Z5IMD7A5__Diapositiva219.JPG","116.2"
"220","3","BJ97A4RW__Diapositiva220.JPG","E:\Zotero-organized-export\JPG-JPEG\Light Cult NFTs\BJ97A4RW__Diapositiva220.JPG","87.6"
"220","3","M53SA2IU__Diapositiva220.JPG","E:\Zotero-organized-export\JPG-JPEG\Light Cult NFTs\M53SA2IU__Diapositiva220.JPG","136"
"220","3","ZZNMP2EG__Diapositiva220.JPG","E:\Zotero-organized-export\JPG-JPEG\Light Cult NFTs\ZZNMP2EG__Diapositiva220.JPG","75.2"
"221","3","D44Q7F77__Diapositiva221.JPG","E:\Zotero-organized-export\JPG-JPEG\Light Cult NFTs\D44Q7F77__Diapositiva221.JPG","126"
"221","3","XM8ZZK6L__Diapositiva221.JPG","E:\Zotero-organized-export\JPG-JPEG\Light Cult NFTs\XM8ZZK6L__Diapositiva221.JPG","111.1"
"221","3","YPGHZQ3T__Diapositiva221.JPG","E:\Zotero-organized-export\JPG-JPEG\Light Cult NFTs\YPGHZQ3T__Diapositiva221.JPG","71.6"
"222","3","DUNH6JQD__Diapositiva222.JPG","E:\Zotero-organized-export\JPG-JPEG\Light Cult NFTs\DUNH6JQD__Diapositiva222.JPG","87.9"
"222","3","YFHJ8JTT__Diapositiva222.JPG","E:\Zotero-organized-export\JPG-JPEG\Light Cult NFTs\YFHJ8JTT__Diapositiva222.JPG","144.4"
"222","3","Z4NX9EFN__Diapositiva222.JPG","E:\Zotero-organized-export\JPG-JPEG\Light Cult NFTs\Z4NX9EFN__Diapositiva222.JPG","128"
"223","3","JHVHHBU7__Diapositiva223.JPG","E:\Zotero-organized-export\JPG-JPEG\Light Cult NFTs\JHVHHBU7__Diapositiva223.JPG","152.3"
"223","3","LD6E68LJ__Diapositiva223.JPG","E:\Zotero-organized-export\JPG-JPEG\Light Cult NFTs\LD6E68LJ__Diapositiva223.JPG","137.2"
"223","3","XWCWVSYX__Diapositiva223.JPG","E:\Zotero-organized-export\JPG-JPEG\Light Cult NFTs\XWCWVSYX__Diapositiva223.JPG","57.5"
"224","3","3QXFRKX2__Diapositiva224.JPG","E:\Zotero-organized-export\JPG-JPEG\Light Cult NFTs\3QXFRKX2__Diapositiva224.JPG","88.8"
"224","3","IMMSUT7C__Diapositiva224.JPG","E:\Zotero-organized-export\JPG-JPEG\Light Cult NFTs\IMMSUT7C__Diapositiva224.JPG","134.9"
"224","3","WEV9C7Z7__Diapositiva224.JPG","E:\Zotero-organized-export\JPG-JPEG\Light Cult NFTs\WEV9C7Z7__Diapositiva224.JPG","52.8"
"225","3","HNX7KXRR__Diapositiva225.JPG","E:\Zotero-organized-export\JPG-JPEG\Light Cult NFTs\HNX7KXRR__Diapositiva225.JPG","38.6"
"225","3","SHW3T2XR__Diapositiva225.JPG","E:\Zotero-organized-export\JPG-JPEG\Light Cult NFTs\SHW3T2XR__Diapositiva225.JPG","135.5"
"225","3","Y69YAAPL__Diapositiva225.JPG","E:\Zotero-organized-export\JPG-JPEG\Light Cult NFTs\Y69YAAPL__Diapositiva225.JPG","161.4"
"226","3","9NC6UP9E__Diapositiva226.JPG","E:\Zotero-organized-export\JPG-JPEG\Light Cult NFTs\9NC6UP9E__Diapositiva226.JPG","97.9"
"226","3","DGL9B35C__Diapositiva226.JPG","E:\Zotero-organized-export\JPG-JPEG\Light Cult NFTs\DGL9B35C__Diapositiva226.JPG","70.3"
"226","3","MY8HHIKW__Diapositiva226.JPG","E:\Zotero-organized-export\JPG-JPEG\Light Cult NFTs\MY8HHIKW__Diapositiva226.JPG","48.6"
"227","3","JXLLS335__Diapositiva227.JPG","E:\Zotero-organized-export\JPG-JPEG\Light Cult NFTs\JXLLS335__Diapositiva227.JPG","39.3"
"227","3","LEEZ93RP__Diapositiva227.JPG","E:\Zotero-organized-export\JPG-JPEG\Light Cult NFTs\LEEZ93RP__Diapositiva227.JPG","82.9"
"227","3","UB38YTIP__Diapositiva227.JPG","E:\Zotero-organized-export\JPG-JPEG\Light Cult NFTs\UB38YTIP__Diapositiva227.JPG","51.1"
"228","3","2BJZS2VH__Diapositiva228.JPG","E:\Zotero-organized-export\JPG-JPEG\Light Cult NFTs\2BJZS2VH__Diapositiva228.JPG","107.8"
"228","3","9VPS7XCB__Diapositiva228.JPG","E:\Zotero-organized-export\JPG-JPEG\Light Cult NFTs\9VPS7XCB__Diapositiva228.JPG","84.1"
"228","3","VYRCPP5V__Diapositiva228.JPG","E:\Zotero-organized-export\JPG-JPEG\Light Cult NFTs\VYRCPP5V__Diapositiva228.JPG","166.4"
"229","3","JSXXLY38__Diapositiva229.JPG","E:\Zotero-organized-export\JPG-JPEG\Light Cult NFTs\JSXXLY38__Diapositiva229.JPG","150.9"
"229","3","K4T2HUFB__Diapositiva229.JPG","E:\Zotero-organized-export\JPG-JPEG\Light Cult NFTs\K4T2HUFB__Diapositiva229.JPG","76.7"
"229","3","ZXVWTWUP__Diapositiva229.JPG","E:\Zotero-organized-export\JPG-JPEG\Light Cult NFTs\ZXVWTWUP__Diapositiva229.JPG","122.6"
"230","3","I8RSWZTL__Diapositiva230.JPG","E:\Zotero-organized-export\JPG-JPEG\Light Cult NFTs\I8RSWZTL__Diapositiva230.JPG","150.8"
"230","3","T352L4FA__Diapositiva230.JPG","E:\Zotero-organized-export\JPG-JPEG\Light Cult NFTs\T352L4FA__Diapositiva230.JPG","158.3"
"230","3","TIKA9F6L__Diapositiva230.JPG","E:\Zotero-organized-export\JPG-JPEG\Light Cult NFTs\TIKA9F6L__Diapositiva230.JPG","128.6"
"231","3","7H3RSMGY__Diapositiva231.JPG","E:\Zotero-organized-export\JPG-JPEG\Light Cult NFTs\7H3RSMGY__Diapositiva231.JPG","40.8"
"231","3","8IERC3MY__Diapositiva231.JPG","E:\Zotero-organized-export\JPG-JPEG\Light Cult NFTs\8IERC3MY__Diapositiva231.JPG","52.2"
"231","3","YRHX4F3W__Diapositiva231.JPG","E:\Zotero-organized-export\JPG-JPEG\Light Cult NFTs\YRHX4F3W__Diapositiva231.JPG","115.4"
"232","3","BBY28XXY__Diapositiva232.JPG","E:\Zotero-organized-export\JPG-JPEG\Light Cult NFTs\BBY28XXY__Diapositiva232.JPG","124.7"
"232","3","EDL9MJF9__Diapositiva232.JPG","E:\Zotero-organized-export\JPG-JPEG\Light Cult NFTs\EDL9MJF9__Diapositiva232.JPG","134.5"
"232","3","MP42ZH3A__Diapositiva232.JPG","E:\Zotero-organized-export\JPG-JPEG\Light Cult NFTs\MP42ZH3A__Diapositiva232.JPG","91.4"
"233","3","KBLSLW6D__Diapositiva233.JPG","E:\Zotero-organized-export\JPG-JPEG\Light Cult NFTs\KBLSLW6D__Diapositiva233.JPG","121.5"
"233","3","KSMYZA2V__Diapositiva233.JPG","E:\Zotero-organized-export\JPG-JPEG\Light Cult NFTs\KSMYZA2V__Diapositiva233.JPG","139.4"
"233","3","WIDKWZ4Q__Diapositiva233.JPG","E:\Zotero-organized-export\JPG-JPEG\Light Cult NFTs\WIDKWZ4Q__Diapositiva233.JPG","142.3"
"234","2","7KV3NEAP__Diapositiva234.JPG","E:\Zotero-organized-export\JPG-JPEG\Light Cult NFTs\7KV3NEAP__Diapositiva234.JPG","131.8"
"234","2","JSEEAFNK__Diapositiva234.JPG","E:\Zotero-organized-export\JPG-JPEG\Light Cult NFTs\JSEEAFNK__Diapositiva234.JPG","139.4"
"235","3","6BN2DID9__Diapositiva235.JPG","E:\Zotero-organized-export\JPG-JPEG\Light Cult NFTs\6BN2DID9__Diapositiva235.JPG","134"
"235","3","I6D23I29__Diapositiva235.JPG","E:\Zotero-organized-export\JPG-JPEG\Light Cult NFTs\I6D23I29__Diapositiva235.JPG","42"
"235","3","W52NQCDJ__Diapositiva235.JPG","E:\Zotero-organized-export\JPG-JPEG\Light Cult NFTs\W52NQCDJ__Diapositiva235.JPG","116.1"
"236","3","33KW97UL__Diapositiva236.JPG","E:\Zotero-organized-export\JPG-JPEG\Light Cult NFTs\33KW97UL__Diapositiva236.JPG","123.9"
"236","3","RT8Z35V9__Diapositiva236.JPG","E:\Zotero-organized-export\JPG-JPEG\Light Cult NFTs\RT8Z35V9__Diapositiva236.JPG","138.7"
"236","3","YX5JPHT5__Diapositiva236.JPG","E:\Zotero-organized-export\JPG-JPEG\Light Cult NFTs\YX5JPHT5__Diapositiva236.JPG","65.9"
"237","3","3VTAIM7U__Diapositiva237.JPG","E:\Zotero-organized-export\JPG-JPEG\Light Cult NFTs\3VTAIM7U__Diapositiva237.JPG","114"
"237","3","9IBA29BL__Diapositiva237.JPG","E:\Zotero-organized-export\JPG-JPEG\Light Cult NFTs\9IBA29BL__Diapositiva237.JPG","68.6"
"237","3","QS9HCWAQ__Diapositiva237.JPG","E:\Zotero-organized-export\JPG-JPEG\Light Cult NFTs\QS9HCWAQ__Diapositiva237.JPG","97.5"
"238","3","R46GJZWP__Diapositiva238.JPG","E:\Zotero-organized-export\JPG-JPEG\Light Cult NFTs\R46GJZWP__Diapositiva238.JPG","130.7"
"238","3","WENLRPYV__Diapositiva238.JPG","E:\Zotero-organized-export\JPG-JPEG\Light Cult NFTs\WENLRPYV__Diapositiva238.JPG","98.4"
"238","3","ZDADU5BX__Diapositiva238.JPG","E:\Zotero-organized-export\JPG-JPEG\Light Cult NFTs\ZDADU5BX__Diapositiva238.JPG","74.8"
"239","3","4WJIGNG9__Diapositiva239.JPG","E:\Zotero-organized-export\JPG-JPEG\Light Cult NFTs\4WJIGNG9__Diapositiva239.JPG","45"
"239","3","LG4NT5PI__Diapositiva239.JPG","E:\Zotero-organized-export\JPG-JPEG\Light Cult NFTs\LG4NT5PI__Diapositiva239.JPG","72.6"
"239","3","PMYCG2IJ__Diapositiva239.JPG","E:\Zotero-organized-export\JPG-JPEG\Light Cult NFTs\PMYCG2IJ__Diapositiva239.JPG","87.1"
"240","3","3F3T54WQ__Diapositiva240.JPG","E:\Zotero-organized-export\JPG-JPEG\Light Cult NFTs\3F3T54WQ__Diapositiva240.JPG","51.1"
"240","3","N2MCXEKC__Diapositiva240.JPG","E:\Zotero-organized-export\JPG-JPEG\Light Cult NFTs\N2MCXEKC__Diapositiva240.JPG","49.3"
"240","3","WVXCDGT5__Diapositiva240.JPG","E:\Zotero-organized-export\JPG-JPEG\Light Cult NFTs\WVXCDGT5__Diapositiva240.JPG","141.2"
"241","2","57ML3T7C__Diapositiva241.JPG","E:\Zotero-organized-export\JPG-JPEG\Light Cult NFTs\57ML3T7C__Diapositiva241.JPG","125.9"
"241","2","6U3Z59LE__Diapositiva241.JPG","E:\Zotero-organized-export\JPG-JPEG\Light Cult NFTs\6U3Z59LE__Diapositiva241.JPG","95.9"
"242","3","AJIEWS53__Diapositiva242.JPG","E:\Zotero-organized-export\JPG-JPEG\Light Cult NFTs\AJIEWS53__Diapositiva242.JPG","141.4"
"242","3","LXPKMBIB__Diapositiva242.JPG","E:\Zotero-organized-export\JPG-JPEG\Light Cult NFTs\LXPKMBIB__Diapositiva242.JPG","57.3"
"242","3","VTN8B4NB__Diapositiva242.JPG","E:\Zotero-organized-export\JPG-JPEG\Light Cult NFTs\VTN8B4NB__Diapositiva242.JPG","67"
"243","2","QKDNWU3B__Diapositiva243.JPG","E:\Zotero-organized-export\JPG-JPEG\Light Cult NFTs\QKDNWU3B__Diapositiva243.JPG","163.1"
"243","2","W77Y35YG__Diapositiva243.JPG","E:\Zotero-organized-export\JPG-JPEG\Light Cult NFTs\W77Y35YG__Diapositiva243.JPG","125.3"
"244","2","AC3IFD86__Diapositiva244.JPG","E:\Zotero-organized-export\JPG-JPEG\Light Cult NFTs\AC3IFD86__Diapositiva244.JPG","157.1"
"244","2","W2KM6MDM__Diapositiva244.JPG","E:\Zotero-organized-export\JPG-JPEG\Light Cult NFTs\W2KM6MDM__Diapositiva244.JPG","102.5"
"245","3","64BDY4XT__Diapositiva245.JPG","E:\Zotero-organized-export\JPG-JPEG\Light Cult NFTs\64BDY4XT__Diapositiva245.JPG","72.8"
"245","3","J5PXFIBE__Diapositiva245.JPG","E:\Zotero-organized-export\JPG-JPEG\Light Cult NFTs\J5PXFIBE__Diapositiva245.JPG","138.4"
"245","3","LBWZ5ZSD__Diapositiva245.JPG","E:\Zotero-organized-export\JPG-JPEG\Light Cult NFTs\LBWZ5ZSD__Diapositiva245.JPG","71.8"
"246","3","8DKWBJEL__Diapositiva246.JPG","E:\Zotero-organized-export\JPG-JPEG\Light Cult NFTs\8DKWBJEL__Diapositiva246.JPG","133.8"
"246","3","P6IF73WX__Diapositiva246.JPG","E:\Zotero-organized-export\JPG-JPEG\Light Cult NFTs\P6IF73WX__Diapositiva246.JPG","97.8"
"246","3","W78N36CH__Diapositiva246.JPG","E:\Zotero-organized-export\JPG-JPEG\Light Cult NFTs\W78N36CH__Diapositiva246.JPG","143.7"
"247","3","EHV9M92N__Diapositiva247.JPG","E:\Zotero-organized-export\JPG-JPEG\Light Cult NFTs\EHV9M92N__Diapositiva247.JPG","157.4"
"247","3","M2IGGFSW__Diapositiva247.JPG","E:\Zotero-organized-export\JPG-JPEG\Light Cult NFTs\M2IGGFSW__Diapositiva247.JPG","134.3"
"247","3","NXT3B6CL__Diapositiva247.JPG","E:\Zotero-organized-export\JPG-JPEG\Light Cult NFTs\NXT3B6CL__Diapositiva247.JPG","91.2"
"248","2","EDN4S7WA__Diapositiva248.JPG","E:\Zotero-organized-export\JPG-JPEG\Light Cult NFTs\EDN4S7WA__Diapositiva248.JPG","55.4"
"248","2","QJ24CVSH__Diapositiva248.JPG","E:\Zotero-organized-export\JPG-JPEG\Light Cult NFTs\QJ24CVSH__Diapositiva248.JPG","71.5"
"249","2","BGXJWSED__Diapositiva249.JPG","E:\Zotero-organized-export\JPG-JPEG\Light Cult NFTs\BGXJWSED__Diapositiva249.JPG","118.5"
"249","2","WJ63YLNA__Diapositiva249.JPG","E:\Zotero-organized-export\JPG-JPEG\Light Cult NFTs\WJ63YLNA__Diapositiva249.JPG","102.7"
"250","3","63BSKCP9__Diapositiva250.JPG","E:\Zotero-organized-export\JPG-JPEG\Light Cult NFTs\63BSKCP9__Diapositiva250.JPG","148.4"
"250","3","PLID9R6N__Diapositiva250.JPG","E:\Zotero-organized-export\JPG-JPEG\Light Cult NFTs\PLID9R6N__Diapositiva250.JPG","71.5"
"250","3","TF2TUXKX__Diapositiva250.JPG","E:\Zotero-organized-export\JPG-JPEG\Light Cult NFTs\TF2TUXKX__Diapositiva250.JPG","134.8"
"251","3","3GMQA5KS__Diapositiva251.JPG","E:\Zotero-organized-export\JPG-JPEG\Light Cult NFTs\3GMQA5KS__Diapositiva251.JPG","116.3"
"251","3","6YYKZ4XE__Diapositiva251.JPG","E:\Zotero-organized-export\JPG-JPEG\Light Cult NFTs\6YYKZ4XE__Diapositiva251.JPG","116.7"
"251","3","8ZQWWQZH__Diapositiva251.JPG","E:\Zotero-organized-export\JPG-JPEG\Light Cult NFTs\8ZQWWQZH__Diapositiva251.JPG","122.5"
"252","3","PPE55JCZ__Diapositiva252.JPG","E:\Zotero-organized-export\JPG-JPEG\Light Cult NFTs\PPE55JCZ__Diapositiva252.JPG","123.3"
"252","3","QZJXMG9T__Diapositiva252.JPG","E:\Zotero-organized-export\JPG-JPEG\Light Cult NFTs\QZJXMG9T__Diapositiva252.JPG","97.3"
"252","3","XD9MBIGM__Diapositiva252.JPG","E:\Zotero-organized-export\JPG-JPEG\Light Cult NFTs\XD9MBIGM__Diapositiva252.JPG","74.7"
"253","3","55L423KR__Diapositiva253.JPG","E:\Zotero-organized-export\JPG-JPEG\Light Cult NFTs\55L423KR__Diapositiva253.JPG","145.6"
"253","3","IMIIFLDV__Diapositiva253.JPG","E:\Zotero-organized-export\JPG-JPEG\Light Cult NFTs\IMIIFLDV__Diapositiva253.JPG","133.1"
"253","3","WVEC6APM__Diapositiva253.JPG","E:\Zotero-organized-export\JPG-JPEG\Light Cult NFTs\WVEC6APM__Diapositiva253.JPG","44"
"254","3","2DVW9IDI__Diapositiva254.JPG","E:\Zotero-organized-export\JPG-JPEG\Light Cult NFTs\2DVW9IDI__Diapositiva254.JPG","110"
"254","3","2RISXIDU__Diapositiva254.JPG","E:\Zotero-organized-export\JPG-JPEG\Light Cult NFTs\2RISXIDU__Diapositiva254.JPG","162"
"254","3","CXBKJW7H__Diapositiva254.JPG","E:\Zotero-organized-export\JPG-JPEG\Light Cult NFTs\CXBKJW7H__Diapositiva254.JPG","138.1"
"256","2","G5AQWDXY__Diapositiva256.JPG","E:\Zotero-organized-export\JPG-JPEG\Light Cult NFTs\G5AQWDXY__Diapositiva256.JPG","49.7"
"256","2","ZHZWKCH2__Diapositiva256.JPG","E:\Zotero-organized-export\JPG-JPEG\Light Cult NFTs\ZHZWKCH2__Diapositiva256.JPG","134.3"
"257","3","5M52KN36__Diapositiva257.JPG","E:\Zotero-organized-export\JPG-JPEG\Light Cult NFTs\5M52KN36__Diapositiva257.JPG","71"
"257","3","7LTMTFLV__Diapositiva257.JPG","E:\Zotero-organized-export\JPG-JPEG\Light Cult NFTs\7LTMTFLV__Diapositiva257.JPG","130.8"
"257","3","J7A6DPMQ__Diapositiva257.JPG","E:\Zotero-organized-export\JPG-JPEG\Light Cult NFTs\J7A6DPMQ__Diapositiva257.JPG","139.6"
"258","3","EGNPY342__Diapositiva258.JPG","E:\Zotero-organized-export\JPG-JPEG\Light Cult NFTs\EGNPY342__Diapositiva258.JPG","47.8"
"258","3","X32VDDMQ__Diapositiva258.JPG","E:\Zotero-organized-export\JPG-JPEG\Light Cult NFTs\X32VDDMQ__Diapositiva258.JPG","45.4"
"258","3","ZLH47U73__Diapositiva258.JPG","E:\Zotero-organized-export\JPG-JPEG\Light Cult NFTs\ZLH47U73__Diapositiva258.JPG","114.2"
"259","3","IDB9GIQJ__Diapositiva259.JPG","E:\Zotero-organized-export\JPG-JPEG\Light Cult NFTs\IDB9GIQJ__Diapositiva259.JPG","117.9"
"259","3","L27NCAWR__Diapositiva259.JPG","E:\Zotero-organized-export\JPG-JPEG\Light Cult NFTs\L27NCAWR__Diapositiva259.JPG","48.4"
"259","3","NWZKUHSD__Diapositiva259.JPG","E:\Zotero-organized-export\JPG-JPEG\Light Cult NFTs\NWZKUHSD__Diapositiva259.JPG","142.8"
"260","3","GEGAMEVC__Diapositiva260.JPG","E:\Zotero-organized-export\JPG-JPEG\Light Cult NFTs\GEGAMEVC__Diapositiva260.JPG","41.9"
"260","3","QPUHHU6Q__Diapositiva260.JPG","E:\Zotero-organized-export\JPG-JPEG\Light Cult NFTs\QPUHHU6Q__Diapositiva260.JPG","131.8"
"260","3","WSLXITL6__Diapositiva260.JPG","E:\Zotero-organized-export\JPG-JPEG\Light Cult NFTs\WSLXITL6__Diapositiva260.JPG","90.4"
"261","3","7M89IK6M__Diapositiva261.JPG","E:\Zotero-organized-export\JPG-JPEG\Light Cult NFTs\7M89IK6M__Diapositiva261.JPG","126"
"261","3","G4T2QWJD__Diapositiva261.JPG","E:\Zotero-organized-export\JPG-JPEG\Light Cult NFTs\G4T2QWJD__Diapositiva261.JPG","124.4"
"261","3","ZR8HMHYI__Diapositiva261.JPG","E:\Zotero-organized-export\JPG-JPEG\Light Cult NFTs\ZR8HMHYI__Diapositiva261.JPG","51.5"
"262","3","9IV6J3E6__Diapositiva262.JPG","E:\Zotero-organized-export\JPG-JPEG\Light Cult NFTs\9IV6J3E6__Diapositiva262.JPG","120.2"
"262","3","R9PKDPBQ__Diapositiva262.JPG","E:\Zotero-organized-export\JPG-JPEG\Light Cult NFTs\R9PKDPBQ__Diapositiva262.JPG","132.4"
"262","3","UIE72S8T__Diapositiva262.JPG","E:\Zotero-organized-export\JPG-JPEG\Light Cult NFTs\UIE72S8T__Diapositiva262.JPG","46.4"
"263","3","5LLZKHVK__Diapositiva263.JPG","E:\Zotero-organized-export\JPG-JPEG\Light Cult NFTs\5LLZKHVK__Diapositiva263.JPG","61.4"
"263","3","ECGS64WP__Diapositiva263.JPG","E:\Zotero-organized-export\JPG-JPEG\Light Cult NFTs\ECGS64WP__Diapositiva263.JPG","44.5"
"263","3","WK8XXVJ2__Diapositiva263.JPG","E:\Zotero-organized-export\JPG-JPEG\Light Cult NFTs\WK8XXVJ2__Diapositiva263.JPG","121"
"264","3","4CADIMWT__Diapositiva264.JPG","E:\Zotero-organized-export\JPG-JPEG\Light Cult NFTs\4CADIMWT__Diapositiva264.JPG","75.7"
"264","3","MRXWDPH3__Diapositiva264.JPG","E:\Zotero-organized-export\JPG-JPEG\Light Cult NFTs\MRXWDPH3__Diapositiva264.JPG","67.8"
"264","3","SM98H42X__Diapositiva264.JPG","E:\Zotero-organized-export\JPG-JPEG\Light Cult NFTs\SM98H42X__Diapositiva264.JPG","42.6"
"265","2","KKP59T9L__Diapositiva265.JPG","E:\Zotero-organized-export\JPG-JPEG\Light Cult NFTs\KKP59T9L__Diapositiva265.JPG","50.3"
"265","2","P5K7NCZR__Diapositiva265.JPG","E:\Zotero-organized-export\JPG-JPEG\Light Cult NFTs\P5K7NCZR__Diapositiva265.JPG","136.9"
"266","2","LIJRJ9E6__Diapositiva266.JPG","E:\Zotero-organized-export\JPG-JPEG\Light Cult NFTs\LIJRJ9E6__Diapositiva266.JPG","73.4"
"266","2","Z39C2YQU__Diapositiva266.JPG","E:\Zotero-organized-export\JPG-JPEG\Light Cult NFTs\Z39C2YQU__Diapositiva266.JPG","149.7"
"267","3","2RS54TPA__Diapositiva267.JPG","E:\Zotero-organized-export\JPG-JPEG\Light Cult NFTs\2RS54TPA__Diapositiva267.JPG","187.1"
"267","3","MQ4LZQRL__Diapositiva267.JPG","E:\Zotero-organized-export\JPG-JPEG\Light Cult NFTs\MQ4LZQRL__Diapositiva267.JPG","116.8"
"267","3","SA6IPSI7__Diapositiva267.JPG","E:\Zotero-organized-export\JPG-JPEG\Light Cult NFTs\SA6IPSI7__Diapositiva267.JPG","68.1"
"268","3","22N76YQ7__Diapositiva268.JPG","E:\Zotero-organized-export\JPG-JPEG\Light Cult NFTs\22N76YQ7__Diapositiva268.JPG","65.5"
"268","3","66AMXA7V__Diapositiva268.JPG","E:\Zotero-organized-export\JPG-JPEG\Light Cult NFTs\66AMXA7V__Diapositiva268.JPG","54"
"268","3","XH4LDXNW__Diapositiva268.JPG","E:\Zotero-organized-export\JPG-JPEG\Light Cult NFTs\XH4LDXNW__Diapositiva268.JPG","124.8"
"269","3","9C5HPV5A__Diapositiva269.JPG","E:\Zotero-organized-export\JPG-JPEG\Light Cult NFTs\9C5HPV5A__Diapositiva269.JPG","80.4"
"269","3","Q8NRMXQM__Diapositiva269.JPG","E:\Zotero-organized-export\JPG-JPEG\Light Cult NFTs\Q8NRMXQM__Diapositiva269.JPG","138.6"
"269","3","SVKCLN89__Diapositiva269.JPG","E:\Zotero-organized-export\JPG-JPEG\Light Cult NFTs\SVKCLN89__Diapositiva269.JPG","185.4"
"270","3","4P8YK7T2__Diapositiva270.JPG","E:\Zotero-organized-export\JPG-JPEG\Light Cult NFTs\4P8YK7T2__Diapositiva270.JPG","44.4"
"270","3","7C642SCG__Diapositiva270.JPG","E:\Zotero-organized-export\JPG-JPEG\Light Cult NFTs\7C642SCG__Diapositiva270.JPG","226.9"
"270","3","XYJBEAIW__Diapositiva270.JPG","E:\Zotero-organized-export\JPG-JPEG\Light Cult NFTs\XYJBEAIW__Diapositiva270.JPG","121.7"
"271","3","5FIPN5R6__Diapositiva271.JPG","E:\Zotero-organized-export\JPG-JPEG\Light Cult NFTs\5FIPN5R6__Diapositiva271.JPG","202.1"
"271","3","HKJQPTSS__Diapositiva271.JPG","E:\Zotero-organized-export\JPG-JPEG\Light Cult NFTs\HKJQPTSS__Diapositiva271.JPG","70.8"
"271","3","WXHE5EPB__Diapositiva271.JPG","E:\Zotero-organized-export\JPG-JPEG\Light Cult NFTs\WXHE5EPB__Diapositiva271.JPG","109.7"
"272","3","985F5L2Y__Diapositiva272.JPG","E:\Zotero-organized-export\JPG-JPEG\Light Cult NFTs\985F5L2Y__Diapositiva272.JPG","58.2"
"272","3","ASLMK6YB__Diapositiva272.JPG","E:\Zotero-organized-export\JPG-JPEG\Light Cult NFTs\ASLMK6YB__Diapositiva272.JPG","144.4"
"272","3","ZMYPIMCC__Diapositiva272.JPG","E:\Zotero-organized-export\JPG-JPEG\Light Cult NFTs\ZMYPIMCC__Diapositiva272.JPG","30.5"
"273","2","DM734796__Diapositiva273.JPG","E:\Zotero-organized-export\JPG-JPEG\Light Cult NFTs\DM734796__Diapositiva273.JPG","81.7"
"273","2","G4JEJY4C__Diapositiva273.JPG","E:\Zotero-organized-export\JPG-JPEG\Light Cult NFTs\G4JEJY4C__Diapositiva273.JPG","117.6"
"274","3","4GHLE2SM__Diapositiva274.JPG","E:\Zotero-organized-export\JPG-JPEG\Light Cult NFTs\4GHLE2SM__Diapositiva274.JPG","123.6"
"274","3","VELD5YDG__Diapositiva274.JPG","E:\Zotero-organized-export\JPG-JPEG\Light Cult NFTs\VELD5YDG__Diapositiva274.JPG","131"
"274","3","ZIMNL6YH__Diapositiva274.JPG","E:\Zotero-organized-export\JPG-JPEG\Light Cult NFTs\ZIMNL6YH__Diapositiva274.JPG","80"
"275","3","4JDCG5RP__Diapositiva275.JPG","E:\Zotero-organized-export\JPG-JPEG\Light Cult NFTs\4JDCG5RP__Diapositiva275.JPG","106.6"
"275","3","8AM87AY9__Diapositiva275.JPG","E:\Zotero-organized-export\JPG-JPEG\Light Cult NFTs\8AM87AY9__Diapositiva275.JPG","128.1"
"275","3","F4FHWSZ7__Diapositiva275.JPG","E:\Zotero-organized-export\JPG-JPEG\Light Cult NFTs\F4FHWSZ7__Diapositiva275.JPG","64.6"
"276","2","FUBT4ZYU__Diapositiva276.JPG","E:\Zotero-organized-export\JPG-JPEG\Light Cult NFTs\FUBT4ZYU__Diapositiva276.JPG","88.7"
"276","2","J3L2DJDH__Diapositiva276.JPG","E:\Zotero-organized-export\JPG-JPEG\Light Cult NFTs\J3L2DJDH__Diapositiva276.JPG","80.1"
"277","3","D3CIHU54__Diapositiva277.JPG","E:\Zotero-organized-export\JPG-JPEG\Light Cult NFTs\D3CIHU54__Diapositiva277.JPG","175.3"
"277","3","MQL9KRBY__Diapositiva277.JPG","E:\Zotero-organized-export\JPG-JPEG\Light Cult NFTs\MQL9KRBY__Diapositiva277.JPG","33.8"
"277","3","VEWRWTZS__Diapositiva277.JPG","E:\Zotero-organized-export\JPG-JPEG\Light Cult NFTs\VEWRWTZS__Diapositiva277.JPG","104.2"
"278","2","PFKB9ZEJ__Diapositiva278.JPG","E:\Zotero-organized-export\JPG-JPEG\Light Cult NFTs\PFKB9ZEJ__Diapositiva278.JPG","60.5"
"278","2","QKHHP67Y__Diapositiva278.JPG","E:\Zotero-organized-export\JPG-JPEG\Light Cult NFTs\QKHHP67Y__Diapositiva278.JPG","47.5"
"279","4","5G89HKHL__Diapositiva279.JPG","E:\Zotero-organized-export\JPG-JPEG\Light Cult NFTs\5G89HKHL__Diapositiva279.JPG","112.1"
"279","4","5IZZ8JGC__Diapositiva279.JPG","E:\Zotero-organized-export\JPG-JPEG\Light Cult NFTs\5IZZ8JGC__Diapositiva279.JPG","57.6"
"279","4","L2TCTX8I__Diapositiva279.JPG","E:\Zotero-organized-export\JPG-JPEG\Light Cult NFTs\L2TCTX8I__Diapositiva279.JPG","58.4"
"279","4","P5UREREQ__Diapositiva279.JPG","E:\Zotero-organized-export\JPG-JPEG\Light Cult NFTs\P5UREREQ__Diapositiva279.JPG","58.4"
"280","3","EZ66AZ9H__Diapositiva280.JPG","E:\Zotero-organized-export\JPG-JPEG\Light Cult NFTs\EZ66AZ9H__Diapositiva280.JPG","82.6"
"280","3","QF8KK6LN__Diapositiva280.JPG","E:\Zotero-organized-export\JPG-JPEG\Light Cult NFTs\QF8KK6LN__Diapositiva280.JPG","142"
"280","3","VNJDT4MF__Diapositiva280.JPG","E:\Zotero-organized-export\JPG-JPEG\Light Cult NFTs\VNJDT4MF__Diapositiva280.JPG","81"
"281","2","LEX2Z6Y3__Diapositiva281.JPG","E:\Zotero-organized-export\JPG-JPEG\Light Cult NFTs\LEX2Z6Y3__Diapositiva281.JPG","57.9"
"281","2","W9ANNBJZ__Diapositiva281.JPG","E:\Zotero-organized-export\JPG-JPEG\Light Cult NFTs\W9ANNBJZ__Diapositiva281.JPG","71.2"
"282","2","6NKHW8AP__Diapositiva282.JPG","E:\Zotero-organized-export\JPG-JPEG\Light Cult NFTs\6NKHW8AP__Diapositiva282.JPG","69.8"
"282","2","78ZWGMW9__Diapositiva282.JPG","E:\Zotero-organized-export\JPG-JPEG\Light Cult NFTs\78ZWGMW9__Diapositiva282.JPG","49.8"
"283","3","HXUB4L3T__Diapositiva283.JPG","E:\Zotero-organized-export\JPG-JPEG\Light Cult NFTs\HXUB4L3T__Diapositiva283.JPG","68.2"
"283","3","VRNMHA8Q__Diapositiva283.JPG","E:\Zotero-organized-export\JPG-JPEG\Light Cult NFTs\VRNMHA8Q__Diapositiva283.JPG","71.1"
"283","3","X6MJ6CQQ__Diapositiva283.JPG","E:\Zotero-organized-export\JPG-JPEG\Light Cult NFTs\X6MJ6CQQ__Diapositiva283.JPG","119.6"
"284","2","BFG5GNKR__Diapositiva284.JPG","E:\Zotero-organized-export\JPG-JPEG\Light Cult NFTs\BFG5GNKR__Diapositiva284.JPG","92.1"
"284","2","MH3W3F9Z__Diapositiva284.JPG","E:\Zotero-organized-export\JPG-JPEG\Light Cult NFTs\MH3W3F9Z__Diapositiva284.JPG","128.3"
"285","2","9A6V8NNZ__Diapositiva285.JPG","E:\Zotero-organized-export\JPG-JPEG\Light Cult NFTs\9A6V8NNZ__Diapositiva285.JPG","28.1"
"285","2","YCPTTLJQ__Diapositiva285.JPG","E:\Zotero-organized-export\JPG-JPEG\Light Cult NFTs\YCPTTLJQ__Diapositiva285.JPG","36.6"
"286","3","CWUZTG78__Diapositiva286.JPG","E:\Zotero-organized-export\JPG-JPEG\Light Cult NFTs\CWUZTG78__Diapositiva286.JPG","83.4"
"286","3","S3TDLTZ9__Diapositiva286.JPG","E:\Zotero-organized-export\JPG-JPEG\Light Cult NFTs\S3TDLTZ9__Diapositiva286.JPG","69.5"
"286","3","YB76UUQ7__Diapositiva286.JPG","E:\Zotero-organized-export\JPG-JPEG\Light Cult NFTs\YB76UUQ7__Diapositiva286.JPG","45.4"
"287","3","AQ23MAF6__Diapositiva287.JPG","E:\Zotero-organized-export\JPG-JPEG\Light Cult NFTs\AQ23MAF6__Diapositiva287.JPG","64.6"
"287","3","EENIVZFW__Diapositiva287.JPG","E:\Zotero-organized-export\JPG-JPEG\Light Cult NFTs\EENIVZFW__Diapositiva287.JPG","76.4"
"287","3","JP9XLTA5__Diapositiva287.JPG","E:\Zotero-organized-export\JPG-JPEG\Light Cult NFTs\JP9XLTA5__Diapositiva287.JPG","95.1"
"288","3","7JUYNI4B__Diapositiva288.JPG","E:\Zotero-organized-export\JPG-JPEG\Light Cult NFTs\7JUYNI4B__Diapositiva288.JPG","73.2"
"288","3","G6CF7I72__Diapositiva288.JPG","E:\Zotero-organized-export\JPG-JPEG\Light Cult NFTs\G6CF7I72__Diapositiva288.JPG","77.8"
"288","3","J55GZKA4__Diapositiva288.JPG","E:\Zotero-organized-export\JPG-JPEG\Light Cult NFTs\J55GZKA4__Diapositiva288.JPG","126.9"
"289","3","8UEURQCF__Diapositiva289.JPG","E:\Zotero-organized-export\JPG-JPEG\Light Cult NFTs\8UEURQCF__Diapositiva289.JPG","139.1"
"289","3","EDDGAJAM__Diapositiva289.JPG","E:\Zotero-organized-export\JPG-JPEG\Light Cult NFTs\EDDGAJAM__Diapositiva289.JPG","66.6"
"289","3","IR6337YR__Diapositiva289.JPG","E:\Zotero-organized-export\JPG-JPEG\Light Cult NFTs\IR6337YR__Diapositiva289.JPG","214.9"
"290","3","B6EPIBG2__Diapositiva290.JPG","E:\Zotero-organized-export\JPG-JPEG\Light Cult NFTs\B6EPIBG2__Diapositiva290.JPG","131.1"
"290","3","NG3ZXAZM__Diapositiva290.JPG","E:\Zotero-organized-export\JPG-JPEG\Light Cult NFTs\NG3ZXAZM__Diapositiva290.JPG","52.1"
"290","3","V2SWY3AR__Diapositiva290.JPG","E:\Zotero-organized-export\JPG-JPEG\Light Cult NFTs\V2SWY3AR__Diapositiva290.JPG","112.8"
"291","3","J96D4QUW__Diapositiva291.JPG","E:\Zotero-organized-export\JPG-JPEG\Light Cult NFTs\J96D4QUW__Diapositiva291.JPG","56.7"
"291","3","T82B4EBD__Diapositiva291.JPG","E:\Zotero-organized-export\JPG-JPEG\Light Cult NFTs\T82B4EBD__Diapositiva291.JPG","108.3"
"291","3","Y45S4MGR__Diapositiva291.JPG","E:\Zotero-organized-export\JPG-JPEG\Light Cult NFTs\Y45S4MGR__Diapositiva291.JPG","120.9"
"292","2","488EDEF9__Diapositiva292.JPG","E:\Zotero-organized-export\JPG-JPEG\Light Cult NFTs\488EDEF9__Diapositiva292.JPG","54.6"
"292","2","QHDVLCNC__Diapositiva292.JPG","E:\Zotero-organized-export\JPG-JPEG\Light Cult NFTs\QHDVLCNC__Diapositiva292.JPG","87.7"
"293","3","QSU8HI7P__Diapositiva293.JPG","E:\Zotero-organized-export\JPG-JPEG\Light Cult NFTs\QSU8HI7P__Diapositiva293.JPG","83.7"
"293","3","SYSAB4UA__Diapositiva293.JPG","E:\Zotero-organized-export\JPG-JPEG\Light Cult NFTs\SYSAB4UA__Diapositiva293.JPG","52"
"293","3","WESJHCLW__Diapositiva293.JPG","E:\Zotero-organized-export\JPG-JPEG\Light Cult NFTs\WESJHCLW__Diapositiva293.JPG","64"
"294","3","6SB75UTZ__Diapositiva294.JPG","E:\Zotero-organized-export\JPG-JPEG\Light Cult NFTs\6SB75UTZ__Diapositiva294.JPG","84"
"294","3","MRGKTZYJ__Diapositiva294.JPG","E:\Zotero-organized-export\JPG-JPEG\Light Cult NFTs\MRGKTZYJ__Diapositiva294.JPG","90.2"
"294","3","NIFKZBWW__Diapositiva294.JPG","E:\Zotero-organized-export\JPG-JPEG\Light Cult NFTs\NIFKZBWW__Diapositiva294.JPG","49.1"
"295","3","63YK6RBY__Diapositiva295.JPG","E:\Zotero-organized-export\JPG-JPEG\Light Cult NFTs\63YK6RBY__Diapositiva295.JPG","98.1"
"295","3","IA66Q3LA__Diapositiva295.JPG","E:\Zotero-organized-export\JPG-JPEG\Light Cult NFTs\IA66Q3LA__Diapositiva295.JPG","143.7"
"295","3","UIMFNJ84__Diapositiva295.JPG","E:\Zotero-organized-export\JPG-JPEG\Light Cult NFTs\UIMFNJ84__Diapositiva295.JPG","68.3"
"296","3","8MZFWEDM__Diapositiva296.JPG","E:\Zotero-organized-export\JPG-JPEG\Light Cult NFTs\8MZFWEDM__Diapositiva296.JPG","57.3"
"296","3","AZ3G575A__Diapositiva296.JPG","E:\Zotero-organized-export\JPG-JPEG\Light Cult NFTs\AZ3G575A__Diapositiva296.JPG","37.4"
"296","3","Y2JQKF7F__Diapositiva296.JPG","E:\Zotero-organized-export\JPG-JPEG\Light Cult NFTs\Y2JQKF7F__Diapositiva296.JPG","65"
"297","3","GAQPUL9Q__Diapositiva297.JPG","E:\Zotero-organized-export\JPG-JPEG\Light Cult NFTs\GAQPUL9Q__Diapositiva297.JPG","128.6"
"297","3","LS2679PN__Diapositiva297.JPG","E:\Zotero-organized-export\JPG-JPEG\Light Cult NFTs\LS2679PN__Diapositiva297.JPG","132.1"
"297","3","P9P3X8XY__Diapositiva297.JPG","E:\Zotero-organized-export\JPG-JPEG\Light Cult NFTs\P9P3X8XY__Diapositiva297.JPG","44"
"298","2","7BGKKGPD__Diapositiva298.JPG","E:\Zotero-organized-export\JPG-JPEG\Light Cult NFTs\7BGKKGPD__Diapositiva298.JPG","104.3"
"298","2","WQKMY8VZ__Diapositiva298.JPG","E:\Zotero-organized-export\JPG-JPEG\Light Cult NFTs\WQKMY8VZ__Diapositiva298.JPG","54.4"
"299","3","L2DUVFET__Diapositiva299.JPG","E:\Zotero-organized-export\JPG-JPEG\Light Cult NFTs\L2DUVFET__Diapositiva299.JPG","116"
"299","3","L36AKPII__Diapositiva299.JPG","E:\Zotero-organized-export\JPG-JPEG\Light Cult NFTs\L36AKPII__Diapositiva299.JPG","126.1"
"299","3","UT3LKLJG__Diapositiva299.JPG","E:\Zotero-organized-export\JPG-JPEG\Light Cult NFTs\UT3LKLJG__Diapositiva299.JPG","45.7"
"300","3","5JS3333G__Diapositiva300.JPG","E:\Zotero-organized-export\JPG-JPEG\Light Cult NFTs\5JS3333G__Diapositiva300.JPG","103.1"
"300","3","H4NZBPZP__Diapositiva300.JPG","E:\Zotero-organized-export\JPG-JPEG\Light Cult NFTs\H4NZBPZP__Diapositiva300.JPG","58.9"
"300","3","TQY8L3BB__Diapositiva300.JPG","E:\Zotero-organized-export\JPG-JPEG\Light Cult NFTs\TQY8L3BB__Diapositiva300.JPG","82.5"
"301","3","J92E8BGQ__Diapositiva301.JPG","E:\Zotero-organized-export\JPG-JPEG\Light Cult NFTs\J92E8BGQ__Diapositiva301.JPG","72"
"301","3","RFDDLHZR__Diapositiva301.JPG","E:\Zotero-organized-export\JPG-JPEG\Light Cult NFTs\RFDDLHZR__Diapositiva301.JPG","125.8"
"301","3","UTNVAKMQ__Diapositiva301.JPG","E:\Zotero-organized-export\JPG-JPEG\Light Cult NFTs\UTNVAKMQ__Diapositiva301.JPG","67.4"
"302","3","ABE9IMCM__Diapositiva302.JPG","E:\Zotero-organized-export\JPG-JPEG\Light Cult NFTs\ABE9IMCM__Diapositiva302.JPG","114.4"
"302","3","CD24WS5G__Diapositiva302.JPG","E:\Zotero-organized-export\JPG-JPEG\Light Cult NFTs\CD24WS5G__Diapositiva302.JPG","110"
"302","3","V82IJV8W__Diapositiva302.JPG","E:\Zotero-organized-export\JPG-JPEG\Light Cult NFTs\V82IJV8W__Diapositiva302.JPG","100.5"
"303","3","F6XR77LI__Diapositiva303.JPG","E:\Zotero-organized-export\JPG-JPEG\Light Cult NFTs\F6XR77LI__Diapositiva303.JPG","53.4"
"303","3","UDXX7PUM__Diapositiva303.JPG","E:\Zotero-organized-export\JPG-JPEG\Light Cult NFTs\UDXX7PUM__Diapositiva303.JPG","97.8"
"303","3","YUYWJ9SU__Diapositiva303.JPG","E:\Zotero-organized-export\JPG-JPEG\Light Cult NFTs\YUYWJ9SU__Diapositiva303.JPG","128.8"
"304","3","4GGMX2Z3__Diapositiva304.JPG","E:\Zotero-organized-export\JPG-JPEG\Light Cult NFTs\4GGMX2Z3__Diapositiva304.JPG","81.2"
"304","3","I4Y6H3Q9__Diapositiva304.JPG","E:\Zotero-organized-export\JPG-JPEG\Light Cult NFTs\I4Y6H3Q9__Diapositiva304.JPG","125.7"
"304","3","TSE3E52Z__Diapositiva304.JPG","E:\Zotero-organized-export\JPG-JPEG\Light Cult NFTs\TSE3E52Z__Diapositiva304.JPG","78.8"
"305","3","GN3257A7__Diapositiva305.JPG","E:\Zotero-organized-export\JPG-JPEG\Light Cult NFTs\GN3257A7__Diapositiva305.JPG","55.9"
"305","3","SSNLLBQ7__Diapositiva305.JPG","E:\Zotero-organized-export\JPG-JPEG\Light Cult NFTs\SSNLLBQ7__Diapositiva305.JPG","53"
"305","3","SYB62B98__Diapositiva305.JPG","E:\Zotero-organized-export\JPG-JPEG\Light Cult NFTs\SYB62B98__Diapositiva305.JPG","111.7"
"306","3","969B2BLX__Diapositiva306.JPG","E:\Zotero-organized-export\JPG-JPEG\Light Cult NFTs\969B2BLX__Diapositiva306.JPG","138.1"
"306","3","976324JE__Diapositiva306.JPG","E:\Zotero-organized-export\JPG-JPEG\Light Cult NFTs\976324JE__Diapositiva306.JPG","125.2"
"306","3","QSDRMJUM__Diapositiva306.JPG","E:\Zotero-organized-export\JPG-JPEG\Light Cult NFTs\QSDRMJUM__Diapositiva306.JPG","70.8"
"307","3","275ZR5BT__Diapositiva307.JPG","E:\Zotero-organized-export\JPG-JPEG\Light Cult NFTs\275ZR5BT__Diapositiva307.JPG","43.3"
"307","3","S9EHLTK6__Diapositiva307.JPG","E:\Zotero-organized-export\JPG-JPEG\Light Cult NFTs\S9EHLTK6__Diapositiva307.JPG","84"
"307","3","YPVMEBBC__Diapositiva307.JPG","E:\Zotero-organized-export\JPG-JPEG\Light Cult NFTs\YPVMEBBC__Diapositiva307.JPG","88.8"
"308","3","CBPVWXWX__Diapositiva308.JPG","E:\Zotero-organized-export\JPG-JPEG\Light Cult NFTs\CBPVWXWX__Diapositiva308.JPG","118.9"
"308","3","JCLXW7GS__Diapositiva308.JPG","E:\Zotero-organized-export\JPG-JPEG\Light Cult NFTs\JCLXW7GS__Diapositiva308.JPG","75.2"
"308","3","WEU8SVBQ__Diapositiva308.JPG","E:\Zotero-organized-export\JPG-JPEG\Light Cult NFTs\WEU8SVBQ__Diapositiva308.JPG","68.8"
"309","3","BP549MMD__Diapositiva309.JPG","E:\Zotero-organized-export\JPG-JPEG\Light Cult NFTs\BP549MMD__Diapositiva309.JPG","67.6"
"309","3","LXK7P6S7__Diapositiva309.JPG","E:\Zotero-organized-export\JPG-JPEG\Light Cult NFTs\LXK7P6S7__Diapositiva309.JPG","139.5"
"309","3","QFPX7IAD__Diapositiva309.JPG","E:\Zotero-organized-export\JPG-JPEG\Light Cult NFTs\QFPX7IAD__Diapositiva309.JPG","79"
"310","2","92SST38D__Diapositiva310.JPG","E:\Zotero-organized-export\JPG-JPEG\Light Cult NFTs\92SST38D__Diapositiva310.JPG","51.1"
"310","2","WJNF4ALQ__Diapositiva310.JPG","E:\Zotero-organized-export\JPG-JPEG\Light Cult NFTs\WJNF4ALQ__Diapositiva310.JPG","89.7"
"311","3","4FZZJXBC__Diapositiva311.JPG","E:\Zotero-organized-export\JPG-JPEG\Light Cult NFTs\4FZZJXBC__Diapositiva311.JPG","142.4"
"311","3","8LKG3RZM__Diapositiva311.JPG","E:\Zotero-organized-export\JPG-JPEG\Light Cult NFTs\8LKG3RZM__Diapositiva311.JPG","120.4"
"311","3","UUPXL6VQ__Diapositiva311.JPG","E:\Zotero-organized-export\JPG-JPEG\Light Cult NFTs\UUPXL6VQ__Diapositiva311.JPG","122.5"
"312","3","8JEMUAHY__Diapositiva312.JPG","E:\Zotero-organized-export\JPG-JPEG\Light Cult NFTs\8JEMUAHY__Diapositiva312.JPG","116.2"
"312","3","ET59B9F3__Diapositiva312.JPG","E:\Zotero-organized-export\JPG-JPEG\Light Cult NFTs\ET59B9F3__Diapositiva312.JPG","117.8"
"312","3","Z88SJX7N__Diapositiva312.JPG","E:\Zotero-organized-export\JPG-JPEG\Light Cult NFTs\Z88SJX7N__Diapositiva312.JPG","53.2"
"313","3","QKXML66E__Diapositiva313.JPG","E:\Zotero-organized-export\JPG-JPEG\Light Cult NFTs\QKXML66E__Diapositiva313.JPG","122"
"313","3","T3LATL4E__Diapositiva313.JPG","E:\Zotero-organized-export\JPG-JPEG\Light Cult NFTs\T3LATL4E__Diapositiva313.JPG","101.5"
"313","3","USIPX9RH__Diapositiva313.JPG","E:\Zotero-organized-export\JPG-JPEG\Light Cult NFTs\USIPX9RH__Diapositiva313.JPG","65.1"
"314","2","5IT6PT7H__Diapositiva314.JPG","E:\Zotero-organized-export\JPG-JPEG\Light Cult NFTs\5IT6PT7H__Diapositiva314.JPG","60.2"
"314","2","MK882MIU__Diapositiva314.JPG","E:\Zotero-organized-export\JPG-JPEG\Light Cult NFTs\MK882MIU__Diapositiva314.JPG","139.2"
"315","2","CT8Q6HNS__Diapositiva315.JPG","E:\Zotero-organized-export\JPG-JPEG\Light Cult NFTs\CT8Q6HNS__Diapositiva315.JPG","78.9"
"315","2","NWI5VQTY__Diapositiva315.JPG","E:\Zotero-organized-export\JPG-JPEG\Light Cult NFTs\NWI5VQTY__Diapositiva315.JPG","48.8"
"316","2","PADTN4KL__Diapositiva316.JPG","E:\Zotero-organized-export\JPG-JPEG\Light Cult NFTs\PADTN4KL__Diapositiva316.JPG","202.4"
"316","2","PUGHUEXT__Diapositiva316.JPG","E:\Zotero-organized-export\JPG-JPEG\Light Cult NFTs\PUGHUEXT__Diapositiva316.JPG","135.2"
"317","2","5GYAF9UL__Diapositiva317.JPG","E:\Zotero-organized-export\JPG-JPEG\Light Cult NFTs\5GYAF9UL__Diapositiva317.JPG","77.5"
"317","2","HX4X6LJ7__Diapositiva317.JPG","E:\Zotero-organized-export\JPG-JPEG\Light Cult NFTs\HX4X6LJ7__Diapositiva317.JPG","53.8"
"318","2","NGTSIAKZ__Diapositiva318.JPG","E:\Zotero-organized-export\JPG-JPEG\Light Cult NFTs\NGTSIAKZ__Diapositiva318.JPG","53.8"
"318","2","Z4ZAEMIC__Diapositiva318.JPG","E:\Zotero-organized-export\JPG-JPEG\Light Cult NFTs\Z4ZAEMIC__Diapositiva318.JPG","76.7"
"319","3","MYZK8MGD__Diapositiva319.JPG","E:\Zotero-organized-export\JPG-JPEG\Light Cult NFTs\MYZK8MGD__Diapositiva319.JPG","86.5"
"319","3","RUX4LP9M__Diapositiva319.JPG","E:\Zotero-organized-export\JPG-JPEG\Light Cult NFTs\RUX4LP9M__Diapositiva319.JPG","52.1"
"319","3","Z43SDCS7__Diapositiva319.JPG","E:\Zotero-organized-export\JPG-JPEG\Light Cult NFTs\Z43SDCS7__Diapositiva319.JPG","131.4"
"320","3","8SYWNSDK__Diapositiva320.JPG","E:\Zotero-organized-export\JPG-JPEG\Light Cult NFTs\8SYWNSDK__Diapositiva320.JPG","140.6"
"320","3","ACHBVKZH__Diapositiva320.JPG","E:\Zotero-organized-export\JPG-JPEG\Light Cult NFTs\ACHBVKZH__Diapositiva320.JPG","121.3"
"320","3","V4BIEWF4__Diapositiva320.JPG","E:\Zotero-organized-export\JPG-JPEG\Light Cult NFTs\V4BIEWF4__Diapositiva320.JPG","205.6"
"321","3","7T6QU5RC__Diapositiva321.JPG","E:\Zotero-organized-export\JPG-JPEG\Light Cult NFTs\7T6QU5RC__Diapositiva321.JPG","107.9"
"321","3","9NMRNLUU__Diapositiva321.JPG","E:\Zotero-organized-export\JPG-JPEG\Light Cult NFTs\9NMRNLUU__Diapositiva321.JPG","60.4"
"321","3","Z2D2ANIG__Diapositiva321.JPG","E:\Zotero-organized-export\JPG-JPEG\Light Cult NFTs\Z2D2ANIG__Diapositiva321.JPG","48.1"
"322","3","AQZ3Q7IN__Diapositiva322.JPG","E:\Zotero-organized-export\JPG-JPEG\Light Cult NFTs\AQZ3Q7IN__Diapositiva322.JPG","33.7"
"322","3","KQCLG37F__Diapositiva322.JPG","E:\Zotero-organized-export\JPG-JPEG\Light Cult NFTs\KQCLG37F__Diapositiva322.JPG","58.9"
"322","3","R8KA7ZPB__Diapositiva322.JPG","E:\Zotero-organized-export\JPG-JPEG\Light Cult NFTs\R8KA7ZPB__Diapositiva322.JPG","46.6"
"323","3","2PYWAUFS__Diapositiva323.JPG","E:\Zotero-organized-export\JPG-JPEG\Light Cult NFTs\2PYWAUFS__Diapositiva323.JPG","117.4"
"323","3","44PE75KB__Diapositiva323.JPG","E:\Zotero-organized-export\JPG-JPEG\Light Cult NFTs\44PE75KB__Diapositiva323.JPG","45.6"
"323","3","GQZNALKM__Diapositiva323.JPG","E:\Zotero-organized-export\JPG-JPEG\Light Cult NFTs\GQZNALKM__Diapositiva323.JPG","139"
"324","3","DN3AH39F__Diapositiva324.JPG","E:\Zotero-organized-export\JPG-JPEG\Light Cult NFTs\DN3AH39F__Diapositiva324.JPG","63"
"324","3","M6MNHBVS__Diapositiva324.JPG","E:\Zotero-organized-export\JPG-JPEG\Light Cult NFTs\M6MNHBVS__Diapositiva324.JPG","80.9"
"324","3","WVMNTQHA__Diapositiva324.JPG","E:\Zotero-organized-export\JPG-JPEG\Light Cult NFTs\WVMNTQHA__Diapositiva324.JPG","83.5"
"325","3","4TAIZHSJ__Diapositiva325.JPG","E:\Zotero-organized-export\JPG-JPEG\Light Cult NFTs\4TAIZHSJ__Diapositiva325.JPG","70.3"
"325","3","PQUSG5SS__Diapositiva325.JPG","E:\Zotero-organized-export\JPG-JPEG\Light Cult NFTs\PQUSG5SS__Diapositiva325.JPG","131.4"
"325","3","RFSDAZH2__Diapositiva325.JPG","E:\Zotero-organized-export\JPG-JPEG\Light Cult NFTs\RFSDAZH2__Diapositiva325.JPG","115.4"
"326","3","CQS8XLEE__Diapositiva326.JPG","E:\Zotero-organized-export\JPG-JPEG\Light Cult NFTs\CQS8XLEE__Diapositiva326.JPG","63.5"
"326","3","RVK5X7QI__Diapositiva326.JPG","E:\Zotero-organized-export\JPG-JPEG\Light Cult NFTs\RVK5X7QI__Diapositiva326.JPG","65.7"
"326","3","XD6BHHSD__Diapositiva326.JPG","E:\Zotero-organized-export\JPG-JPEG\Light Cult NFTs\XD6BHHSD__Diapositiva326.JPG","152.2"
"327","3","DRR74QE7__Diapositiva327.JPG","E:\Zotero-organized-export\JPG-JPEG\Light Cult NFTs\DRR74QE7__Diapositiva327.JPG","96.7"
"327","3","ID5EG9EV__Diapositiva327.JPG","E:\Zotero-organized-export\JPG-JPEG\Light Cult NFTs\ID5EG9EV__Diapositiva327.JPG","79.9"
"327","3","M78N97JC__Diapositiva327.JPG","E:\Zotero-organized-export\JPG-JPEG\Light Cult NFTs\M78N97JC__Diapositiva327.JPG","130.1"
"328","3","58Y2FZYX__Diapositiva328.JPG","E:\Zotero-organized-export\JPG-JPEG\Light Cult NFTs\58Y2FZYX__Diapositiva328.JPG","126.7"
"328","3","MBWW973V__Diapositiva328.JPG","E:\Zotero-organized-export\JPG-JPEG\Light Cult NFTs\MBWW973V__Diapositiva328.JPG","89.6"
"328","3","QZFHNF3E__Diapositiva328.JPG","E:\Zotero-organized-export\JPG-JPEG\Light Cult NFTs\QZFHNF3E__Diapositiva328.JPG","124.1"
"329","3","4IJRAGNI__Diapositiva329.JPG","E:\Zotero-organized-export\JPG-JPEG\Light Cult NFTs\4IJRAGNI__Diapositiva329.JPG","46.5"
"329","3","4QX5WQD5__Diapositiva329.JPG","E:\Zotero-organized-export\JPG-JPEG\Light Cult NFTs\4QX5WQD5__Diapositiva329.JPG","155.1"
"329","3","E2AJPATT__Diapositiva329.JPG","E:\Zotero-organized-export\JPG-JPEG\Light Cult NFTs\E2AJPATT__Diapositiva329.JPG","123.8"
"330","3","A2YS7QRA__Diapositiva330.JPG","E:\Zotero-organized-export\JPG-JPEG\Light Cult NFTs\A2YS7QRA__Diapositiva330.JPG","110.4"
"330","3","A44D7BQ6__Diapositiva330.JPG","E:\Zotero-organized-export\JPG-JPEG\Light Cult NFTs\A44D7BQ6__Diapositiva330.JPG","115"
"330","3","P82LB2V7__Diapositiva330.JPG","E:\Zotero-organized-export\JPG-JPEG\Light Cult NFTs\P82LB2V7__Diapositiva330.JPG","74.4"
"331","2","SF7JRKCG__Diapositiva331.JPG","E:\Zotero-organized-export\JPG-JPEG\Light Cult NFTs\SF7JRKCG__Diapositiva331.JPG","56.3"
"331","2","ZA5D5DUI__Diapositiva331.JPG","E:\Zotero-organized-export\JPG-JPEG\Light Cult NFTs\ZA5D5DUI__Diapositiva331.JPG","67.9"
"332","3","4K4RLXCD__Diapositiva332.JPG","E:\Zotero-organized-export\JPG-JPEG\Light Cult NFTs\4K4RLXCD__Diapositiva332.JPG","58"
"332","3","KP5DFMUL__Diapositiva332.JPG","E:\Zotero-organized-export\JPG-JPEG\Light Cult NFTs\KP5DFMUL__Diapositiva332.JPG","112.7"
"332","3","YMFKI52P__Diapositiva332.JPG","E:\Zotero-organized-export\JPG-JPEG\Light Cult NFTs\YMFKI52P__Diapositiva332.JPG","135.3"
"333","3","LIBM3VH8__Diapositiva333.JPG","E:\Zotero-organized-export\JPG-JPEG\Light Cult NFTs\LIBM3VH8__Diapositiva333.JPG","122.1"
"333","3","MUR6UCNA__Diapositiva333.JPG","E:\Zotero-organized-export\JPG-JPEG\Light Cult NFTs\MUR6UCNA__Diapositiva333.JPG","141.1"
"333","3","WX7BURFA__Diapositiva333.JPG","E:\Zotero-organized-export\JPG-JPEG\Light Cult NFTs\WX7BURFA__Diapositiva333.JPG","152.2"
"334","3","KVCDUNYV__Diapositiva334.JPG","E:\Zotero-organized-export\JPG-JPEG\Light Cult NFTs\KVCDUNYV__Diapositiva334.JPG","106.9"
"334","3","LVGYRPJI__Diapositiva334.JPG","E:\Zotero-organized-export\JPG-JPEG\Light Cult NFTs\LVGYRPJI__Diapositiva334.JPG","72.3"
"334","3","ZTMFBRBU__Diapositiva334.JPG","E:\Zotero-organized-export\JPG-JPEG\Light Cult NFTs\ZTMFBRBU__Diapositiva334.JPG","169.5"
"335","3","2RNA2DAT__Diapositiva335.JPG","E:\Zotero-organized-export\JPG-JPEG\Light Cult NFTs\2RNA2DAT__Diapositiva335.JPG","35.3"
"335","3","HUWQ4UUE__Diapositiva335.JPG","E:\Zotero-organized-export\JPG-JPEG\Light Cult NFTs\HUWQ4UUE__Diapositiva335.JPG","93"
"335","3","R8G83FZQ__Diapositiva335.JPG","E:\Zotero-organized-export\JPG-JPEG\Light Cult NFTs\R8G83FZQ__Diapositiva335.JPG","78.3"
"336","3","5R4TWZM6__Diapositiva336.JPG","E:\Zotero-organized-export\JPG-JPEG\Light Cult NFTs\5R4TWZM6__Diapositiva336.JPG","54.1"
"336","3","DFB6QW3W__Diapositiva336.JPG","E:\Zotero-organized-export\JPG-JPEG\Light Cult NFTs\DFB6QW3W__Diapositiva336.JPG","81.7"
"336","3","EGP7IBSC__Diapositiva336.JPG","E:\Zotero-organized-export\JPG-JPEG\Light Cult NFTs\EGP7IBSC__Diapositiva336.JPG","143.7"
"337","3","A23G2A8U__Diapositiva337.JPG","E:\Zotero-organized-export\JPG-JPEG\Light Cult NFTs\A23G2A8U__Diapositiva337.JPG","50.7"
"337","3","G2LPP2IL__Diapositiva337.JPG","E:\Zotero-organized-export\JPG-JPEG\Light Cult NFTs\G2LPP2IL__Diapositiva337.JPG","77.1"
"337","3","IEI5Y64W__Diapositiva337.JPG","E:\Zotero-organized-export\JPG-JPEG\Light Cult NFTs\IEI5Y64W__Diapositiva337.JPG","170.5"
"338","2","54AUL636__Diapositiva338.JPG","E:\Zotero-organized-export\JPG-JPEG\Light Cult NFTs\54AUL636__Diapositiva338.JPG","52.1"
"338","2","SYCWFNL6__Diapositiva338.JPG","E:\Zotero-organized-export\JPG-JPEG\Light Cult NFTs\SYCWFNL6__Diapositiva338.JPG","161.7"
"339","3","48Q9YG84__Diapositiva339.JPG","E:\Zotero-organized-export\JPG-JPEG\Light Cult NFTs\48Q9YG84__Diapositiva339.JPG","109.3"
"339","3","8TZW73D9__Diapositiva339.JPG","E:\Zotero-organized-export\JPG-JPEG\Light Cult NFTs\8TZW73D9__Diapositiva339.JPG","62.2"
"339","3","JRUFAE5Y__Diapositiva339.JPG","E:\Zotero-organized-export\JPG-JPEG\Light Cult NFTs\JRUFAE5Y__Diapositiva339.JPG","129"
"340","3","53HK4RQV__Diapositiva340.JPG","E:\Zotero-organized-export\JPG-JPEG\Light Cult NFTs\53HK4RQV__Diapositiva340.JPG","119.3"
"340","3","U5AZVIIK__Diapositiva340.JPG","E:\Zotero-organized-export\JPG-JPEG\Light Cult NFTs\U5AZVIIK__Diapositiva340.JPG","117.8"
"340","3","UZ6JEA3Q__Diapositiva340.JPG","E:\Zotero-organized-export\JPG-JPEG\Light Cult NFTs\UZ6JEA3Q__Diapositiva340.JPG","122.8"
"341","3","6NCBFFDF__Diapositiva341.JPG","E:\Zotero-organized-export\JPG-JPEG\Light Cult NFTs\6NCBFFDF__Diapositiva341.JPG","98"
"341","3","AER2UN7D__Diapositiva341.JPG","E:\Zotero-organized-export\JPG-JPEG\Light Cult NFTs\AER2UN7D__Diapositiva341.JPG","137.6"
"341","3","UP9H3KFE__Diapositiva341.JPG","E:\Zotero-organized-export\JPG-JPEG\Light Cult NFTs\UP9H3KFE__Diapositiva341.JPG","43.3"
"342","3","39ZXNFL3__Diapositiva342.JPG","E:\Zotero-organized-export\JPG-JPEG\Light Cult NFTs\39ZXNFL3__Diapositiva342.JPG","72.7"
"342","3","CTMFQLFQ__Diapositiva342.JPG","E:\Zotero-organized-export\JPG-JPEG\Light Cult NFTs\CTMFQLFQ__Diapositiva342.JPG","41"
"342","3","GGMRKHLP__Diapositiva342.JPG","E:\Zotero-organized-export\JPG-JPEG\Light Cult NFTs\GGMRKHLP__Diapositiva342.JPG","103.2"
"343","3","KL884DKB__Diapositiva343.JPG","E:\Zotero-organized-export\JPG-JPEG\Light Cult NFTs\KL884DKB__Diapositiva343.JPG","29.3"
"343","3","LH4XD5JP__Diapositiva343.JPG","E:\Zotero-organized-export\JPG-JPEG\Light Cult NFTs\LH4XD5JP__Diapositiva343.JPG","45.8"
"343","3","YFTL2U9S__Diapositiva343.JPG","E:\Zotero-organized-export\JPG-JPEG\Light Cult NFTs\YFTL2U9S__Diapositiva343.JPG","65.6"
"344","2","E6IK5N52__Diapositiva344.JPG","E:\Zotero-organized-export\JPG-JPEG\Light Cult NFTs\E6IK5N52__Diapositiva344.JPG","148.1"
"344","2","FY3JIYHM__Diapositiva344.JPG","E:\Zotero-organized-export\JPG-JPEG\Light Cult NFTs\FY3JIYHM__Diapositiva344.JPG","62.4"
"345","3","5SRU6X3N__Diapositiva345.JPG","E:\Zotero-organized-export\JPG-JPEG\Light Cult NFTs\5SRU6X3N__Diapositiva345.JPG","49.8"
"345","3","AN4GI4QG__Diapositiva345.JPG","E:\Zotero-organized-export\JPG-JPEG\Light Cult NFTs\AN4GI4QG__Diapositiva345.JPG","87.1"
"345","3","ZE2TV7KW__Diapositiva345.JPG","E:\Zotero-organized-export\JPG-JPEG\Light Cult NFTs\ZE2TV7KW__Diapositiva345.JPG","119.5"
"346","3","3JZLADY7__Diapositiva346.JPG","E:\Zotero-organized-export\JPG-JPEG\Light Cult NFTs\3JZLADY7__Diapositiva346.JPG","85.1"
"346","3","84GMN6C4__Diapositiva346.JPG","E:\Zotero-organized-export\JPG-JPEG\Light Cult NFTs\84GMN6C4__Diapositiva346.JPG","84.9"
"346","3","HNZR3HIK__Diapositiva346.JPG","E:\Zotero-organized-export\JPG-JPEG\Light Cult NFTs\HNZR3HIK__Diapositiva346.JPG","141.1"
"347","3","FAAYVEUH__Diapositiva347.JPG","E:\Zotero-organized-export\JPG-JPEG\Light Cult NFTs\FAAYVEUH__Diapositiva347.JPG","59.9"
"347","3","VWPHHPNA__Diapositiva347.JPG","E:\Zotero-organized-export\JPG-JPEG\Light Cult NFTs\VWPHHPNA__Diapositiva347.JPG","94"
"347","3","YZHIVUNU__Diapositiva347.JPG","E:\Zotero-organized-export\JPG-JPEG\Light Cult NFTs\YZHIVUNU__Diapositiva347.JPG","143.5"
"348","3","B99H2F6Y__Diapositiva348.JPG","E:\Zotero-organized-export\JPG-JPEG\Light Cult NFTs\B99H2F6Y__Diapositiva348.JPG","69.9"
"348","3","IHQCZGRN__Diapositiva348.JPG","E:\Zotero-organized-export\JPG-JPEG\Light Cult NFTs\IHQCZGRN__Diapositiva348.JPG","134.3"
"348","3","IV9C7QHX__Diapositiva348.JPG","E:\Zotero-organized-export\JPG-JPEG\Light Cult NFTs\IV9C7QHX__Diapositiva348.JPG","105.4"
"349","3","385WHHPM__Diapositiva349.JPG","E:\Zotero-organized-export\JPG-JPEG\Light Cult NFTs\385WHHPM__Diapositiva349.JPG","182"
"349","3","95S49AHK__Diapositiva349.JPG","E:\Zotero-organized-export\JPG-JPEG\Light Cult NFTs\95S49AHK__Diapositiva349.JPG","48.2"
"349","3","YIYDM3QX__Diapositiva349.JPG","E:\Zotero-organized-export\JPG-JPEG\Light Cult NFTs\YIYDM3QX__Diapositiva349.JPG","103.8"
"350","3","9VIE8HDX__Diapositiva350.JPG","E:\Zotero-organized-export\JPG-JPEG\Light Cult NFTs\9VIE8HDX__Diapositiva350.JPG","110.8"
"350","3","B3PQ4MA3__Diapositiva350.JPG","E:\Zotero-organized-export\JPG-JPEG\Light Cult NFTs\B3PQ4MA3__Diapositiva350.JPG","122"
"350","3","ZVJP4E3X__Diapositiva350.JPG","E:\Zotero-organized-export\JPG-JPEG\Light Cult NFTs\ZVJP4E3X__Diapositiva350.JPG","75.8"
"351","3","3JSCIA2Y__Diapositiva351.JPG","E:\Zotero-organized-export\JPG-JPEG\Light Cult NFTs\3JSCIA2Y__Diapositiva351.JPG","93.4"
"351","3","J3MUPCDK__Diapositiva351.JPG","E:\Zotero-organized-export\JPG-JPEG\Light Cult NFTs\J3MUPCDK__Diapositiva351.JPG","52.5"
"351","3","UJYB7T8S__Diapositiva351.JPG","E:\Zotero-organized-export\JPG-JPEG\Light Cult NFTs\UJYB7T8S__Diapositiva351.JPG","150"
"352","3","45U3HLRY__Diapositiva352.JPG","E:\Zotero-organized-export\JPG-JPEG\Light Cult NFTs\45U3HLRY__Diapositiva352.JPG","115.7"
"352","3","GLCNKR8A__Diapositiva352.JPG","E:\Zotero-organized-export\JPG-JPEG\Light Cult NFTs\GLCNKR8A__Diapositiva352.JPG","68.7"
"352","3","TC9PQR6P__Diapositiva352.JPG","E:\Zotero-organized-export\JPG-JPEG\Light Cult NFTs\TC9PQR6P__Diapositiva352.JPG","82.7"
"353","3","GBU7MUW9__Diapositiva353.JPG","E:\Zotero-organized-export\JPG-JPEG\Light Cult NFTs\GBU7MUW9__Diapositiva353.JPG","37.3"
"353","3","RYFBB44Q__Diapositiva353.JPG","E:\Zotero-organized-export\JPG-JPEG\Light Cult NFTs\RYFBB44Q__Diapositiva353.JPG","65.4"
"353","3","TNQVT4VU__Diapositiva353.JPG","E:\Zotero-organized-export\JPG-JPEG\Light Cult NFTs\TNQVT4VU__Diapositiva353.JPG","83.8"
"354","3","4SK7DP6W__Diapositiva354.JPG","E:\Zotero-organized-export\JPG-JPEG\Light Cult NFTs\4SK7DP6W__Diapositiva354.JPG","133.1"
"354","3","ER8Z8GIB__Diapositiva354.JPG","E:\Zotero-organized-export\JPG-JPEG\Light Cult NFTs\ER8Z8GIB__Diapositiva354.JPG","114.4"
"354","3","HLPPQE46__Diapositiva354.JPG","E:\Zotero-organized-export\JPG-JPEG\Light Cult NFTs\HLPPQE46__Diapositiva354.JPG","129"
"355","3","HKISIRZ7__Diapositiva355.JPG","E:\Zotero-organized-export\JPG-JPEG\Light Cult NFTs\HKISIRZ7__Diapositiva355.JPG","64.7"
"355","3","MGGFIKXD__Diapositiva355.JPG","E:\Zotero-organized-export\JPG-JPEG\Light Cult NFTs\MGGFIKXD__Diapositiva355.JPG","131"
"355","3","W56UDFXL__Diapositiva355.JPG","E:\Zotero-organized-export\JPG-JPEG\Light Cult NFTs\W56UDFXL__Diapositiva355.JPG","54"
"356","3","8FBVFHPN__Diapositiva356.JPG","E:\Zotero-organized-export\JPG-JPEG\Light Cult NFTs\8FBVFHPN__Diapositiva356.JPG","116.8"
"356","3","ACNKHV57__Diapositiva356.JPG","E:\Zotero-organized-export\JPG-JPEG\Light Cult NFTs\ACNKHV57__Diapositiva356.JPG","122.4"
"356","3","EF94I73Z__Diapositiva356.JPG","E:\Zotero-organized-export\JPG-JPEG\Light Cult NFTs\EF94I73Z__Diapositiva356.JPG","119.5"
"357","3","N52XDYLA__Diapositiva357.JPG","E:\Zotero-organized-export\JPG-JPEG\Light Cult NFTs\N52XDYLA__Diapositiva357.JPG","124.9"
"357","3","RWSGVM2P__Diapositiva357.JPG","E:\Zotero-organized-export\JPG-JPEG\Light Cult NFTs\RWSGVM2P__Diapositiva357.JPG","129.6"
"357","3","RWZG3N4R__Diapositiva357.JPG","E:\Zotero-organized-export\JPG-JPEG\Light Cult NFTs\RWZG3N4R__Diapositiva357.JPG","148.1"
"358","3","EZ4QQ595__Diapositiva358.JPG","E:\Zotero-organized-export\JPG-JPEG\Light Cult NFTs\EZ4QQ595__Diapositiva358.JPG","121.1"
"358","3","FS24424B__Diapositiva358.JPG","E:\Zotero-organized-export\JPG-JPEG\Light Cult NFTs\FS24424B__Diapositiva358.JPG","117"
"358","3","N9YRPYUA__Diapositiva358.JPG","E:\Zotero-organized-export\JPG-JPEG\Light Cult NFTs\N9YRPYUA__Diapositiva358.JPG","70.4"
"359","3","CDBHIYE2__Diapositiva359.JPG","E:\Zotero-organized-export\JPG-JPEG\Light Cult NFTs\CDBHIYE2__Diapositiva359.JPG","133.5"
"359","3","KH7KZBZV__Diapositiva359.JPG","E:\Zotero-organized-export\JPG-JPEG\Light Cult NFTs\KH7KZBZV__Diapositiva359.JPG","152.6"
"359","3","VQN3G72N__Diapositiva359.JPG","E:\Zotero-organized-export\JPG-JPEG\Light Cult NFTs\VQN3G72N__Diapositiva359.JPG","54.5"
"360","3","D7MXTRBZ__Diapositiva360.JPG","E:\Zotero-organized-export\JPG-JPEG\Light Cult NFTs\D7MXTRBZ__Diapositiva360.JPG","70.9"
"360","3","QHU9KY6J__Diapositiva360.JPG","E:\Zotero-organized-export\JPG-JPEG\Light Cult NFTs\QHU9KY6J__Diapositiva360.JPG","128.6"
"360","3","UBHZLLBJ__Diapositiva360.JPG","E:\Zotero-organized-export\JPG-JPEG\Light Cult NFTs\UBHZLLBJ__Diapositiva360.JPG","139.6"
"361","3","7USFY85R__Diapositiva361.JPG","E:\Zotero-organized-export\JPG-JPEG\Light Cult NFTs\7USFY85R__Diapositiva361.JPG","83.2"
"361","3","MZ8NWGY3__Diapositiva361.JPG","E:\Zotero-organized-export\JPG-JPEG\Light Cult NFTs\MZ8NWGY3__Diapositiva361.JPG","131.2"
"361","3","VKILEEGI__Diapositiva361.JPG","E:\Zotero-organized-export\JPG-JPEG\Light Cult NFTs\VKILEEGI__Diapositiva361.JPG","47.4"
"362","3","4KDMXG2H__Diapositiva362.JPG","E:\Zotero-organized-export\JPG-JPEG\Light Cult NFTs\4KDMXG2H__Diapositiva362.JPG","126.3"
"362","3","CF6YFKPM__Diapositiva362.JPG","E:\Zotero-organized-export\JPG-JPEG\Light Cult NFTs\CF6YFKPM__Diapositiva362.JPG","77.2"
"362","3","P8JNGNAK__Diapositiva362.JPG","E:\Zotero-organized-export\JPG-JPEG\Light Cult NFTs\P8JNGNAK__Diapositiva362.JPG","132.8"
"363","3","94MLKS3V__Diapositiva363.JPG","E:\Zotero-organized-export\JPG-JPEG\Light Cult NFTs\94MLKS3V__Diapositiva363.JPG","123"
"363","3","AQJK9QNJ__Diapositiva363.JPG","E:\Zotero-organized-export\JPG-JPEG\Light Cult NFTs\AQJK9QNJ__Diapositiva363.JPG","38.6"
"363","3","D8UZNBD3__Diapositiva363.JPG","E:\Zotero-organized-export\JPG-JPEG\Light Cult NFTs\D8UZNBD3__Diapositiva363.JPG","119.5"
"364","3","2WH9XTVQ__Diapositiva364.JPG","E:\Zotero-organized-export\JPG-JPEG\Light Cult NFTs\2WH9XTVQ__Diapositiva364.JPG","85.4"
"364","3","BSIJHX99__Diapositiva364.JPG","E:\Zotero-organized-export\JPG-JPEG\Light Cult NFTs\BSIJHX99__Diapositiva364.JPG","73"
"364","3","L6CE65PF__Diapositiva364.JPG","E:\Zotero-organized-export\JPG-JPEG\Light Cult NFTs\L6CE65PF__Diapositiva364.JPG","107.4"
"365","3","AM5CTFKI__Diapositiva365.JPG","E:\Zotero-organized-export\JPG-JPEG\Light Cult NFTs\AM5CTFKI__Diapositiva365.JPG","88.7"
"365","3","GYCMU2S2__Diapositiva365.JPG","E:\Zotero-organized-export\JPG-JPEG\Light Cult NFTs\GYCMU2S2__Diapositiva365.JPG","37.4"
"365","3","L3LSXJ4F__Diapositiva365.JPG","E:\Zotero-organized-export\JPG-JPEG\Light Cult NFTs\L3LSXJ4F__Diapositiva365.JPG","152.9"
"366","3","H7K7SR4G__Diapositiva366.JPG","E:\Zotero-organized-export\JPG-JPEG\Light Cult NFTs\H7K7SR4G__Diapositiva366.JPG","130.5"
"366","3","NGJ6ZG9Y__Diapositiva366.JPG","E:\Zotero-organized-export\JPG-JPEG\Light Cult NFTs\NGJ6ZG9Y__Diapositiva366.JPG","72.4"
"366","3","W34NEJ4J__Diapositiva366.JPG","E:\Zotero-organized-export\JPG-JPEG\Light Cult NFTs\W34NEJ4J__Diapositiva366.JPG","61.8"
"367","3","FENG48QQ__Diapositiva367.JPG","E:\Zotero-organized-export\JPG-JPEG\Light Cult NFTs\FENG48QQ__Diapositiva367.JPG","64.9"
"367","3","QSL82IV7__Diapositiva367.JPG","E:\Zotero-organized-export\JPG-JPEG\Light Cult NFTs\QSL82IV7__Diapositiva367.JPG","75.6"
"367","3","S3EILBXV__Diapositiva367.JPG","E:\Zotero-organized-export\JPG-JPEG\Light Cult NFTs\S3EILBXV__Diapositiva367.JPG","123.9"
"368","3","7S6KITU3__Diapositiva368.JPG","E:\Zotero-organized-export\JPG-JPEG\Light Cult NFTs\7S6KITU3__Diapositiva368.JPG","91.5"
"368","3","AL64P3S8__Diapositiva368.JPG","E:\Zotero-organized-export\JPG-JPEG\Light Cult NFTs\AL64P3S8__Diapositiva368.JPG","32.7"
"368","3","PI38JSPX__Diapositiva368.JPG","E:\Zotero-organized-export\JPG-JPEG\Light Cult NFTs\PI38JSPX__Diapositiva368.JPG","123.2"
"369","3","3UBPP4D2__Diapositiva369.JPG","E:\Zotero-organized-export\JPG-JPEG\Light Cult NFTs\3UBPP4D2__Diapositiva369.JPG","83.3"
"369","3","B594RL24__Diapositiva369.JPG","E:\Zotero-organized-export\JPG-JPEG\Light Cult NFTs\B594RL24__Diapositiva369.JPG","138.7"
"369","3","UG65FRI5__Diapositiva369.JPG","E:\Zotero-organized-export\JPG-JPEG\Light Cult NFTs\UG65FRI5__Diapositiva369.JPG","93.4"
"370","3","3XNF6Q58__Diapositiva370.JPG","E:\Zotero-organized-export\JPG-JPEG\Light Cult NFTs\3XNF6Q58__Diapositiva370.JPG","77.6"
"370","3","FBAE4N8N__Diapositiva370.JPG","E:\Zotero-organized-export\JPG-JPEG\Light Cult NFTs\FBAE4N8N__Diapositiva370.JPG","44.2"
"370","3","X4ESEXQ3__Diapositiva370.JPG","E:\Zotero-organized-export\JPG-JPEG\Light Cult NFTs\X4ESEXQ3__Diapositiva370.JPG","73.2"
"371","3","G37NTRNY__Diapositiva371.JPG","E:\Zotero-organized-export\JPG-JPEG\Light Cult NFTs\G37NTRNY__Diapositiva371.JPG","88"
"371","3","P5Z5UQCX__Diapositiva371.JPG","E:\Zotero-organized-export\JPG-JPEG\Light Cult NFTs\P5Z5UQCX__Diapositiva371.JPG","89"
"371","3","PAT8C3CK__Diapositiva371.JPG","E:\Zotero-organized-export\JPG-JPEG\Light Cult NFTs\PAT8C3CK__Diapositiva371.JPG","132.4"
"372","3","5IFCW8R5__Diapositiva372.JPG","E:\Zotero-organized-export\JPG-JPEG\Light Cult NFTs\5IFCW8R5__Diapositiva372.JPG","45.8"
"372","3","K8QWZWLZ__Diapositiva372.JPG","E:\Zotero-organized-export\JPG-JPEG\Light Cult NFTs\K8QWZWLZ__Diapositiva372.JPG","124.6"
"372","3","VYTD72W7__Diapositiva372.JPG","E:\Zotero-organized-export\JPG-JPEG\Light Cult NFTs\VYTD72W7__Diapositiva372.JPG","47.2"
"373","3","3WLQGKVJ__Diapositiva373.JPG","E:\Zotero-organized-export\JPG-JPEG\Light Cult NFTs\3WLQGKVJ__Diapositiva373.JPG","101.7"
"373","3","4UYSFVPV__Diapositiva373.JPG","E:\Zotero-organized-export\JPG-JPEG\Light Cult NFTs\4UYSFVPV__Diapositiva373.JPG","129.4"
"373","3","X95JIYJ2__Diapositiva373.JPG","E:\Zotero-organized-export\JPG-JPEG\Light Cult NFTs\X95JIYJ2__Diapositiva373.JPG","89.5"
"374","3","IG9ZHC6D__Diapositiva374.JPG","E:\Zotero-organized-export\JPG-JPEG\Light Cult NFTs\IG9ZHC6D__Diapositiva374.JPG","55.3"
"374","3","PU6EPXPS__Diapositiva374.JPG","E:\Zotero-organized-export\JPG-JPEG\Light Cult NFTs\PU6EPXPS__Diapositiva374.JPG","73.1"
"374","3","Q5MY3LD6__Diapositiva374.JPG","E:\Zotero-organized-export\JPG-JPEG\Light Cult NFTs\Q5MY3LD6__Diapositiva374.JPG","144"
"375","3","4FBEDJ6Q__Diapositiva375.JPG","E:\Zotero-organized-export\JPG-JPEG\Light Cult NFTs\4FBEDJ6Q__Diapositiva375.JPG","79.6"
"375","3","BBHVQYU2__Diapositiva375.JPG","E:\Zotero-organized-export\JPG-JPEG\Light Cult NFTs\BBHVQYU2__Diapositiva375.JPG","48.4"
"375","3","LMYUQHD3__Diapositiva375.JPG","E:\Zotero-organized-export\JPG-JPEG\Light Cult NFTs\LMYUQHD3__Diapositiva375.JPG","122.4"
"376","3","2Q3SJGGX__Diapositiva376.JPG","E:\Zotero-organized-export\JPG-JPEG\Light Cult NFTs\2Q3SJGGX__Diapositiva376.JPG","42.2"
"376","3","55XUSPWL__Diapositiva376.JPG","E:\Zotero-organized-export\JPG-JPEG\Light Cult NFTs\55XUSPWL__Diapositiva376.JPG","102.5"
"376","3","IUDD259W__Diapositiva376.JPG","E:\Zotero-organized-export\JPG-JPEG\Light Cult NFTs\IUDD259W__Diapositiva376.JPG","95.7"
"377","3","77QXLTLX__Diapositiva377.JPG","E:\Zotero-organized-export\JPG-JPEG\Light Cult NFTs\77QXLTLX__Diapositiva377.JPG","129.8"
"377","3","KW4GA85Z__Diapositiva377.JPG","E:\Zotero-organized-export\JPG-JPEG\Light Cult NFTs\KW4GA85Z__Diapositiva377.JPG","72.1"
"377","3","S8N7XDPT__Diapositiva377.JPG","E:\Zotero-organized-export\JPG-JPEG\Light Cult NFTs\S8N7XDPT__Diapositiva377.JPG","140.1"
"378","3","7LRQ6RZ5__Diapositiva378.JPG","E:\Zotero-organized-export\JPG-JPEG\Light Cult NFTs\7LRQ6RZ5__Diapositiva378.JPG","63.1"
"378","3","RT3SMF7P__Diapositiva378.JPG","E:\Zotero-organized-export\JPG-JPEG\Light Cult NFTs\RT3SMF7P__Diapositiva378.JPG","81.9"
"378","3","U32MM5DR__Diapositiva378.JPG","E:\Zotero-organized-export\JPG-JPEG\Light Cult NFTs\U32MM5DR__Diapositiva378.JPG","32.9"
"379","3","2ZLVRBAD__Diapositiva379.JPG","E:\Zotero-organized-export\JPG-JPEG\Light Cult NFTs\2ZLVRBAD__Diapositiva379.JPG","122.1"
"379","3","SHVWT6TZ__Diapositiva379.JPG","E:\Zotero-organized-export\JPG-JPEG\Light Cult NFTs\SHVWT6TZ__Diapositiva379.JPG","146.8"
"379","3","ZW3SYV2R__Diapositiva379.JPG","E:\Zotero-organized-export\JPG-JPEG\Light Cult NFTs\ZW3SYV2R__Diapositiva379.JPG","128.7"
"380","2","3EIFC3SV__Diapositiva380.JPG","E:\Zotero-organized-export\JPG-JPEG\Light Cult NFTs\3EIFC3SV__Diapositiva380.JPG","81.3"
"380","2","RUUKF4XW__Diapositiva380.JPG","E:\Zotero-organized-export\JPG-JPEG\Light Cult NFTs\RUUKF4XW__Diapositiva380.JPG","144.9"
"382","3","EW8GFVNQ__Diapositiva382.JPG","E:\Zotero-organized-export\JPG-JPEG\Light Cult NFTs\EW8GFVNQ__Diapositiva382.JPG","123.4"
"382","3","HDG8HA24__Diapositiva382.JPG","E:\Zotero-organized-export\JPG-JPEG\Light Cult NFTs\HDG8HA24__Diapositiva382.JPG","95.7"
"382","3","LMLMI73U__Diapositiva382.JPG","E:\Zotero-organized-export\JPG-JPEG\Light Cult NFTs\LMLMI73U__Diapositiva382.JPG","49.7"
"383","3","7SSP3TCX__Diapositiva383.JPG","E:\Zotero-organized-export\JPG-JPEG\Light Cult NFTs\7SSP3TCX__Diapositiva383.JPG","53.4"
"383","3","HVKSHHL3__Diapositiva383.JPG","E:\Zotero-organized-export\JPG-JPEG\Light Cult NFTs\HVKSHHL3__Diapositiva383.JPG","134.5"
"383","3","KGRQDNXG__Diapositiva383.JPG","E:\Zotero-organized-export\JPG-JPEG\Light Cult NFTs\KGRQDNXG__Diapositiva383.JPG","57"
"384","3","CZMQZM6X__Diapositiva384.JPG","E:\Zotero-organized-export\JPG-JPEG\Light Cult NFTs\CZMQZM6X__Diapositiva384.JPG","111.5"
"384","3","SI9Y4FAY__Diapositiva384.JPG","E:\Zotero-organized-export\JPG-JPEG\Light Cult NFTs\SI9Y4FAY__Diapositiva384.JPG","98.2"
"384","3","XNXTNWJN__Diapositiva384.JPG","E:\Zotero-organized-export\JPG-JPEG\Light Cult NFTs\XNXTNWJN__Diapositiva384.JPG","124.5"
"385","3","FV58XE8U__Diapositiva385.JPG","E:\Zotero-organized-export\JPG-JPEG\Light Cult NFTs\FV58XE8U__Diapositiva385.JPG","68.1"
"385","3","KDYG4ZFP__Diapositiva385.JPG","E:\Zotero-organized-export\JPG-JPEG\Light Cult NFTs\KDYG4ZFP__Diapositiva385.JPG","101.1"
"385","3","SW84IR87__Diapositiva385.JPG","E:\Zotero-organized-export\JPG-JPEG\Light Cult NFTs\SW84IR87__Diapositiva385.JPG","64.5"
"386","3","7CEX5DDN__Diapositiva386.JPG","E:\Zotero-organized-export\JPG-JPEG\Light Cult NFTs\7CEX5DDN__Diapositiva386.JPG","86.7"
"386","3","9J52EUV6__Diapositiva386.JPG","E:\Zotero-organized-export\JPG-JPEG\Light Cult NFTs\9J52EUV6__Diapositiva386.JPG","128.3"
"386","3","UQ64WVW8__Diapositiva386.JPG","E:\Zotero-organized-export\JPG-JPEG\Light Cult NFTs\UQ64WVW8__Diapositiva386.JPG","79.9"
"387","3","JA7GRS5E__Diapositiva387.JPG","E:\Zotero-organized-export\JPG-JPEG\Light Cult NFTs\JA7GRS5E__Diapositiva387.JPG","120"
"387","3","RSILM37X__Diapositiva387.JPG","E:\Zotero-organized-export\JPG-JPEG\Light Cult NFTs\RSILM37X__Diapositiva387.JPG","143.1"
"387","3","Y4V2BQHX__Diapositiva387.JPG","E:\Zotero-organized-export\JPG-JPEG\Light Cult NFTs\Y4V2BQHX__Diapositiva387.JPG","146.7"
"388","3","KQFB4ZP4__Diapositiva388.JPG","E:\Zotero-organized-export\JPG-JPEG\Light Cult NFTs\KQFB4ZP4__Diapositiva388.JPG","104.5"
"388","3","R4BDM8A9__Diapositiva388.JPG","E:\Zotero-organized-export\JPG-JPEG\Light Cult NFTs\R4BDM8A9__Diapositiva388.JPG","127.5"
"388","3","UE2QIYBC__Diapositiva388.JPG","E:\Zotero-organized-export\JPG-JPEG\Light Cult NFTs\UE2QIYBC__Diapositiva388.JPG","100.9"
"389","2","87WEE9AX__Diapositiva389.JPG","E:\Zotero-organized-export\JPG-JPEG\Light Cult NFTs\87WEE9AX__Diapositiva389.JPG","122.1"
"389","2","ZG534GH9__Diapositiva389.JPG","E:\Zotero-organized-export\JPG-JPEG\Light Cult NFTs\ZG534GH9__Diapositiva389.JPG","125.9"
"390","3","8G7CE9KT__Diapositiva390.JPG","E:\Zotero-organized-export\JPG-JPEG\Light Cult NFTs\8G7CE9KT__Diapositiva390.JPG","66.6"
"390","3","A4IKBFWC__Diapositiva390.JPG","E:\Zotero-organized-export\JPG-JPEG\Light Cult NFTs\A4IKBFWC__Diapositiva390.JPG","124.7"
"390","3","ZHHPUYTV__Diapositiva390.JPG","E:\Zotero-organized-export\JPG-JPEG\Light Cult NFTs\ZHHPUYTV__Diapositiva390.JPG","59.6"
"391","3","JPTAVKWD__Diapositiva391.JPG","E:\Zotero-organized-export\JPG-JPEG\Light Cult NFTs\JPTAVKWD__Diapositiva391.JPG","130.4"
"391","3","JR6FEWFM__Diapositiva391.JPG","E:\Zotero-organized-export\JPG-JPEG\Light Cult NFTs\JR6FEWFM__Diapositiva391.JPG","183.1"
"391","3","WD9M7HIJ__Diapositiva391.JPG","E:\Zotero-organized-export\JPG-JPEG\Light Cult NFTs\WD9M7HIJ__Diapositiva391.JPG","168.5"
"392","2","4UQT7F8V__Diapositiva392.JPG","E:\Zotero-organized-export\JPG-JPEG\Light Cult NFTs\4UQT7F8V__Diapositiva392.JPG","57.6"
"392","2","SN32E6IC__Diapositiva392.JPG","E:\Zotero-organized-export\JPG-JPEG\Light Cult NFTs\SN32E6IC__Diapositiva392.JPG","131.9"
"393","3","BB58PTFI__Diapositiva393.JPG","E:\Zotero-organized-export\JPG-JPEG\Light Cult NFTs\BB58PTFI__Diapositiva393.JPG","48.5"
"393","3","GK9EP4QE__Diapositiva393.JPG","E:\Zotero-organized-export\JPG-JPEG\Light Cult NFTs\GK9EP4QE__Diapositiva393.JPG","133.9"
"393","3","XWKXQU6M__Diapositiva393.JPG","E:\Zotero-organized-export\JPG-JPEG\Light Cult NFTs\XWKXQU6M__Diapositiva393.JPG","121"
"394","2","42DLGHIZ__Diapositiva394.JPG","E:\Zotero-organized-export\JPG-JPEG\Light Cult NFTs\42DLGHIZ__Diapositiva394.JPG","71.4"
"394","2","87I69JDV__Diapositiva394.JPG","E:\Zotero-organized-export\JPG-JPEG\Light Cult NFTs\87I69JDV__Diapositiva394.JPG","122.3"
"395","3","8H3ZA9AX__Diapositiva395.JPG","E:\Zotero-organized-export\JPG-JPEG\Light Cult NFTs\8H3ZA9AX__Diapositiva395.JPG","57.1"
"395","3","W4CWJ866__Diapositiva395.JPG","E:\Zotero-organized-export\JPG-JPEG\Light Cult NFTs\W4CWJ866__Diapositiva395.JPG","57"
"395","3","YSMPJ3SR__Diapositiva395.JPG","E:\Zotero-organized-export\JPG-JPEG\Light Cult NFTs\YSMPJ3SR__Diapositiva395.JPG","50.3"
"396","3","6E42B948__Diapositiva396.JPG","E:\Zotero-organized-export\JPG-JPEG\Light Cult NFTs\6E42B948__Diapositiva396.JPG","60.6"
"396","3","B7N3F2QS__Diapositiva396.JPG","E:\Zotero-organized-export\JPG-JPEG\Light Cult NFTs\B7N3F2QS__Diapositiva396.JPG","128.6"
"396","3","U3GR39DD__Diapositiva396.JPG","E:\Zotero-organized-export\JPG-JPEG\Light Cult NFTs\U3GR39DD__Diapositiva396.JPG","47.3"
"397","3","KXTU4BVY__Diapositiva397.JPG","E:\Zotero-organized-export\JPG-JPEG\Light Cult NFTs\KXTU4BVY__Diapositiva397.JPG","119.8"
"397","3","MBPUGZUD__Diapositiva397.JPG","E:\Zotero-organized-export\JPG-JPEG\Light Cult NFTs\MBPUGZUD__Diapositiva397.JPG","93.4"
"397","3","X6I2QJ4W__Diapositiva397.JPG","E:\Zotero-organized-export\JPG-JPEG\Light Cult NFTs\X6I2QJ4W__Diapositiva397.JPG","98.9"
"398","3","HMIW4MSI__Diapositiva398.JPG","E:\Zotero-organized-export\JPG-JPEG\Light Cult NFTs\HMIW4MSI__Diapositiva398.JPG","93.1"
"398","3","JJAS455E__Diapositiva398.JPG","E:\Zotero-organized-export\JPG-JPEG\Light Cult NFTs\JJAS455E__Diapositiva398.JPG","46.3"
"398","3","XKPSZ6YZ__Diapositiva398.JPG","E:\Zotero-organized-export\JPG-JPEG\Light Cult NFTs\XKPSZ6YZ__Diapositiva398.JPG","61"
"399","2","78H2894L__Diapositiva399.JPG","E:\Zotero-organized-export\JPG-JPEG\Light Cult NFTs\78H2894L__Diapositiva399.JPG","59.6"
"399","2","D6M7I5D2__Diapositiva399.JPG","E:\Zotero-organized-export\JPG-JPEG\Light Cult NFTs\D6M7I5D2__Diapositiva399.JPG","120.1"
"400","3","LKXMLWFA__Diapositiva400.JPG","E:\Zotero-organized-export\JPG-JPEG\Light Cult NFTs\LKXMLWFA__Diapositiva400.JPG","109.7"
"400","3","SMV8TE65__Diapositiva400.JPG","E:\Zotero-organized-export\JPG-JPEG\Light Cult NFTs\SMV8TE65__Diapositiva400.JPG","131.2"
"400","3","WM62FV24__Diapositiva400.JPG","E:\Zotero-organized-export\JPG-JPEG\Light Cult NFTs\WM62FV24__Diapositiva400.JPG","67"
"401","2","AFF89MB3__Diapositiva401.JPG","E:\Zotero-organized-export\JPG-JPEG\Light Cult NFTs\AFF89MB3__Diapositiva401.JPG","154.6"
"401","2","U74XNKS5__Diapositiva401.JPG","E:\Zotero-organized-export\JPG-JPEG\Light Cult NFTs\U74XNKS5__Diapositiva401.JPG","63.2"
"402","3","EKP8VC4E__Diapositiva402.JPG","E:\Zotero-organized-export\JPG-JPEG\Light Cult NFTs\EKP8VC4E__Diapositiva402.JPG","87.1"
"402","3","QQ8L88QE__Diapositiva402.JPG","E:\Zotero-organized-export\JPG-JPEG\Light Cult NFTs\QQ8L88QE__Diapositiva402.JPG","135.5"
"402","3","ZQ7EG5MQ__Diapositiva402.JPG","E:\Zotero-organized-export\JPG-JPEG\Light Cult NFTs\ZQ7EG5MQ__Diapositiva402.JPG","111.6"
"403","3","4JQT9ZSU__Diapositiva403.JPG","E:\Zotero-organized-export\JPG-JPEG\Light Cult NFTs\4JQT9ZSU__Diapositiva403.JPG","110.4"
"403","3","NB7D6M2R__Diapositiva403.JPG","E:\Zotero-organized-export\JPG-JPEG\Light Cult NFTs\NB7D6M2R__Diapositiva403.JPG","135.9"
"403","3","PGKBZMET__Diapositiva403.JPG","E:\Zotero-organized-export\JPG-JPEG\Light Cult NFTs\PGKBZMET__Diapositiva403.JPG","126.6"
"404","2","IGPK4FCA__Diapositiva404.JPG","E:\Zotero-organized-export\JPG-JPEG\Light Cult NFTs\IGPK4FCA__Diapositiva404.JPG","42.1"
"404","2","WVX5MNBS__Diapositiva404.JPG","E:\Zotero-organized-export\JPG-JPEG\Light Cult NFTs\WVX5MNBS__Diapositiva404.JPG","117.3"
"405","3","9W3L9NWQ__Diapositiva405.JPG","E:\Zotero-organized-export\JPG-JPEG\Light Cult NFTs\9W3L9NWQ__Diapositiva405.JPG","25.5"
"405","3","VDSEF4G2__Diapositiva405.JPG","E:\Zotero-organized-export\JPG-JPEG\Light Cult NFTs\VDSEF4G2__Diapositiva405.JPG","81.1"
"405","3","ZE8LWQ7P__Diapositiva405.JPG","E:\Zotero-organized-export\JPG-JPEG\Light Cult NFTs\ZE8LWQ7P__Diapositiva405.JPG","114.9"
"406","3","IWMMWJMM__Diapositiva406.JPG","E:\Zotero-organized-export\JPG-JPEG\Light Cult NFTs\IWMMWJMM__Diapositiva406.JPG","86.4"
"406","3","PNU62WBG__Diapositiva406.JPG","E:\Zotero-organized-export\JPG-JPEG\Light Cult NFTs\PNU62WBG__Diapositiva406.JPG","148.4"
"406","3","U3IHZ3FC__Diapositiva406.JPG","E:\Zotero-organized-export\JPG-JPEG\Light Cult NFTs\U3IHZ3FC__Diapositiva406.JPG","75.7"
"407","3","CJ5C2YP6__Diapositiva407.JPG","E:\Zotero-organized-export\JPG-JPEG\Light Cult NFTs\CJ5C2YP6__Diapositiva407.JPG","102.3"
"407","3","DAIGEIE7__Diapositiva407.JPG","E:\Zotero-organized-export\JPG-JPEG\Light Cult NFTs\DAIGEIE7__Diapositiva407.JPG","88.8"
"407","3","XQ2D88MV__Diapositiva407.JPG","E:\Zotero-organized-export\JPG-JPEG\Light Cult NFTs\XQ2D88MV__Diapositiva407.JPG","68.6"
"409","3","AFACHRMK__Diapositiva409.JPG","E:\Zotero-organized-export\JPG-JPEG\Light Cult NFTs\AFACHRMK__Diapositiva409.JPG","54.1"
"409","3","VAYPFR3S__Diapositiva409.JPG","E:\Zotero-organized-export\JPG-JPEG\Light Cult NFTs\VAYPFR3S__Diapositiva409.JPG","80.2"
"409","3","Z8TPJVDK__Diapositiva409.JPG","E:\Zotero-organized-export\JPG-JPEG\Light Cult NFTs\Z8TPJVDK__Diapositiva409.JPG","54.3"
"410","2","8IPHCIIZ__Diapositiva410.JPG","E:\Zotero-organized-export\JPG-JPEG\Light Cult NFTs\8IPHCIIZ__Diapositiva410.JPG","117.4"
"410","2","L5MKUTRL__Diapositiva410.JPG","E:\Zotero-organized-export\JPG-JPEG\Light Cult NFTs\L5MKUTRL__Diapositiva410.JPG","88.3"
"411","2","7Q328RRJ__Diapositiva411.JPG","E:\Zotero-organized-export\JPG-JPEG\Light Cult NFTs\7Q328RRJ__Diapositiva411.JPG","90.8"
"411","2","R4BSA2B2__Diapositiva411.JPG","E:\Zotero-organized-export\JPG-JPEG\Light Cult NFTs\R4BSA2B2__Diapositiva411.JPG","86.1"
"412","3","ECAZV5TY__Diapositiva412.JPG","E:\Zotero-organized-export\JPG-JPEG\Light Cult NFTs\ECAZV5TY__Diapositiva412.JPG","148.8"
"412","3","W7HKXCM6__Diapositiva412.JPG","E:\Zotero-organized-export\JPG-JPEG\Light Cult NFTs\W7HKXCM6__Diapositiva412.JPG","32.7"
"412","3","XURRL3YB__Diapositiva412.JPG","E:\Zotero-organized-export\JPG-JPEG\Light Cult NFTs\XURRL3YB__Diapositiva412.JPG","42.7"
"413","3","6L6I35YM__Diapositiva413.JPG","E:\Zotero-organized-export\JPG-JPEG\Light Cult NFTs\6L6I35YM__Diapositiva413.JPG","120.3"
"413","3","KEN2WFQW__Diapositiva413.JPG","E:\Zotero-organized-export\JPG-JPEG\Light Cult NFTs\KEN2WFQW__Diapositiva413.JPG","129.2"
"413","3","P4RALJFV__Diapositiva413.JPG","E:\Zotero-organized-export\JPG-JPEG\Light Cult NFTs\P4RALJFV__Diapositiva413.JPG","122"
"414","3","2XNSTNBT__Diapositiva414.JPG","E:\Zotero-organized-export\JPG-JPEG\Light Cult NFTs\2XNSTNBT__Diapositiva414.JPG","85.8"
"414","3","5WKSA9ZW__Diapositiva414.JPG","E:\Zotero-organized-export\JPG-JPEG\Light Cult NFTs\5WKSA9ZW__Diapositiva414.JPG","61.7"
"414","3","LT8V7WZE__Diapositiva414.JPG","E:\Zotero-organized-export\JPG-JPEG\Light Cult NFTs\LT8V7WZE__Diapositiva414.JPG","102"
"415","3","5HURJK2Z__Diapositiva415.JPG","E:\Zotero-organized-export\JPG-JPEG\Light Cult NFTs\5HURJK2Z__Diapositiva415.JPG","144.9"
"415","3","82PKXXWK__Diapositiva415.JPG","E:\Zotero-organized-export\JPG-JPEG\Light Cult NFTs\82PKXXWK__Diapositiva415.JPG","104.2"
"415","3","DYZIFLL4__Diapositiva415.JPG","E:\Zotero-organized-export\JPG-JPEG\Light Cult NFTs\DYZIFLL4__Diapositiva415.JPG","143.1"
"416","3","3MYB4HFD__Diapositiva416.JPG","E:\Zotero-organized-export\JPG-JPEG\Light Cult NFTs\3MYB4HFD__Diapositiva416.JPG","43.3"
"416","3","HJSECFWU__Diapositiva416.JPG","E:\Zotero-organized-export\JPG-JPEG\Light Cult NFTs\HJSECFWU__Diapositiva416.JPG","77.4"
"416","3","N7EJ3T8Q__Diapositiva416.JPG","E:\Zotero-organized-export\JPG-JPEG\Light Cult NFTs\N7EJ3T8Q__Diapositiva416.JPG","42.4"
"417","3","D6TXWM5C__Diapositiva417.JPG","E:\Zotero-organized-export\JPG-JPEG\Light Cult NFTs\D6TXWM5C__Diapositiva417.JPG","41.2"
"417","3","X9ZHCY3J__Diapositiva417.JPG","E:\Zotero-organized-export\JPG-JPEG\Light Cult NFTs\X9ZHCY3J__Diapositiva417.JPG","83"
"417","3","YGVEARJZ__Diapositiva417.JPG","E:\Zotero-organized-export\JPG-JPEG\Light Cult NFTs\YGVEARJZ__Diapositiva417.JPG","74.6"
"418","2","8SH78GHG__Diapositiva418.JPG","E:\Zotero-organized-export\JPG-JPEG\Light Cult NFTs\8SH78GHG__Diapositiva418.JPG","79.5"
"418","2","99JDMIWW__Diapositiva418.JPG","E:\Zotero-organized-export\JPG-JPEG\Light Cult NFTs\99JDMIWW__Diapositiva418.JPG","77.8"
"419","2","7TMSRNDC__Diapositiva419.JPG","E:\Zotero-organized-export\JPG-JPEG\Light Cult NFTs\7TMSRNDC__Diapositiva419.JPG","129.9"
"419","2","CJ3QZN9V__Diapositiva419.JPG","E:\Zotero-organized-export\JPG-JPEG\Light Cult NFTs\CJ3QZN9V__Diapositiva419.JPG","67.1"
"420","3","AXTDFW2C__Diapositiva420.JPG","E:\Zotero-organized-export\JPG-JPEG\Light Cult NFTs\AXTDFW2C__Diapositiva420.JPG","70.3"
"420","3","E8GLS955__Diapositiva420.JPG","E:\Zotero-organized-export\JPG-JPEG\Light Cult NFTs\E8GLS955__Diapositiva420.JPG","145.2"
"420","3","VXJTJKFZ__Diapositiva420.JPG","E:\Zotero-organized-export\JPG-JPEG\Light Cult NFTs\VXJTJKFZ__Diapositiva420.JPG","67.5"
"421","3","KM6PUVKW__Diapositiva421.JPG","E:\Zotero-organized-export\JPG-JPEG\Light Cult NFTs\KM6PUVKW__Diapositiva421.JPG","67.9"
"421","3","RFJZISSI__Diapositiva421.JPG","E:\Zotero-organized-export\JPG-JPEG\Light Cult NFTs\RFJZISSI__Diapositiva421.JPG","58.6"
"421","3","V4KMESUD__Diapositiva421.JPG","E:\Zotero-organized-export\JPG-JPEG\Light Cult NFTs\V4KMESUD__Diapositiva421.JPG","103"
"422","3","8LXITGHJ__Diapositiva422.JPG","E:\Zotero-organized-export\JPG-JPEG\Light Cult NFTs\8LXITGHJ__Diapositiva422.JPG","103.5"
"422","3","H7JBEWCT__Diapositiva422.JPG","E:\Zotero-organized-export\JPG-JPEG\Light Cult NFTs\H7JBEWCT__Diapositiva422.JPG","73.2"
"422","3","RP82ZXFA__Diapositiva422.JPG","E:\Zotero-organized-export\JPG-JPEG\Light Cult NFTs\RP82ZXFA__Diapositiva422.JPG","59.1"
"423","2","CDLQZLVH__Diapositiva423.JPG","E:\Zotero-organized-export\JPG-JPEG\Light Cult NFTs\CDLQZLVH__Diapositiva423.JPG","42.9"
"423","2","IMK8S9EP__Diapositiva423.JPG","E:\Zotero-organized-export\JPG-JPEG\Light Cult NFTs\IMK8S9EP__Diapositiva423.JPG","45.8"
"424","4","ET6YJD3X__Diapositiva424.JPG","E:\Zotero-organized-export\JPG-JPEG\Light Cult NFTs\ET6YJD3X__Diapositiva424.JPG","59.5"
"424","4","GTXP9CQX__Diapositiva424.JPG","E:\Zotero-organized-export\JPG-JPEG\Light Cult NFTs\GTXP9CQX__Diapositiva424.JPG","79.5"
"424","4","HP2E9TUV__Diapositiva424.JPG","E:\Zotero-organized-export\JPG-JPEG\Light Cult NFTs\HP2E9TUV__Diapositiva424.JPG","143.9"
"424","4","YYJ7QQPH__Diapositiva424.JPG","E:\Zotero-organized-export\JPG-JPEG\Light Cult NFTs\YYJ7QQPH__Diapositiva424.JPG","59.5"
"425","3","2Y8IMU85__Diapositiva425.JPG","E:\Zotero-organized-export\JPG-JPEG\Light Cult NFTs\2Y8IMU85__Diapositiva425.JPG","94.4"
"425","3","4K4PBUGS__Diapositiva425.JPG","E:\Zotero-organized-export\JPG-JPEG\Light Cult NFTs\4K4PBUGS__Diapositiva425.JPG","57.4"
"425","3","FYNR2W7T__Diapositiva425.JPG","E:\Zotero-organized-export\JPG-JPEG\Light Cult NFTs\FYNR2W7T__Diapositiva425.JPG","67.9"
"426","3","EPKTM8Y4__Diapositiva426.JPG","E:\Zotero-organized-export\JPG-JPEG\Light Cult NFTs\EPKTM8Y4__Diapositiva426.JPG","145"
"426","3","IRJD368V__Diapositiva426.JPG","E:\Zotero-organized-export\JPG-JPEG\Light Cult NFTs\IRJD368V__Diapositiva426.JPG","122.2"
"426","3","NGC8IFIJ__Diapositiva426.JPG","E:\Zotero-organized-export\JPG-JPEG\Light Cult NFTs\NGC8IFIJ__Diapositiva426.JPG","53.1"
"427","2","97CEMHW7__Diapositiva427.JPG","E:\Zotero-organized-export\JPG-JPEG\Light Cult NFTs\97CEMHW7__Diapositiva427.JPG","113.5"
"427","2","APT949IW__Diapositiva427.JPG","E:\Zotero-organized-export\JPG-JPEG\Light Cult NFTs\APT949IW__Diapositiva427.JPG","58.8"
"428","3","7DTLDT2H__Diapositiva428.JPG","E:\Zotero-organized-export\JPG-JPEG\Light Cult NFTs\7DTLDT2H__Diapositiva428.JPG","110"
"428","3","APKR5BIQ__Diapositiva428.JPG","E:\Zotero-organized-export\JPG-JPEG\Light Cult NFTs\APKR5BIQ__Diapositiva428.JPG","92.6"
"428","3","XCAETJ8T__Diapositiva428.JPG","E:\Zotero-organized-export\JPG-JPEG\Light Cult NFTs\XCAETJ8T__Diapositiva428.JPG","60.1"
"429","3","DLE5AYAF__Diapositiva429.JPG","E:\Zotero-organized-export\JPG-JPEG\Light Cult NFTs\DLE5AYAF__Diapositiva429.JPG","34.7"
"429","3","J7TWZHWN__Diapositiva429.JPG","E:\Zotero-organized-export\JPG-JPEG\Light Cult NFTs\J7TWZHWN__Diapositiva429.JPG","123.6"
"429","3","NM73F8ME__Diapositiva429.JPG","E:\Zotero-organized-export\JPG-JPEG\Light Cult NFTs\NM73F8ME__Diapositiva429.JPG","125.2"
"430","3","BMUFUDEN__Diapositiva430.JPG","E:\Zotero-organized-export\JPG-JPEG\Light Cult NFTs\BMUFUDEN__Diapositiva430.JPG","75"
"430","3","C89W5ITU__Diapositiva430.JPG","E:\Zotero-organized-export\JPG-JPEG\Light Cult NFTs\C89W5ITU__Diapositiva430.JPG","41.2"
"430","3","CWLEZCIG__Diapositiva430.JPG","E:\Zotero-organized-export\JPG-JPEG\Light Cult NFTs\CWLEZCIG__Diapositiva430.JPG","101.4"
"431","3","BHILBZTT__Diapositiva431.JPG","E:\Zotero-organized-export\JPG-JPEG\Light Cult NFTs\BHILBZTT__Diapositiva431.JPG","148"
"431","3","V4MBSMN7__Diapositiva431.JPG","E:\Zotero-organized-export\JPG-JPEG\Light Cult NFTs\V4MBSMN7__Diapositiva431.JPG","76.7"
"431","3","XACFLXF6__Diapositiva431.JPG","E:\Zotero-organized-export\JPG-JPEG\Light Cult NFTs\XACFLXF6__Diapositiva431.JPG","135.4"
"432","3","5GE9TB46__Diapositiva432.JPG","E:\Zotero-organized-export\JPG-JPEG\Light Cult NFTs\5GE9TB46__Diapositiva432.JPG","78.4"
"432","3","N8GZ7PDI__Diapositiva432.JPG","E:\Zotero-organized-export\JPG-JPEG\Light Cult NFTs\N8GZ7PDI__Diapositiva432.JPG","50.5"
"432","3","S99QQ2TP__Diapositiva432.JPG","E:\Zotero-organized-export\JPG-JPEG\Light Cult NFTs\S99QQ2TP__Diapositiva432.JPG","142"
"433","3","3XT5WHKK__Diapositiva433.JPG","E:\Zotero-organized-export\JPG-JPEG\Light Cult NFTs\3XT5WHKK__Diapositiva433.JPG","51.8"
"433","3","P3KVFLD3__Diapositiva433.JPG","E:\Zotero-organized-export\JPG-JPEG\Light Cult NFTs\P3KVFLD3__Diapositiva433.JPG","139.9"
"433","3","VIIYBLCA__Diapositiva433.JPG","E:\Zotero-organized-export\JPG-JPEG\Light Cult NFTs\VIIYBLCA__Diapositiva433.JPG","139.2"
"434","2","2X9WVSN3__Diapositiva434.JPG","E:\Zotero-organized-export\JPG-JPEG\Light Cult NFTs\2X9WVSN3__Diapositiva434.JPG","110.3"
"434","2","Z9AV7JXQ__Diapositiva434.JPG","E:\Zotero-organized-export\JPG-JPEG\Light Cult NFTs\Z9AV7JXQ__Diapositiva434.JPG","68.7"
"435","2","UZTYJ33R__Diapositiva435.JPG","E:\Zotero-organized-export\JPG-JPEG\Light Cult NFTs\UZTYJ33R__Diapositiva435.JPG","111.4"
"435","2","V3B7X7ER__Diapositiva435.JPG","E:\Zotero-organized-export\JPG-JPEG\Light Cult NFTs\V3B7X7ER__Diapositiva435.JPG","141.5"
"436","3","2UAU9WVE__Diapositiva436.JPG","E:\Zotero-organized-export\JPG-JPEG\Light Cult NFTs\2UAU9WVE__Diapositiva436.JPG","60.6"
"436","3","SNXPKXYH__Diapositiva436.JPG","E:\Zotero-organized-export\JPG-JPEG\Light Cult NFTs\SNXPKXYH__Diapositiva436.JPG","75.9"
"436","3","VZQMLL9L__Diapositiva436.JPG","E:\Zotero-organized-export\JPG-JPEG\Light Cult NFTs\VZQMLL9L__Diapositiva436.JPG","137.4"
"437","3","5EQVECVT__Diapositiva437.JPG","E:\Zotero-organized-export\JPG-JPEG\Light Cult NFTs\5EQVECVT__Diapositiva437.JPG","124.4"
"437","3","B2TSQMLI__Diapositiva437.JPG","E:\Zotero-organized-export\JPG-JPEG\Light Cult NFTs\B2TSQMLI__Diapositiva437.JPG","122.2"
"437","3","EJK2YLFM__Diapositiva437.JPG","E:\Zotero-organized-export\JPG-JPEG\Light Cult NFTs\EJK2YLFM__Diapositiva437.JPG","68.3"
"438","3","QSMKWCCB__Diapositiva438.JPG","E:\Zotero-organized-export\JPG-JPEG\Light Cult NFTs\QSMKWCCB__Diapositiva438.JPG","134.2"
"438","3","Y9JHMQLW__Diapositiva438.JPG","E:\Zotero-organized-export\JPG-JPEG\Light Cult NFTs\Y9JHMQLW__Diapositiva438.JPG","82.9"
"438","3","YRN4GZS7__Diapositiva438.JPG","E:\Zotero-organized-export\JPG-JPEG\Light Cult NFTs\YRN4GZS7__Diapositiva438.JPG","68.3"
"439","2","MIXJVWU7__Diapositiva439.JPG","E:\Zotero-organized-export\JPG-JPEG\Light Cult NFTs\MIXJVWU7__Diapositiva439.JPG","132.4"
"439","2","VJ2P8234__Diapositiva439.JPG","E:\Zotero-organized-export\JPG-JPEG\Light Cult NFTs\VJ2P8234__Diapositiva439.JPG","165.9"
"440","3","FVEAQLNP__Diapositiva440.JPG","E:\Zotero-organized-export\JPG-JPEG\Light Cult NFTs\FVEAQLNP__Diapositiva440.JPG","59.7"
"440","3","QVPNYDHK__Diapositiva440.JPG","E:\Zotero-organized-export\JPG-JPEG\Light Cult NFTs\QVPNYDHK__Diapositiva440.JPG","158.3"
"440","3","RKN29HXT__Diapositiva440.JPG","E:\Zotero-organized-export\JPG-JPEG\Light Cult NFTs\RKN29HXT__Diapositiva440.JPG","82.2"
"441","3","JQW5263K__Diapositiva441.JPG","E:\Zotero-organized-export\JPG-JPEG\Light Cult NFTs\JQW5263K__Diapositiva441.JPG","140.5"
"441","3","KZKFRL86__Diapositiva441.JPG","E:\Zotero-organized-export\JPG-JPEG\Light Cult NFTs\KZKFRL86__Diapositiva441.JPG","72"
"441","3","RXDFGZXY__Diapositiva441.JPG","E:\Zotero-organized-export\JPG-JPEG\Light Cult NFTs\RXDFGZXY__Diapositiva441.JPG","117.8"
"442","2","KEQUVLM5__Diapositiva442.JPG","E:\Zotero-organized-export\JPG-JPEG\Light Cult NFTs\KEQUVLM5__Diapositiva442.JPG","51.8"
"442","2","UQ42XUAK__Diapositiva442.JPG","E:\Zotero-organized-export\JPG-JPEG\Light Cult NFTs\UQ42XUAK__Diapositiva442.JPG","115.5"
"443","2","6LX532DH__Diapositiva443.JPG","E:\Zotero-organized-export\JPG-JPEG\Light Cult NFTs\6LX532DH__Diapositiva443.JPG","59.9"
"443","2","EWDA8WN5__Diapositiva443.JPG","E:\Zotero-organized-export\JPG-JPEG\Light Cult NFTs\EWDA8WN5__Diapositiva443.JPG","60.9"
"444","3","9XDX5QGV__Diapositiva444.JPG","E:\Zotero-organized-export\JPG-JPEG\Light Cult NFTs\9XDX5QGV__Diapositiva444.JPG","118.2"
"444","3","A8FXYHJB__Diapositiva444.JPG","E:\Zotero-organized-export\JPG-JPEG\Light Cult NFTs\A8FXYHJB__Diapositiva444.JPG","112.8"
"444","3","HMZMNCNF__Diapositiva444.JPG","E:\Zotero-organized-export\JPG-JPEG\Light Cult NFTs\HMZMNCNF__Diapositiva444.JPG","97.4"
"445","2","TMNAFQ5N__Diapositiva445.JPG","E:\Zotero-organized-export\JPG-JPEG\Light Cult NFTs\TMNAFQ5N__Diapositiva445.JPG","143.5"
"445","2","X87N5E8E__Diapositiva445.JPG","E:\Zotero-organized-export\JPG-JPEG\Light Cult NFTs\X87N5E8E__Diapositiva445.JPG","48.5"
"447","2","ERUCZJMS__Diapositiva447.JPG","E:\Zotero-organized-export\JPG-JPEG\Light Cult NFTs\ERUCZJMS__Diapositiva447.JPG","77.2"
"447","2","VIEJSWDE__Diapositiva447.JPG","E:\Zotero-organized-export\JPG-JPEG\Light Cult NFTs\VIEJSWDE__Diapositiva447.JPG","130.5"
"448","3","AHB2DI6G__Diapositiva448.JPG","E:\Zotero-organized-export\JPG-JPEG\Light Cult NFTs\AHB2DI6G__Diapositiva448.JPG","83"
"448","3","E3L9JZI2__Diapositiva448.JPG","E:\Zotero-organized-export\JPG-JPEG\Light Cult NFTs\E3L9JZI2__Diapositiva448.JPG","119.5"
"448","3","HHDPWFEW__Diapositiva448.JPG","E:\Zotero-organized-export\JPG-JPEG\Light Cult NFTs\HHDPWFEW__Diapositiva448.JPG","117.4"
"449","3","KQ9AYVYI__Diapositiva449.JPG","E:\Zotero-organized-export\JPG-JPEG\Light Cult NFTs\KQ9AYVYI__Diapositiva449.JPG","98.3"
"449","3","QJNLPFVX__Diapositiva449.JPG","E:\Zotero-organized-export\JPG-JPEG\Light Cult NFTs\QJNLPFVX__Diapositiva449.JPG","58.4"
"449","3","WHYWIBJJ__Diapositiva449.JPG","E:\Zotero-organized-export\JPG-JPEG\Light Cult NFTs\WHYWIBJJ__Diapositiva449.JPG","114.2"
"450","3","C5B9E8Y4__Diapositiva450.JPG","E:\Zotero-organized-export\JPG-JPEG\Light Cult NFTs\C5B9E8Y4__Diapositiva450.JPG","82.7"
"450","3","IDZ2AHDN__Diapositiva450.JPG","E:\Zotero-organized-export\JPG-JPEG\Light Cult NFTs\IDZ2AHDN__Diapositiva450.JPG","63"
"450","3","TD8TYLN7__Diapositiva450.JPG","E:\Zotero-organized-export\JPG-JPEG\Light Cult NFTs\TD8TYLN7__Diapositiva450.JPG","175.5"
"451","3","DLTUM7US__Diapositiva451.JPG","E:\Zotero-organized-export\JPG-JPEG\Light Cult NFTs\DLTUM7US__Diapositiva451.JPG","64.7"
"451","3","T3SN86A9__Diapositiva451.JPG","E:\Zotero-organized-export\JPG-JPEG\Light Cult NFTs\T3SN86A9__Diapositiva451.JPG","94.7"
"451","3","ZV6QQR4K__Diapositiva451.JPG","E:\Zotero-organized-export\JPG-JPEG\Light Cult NFTs\ZV6QQR4K__Diapositiva451.JPG","125.4"
"452","3","D3T75RQ8__Diapositiva452.JPG","E:\Zotero-organized-export\JPG-JPEG\Light Cult NFTs\D3T75RQ8__Diapositiva452.JPG","125.1"
"452","3","GJ5SZF23__Diapositiva452.JPG","E:\Zotero-organized-export\JPG-JPEG\Light Cult NFTs\GJ5SZF23__Diapositiva452.JPG","84.3"
"452","3","PFRWMTYW__Diapositiva452.JPG","E:\Zotero-organized-export\JPG-JPEG\Light Cult NFTs\PFRWMTYW__Diapositiva452.JPG","93.5"
"453","2","58DPWBYW__Diapositiva453.JPG","E:\Zotero-organized-export\JPG-JPEG\Light Cult NFTs\58DPWBYW__Diapositiva453.JPG","100.7"
"453","2","KJ2EX2XM__Diapositiva453.JPG","E:\Zotero-organized-export\JPG-JPEG\Light Cult NFTs\KJ2EX2XM__Diapositiva453.JPG","93"
"454","2","ISJPAAYS__Diapositiva454.JPG","E:\Zotero-organized-export\JPG-JPEG\Light Cult NFTs\ISJPAAYS__Diapositiva454.JPG","128.4"
"454","2","PQPIZN2L__Diapositiva454.JPG","E:\Zotero-organized-export\JPG-JPEG\Light Cult NFTs\PQPIZN2L__Diapositiva454.JPG","71.3"
"455","2","53CMAXLC__Diapositiva455.JPG","E:\Zotero-organized-export\JPG-JPEG\Light Cult NFTs\53CMAXLC__Diapositiva455.JPG","49.4"
"455","2","KBRW94MH__Diapositiva455.JPG","E:\Zotero-organized-export\JPG-JPEG\Light Cult NFTs\KBRW94MH__Diapositiva455.JPG","79.4"
"456","3","3Z5IWKEM__Diapositiva456.JPG","E:\Zotero-organized-export\JPG-JPEG\Light Cult NFTs\3Z5IWKEM__Diapositiva456.JPG","77.5"
"456","3","HFCY9CBN__Diapositiva456.JPG","E:\Zotero-organized-export\JPG-JPEG\Light Cult NFTs\HFCY9CBN__Diapositiva456.JPG","63.1"
"456","3","MEZJTBD7__Diapositiva456.JPG","E:\Zotero-organized-export\JPG-JPEG\Light Cult NFTs\MEZJTBD7__Diapositiva456.JPG","81.3"
"457","3","7I4SDNQQ__Diapositiva457.JPG","E:\Zotero-organized-export\JPG-JPEG\Light Cult NFTs\7I4SDNQQ__Diapositiva457.JPG","107.6"
"457","3","IXBSFGGA__Diapositiva457.JPG","E:\Zotero-organized-export\JPG-JPEG\Light Cult NFTs\IXBSFGGA__Diapositiva457.JPG","87.1"
"457","3","YB728JTA__Diapositiva457.JPG","E:\Zotero-organized-export\JPG-JPEG\Light Cult NFTs\YB728JTA__Diapositiva457.JPG","121.2"
"458","3","4LMTT3II__Diapositiva458.JPG","E:\Zotero-organized-export\JPG-JPEG\Light Cult NFTs\4LMTT3II__Diapositiva458.JPG","132.9"
"458","3","Q3QVQ6T6__Diapositiva458.JPG","E:\Zotero-organized-export\JPG-JPEG\Light Cult NFTs\Q3QVQ6T6__Diapositiva458.JPG","77"
"458","3","U3EDY3DG__Diapositiva458.JPG","E:\Zotero-organized-export\JPG-JPEG\Light Cult NFTs\U3EDY3DG__Diapositiva458.JPG","72.6"
"459","3","GJBHVDX2__Diapositiva459.JPG","E:\Zotero-organized-export\JPG-JPEG\Light Cult NFTs\GJBHVDX2__Diapositiva459.JPG","43.4"
"459","3","GP7DZNI3__Diapositiva459.JPG","E:\Zotero-organized-export\JPG-JPEG\Light Cult NFTs\GP7DZNI3__Diapositiva459.JPG","84.1"
"459","3","KKA8NVLR__Diapositiva459.JPG","E:\Zotero-organized-export\JPG-JPEG\Light Cult NFTs\KKA8NVLR__Diapositiva459.JPG","86.9"
"460","3","99FEII39__Diapositiva460.JPG","E:\Zotero-organized-export\JPG-JPEG\Light Cult NFTs\99FEII39__Diapositiva460.JPG","162.1"
"460","3","FMXH39BW__Diapositiva460.JPG","E:\Zotero-organized-export\JPG-JPEG\Light Cult NFTs\FMXH39BW__Diapositiva460.JPG","64.7"
"460","3","XJQGXPHP__Diapositiva460.JPG","E:\Zotero-organized-export\JPG-JPEG\Light Cult NFTs\XJQGXPHP__Diapositiva460.JPG","143.3"
"461","3","6J4RF4UD__Diapositiva461.JPG","E:\Zotero-organized-export\JPG-JPEG\Light Cult NFTs\6J4RF4UD__Diapositiva461.JPG","81.9"
"461","3","BW9VW8IN__Diapositiva461.JPG","E:\Zotero-organized-export\JPG-JPEG\Light Cult NFTs\BW9VW8IN__Diapositiva461.JPG","152.2"
"461","3","GLYFP6RZ__Diapositiva461.JPG","E:\Zotero-organized-export\JPG-JPEG\Light Cult NFTs\GLYFP6RZ__Diapositiva461.JPG","108.5"
"462","3","2TX3U77P__Diapositiva462.JPG","E:\Zotero-organized-export\JPG-JPEG\Light Cult NFTs\2TX3U77P__Diapositiva462.JPG","119"
"462","3","3PBGHGRJ__Diapositiva462.JPG","E:\Zotero-organized-export\JPG-JPEG\Light Cult NFTs\3PBGHGRJ__Diapositiva462.JPG","72.9"
"462","3","S4H9VHJ4__Diapositiva462.JPG","E:\Zotero-organized-export\JPG-JPEG\Light Cult NFTs\S4H9VHJ4__Diapositiva462.JPG","85.8"
"463","2","9I7YXMQU__Diapositiva463.JPG","E:\Zotero-organized-export\JPG-JPEG\Light Cult NFTs\9I7YXMQU__Diapositiva463.JPG","57.8"
"463","2","FA9D7KBL__Diapositiva463.JPG","E:\Zotero-organized-export\JPG-JPEG\Light Cult NFTs\FA9D7KBL__Diapositiva463.JPG","32.4"
"464","3","CVW9MR7N__Diapositiva464.JPG","E:\Zotero-organized-export\JPG-JPEG\Light Cult NFTs\CVW9MR7N__Diapositiva464.JPG","130.1"
"464","3","HU4P4Q2U__Diapositiva464.JPG","E:\Zotero-organized-export\JPG-JPEG\Light Cult NFTs\HU4P4Q2U__Diapositiva464.JPG","121.5"
"464","3","MAB3C5TG__Diapositiva464.JPG","E:\Zotero-organized-export\JPG-JPEG\Light Cult NFTs\MAB3C5TG__Diapositiva464.JPG","48.8"
"465","3","3H67EJE5__Diapositiva465.JPG","E:\Zotero-organized-export\JPG-JPEG\Light Cult NFTs\3H67EJE5__Diapositiva465.JPG","57"
"465","3","DN67JLD3__Diapositiva465.JPG","E:\Zotero-organized-export\JPG-JPEG\Light Cult NFTs\DN67JLD3__Diapositiva465.JPG","115.7"
"465","3","HL5CGPNW__Diapositiva465.JPG","E:\Zotero-organized-export\JPG-JPEG\Light Cult NFTs\HL5CGPNW__Diapositiva465.JPG","64.6"
"467","3","4SHEDNI2__Diapositiva467.JPG","E:\Zotero-organized-export\JPG-JPEG\Light Cult NFTs\4SHEDNI2__Diapositiva467.JPG","57.9"
"467","3","HKN534U3__Diapositiva467.JPG","E:\Zotero-organized-export\JPG-JPEG\Light Cult NFTs\HKN534U3__Diapositiva467.JPG","41.3"
"467","3","TQSIUEIN__Diapositiva467.JPG","E:\Zotero-organized-export\JPG-JPEG\Light Cult NFTs\TQSIUEIN__Diapositiva467.JPG","63.3"
"468","2","DLMIKJQF__Diapositiva468.JPG","E:\Zotero-organized-export\JPG-JPEG\Light Cult NFTs\DLMIKJQF__Diapositiva468.JPG","85.4"
"468","2","JG58BKW6__Diapositiva468.JPG","E:\Zotero-organized-export\JPG-JPEG\Light Cult NFTs\JG58BKW6__Diapositiva468.JPG","51.9"
"469","3","6VVYTNXY__Diapositiva469.JPG","E:\Zotero-organized-export\JPG-JPEG\Light Cult NFTs\6VVYTNXY__Diapositiva469.JPG","120.7"
"469","3","DCXI98Q8__Diapositiva469.JPG","E:\Zotero-organized-export\JPG-JPEG\Light Cult NFTs\DCXI98Q8__Diapositiva469.JPG","80.5"
"469","3","W96GHWMP__Diapositiva469.JPG","E:\Zotero-organized-export\JPG-JPEG\Light Cult NFTs\W96GHWMP__Diapositiva469.JPG","39.9"
"470","3","78HIAMED__Diapositiva470.JPG","E:\Zotero-organized-export\JPG-JPEG\Light Cult NFTs\78HIAMED__Diapositiva470.JPG","75.2"
"470","3","SM8LFWE8__Diapositiva470.JPG","E:\Zotero-organized-export\JPG-JPEG\Light Cult NFTs\SM8LFWE8__Diapositiva470.JPG","81.4"
"470","3","ZZMYK96Y__Diapositiva470.JPG","E:\Zotero-organized-export\JPG-JPEG\Light Cult NFTs\ZZMYK96Y__Diapositiva470.JPG","71.1"
"471","2","8TWHZRYG__Diapositiva471.JPG","E:\Zotero-organized-export\JPG-JPEG\Light Cult NFTs\8TWHZRYG__Diapositiva471.JPG","67"
"471","2","UM2RZNBD__Diapositiva471.JPG","E:\Zotero-organized-export\JPG-JPEG\Light Cult NFTs\UM2RZNBD__Diapositiva471.JPG","152.3"
"472","3","8DWDTLGP__Diapositiva472.JPG","E:\Zotero-organized-export\JPG-JPEG\Light Cult NFTs\8DWDTLGP__Diapositiva472.JPG","114.2"
"472","3","GW2RKQBW__Diapositiva472.JPG","E:\Zotero-organized-export\JPG-JPEG\Light Cult NFTs\GW2RKQBW__Diapositiva472.JPG","76.1"
"472","3","QJGR2KQJ__Diapositiva472.JPG","E:\Zotero-organized-export\JPG-JPEG\Light Cult NFTs\QJGR2KQJ__Diapositiva472.JPG","91.4"
"473","3","8K3SRZZR__Diapositiva473.JPG","E:\Zotero-organized-export\JPG-JPEG\Light Cult NFTs\8K3SRZZR__Diapositiva473.JPG","35.4"
"473","3","FL23TX2L__Diapositiva473.JPG","E:\Zotero-organized-export\JPG-JPEG\Light Cult NFTs\FL23TX2L__Diapositiva473.JPG","121.7"
"473","3","QWST52EA__Diapositiva473.JPG","E:\Zotero-organized-export\JPG-JPEG\Light Cult NFTs\QWST52EA__Diapositiva473.JPG","123.5"
"474","3","7ZGGTWUY__Diapositiva474.JPG","E:\Zotero-organized-export\JPG-JPEG\Light Cult NFTs\7ZGGTWUY__Diapositiva474.JPG","96.5"
"474","3","8WWQHLT9__Diapositiva474.JPG","E:\Zotero-organized-export\JPG-JPEG\Light Cult NFTs\8WWQHLT9__Diapositiva474.JPG","45.3"
"474","3","HYMGTVCA__Diapositiva474.JPG","E:\Zotero-organized-export\JPG-JPEG\Light Cult NFTs\HYMGTVCA__Diapositiva474.JPG","132.5"
"475","3","337RNGUW__Diapositiva475.JPG","E:\Zotero-organized-export\JPG-JPEG\Light Cult NFTs\337RNGUW__Diapositiva475.JPG","54.6"
"475","3","8LE5JA3Z__Diapositiva475.JPG","E:\Zotero-organized-export\JPG-JPEG\Light Cult NFTs\8LE5JA3Z__Diapositiva475.JPG","73.8"
"475","3","YZFA8UC7__Diapositiva475.JPG","E:\Zotero-organized-export\JPG-JPEG\Light Cult NFTs\YZFA8UC7__Diapositiva475.JPG","123.3"
"476","3","M84LXWRE__Diapositiva476.JPG","E:\Zotero-organized-export\JPG-JPEG\Light Cult NFTs\M84LXWRE__Diapositiva476.JPG","131.7"
"476","3","QLD8WTA8__Diapositiva476.JPG","E:\Zotero-organized-export\JPG-JPEG\Light Cult NFTs\QLD8WTA8__Diapositiva476.JPG","85.8"
"476","3","YPZKHDRD__Diapositiva476.JPG","E:\Zotero-organized-export\JPG-JPEG\Light Cult NFTs\YPZKHDRD__Diapositiva476.JPG","150.2"
"477","2","PNC33NKR__Diapositiva477.JPG","E:\Zotero-organized-export\JPG-JPEG\Light Cult NFTs\PNC33NKR__Diapositiva477.JPG","86.4"
"477","2","YKVIPFZ4__Diapositiva477.JPG","E:\Zotero-organized-export\JPG-JPEG\Light Cult NFTs\YKVIPFZ4__Diapositiva477.JPG","112.5"
"478","2","DX6N5Z3Q__Diapositiva478.JPG","E:\Zotero-organized-export\JPG-JPEG\Light Cult NFTs\DX6N5Z3Q__Diapositiva478.JPG","66"
"478","2","HXQBYM2H__Diapositiva478.JPG","E:\Zotero-organized-export\JPG-JPEG\Light Cult NFTs\HXQBYM2H__Diapositiva478.JPG","71.7"
"479","2","39P6VL4V__Diapositiva479.JPG","E:\Zotero-organized-export\JPG-JPEG\Light Cult NFTs\39P6VL4V__Diapositiva479.JPG","92"
"479","2","AQHMJE9N__Diapositiva479.JPG","E:\Zotero-organized-export\JPG-JPEG\Light Cult NFTs\AQHMJE9N__Diapositiva479.JPG","122.5"
"480","3","DBU9CZND__Diapositiva480.JPG","E:\Zotero-organized-export\JPG-JPEG\Light Cult NFTs\DBU9CZND__Diapositiva480.JPG","116.2"
"480","3","HDPI5FT2__Diapositiva480.JPG","E:\Zotero-organized-export\JPG-JPEG\Light Cult NFTs\HDPI5FT2__Diapositiva480.JPG","88.7"
"480","3","YKB8CR57__Diapositiva480.JPG","E:\Zotero-organized-export\JPG-JPEG\Light Cult NFTs\YKB8CR57__Diapositiva480.JPG","81.7"
"481","3","FX5AD35C__Diapositiva481.JPG","E:\Zotero-organized-export\JPG-JPEG\Light Cult NFTs\FX5AD35C__Diapositiva481.JPG","171.8"
"481","3","G8GKIQZ6__Diapositiva481.JPG","E:\Zotero-organized-export\JPG-JPEG\Light Cult NFTs\G8GKIQZ6__Diapositiva481.JPG","136"
"481","3","MR8RM4AQ__Diapositiva481.JPG","E:\Zotero-organized-export\JPG-JPEG\Light Cult NFTs\MR8RM4AQ__Diapositiva481.JPG","114.1"
"482","3","ISMLR9PA__Diapositiva482.JPG","E:\Zotero-organized-export\JPG-JPEG\Light Cult NFTs\ISMLR9PA__Diapositiva482.JPG","120.6"
"482","3","KQ5WI6J6__Diapositiva482.JPG","E:\Zotero-organized-export\JPG-JPEG\Light Cult NFTs\KQ5WI6J6__Diapositiva482.JPG","98.4"
"482","3","TDDW8I6G__Diapositiva482.JPG","E:\Zotero-organized-export\JPG-JPEG\Light Cult NFTs\TDDW8I6G__Diapositiva482.JPG","155.2"
"483","3","DR9SSAF4__Diapositiva483.JPG","E:\Zotero-organized-export\JPG-JPEG\Light Cult NFTs\DR9SSAF4__Diapositiva483.JPG","30.5"
"483","3","FBRHWLNE__Diapositiva483.JPG","E:\Zotero-organized-export\JPG-JPEG\Light Cult NFTs\FBRHWLNE__Diapositiva483.JPG","84.6"
"483","3","SLHHYD82__Diapositiva483.JPG","E:\Zotero-organized-export\JPG-JPEG\Light Cult NFTs\SLHHYD82__Diapositiva483.JPG","119.6"
"484","2","IVM6LFBZ__Diapositiva484.JPG","E:\Zotero-organized-export\JPG-JPEG\Light Cult NFTs\IVM6LFBZ__Diapositiva484.JPG","57.9"
"484","2","JXIT5TBD__Diapositiva484.JPG","E:\Zotero-organized-export\JPG-JPEG\Light Cult NFTs\JXIT5TBD__Diapositiva484.JPG","75.2"
"485","3","DTLATLRY__Diapositiva485.JPG","E:\Zotero-organized-export\JPG-JPEG\Light Cult NFTs\DTLATLRY__Diapositiva485.JPG","45.8"
"485","3","EFTHHUZQ__Diapositiva485.JPG","E:\Zotero-organized-export\JPG-JPEG\Light Cult NFTs\EFTHHUZQ__Diapositiva485.JPG","83.8"
"485","3","RDHBV8F3__Diapositiva485.JPG","E:\Zotero-organized-export\JPG-JPEG\Light Cult NFTs\RDHBV8F3__Diapositiva485.JPG","113.9"
"486","3","4IJUL9WA__Diapositiva486.JPG","E:\Zotero-organized-export\JPG-JPEG\Light Cult NFTs\4IJUL9WA__Diapositiva486.JPG","127.3"
"486","3","DC722VFZ__Diapositiva486.JPG","E:\Zotero-organized-export\JPG-JPEG\Light Cult NFTs\DC722VFZ__Diapositiva486.JPG","47.4"
"486","3","LUQYHPWX__Diapositiva486.JPG","E:\Zotero-organized-export\JPG-JPEG\Light Cult NFTs\LUQYHPWX__Diapositiva486.JPG","93.4"
"487","3","ACGN3ZZV__Diapositiva487.JPG","E:\Zotero-organized-export\JPG-JPEG\Light Cult NFTs\ACGN3ZZV__Diapositiva487.JPG","152.6"
"487","3","M48R9CT8__Diapositiva487.JPG","E:\Zotero-organized-export\JPG-JPEG\Light Cult NFTs\M48R9CT8__Diapositiva487.JPG","46.1"
"487","3","W6RW989E__Diapositiva487.JPG","E:\Zotero-organized-export\JPG-JPEG\Light Cult NFTs\W6RW989E__Diapositiva487.JPG","132.8"
"488","3","III49UPC__Diapositiva488.JPG","E:\Zotero-organized-export\JPG-JPEG\Light Cult NFTs\III49UPC__Diapositiva488.JPG","138.1"
"488","3","K6IZ5J6Y__Diapositiva488.JPG","E:\Zotero-organized-export\JPG-JPEG\Light Cult NFTs\K6IZ5J6Y__Diapositiva488.JPG","144"
"488","3","YGL6RU5T__Diapositiva488.JPG","E:\Zotero-organized-export\JPG-JPEG\Light Cult NFTs\YGL6RU5T__Diapositiva488.JPG","56.7"
"489","3","2GDSHVRP__Diapositiva489.JPG","E:\Zotero-organized-export\JPG-JPEG\Light Cult NFTs\2GDSHVRP__Diapositiva489.JPG","42.9"
"489","3","B8TGEJQY__Diapositiva489.JPG","E:\Zotero-organized-export\JPG-JPEG\Light Cult NFTs\B8TGEJQY__Diapositiva489.JPG","149.5"
"489","3","NL45PL7D__Diapositiva489.JPG","E:\Zotero-organized-export\JPG-JPEG\Light Cult NFTs\NL45PL7D__Diapositiva489.JPG","50.8"
"490","3","824TZLLP__Diapositiva490.JPG","E:\Zotero-organized-export\JPG-JPEG\Light Cult NFTs\824TZLLP__Diapositiva490.JPG","48.5"
"490","3","I5JB2UPT__Diapositiva490.JPG","E:\Zotero-organized-export\JPG-JPEG\Light Cult NFTs\I5JB2UPT__Diapositiva490.JPG","91"
"490","3","V6ZFPQHI__Diapositiva490.JPG","E:\Zotero-organized-export\JPG-JPEG\Light Cult NFTs\V6ZFPQHI__Diapositiva490.JPG","48.2"
"491","3","AKMBL8S6__Diapositiva491.JPG","E:\Zotero-organized-export\JPG-JPEG\Light Cult NFTs\AKMBL8S6__Diapositiva491.JPG","53.7"
"491","3","DQZIBUWD__Diapositiva491.JPG","E:\Zotero-organized-export\JPG-JPEG\Light Cult NFTs\DQZIBUWD__Diapositiva491.JPG","66.7"
"491","3","U6B5E7SD__Diapositiva491.JPG","E:\Zotero-organized-export\JPG-JPEG\Light Cult NFTs\U6B5E7SD__Diapositiva491.JPG","81"
"492","3","NN3BDKV4__Diapositiva492.JPG","E:\Zotero-organized-export\JPG-JPEG\Light Cult NFTs\NN3BDKV4__Diapositiva492.JPG","150.6"
"492","3","PY7EFUAB__Diapositiva492.JPG","E:\Zotero-organized-export\JPG-JPEG\Light Cult NFTs\PY7EFUAB__Diapositiva492.JPG","42.7"
"492","3","PYEDBRAL__Diapositiva492.JPG","E:\Zotero-organized-export\JPG-JPEG\Light Cult NFTs\PYEDBRAL__Diapositiva492.JPG","69.6"
"493","3","LYE8Z5BI__Diapositiva493.JPG","E:\Zotero-organized-export\JPG-JPEG\Light Cult NFTs\LYE8Z5BI__Diapositiva493.JPG","105.2"
"493","3","PYSF69RX__Diapositiva493.JPG","E:\Zotero-organized-export\JPG-JPEG\Light Cult NFTs\PYSF69RX__Diapositiva493.JPG","46.3"
"493","3","QS3LQHNS__Diapositiva493.JPG","E:\Zotero-organized-export\JPG-JPEG\Light Cult NFTs\QS3LQHNS__Diapositiva493.JPG","136.7"
"494","3","6XX6C3MD__Diapositiva494.JPG","E:\Zotero-organized-export\JPG-JPEG\Light Cult NFTs\6XX6C3MD__Diapositiva494.JPG","61.7"
"494","3","MFPT38K4__Diapositiva494.JPG","E:\Zotero-organized-export\JPG-JPEG\Light Cult NFTs\MFPT38K4__Diapositiva494.JPG","138.2"
"494","3","NDV7VRMW__Diapositiva494.JPG","E:\Zotero-organized-export\JPG-JPEG\Light Cult NFTs\NDV7VRMW__Diapositiva494.JPG","81.7"
"495","3","493RJEMQ__Diapositiva495.JPG","E:\Zotero-organized-export\JPG-JPEG\Light Cult NFTs\493RJEMQ__Diapositiva495.JPG","66.3"
"495","3","5DWP45G9__Diapositiva495.JPG","E:\Zotero-organized-export\JPG-JPEG\Light Cult NFTs\5DWP45G9__Diapositiva495.JPG","82.4"
"495","3","8GC6LBLD__Diapositiva495.JPG","E:\Zotero-organized-export\JPG-JPEG\Light Cult NFTs\8GC6LBLD__Diapositiva495.JPG","71.2"
"496","3","BVAMA9UF__Diapositiva496.JPG","E:\Zotero-organized-export\JPG-JPEG\Light Cult NFTs\BVAMA9UF__Diapositiva496.JPG","84.8"
"496","3","HTSDPA7T__Diapositiva496.JPG","E:\Zotero-organized-export\JPG-JPEG\Light Cult NFTs\HTSDPA7T__Diapositiva496.JPG","142.2"
"496","3","MQ86A3K6__Diapositiva496.JPG","E:\Zotero-organized-export\JPG-JPEG\Light Cult NFTs\MQ86A3K6__Diapositiva496.JPG","169.5"
"497","2","K9KBB2NE__Diapositiva497.JPG","E:\Zotero-organized-export\JPG-JPEG\Light Cult NFTs\K9KBB2NE__Diapositiva497.JPG","49.4"
"497","2","YUQWGFBX__Diapositiva497.JPG","E:\Zotero-organized-export\JPG-JPEG\Light Cult NFTs\YUQWGFBX__Diapositiva497.JPG","44.1"
"498","3","HNM8WUCA__Diapositiva498.JPG","E:\Zotero-organized-export\JPG-JPEG\Light Cult NFTs\HNM8WUCA__Diapositiva498.JPG","122.2"
"498","3","NZBISAFM__Diapositiva498.JPG","E:\Zotero-organized-export\JPG-JPEG\Light Cult NFTs\NZBISAFM__Diapositiva498.JPG","46"
"498","3","QVJU8PAH__Diapositiva498.JPG","E:\Zotero-organized-export\JPG-JPEG\Light Cult NFTs\QVJU8PAH__Diapositiva498.JPG","119.7"
"499","2","9QFTZZHW__Diapositiva499.JPG","E:\Zotero-organized-export\JPG-JPEG\Light Cult NFTs\9QFTZZHW__Diapositiva499.JPG","137.9"
"499","2","YQFGI7TZ__Diapositiva499.JPG","E:\Zotero-organized-export\JPG-JPEG\Light Cult NFTs\YQFGI7TZ__Diapositiva499.JPG","80.5"
"500","3","AGF8EF2N__Diapositiva500.JPG","E:\Zotero-organized-export\JPG-JPEG\Light Cult NFTs\AGF8EF2N__Diapositiva500.JPG","89.3"
"500","3","FNR8I9EA__Diapositiva500.JPG","E:\Zotero-organized-export\JPG-JPEG\Light Cult NFTs\FNR8I9EA__Diapositiva500.JPG","149.6"
"500","3","FXA5Q5V4__Diapositiva500.JPG","E:\Zotero-organized-export\JPG-JPEG\Light Cult NFTs\FXA5Q5V4__Diapositiva500.JPG","157.9"
"501","2","B3UMP388__Diapositiva501.JPG","E:\Zotero-organized-export\JPG-JPEG\Light Cult NFTs\B3UMP388__Diapositiva501.JPG","52.4"
"501","2","H5W9ELHC__Diapositiva501.JPG","E:\Zotero-organized-export\JPG-JPEG\Light Cult NFTs\H5W9ELHC__Diapositiva501.JPG","103.5"
"502","3","2VF8PSAF__Diapositiva502.JPG","E:\Zotero-organized-export\JPG-JPEG\Light Cult NFTs\2VF8PSAF__Diapositiva502.JPG","140.3"
"502","3","BMNF7T6A__Diapositiva502.JPG","E:\Zotero-organized-export\JPG-JPEG\Light Cult NFTs\BMNF7T6A__Diapositiva502.JPG","75.2"
"502","3","GFA5B6X3__Diapositiva502.JPG","E:\Zotero-organized-export\JPG-JPEG\Light Cult NFTs\GFA5B6X3__Diapositiva502.JPG","87.3"
"503","3","82E6IMQU__Diapositiva503.JPG","E:\Zotero-organized-export\JPG-JPEG\Light Cult NFTs\82E6IMQU__Diapositiva503.JPG","64.8"
"503","3","HNWDG6FF__Diapositiva503.JPG","E:\Zotero-organized-export\JPG-JPEG\Light Cult NFTs\HNWDG6FF__Diapositiva503.JPG","146"
"503","3","X7KULS9X__Diapositiva503.JPG","E:\Zotero-organized-export\JPG-JPEG\Light Cult NFTs\X7KULS9X__Diapositiva503.JPG","90.2"
"504","2","D2VMWK4W__Diapositiva504.JPG","E:\Zotero-organized-export\JPG-JPEG\Light Cult NFTs\D2VMWK4W__Diapositiva504.JPG","130.4"
"504","2","TIWPV2TN__Diapositiva504.JPG","E:\Zotero-organized-export\JPG-JPEG\Light Cult NFTs\TIWPV2TN__Diapositiva504.JPG","86.8"
"505","3","DIUDP35I__Diapositiva505.JPG","E:\Zotero-organized-export\JPG-JPEG\Light Cult NFTs\DIUDP35I__Diapositiva505.JPG","47.3"
"505","3","T8VUYHU7__Diapositiva505.JPG","E:\Zotero-organized-export\JPG-JPEG\Light Cult NFTs\T8VUYHU7__Diapositiva505.JPG","121.4"
"505","3","VZM94BGG__Diapositiva505.JPG","E:\Zotero-organized-export\JPG-JPEG\Light Cult NFTs\VZM94BGG__Diapositiva505.JPG","98.5"
"506","3","52H9VTCN__Diapositiva506.JPG","E:\Zotero-organized-export\JPG-JPEG\Light Cult NFTs\52H9VTCN__Diapositiva506.JPG","116.1"
"506","3","92RIXRMK__Diapositiva506.JPG","E:\Zotero-organized-export\JPG-JPEG\Light Cult NFTs\92RIXRMK__Diapositiva506.JPG","107.4"
"506","3","IHEQNQP4__Diapositiva506.JPG","E:\Zotero-organized-export\JPG-JPEG\Light Cult NFTs\IHEQNQP4__Diapositiva506.JPG","130.7"
"508","3","6W6A9EJM__Diapositiva508.JPG","E:\Zotero-organized-export\JPG-JPEG\Light Cult NFTs\6W6A9EJM__Diapositiva508.JPG","77.7"
"508","3","D57F4UEA__Diapositiva508.JPG","E:\Zotero-organized-export\JPG-JPEG\Light Cult NFTs\D57F4UEA__Diapositiva508.JPG","138.1"
"508","3","R5NF8U3F__Diapositiva508.JPG","E:\Zotero-organized-export\JPG-JPEG\Light Cult NFTs\R5NF8U3F__Diapositiva508.JPG","118.5"
"509","3","F9R7YN6H__Diapositiva509.JPG","E:\Zotero-organized-export\JPG-JPEG\Light Cult NFTs\F9R7YN6H__Diapositiva509.JPG","51.8"
"509","3","L78ZIN27__Diapositiva509.JPG","E:\Zotero-organized-export\JPG-JPEG\Light Cult NFTs\L78ZIN27__Diapositiva509.JPG","95.1"
"509","3","PKGMIBKL__Diapositiva509.JPG","E:\Zotero-organized-export\JPG-JPEG\Light Cult NFTs\PKGMIBKL__Diapositiva509.JPG","135.2"
"510","2","HTKCEXXZ__Diapositiva510.JPG","E:\Zotero-organized-export\JPG-JPEG\Light Cult NFTs\HTKCEXXZ__Diapositiva510.JPG","123.2"
"510","2","W7CFJXL6__Diapositiva510.JPG","E:\Zotero-organized-export\JPG-JPEG\Light Cult NFTs\W7CFJXL6__Diapositiva510.JPG","133.9"
"511","3","D97TL4TT__Diapositiva511.JPG","E:\Zotero-organized-export\JPG-JPEG\Light Cult NFTs\D97TL4TT__Diapositiva511.JPG","95.5"
"511","3","GFGZWCDJ__Diapositiva511.JPG","E:\Zotero-organized-export\JPG-JPEG\Light Cult NFTs\GFGZWCDJ__Diapositiva511.JPG","57.8"
"511","3","JJXQ6CXQ__Diapositiva511.JPG","E:\Zotero-organized-export\JPG-JPEG\Light Cult NFTs\JJXQ6CXQ__Diapositiva511.JPG","126"
"512","3","7PW88MPW__Diapositiva512.JPG","E:\Zotero-organized-export\JPG-JPEG\Light Cult NFTs\7PW88MPW__Diapositiva512.JPG","140.9"
"512","3","KHEAXDBY__Diapositiva512.JPG","E:\Zotero-organized-export\JPG-JPEG\Light Cult NFTs\KHEAXDBY__Diapositiva512.JPG","113.9"
"512","3","VEDS8TMU__Diapositiva512.JPG","E:\Zotero-organized-export\JPG-JPEG\Light Cult NFTs\VEDS8TMU__Diapositiva512.JPG","52.2"
"513","2","GHU7BNPP__Diapositiva513.JPG","E:\Zotero-organized-export\JPG-JPEG\Light Cult NFTs\GHU7BNPP__Diapositiva513.JPG","132.1"
"513","2","KPUEX7CM__Diapositiva513.JPG","E:\Zotero-organized-export\JPG-JPEG\Light Cult NFTs\KPUEX7CM__Diapositiva513.JPG","95.9"
"514","3","4G86KXSQ__Diapositiva514.JPG","E:\Zotero-organized-export\JPG-JPEG\Light Cult NFTs\4G86KXSQ__Diapositiva514.JPG","68.6"
"514","3","8HB5F3DC__Diapositiva514.JPG","E:\Zotero-organized-export\JPG-JPEG\Light Cult NFTs\8HB5F3DC__Diapositiva514.JPG","136.5"
"514","3","RE6DILI3__Diapositiva514.JPG","E:\Zotero-organized-export\JPG-JPEG\Light Cult NFTs\RE6DILI3__Diapositiva514.JPG","113.3"
"515","3","DJCAIIRW__Diapositiva515.JPG","E:\Zotero-organized-export\JPG-JPEG\Light Cult NFTs\DJCAIIRW__Diapositiva515.JPG","104"
"515","3","FQLK3HA8__Diapositiva515.JPG","E:\Zotero-organized-export\JPG-JPEG\Light Cult NFTs\FQLK3HA8__Diapositiva515.JPG","75.1"
"515","3","KZX32BDF__Diapositiva515.JPG","E:\Zotero-organized-export\JPG-JPEG\Light Cult NFTs\KZX32BDF__Diapositiva515.JPG","88.3"
"516","3","QVYPGWJR__Diapositiva516.JPG","E:\Zotero-organized-export\JPG-JPEG\Light Cult NFTs\QVYPGWJR__Diapositiva516.JPG","122"
"516","3","Y3T2PJLX__Diapositiva516.JPG","E:\Zotero-organized-export\JPG-JPEG\Light Cult NFTs\Y3T2PJLX__Diapositiva516.JPG","65.3"
"516","3","ZQGV3V9E__Diapositiva516.JPG","E:\Zotero-organized-export\JPG-JPEG\Light Cult NFTs\ZQGV3V9E__Diapositiva516.JPG","62.5"
"517","2","CWZ6DLM5__Diapositiva517.JPG","E:\Zotero-organized-export\JPG-JPEG\Light Cult NFTs\CWZ6DLM5__Diapositiva517.JPG","85.1"
"517","2","JFND9AGG__Diapositiva517.JPG","E:\Zotero-organized-export\JPG-JPEG\Light Cult NFTs\JFND9AGG__Diapositiva517.JPG","57.9"
"518","2","IWQB9ARV__Diapositiva518.JPG","E:\Zotero-organized-export\JPG-JPEG\Light Cult NFTs\IWQB9ARV__Diapositiva518.JPG","109.1"
"518","2","T286GUN4__Diapositiva518.JPG","E:\Zotero-organized-export\JPG-JPEG\Light Cult NFTs\T286GUN4__Diapositiva518.JPG","43.8"
"519","3","964E6MJX__Diapositiva519.JPG","E:\Zotero-organized-export\JPG-JPEG\Light Cult NFTs\964E6MJX__Diapositiva519.JPG","53.2"
"519","3","IS3F8Y7V__Diapositiva519.JPG","E:\Zotero-organized-export\JPG-JPEG\Light Cult NFTs\IS3F8Y7V__Diapositiva519.JPG","137.3"
"519","3","JRP4LHPK__Diapositiva519.JPG","E:\Zotero-organized-export\JPG-JPEG\Light Cult NFTs\JRP4LHPK__Diapositiva519.JPG","112"
"520","3","96ZH59XW__Diapositiva520.JPG","E:\Zotero-organized-export\JPG-JPEG\Light Cult NFTs\96ZH59XW__Diapositiva520.JPG","94.3"
"520","3","G3IDGQ34__Diapositiva520.JPG","E:\Zotero-organized-export\JPG-JPEG\Light Cult NFTs\G3IDGQ34__Diapositiva520.JPG","161.5"
"520","3","XJPZPCVQ__Diapositiva520.JPG","E:\Zotero-organized-export\JPG-JPEG\Light Cult NFTs\XJPZPCVQ__Diapositiva520.JPG","74.5"
"521","3","F983FBHT__Diapositiva521.JPG","E:\Zotero-organized-export\JPG-JPEG\Light Cult NFTs\F983FBHT__Diapositiva521.JPG","56.7"
"521","3","G2LS47UQ__Diapositiva521.JPG","E:\Zotero-organized-export\JPG-JPEG\Light Cult NFTs\G2LS47UQ__Diapositiva521.JPG","96.2"
"521","3","V5YSTN8M__Diapositiva521.JPG","E:\Zotero-organized-export\JPG-JPEG\Light Cult NFTs\V5YSTN8M__Diapositiva521.JPG","63"
"522","3","KIPLVKS3__Diapositiva522.JPG","E:\Zotero-organized-export\JPG-JPEG\Light Cult NFTs\KIPLVKS3__Diapositiva522.JPG","136.9"
"522","3","P2C482DF__Diapositiva522.JPG","E:\Zotero-organized-export\JPG-JPEG\Light Cult NFTs\P2C482DF__Diapositiva522.JPG","44.4"
"522","3","TUT7HWGJ__Diapositiva522.JPG","E:\Zotero-organized-export\JPG-JPEG\Light Cult NFTs\TUT7HWGJ__Diapositiva522.JPG","48.3"
"523","3","4KZRQHM7__Diapositiva523.JPG","E:\Zotero-organized-export\JPG-JPEG\Light Cult NFTs\4KZRQHM7__Diapositiva523.JPG","77.7"
"523","3","M5P4R54C__Diapositiva523.JPG","E:\Zotero-organized-export\JPG-JPEG\Light Cult NFTs\M5P4R54C__Diapositiva523.JPG","77.7"
"523","3","QNUA397B__Diapositiva523.JPG","E:\Zotero-organized-export\JPG-JPEG\Light Cult NFTs\QNUA397B__Diapositiva523.JPG","125.3"
"524","3","EZBYXJ64__Diapositiva524.JPG","E:\Zotero-organized-export\JPG-JPEG\Light Cult NFTs\EZBYXJ64__Diapositiva524.JPG","111"
"524","3","M9448EZT__Diapositiva524.JPG","E:\Zotero-organized-export\JPG-JPEG\Light Cult NFTs\M9448EZT__Diapositiva524.JPG","55"
"524","3","X56UETRP__Diapositiva524.JPG","E:\Zotero-organized-export\JPG-JPEG\Light Cult NFTs\X56UETRP__Diapositiva524.JPG","47.8"
"525","3","3ACPIE7N__Diapositiva525.JPG","E:\Zotero-organized-export\JPG-JPEG\Light Cult NFTs\3ACPIE7N__Diapositiva525.JPG","95.5"
"525","3","HSN94JQP__Diapositiva525.JPG","E:\Zotero-organized-export\JPG-JPEG\Light Cult NFTs\HSN94JQP__Diapositiva525.JPG","157.9"
"525","3","Q4278DEW__Diapositiva525.JPG","E:\Zotero-organized-export\JPG-JPEG\Light Cult NFTs\Q4278DEW__Diapositiva525.JPG","80.9"
"526","2","TLW5QZTH__Diapositiva526.JPG","E:\Zotero-organized-export\JPG-JPEG\Light Cult NFTs\TLW5QZTH__Diapositiva526.JPG","61.4"
"526","2","ZUSPCG5S__Diapositiva526.JPG","E:\Zotero-organized-export\JPG-JPEG\Light Cult NFTs\ZUSPCG5S__Diapositiva526.JPG","69.4"
"527","3","24DJAICF__Diapositiva527.JPG","E:\Zotero-organized-export\JPG-JPEG\Light Cult NFTs\24DJAICF__Diapositiva527.JPG","154.5"
"527","3","KIJD6K7U__Diapositiva527.JPG","E:\Zotero-organized-export\JPG-JPEG\Light Cult NFTs\KIJD6K7U__Diapositiva527.JPG","80.6"
"527","3","XCIWZUX5__Diapositiva527.JPG","E:\Zotero-organized-export\JPG-JPEG\Light Cult NFTs\XCIWZUX5__Diapositiva527.JPG","148.5"
"528","3","5GSCWFY4__Diapositiva528.JPG","E:\Zotero-organized-export\JPG-JPEG\Light Cult NFTs\5GSCWFY4__Diapositiva528.JPG","125.7"
"528","3","DHPBMVWV__Diapositiva528.JPG","E:\Zotero-organized-export\JPG-JPEG\Light Cult NFTs\DHPBMVWV__Diapositiva528.JPG","61.9"
"528","3","PQRLA9LK__Diapositiva528.JPG","E:\Zotero-organized-export\JPG-JPEG\Light Cult NFTs\PQRLA9LK__Diapositiva528.JPG","74.4"
"529","3","DT3EYSNC__Diapositiva529.JPG","E:\Zotero-organized-export\JPG-JPEG\Light Cult NFTs\DT3EYSNC__Diapositiva529.JPG","80.4"
"529","3","RCJ6PU5T__Diapositiva529.JPG","E:\Zotero-organized-export\JPG-JPEG\Light Cult NFTs\RCJ6PU5T__Diapositiva529.JPG","69.1"
"529","3","RMR3E5E8__Diapositiva529.JPG","E:\Zotero-organized-export\JPG-JPEG\Light Cult NFTs\RMR3E5E8__Diapositiva529.JPG","82.2"
"530","3","DSHY29GW__Diapositiva530.JPG","E:\Zotero-organized-export\JPG-JPEG\Light Cult NFTs\DSHY29GW__Diapositiva530.JPG","59"
"530","3","ECRRKJJI__Diapositiva530.JPG","E:\Zotero-organized-export\JPG-JPEG\Light Cult NFTs\ECRRKJJI__Diapositiva530.JPG","70.8"
"530","3","SWM2RIRL__Diapositiva530.JPG","E:\Zotero-organized-export\JPG-JPEG\Light Cult NFTs\SWM2RIRL__Diapositiva530.JPG","36.3"
"531","3","3P4TBI2D__Diapositiva531.JPG","E:\Zotero-organized-export\JPG-JPEG\Light Cult NFTs\3P4TBI2D__Diapositiva531.JPG","138.7"
"531","3","C9UD287U__Diapositiva531.JPG","E:\Zotero-organized-export\JPG-JPEG\Light Cult NFTs\C9UD287U__Diapositiva531.JPG","119.8"
"531","3","FERWYIPG__Diapositiva531.JPG","E:\Zotero-organized-export\JPG-JPEG\Light Cult NFTs\FERWYIPG__Diapositiva531.JPG","113.2"
"532","2","5L9TZESY__Diapositiva532.JPG","E:\Zotero-organized-export\JPG-JPEG\Light Cult NFTs\5L9TZESY__Diapositiva532.JPG","107.5"
"532","2","PIK9ZHXX__Diapositiva532.JPG","E:\Zotero-organized-export\JPG-JPEG\Light Cult NFTs\PIK9ZHXX__Diapositiva532.JPG","136.9"
"533","2","867U6V4E__Diapositiva533.JPG","E:\Zotero-organized-export\JPG-JPEG\Light Cult NFTs\867U6V4E__Diapositiva533.JPG","126.9"
"533","2","TV43EG6G__Diapositiva533.JPG","E:\Zotero-organized-export\JPG-JPEG\Light Cult NFTs\TV43EG6G__Diapositiva533.JPG","40.1"
"534","3","5UDHLJIM__Diapositiva534.JPG","E:\Zotero-organized-export\JPG-JPEG\Light Cult NFTs\5UDHLJIM__Diapositiva534.JPG","112.7"
"534","3","T3YWGVGK__Diapositiva534.JPG","E:\Zotero-organized-export\JPG-JPEG\Light Cult NFTs\T3YWGVGK__Diapositiva534.JPG","56.6"
"534","3","TYP5TDVQ__Diapositiva534.JPG","E:\Zotero-organized-export\JPG-JPEG\Light Cult NFTs\TYP5TDVQ__Diapositiva534.JPG","81.1"
"535","3","G8EG33UZ__Diapositiva535.JPG","E:\Zotero-organized-export\JPG-JPEG\Light Cult NFTs\G8EG33UZ__Diapositiva535.JPG","73.5"
"535","3","JBEJVJ4B__Diapositiva535.JPG","E:\Zotero-organized-export\JPG-JPEG\Light Cult NFTs\JBEJVJ4B__Diapositiva535.JPG","42.1"
"535","3","JPJDE3Z2__Diapositiva535.JPG","E:\Zotero-organized-export\JPG-JPEG\Light Cult NFTs\JPJDE3Z2__Diapositiva535.JPG","78"
"536","3","4NEM6756__Diapositiva536.JPG","E:\Zotero-organized-export\JPG-JPEG\Light Cult NFTs\4NEM6756__Diapositiva536.JPG","72.8"
"536","3","PLJPD4WA__Diapositiva536.JPG","E:\Zotero-organized-export\JPG-JPEG\Light Cult NFTs\PLJPD4WA__Diapositiva536.JPG","68.4"
"536","3","PMLT3BGZ__Diapositiva536.JPG","E:\Zotero-organized-export\JPG-JPEG\Light Cult NFTs\PMLT3BGZ__Diapositiva536.JPG","56.1"
"537","3","3MPJ9TRL__Diapositiva537.JPG","E:\Zotero-organized-export\JPG-JPEG\Light Cult NFTs\3MPJ9TRL__Diapositiva537.JPG","66.4"
"537","3","NQQTB36N__Diapositiva537.JPG","E:\Zotero-organized-export\JPG-JPEG\Light Cult NFTs\NQQTB36N__Diapositiva537.JPG","38.1"
"537","3","STEYGL75__Diapositiva537.JPG","E:\Zotero-organized-export\JPG-JPEG\Light Cult NFTs\STEYGL75__Diapositiva537.JPG","46.1"
"538","2","3BCKF2VG__Diapositiva538.JPG","E:\Zotero-organized-export\JPG-JPEG\Light Cult NFTs\3BCKF2VG__Diapositiva538.JPG","145.4"
"538","2","LXIJACFM__Diapositiva538.JPG","E:\Zotero-organized-export\JPG-JPEG\Light Cult NFTs\LXIJACFM__Diapositiva538.JPG","39.6"
"539","3","DEERGESU__Diapositiva539.JPG","E:\Zotero-organized-export\JPG-JPEG\Light Cult NFTs\DEERGESU__Diapositiva539.JPG","68.1"
"539","3","JSWFHY9X__Diapositiva539.JPG","E:\Zotero-organized-export\JPG-JPEG\Light Cult NFTs\JSWFHY9X__Diapositiva539.JPG","100.1"
"539","3","XS8RZJUB__Diapositiva539.JPG","E:\Zotero-organized-export\JPG-JPEG\Light Cult NFTs\XS8RZJUB__Diapositiva539.JPG","45.6"
"540","2","4BPQNIPW__Diapositiva540.JPG","E:\Zotero-organized-export\JPG-JPEG\Light Cult NFTs\4BPQNIPW__Diapositiva540.JPG","51.4"
"540","2","MVG6TT6X__Diapositiva540.JPG","E:\Zotero-organized-export\JPG-JPEG\Light Cult NFTs\MVG6TT6X__Diapositiva540.JPG","48.3"
"541","3","8BQ2V7HZ__Diapositiva541.JPG","E:\Zotero-organized-export\JPG-JPEG\Light Cult NFTs\8BQ2V7HZ__Diapositiva541.JPG","49.3"
"541","3","S9ZWGLLZ__Diapositiva541.JPG","E:\Zotero-organized-export\JPG-JPEG\Light Cult NFTs\S9ZWGLLZ__Diapositiva541.JPG","108.9"
"541","3","WYYUEH95__Diapositiva541.JPG","E:\Zotero-organized-export\JPG-JPEG\Light Cult NFTs\WYYUEH95__Diapositiva541.JPG","138.6"
"542","3","4JANHZJF__Diapositiva542.JPG","E:\Zotero-organized-export\JPG-JPEG\Light Cult NFTs\4JANHZJF__Diapositiva542.JPG","121"
"542","3","AMX8UPW8__Diapositiva542.JPG","E:\Zotero-organized-export\JPG-JPEG\Light Cult NFTs\AMX8UPW8__Diapositiva542.JPG","76"
"542","3","T9XVNW37__Diapositiva542.JPG","E:\Zotero-organized-export\JPG-JPEG\Light Cult NFTs\T9XVNW37__Diapositiva542.JPG","46.9"
"543","3","66HGYHQR__Diapositiva543.JPG","E:\Zotero-organized-export\JPG-JPEG\Light Cult NFTs\66HGYHQR__Diapositiva543.JPG","94.5"
"543","3","PCI8J63C__Diapositiva543.JPG","E:\Zotero-organized-export\JPG-JPEG\Light Cult NFTs\PCI8J63C__Diapositiva543.JPG","134.1"
"543","3","VLXHUUQ6__Diapositiva543.JPG","E:\Zotero-organized-export\JPG-JPEG\Light Cult NFTs\VLXHUUQ6__Diapositiva543.JPG","63.3"
"544","3","4DVRPQNS__Diapositiva544.JPG","E:\Zotero-organized-export\JPG-JPEG\Light Cult NFTs\4DVRPQNS__Diapositiva544.JPG","111.3"
"544","3","6ATHJD3Y__Diapositiva544.JPG","E:\Zotero-organized-export\JPG-JPEG\Light Cult NFTs\6ATHJD3Y__Diapositiva544.JPG","108.6"
"544","3","S876ARJP__Diapositiva544.JPG","E:\Zotero-organized-export\JPG-JPEG\Light Cult NFTs\S876ARJP__Diapositiva544.JPG","84.5"
"545","2","QL7NHW83__Diapositiva545.JPG","E:\Zotero-organized-export\JPG-JPEG\Light Cult NFTs\QL7NHW83__Diapositiva545.JPG","75.4"
"545","2","ZTHVTTD4__Diapositiva545.JPG","E:\Zotero-organized-export\JPG-JPEG\Light Cult NFTs\ZTHVTTD4__Diapositiva545.JPG","119.9"
"546","2","IENAJ2XG__Diapositiva546.JPG","E:\Zotero-organized-export\JPG-JPEG\Light Cult NFTs\IENAJ2XG__Diapositiva546.JPG","88.2"
"546","2","KAVC8YI3__Diapositiva546.JPG","E:\Zotero-organized-export\JPG-JPEG\Light Cult NFTs\KAVC8YI3__Diapositiva546.JPG","72.1"
"547","3","76NMGQX2__Diapositiva547.JPG","E:\Zotero-organized-export\JPG-JPEG\Light Cult NFTs\76NMGQX2__Diapositiva547.JPG","70.6"
"547","3","E8EQT9SD__Diapositiva547.JPG","E:\Zotero-organized-export\JPG-JPEG\Light Cult NFTs\E8EQT9SD__Diapositiva547.JPG","125.8"
"547","3","GG3FWMCU__Diapositiva547.JPG","E:\Zotero-organized-export\JPG-JPEG\Light Cult NFTs\GG3FWMCU__Diapositiva547.JPG","106.1"
"548","2","5772C7SF__Diapositiva548.JPG","E:\Zotero-organized-export\JPG-JPEG\Light Cult NFTs\5772C7SF__Diapositiva548.JPG","53"
"548","2","F4V4VZGM__Diapositiva548.JPG","E:\Zotero-organized-export\JPG-JPEG\Light Cult NFTs\F4V4VZGM__Diapositiva548.JPG","47.1"
"549","3","5GVAMF96__Diapositiva549.JPG","E:\Zotero-organized-export\JPG-JPEG\Light Cult NFTs\5GVAMF96__Diapositiva549.JPG","140.8"
"549","3","5WNM2P4X__Diapositiva549.JPG","E:\Zotero-organized-export\JPG-JPEG\Light Cult NFTs\5WNM2P4X__Diapositiva549.JPG","33.1"
"549","3","YRLXAEVJ__Diapositiva549.JPG","E:\Zotero-organized-export\JPG-JPEG\Light Cult NFTs\YRLXAEVJ__Diapositiva549.JPG","56.3"
"550","2","7YEKZBLI__Diapositiva550.JPG","E:\Zotero-organized-export\JPG-JPEG\Light Cult NFTs\7YEKZBLI__Diapositiva550.JPG","55.2"
"550","2","XV2P3DMY__Diapositiva550.JPG","E:\Zotero-organized-export\JPG-JPEG\Light Cult NFTs\XV2P3DMY__Diapositiva550.JPG","75.8"
"551","3","5JT6TJ9L__Diapositiva551.JPG","E:\Zotero-organized-export\JPG-JPEG\Light Cult NFTs\5JT6TJ9L__Diapositiva551.JPG","153.3"
"551","3","AJ66EGCH__Diapositiva551.JPG","E:\Zotero-organized-export\JPG-JPEG\Light Cult NFTs\AJ66EGCH__Diapositiva551.JPG","80"
"551","3","I8M7ABNR__Diapositiva551.JPG","E:\Zotero-organized-export\JPG-JPEG\Light Cult NFTs\I8M7ABNR__Diapositiva551.JPG","137.7"
"552","3","7L47MIMD__Diapositiva552.JPG","E:\Zotero-organized-export\JPG-JPEG\Light Cult NFTs\7L47MIMD__Diapositiva552.JPG","56.9"
"552","3","PVRGRJA7__Diapositiva552.JPG","E:\Zotero-organized-export\JPG-JPEG\Light Cult NFTs\PVRGRJA7__Diapositiva552.JPG","121.5"
"552","3","R6GL3M88__Diapositiva552.JPG","E:\Zotero-organized-export\JPG-JPEG\Light Cult NFTs\R6GL3M88__Diapositiva552.JPG","29.1"
"553","3","BHAGBNBW__Diapositiva553.JPG","E:\Zotero-organized-export\JPG-JPEG\Light Cult NFTs\BHAGBNBW__Diapositiva553.JPG","107.8"
"553","3","FMU4QXVK__Diapositiva553.JPG","E:\Zotero-organized-export\JPG-JPEG\Light Cult NFTs\FMU4QXVK__Diapositiva553.JPG","112.2"
"553","3","TQXFE26Z__Diapositiva553.JPG","E:\Zotero-organized-export\JPG-JPEG\Light Cult NFTs\TQXFE26Z__Diapositiva553.JPG","86"
"554","2","3JLCYD7E__Diapositiva554.JPG","E:\Zotero-organized-export\JPG-JPEG\Light Cult NFTs\3JLCYD7E__Diapositiva554.JPG","68.8"
"554","2","RTH78AHK__Diapositiva554.JPG","E:\Zotero-organized-export\JPG-JPEG\Light Cult NFTs\RTH78AHK__Diapositiva554.JPG","88.4"
"555","3","LS9PHMZX__Diapositiva555.JPG","E:\Zotero-organized-export\JPG-JPEG\Light Cult NFTs\LS9PHMZX__Diapositiva555.JPG","145.3"
"555","3","MJY3XPIC__Diapositiva555.JPG","E:\Zotero-organized-export\JPG-JPEG\Light Cult NFTs\MJY3XPIC__Diapositiva555.JPG","43.5"
"555","3","NJXQN7UR__Diapositiva555.JPG","E:\Zotero-organized-export\JPG-JPEG\Light Cult NFTs\NJXQN7UR__Diapositiva555.JPG","143.3"
"556","3","4JZYZQJE__Diapositiva556.JPG","E:\Zotero-organized-export\JPG-JPEG\Light Cult NFTs\4JZYZQJE__Diapositiva556.JPG","82.6"
"556","3","6YHSZFC4__Diapositiva556.JPG","E:\Zotero-organized-export\JPG-JPEG\Light Cult NFTs\6YHSZFC4__Diapositiva556.JPG","55.2"
"556","3","D3HJGMFP__Diapositiva556.JPG","E:\Zotero-organized-export\JPG-JPEG\Light Cult NFTs\D3HJGMFP__Diapositiva556.JPG","89.4"
"557","2","8W4LKPJ6__Diapositiva557.JPG","E:\Zotero-organized-export\JPG-JPEG\Light Cult NFTs\8W4LKPJ6__Diapositiva557.JPG","45.7"
"557","2","PUFHHX9K__Diapositiva557.JPG","E:\Zotero-organized-export\JPG-JPEG\Light Cult NFTs\PUFHHX9K__Diapositiva557.JPG","67.2"
"558","2","HBM9WB3L__Diapositiva558.JPG","E:\Zotero-organized-export\JPG-JPEG\Light Cult NFTs\HBM9WB3L__Diapositiva558.JPG","60.7"
"558","2","L5NGIEZM__Diapositiva558.JPG","E:\Zotero-organized-export\JPG-JPEG\Light Cult NFTs\L5NGIEZM__Diapositiva558.JPG","79"
"559","2","6YDKJF2U__Diapositiva559.JPG","E:\Zotero-organized-export\JPG-JPEG\Light Cult NFTs\6YDKJF2U__Diapositiva559.JPG","70.2"
"559","2","IQ7LDI2M__Diapositiva559.JPG","E:\Zotero-organized-export\JPG-JPEG\Light Cult NFTs\IQ7LDI2M__Diapositiva559.JPG","58.4"
"560","3","DFUXG2NT__Diapositiva560.JPG","E:\Zotero-organized-export\JPG-JPEG\Light Cult NFTs\DFUXG2NT__Diapositiva560.JPG","145.4"
"560","3","FDNFKK29__Diapositiva560.JPG","E:\Zotero-organized-export\JPG-JPEG\Light Cult NFTs\FDNFKK29__Diapositiva560.JPG","71.1"
"560","3","R7J9TMK7__Diapositiva560.JPG","E:\Zotero-organized-export\JPG-JPEG\Light Cult NFTs\R7J9TMK7__Diapositiva560.JPG","133.6"
"561","3","M9Z7SIFD__Diapositiva561.JPG","E:\Zotero-organized-export\JPG-JPEG\Light Cult NFTs\M9Z7SIFD__Diapositiva561.JPG","113.1"
"561","3","SADJJ7V2__Diapositiva561.JPG","E:\Zotero-organized-export\JPG-JPEG\Light Cult NFTs\SADJJ7V2__Diapositiva561.JPG","129"
"561","3","YFNIX8XP__Diapositiva561.JPG","E:\Zotero-organized-export\JPG-JPEG\Light Cult NFTs\YFNIX8XP__Diapositiva561.JPG","48.7"
"562","2","82NLZAGY__Diapositiva562.JPG","E:\Zotero-organized-export\JPG-JPEG\Light Cult NFTs\82NLZAGY__Diapositiva562.JPG","148.5"
"562","2","DUSTLLZB__Diapositiva562.JPG","E:\Zotero-organized-export\JPG-JPEG\Light Cult NFTs\DUSTLLZB__Diapositiva562.JPG","123.3"
"563","2","JAM7NZMT__Diapositiva563.JPG","E:\Zotero-organized-export\JPG-JPEG\Light Cult NFTs\JAM7NZMT__Diapositiva563.JPG","122.4"
"563","2","UVRIDUGV__Diapositiva563.JPG","E:\Zotero-organized-export\JPG-JPEG\Light Cult NFTs\UVRIDUGV__Diapositiva563.JPG","120.6"
"564","3","I6RVH4IB__Diapositiva564.JPG","E:\Zotero-organized-export\JPG-JPEG\Light Cult NFTs\I6RVH4IB__Diapositiva564.JPG","65.5"
"564","3","LB9BSUPK__Diapositiva564.JPG","E:\Zotero-organized-export\JPG-JPEG\Light Cult NFTs\LB9BSUPK__Diapositiva564.JPG","127.2"
"564","3","RLAAUDLS__Diapositiva564.JPG","E:\Zotero-organized-export\JPG-JPEG\Light Cult NFTs\RLAAUDLS__Diapositiva564.JPG","155"
"565","3","6LI7LGH3__Diapositiva565.JPG","E:\Zotero-organized-export\JPG-JPEG\Light Cult NFTs\6LI7LGH3__Diapositiva565.JPG","45.4"
"565","3","PZZ6DD4W__Diapositiva565.JPG","E:\Zotero-organized-export\JPG-JPEG\Light Cult NFTs\PZZ6DD4W__Diapositiva565.JPG","147.1"
"565","3","WUUD5G5Q__Diapositiva565.JPG","E:\Zotero-organized-export\JPG-JPEG\Light Cult NFTs\WUUD5G5Q__Diapositiva565.JPG","124.2"
"566","3","9IGRVI66__Diapositiva566.JPG","E:\Zotero-organized-export\JPG-JPEG\Light Cult NFTs\9IGRVI66__Diapositiva566.JPG","124.8"
"566","3","EW6AMAA8__Diapositiva566.JPG","E:\Zotero-organized-export\JPG-JPEG\Light Cult NFTs\EW6AMAA8__Diapositiva566.JPG","117.6"
"566","3","F7XSCKY4__Diapositiva566.JPG","E:\Zotero-organized-export\JPG-JPEG\Light Cult NFTs\F7XSCKY4__Diapositiva566.JPG","93.3"
"567","3","P8JCBDZA__Diapositiva567.JPG","E:\Zotero-organized-export\JPG-JPEG\Light Cult NFTs\P8JCBDZA__Diapositiva567.JPG","52.2"
"567","3","XKSYGH9S__Diapositiva567.JPG","E:\Zotero-organized-export\JPG-JPEG\Light Cult NFTs\XKSYGH9S__Diapositiva567.JPG","78.3"
"567","3","YWUGZMHV__Diapositiva567.JPG","E:\Zotero-organized-export\JPG-JPEG\Light Cult NFTs\YWUGZMHV__Diapositiva567.JPG","81.9"
"568","3","DE954NP8__Diapositiva568.JPG","E:\Zotero-organized-export\JPG-JPEG\Light Cult NFTs\DE954NP8__Diapositiva568.JPG","74.9"
"568","3","H9Y56CKA__Diapositiva568.JPG","E:\Zotero-organized-export\JPG-JPEG\Light Cult NFTs\H9Y56CKA__Diapositiva568.JPG","130.7"
"568","3","YE5WDBUL__Diapositiva568.JPG","E:\Zotero-organized-export\JPG-JPEG\Light Cult NFTs\YE5WDBUL__Diapositiva568.JPG","150.9"
"569","3","2I3ETPM3__Diapositiva569.JPG","E:\Zotero-organized-export\JPG-JPEG\Light Cult NFTs\2I3ETPM3__Diapositiva569.JPG","173.6"
"569","3","9RN29DMF__Diapositiva569.JPG","E:\Zotero-organized-export\JPG-JPEG\Light Cult NFTs\9RN29DMF__Diapositiva569.JPG","68.3"
"569","3","K8MFXZPS__Diapositiva569.JPG","E:\Zotero-organized-export\JPG-JPEG\Light Cult NFTs\K8MFXZPS__Diapositiva569.JPG","55.6"
"570","3","FXMD9239__Diapositiva570.JPG","E:\Zotero-organized-export\JPG-JPEG\Light Cult NFTs\FXMD9239__Diapositiva570.JPG","34.1"
"570","3","K3XSWBMG__Diapositiva570.JPG","E:\Zotero-organized-export\JPG-JPEG\Light Cult NFTs\K3XSWBMG__Diapositiva570.JPG","109.9"
"570","3","L4LC2TTH__Diapositiva570.JPG","E:\Zotero-organized-export\JPG-JPEG\Light Cult NFTs\L4LC2TTH__Diapositiva570.JPG","61.8"
"571","3","2ADUTAUE__Diapositiva571.JPG","E:\Zotero-organized-export\JPG-JPEG\Light Cult NFTs\2ADUTAUE__Diapositiva571.JPG","89.9"
"571","3","KQQ7A24T__Diapositiva571.JPG","E:\Zotero-organized-export\JPG-JPEG\Light Cult NFTs\KQQ7A24T__Diapositiva571.JPG","98.7"
"571","3","TRZWJ5SY__Diapositiva571.JPG","E:\Zotero-organized-export\JPG-JPEG\Light Cult NFTs\TRZWJ5SY__Diapositiva571.JPG","97"
"572","2","D8VFXUBD__Diapositiva572.JPG","E:\Zotero-organized-export\JPG-JPEG\Light Cult NFTs\D8VFXUBD__Diapositiva572.JPG","79.9"
"572","2","MI3M2SK6__Diapositiva572.JPG","E:\Zotero-organized-export\JPG-JPEG\Light Cult NFTs\MI3M2SK6__Diapositiva572.JPG","56.3"
"573","3","BP7WLTG4__Diapositiva573.JPG","E:\Zotero-organized-export\JPG-JPEG\Light Cult NFTs\BP7WLTG4__Diapositiva573.JPG","77.4"
"573","3","KGG4JYAP__Diapositiva573.JPG","E:\Zotero-organized-export\JPG-JPEG\Light Cult NFTs\KGG4JYAP__Diapositiva573.JPG","51.2"
"573","3","PP8N36T7__Diapositiva573.JPG","E:\Zotero-organized-export\JPG-JPEG\Light Cult NFTs\PP8N36T7__Diapositiva573.JPG","157.7"
"574","3","BI3BVNQ6__Diapositiva574.JPG","E:\Zotero-organized-export\JPG-JPEG\Light Cult NFTs\BI3BVNQ6__Diapositiva574.JPG","50.6"
"574","3","SIFYYVQ2__Diapositiva574.JPG","E:\Zotero-organized-export\JPG-JPEG\Light Cult NFTs\SIFYYVQ2__Diapositiva574.JPG","137.9"
"574","3","XSA6TRBE__Diapositiva574.JPG","E:\Zotero-organized-export\JPG-JPEG\Light Cult NFTs\XSA6TRBE__Diapositiva574.JPG","64.3"
"575","3","2KHBWYQE__Diapositiva575.JPG","E:\Zotero-organized-export\JPG-JPEG\Light Cult NFTs\2KHBWYQE__Diapositiva575.JPG","96"
"575","3","T6EWV4VV__Diapositiva575.JPG","E:\Zotero-organized-export\JPG-JPEG\Light Cult NFTs\T6EWV4VV__Diapositiva575.JPG","126.3"
"575","3","TUIY5RWH__Diapositiva575.JPG","E:\Zotero-organized-export\JPG-JPEG\Light Cult NFTs\TUIY5RWH__Diapositiva575.JPG","130.5"
"576","3","4X8V6HPT__Diapositiva576.JPG","E:\Zotero-organized-export\JPG-JPEG\Light Cult NFTs\4X8V6HPT__Diapositiva576.JPG","118.7"
"576","3","NEGKCBLI__Diapositiva576.JPG","E:\Zotero-organized-export\JPG-JPEG\Light Cult NFTs\NEGKCBLI__Diapositiva576.JPG","92.5"
"576","3","XGNCGSEG__Diapositiva576.JPG","E:\Zotero-organized-export\JPG-JPEG\Light Cult NFTs\XGNCGSEG__Diapositiva576.JPG","54.9"
"577","2","JDDYRXCQ__Diapositiva577.JPG","E:\Zotero-organized-export\JPG-JPEG\Light Cult NFTs\JDDYRXCQ__Diapositiva577.JPG","145.6"
"577","2","RUHVN9D5__Diapositiva577.JPG","E:\Zotero-organized-export\JPG-JPEG\Light Cult NFTs\RUHVN9D5__Diapositiva577.JPG","115.5"
"578","3","565NYGVI__Diapositiva578.JPG","E:\Zotero-organized-export\JPG-JPEG\Light Cult NFTs\565NYGVI__Diapositiva578.JPG","134.8"
"578","3","LJAHJHC9__Diapositiva578.JPG","E:\Zotero-organized-export\JPG-JPEG\Light Cult NFTs\LJAHJHC9__Diapositiva578.JPG","144.3"
"578","3","UTNVZV89__Diapositiva578.JPG","E:\Zotero-organized-export\JPG-JPEG\Light Cult NFTs\UTNVZV89__Diapositiva578.JPG","57.3"
"579","2","2AI397GL__Diapositiva579.JPG","E:\Zotero-organized-export\JPG-JPEG\Light Cult NFTs\2AI397GL__Diapositiva579.JPG","75.4"
"579","2","B3FK387E__Diapositiva579.JPG","E:\Zotero-organized-export\JPG-JPEG\Light Cult NFTs\B3FK387E__Diapositiva579.JPG","122.8"
"580","3","8FZZB3PJ__Diapositiva580.JPG","E:\Zotero-organized-export\JPG-JPEG\Light Cult NFTs\8FZZB3PJ__Diapositiva580.JPG","103.2"
"580","3","8N2MYWLN__Diapositiva580.JPG","E:\Zotero-organized-export\JPG-JPEG\Light Cult NFTs\8N2MYWLN__Diapositiva580.JPG","115.6"
"580","3","D39ZSSGW__Diapositiva580.JPG","E:\Zotero-organized-export\JPG-JPEG\Light Cult NFTs\D39ZSSGW__Diapositiva580.JPG","145.9"
"581","2","BWABA734__Diapositiva581.JPG","E:\Zotero-organized-export\JPG-JPEG\Light Cult NFTs\BWABA734__Diapositiva581.JPG","83.6"
"581","2","CNB5INMB__Diapositiva581.JPG","E:\Zotero-organized-export\JPG-JPEG\Light Cult NFTs\CNB5INMB__Diapositiva581.JPG","116.9"
"582","2","2TE4QFZH__Diapositiva582.JPG","E:\Zotero-organized-export\JPG-JPEG\Light Cult NFTs\2TE4QFZH__Diapositiva582.JPG","65.5"
"582","2","I5SDGRJ8__Diapositiva582.JPG","E:\Zotero-organized-export\JPG-JPEG\Light Cult NFTs\I5SDGRJ8__Diapositiva582.JPG","117.7"
"583","3","2HH7FLNE__Diapositiva583.JPG","E:\Zotero-organized-export\JPG-JPEG\Light Cult NFTs\2HH7FLNE__Diapositiva583.JPG","56.9"
"583","3","2XXNHLQR__Diapositiva583.JPG","E:\Zotero-organized-export\JPG-JPEG\Light Cult NFTs\2XXNHLQR__Diapositiva583.JPG","67.5"
"583","3","E5PZBV4X__Diapositiva583.JPG","E:\Zotero-organized-export\JPG-JPEG\Light Cult NFTs\E5PZBV4X__Diapositiva583.JPG","76.8"
"584","3","F2RTYJEN__Diapositiva584.JPG","E:\Zotero-organized-export\JPG-JPEG\Light Cult NFTs\F2RTYJEN__Diapositiva584.JPG","61.4"
"584","3","FVW5Q45H__Diapositiva584.JPG","E:\Zotero-organized-export\JPG-JPEG\Light Cult NFTs\FVW5Q45H__Diapositiva584.JPG","55"
"584","3","WBZITHNY__Diapositiva584.JPG","E:\Zotero-organized-export\JPG-JPEG\Light Cult NFTs\WBZITHNY__Diapositiva584.JPG","154.3"
"585","3","D6RWITJW__Diapositiva585.JPG","E:\Zotero-organized-export\JPG-JPEG\Light Cult NFTs\D6RWITJW__Diapositiva585.JPG","115.4"
"585","3","T8EBV9J3__Diapositiva585.JPG","E:\Zotero-organized-export\JPG-JPEG\Light Cult NFTs\T8EBV9J3__Diapositiva585.JPG","127"
"585","3","X4B8GHWS__Diapositiva585.JPG","E:\Zotero-organized-export\JPG-JPEG\Light Cult NFTs\X4B8GHWS__Diapositiva585.JPG","124.8"
"586","2","2CIGGVNE__Diapositiva586.JPG","E:\Zotero-organized-export\JPG-JPEG\Light Cult NFTs\2CIGGVNE__Diapositiva586.JPG","82.2"
"586","2","LK5K3PPV__Diapositiva586.JPG","E:\Zotero-organized-export\JPG-JPEG\Light Cult NFTs\LK5K3PPV__Diapositiva586.JPG","92.5"
"587","3","MZN2Z6LN__Diapositiva587.JPG","E:\Zotero-organized-export\JPG-JPEG\Light Cult NFTs\MZN2Z6LN__Diapositiva587.JPG","96.1"
"587","3","PTK7TS4U__Diapositiva587.JPG","E:\Zotero-organized-export\JPG-JPEG\Light Cult NFTs\PTK7TS4U__Diapositiva587.JPG","96.5"
"587","3","VWP8JRRJ__Diapositiva587.JPG","E:\Zotero-organized-export\JPG-JPEG\Light Cult NFTs\VWP8JRRJ__Diapositiva587.JPG","70.5"
"588","2","H87TKBIA__Diapositiva588.JPG","E:\Zotero-organized-export\JPG-JPEG\Light Cult NFTs\H87TKBIA__Diapositiva588.JPG","146.5"
"588","2","KUH9KC7Z__Diapositiva588.JPG","E:\Zotero-organized-export\JPG-JPEG\Light Cult NFTs\KUH9KC7Z__Diapositiva588.JPG","136.7"
"589","3","FLWJPSXI__Diapositiva589.JPG","E:\Zotero-organized-export\JPG-JPEG\Light Cult NFTs\FLWJPSXI__Diapositiva589.JPG","123.6"
"589","3","QSP9CQUZ__Diapositiva589.JPG","E:\Zotero-organized-export\JPG-JPEG\Light Cult NFTs\QSP9CQUZ__Diapositiva589.JPG","133.3"
"589","3","Y6L8HY6E__Diapositiva589.JPG","E:\Zotero-organized-export\JPG-JPEG\Light Cult NFTs\Y6L8HY6E__Diapositiva589.JPG","57.2"
"590","3","IDHARKBS__Diapositiva590.JPG","E:\Zotero-organized-export\JPG-JPEG\Light Cult NFTs\IDHARKBS__Diapositiva590.JPG","71.7"
"590","3","UXIAH54F__Diapositiva590.JPG","E:\Zotero-organized-export\JPG-JPEG\Light Cult NFTs\UXIAH54F__Diapositiva590.JPG","99.6"
"590","3","XWC4Q24B__Diapositiva590.JPG","E:\Zotero-organized-export\JPG-JPEG\Light Cult NFTs\XWC4Q24B__Diapositiva590.JPG","78.4"
"591","3","7XATFHKP__Diapositiva591.JPG","E:\Zotero-organized-export\JPG-JPEG\Light Cult NFTs\7XATFHKP__Diapositiva591.JPG","47.1"
"591","3","AN3CDD2T__Diapositiva591.JPG","E:\Zotero-organized-export\JPG-JPEG\Light Cult NFTs\AN3CDD2T__Diapositiva591.JPG","124.7"
"591","3","Y8GLLMD2__Diapositiva591.JPG","E:\Zotero-organized-export\JPG-JPEG\Light Cult NFTs\Y8GLLMD2__Diapositiva591.JPG","41.3"
"592","3","5CUIVB6X__Diapositiva592.JPG","E:\Zotero-organized-export\JPG-JPEG\Light Cult NFTs\5CUIVB6X__Diapositiva592.JPG","112.8"
"592","3","JCLQJ2FY__Diapositiva592.JPG","E:\Zotero-organized-export\JPG-JPEG\Light Cult NFTs\JCLQJ2FY__Diapositiva592.JPG","112.2"
"592","3","WD2MNM8G__Diapositiva592.JPG","E:\Zotero-organized-export\JPG-JPEG\Light Cult NFTs\WD2MNM8G__Diapositiva592.JPG","111.3"
"593","3","6QPJH98T__Diapositiva593.JPG","E:\Zotero-organized-export\JPG-JPEG\Light Cult NFTs\6QPJH98T__Diapositiva593.JPG","81"
"593","3","9TH3CVUW__Diapositiva593.JPG","E:\Zotero-organized-export\JPG-JPEG\Light Cult NFTs\9TH3CVUW__Diapositiva593.JPG","86.2"
"593","3","BX2JYAXC__Diapositiva593.JPG","E:\Zotero-organized-export\JPG-JPEG\Light Cult NFTs\BX2JYAXC__Diapositiva593.JPG","85.3"
"594","3","C7SJ2HYB__Diapositiva594.JPG","E:\Zotero-organized-export\JPG-JPEG\Light Cult NFTs\C7SJ2HYB__Diapositiva594.JPG","139.4"
"594","3","LILXJJM8__Diapositiva594.JPG","E:\Zotero-organized-export\JPG-JPEG\Light Cult NFTs\LILXJJM8__Diapositiva594.JPG","126.2"
"594","3","RUJ6QGCL__Diapositiva594.JPG","E:\Zotero-organized-export\JPG-JPEG\Light Cult NFTs\RUJ6QGCL__Diapositiva594.JPG","128.5"
"595","3","HGEVXVBF__Diapositiva595.JPG","E:\Zotero-organized-export\JPG-JPEG\Light Cult NFTs\HGEVXVBF__Diapositiva595.JPG","88"
"595","3","QKWP6KCT__Diapositiva595.JPG","E:\Zotero-organized-export\JPG-JPEG\Light Cult NFTs\QKWP6KCT__Diapositiva595.JPG","90.7"
"595","3","QYY3IYW2__Diapositiva595.JPG","E:\Zotero-organized-export\JPG-JPEG\Light Cult NFTs\QYY3IYW2__Diapositiva595.JPG","116.3"
"596","3","6AWNKQFD__Diapositiva596.JPG","E:\Zotero-organized-export\JPG-JPEG\Light Cult NFTs\6AWNKQFD__Diapositiva596.JPG","114.4"
"596","3","SM3IHT38__Diapositiva596.JPG","E:\Zotero-organized-export\JPG-JPEG\Light Cult NFTs\SM3IHT38__Diapositiva596.JPG","120.4"
"596","3","UJSRJ592__Diapositiva596.JPG","E:\Zotero-organized-export\JPG-JPEG\Light Cult NFTs\UJSRJ592__Diapositiva596.JPG","39.6"
"597","2","CLDG2967__Diapositiva597.JPG","E:\Zotero-organized-export\JPG-JPEG\Light Cult NFTs\CLDG2967__Diapositiva597.JPG","63.5"
"597","2","FYT4IR2W__Diapositiva597.JPG","E:\Zotero-organized-export\JPG-JPEG\Light Cult NFTs\FYT4IR2W__Diapositiva597.JPG","120.1"
"598","3","AHYFE8LX__Diapositiva598.JPG","E:\Zotero-organized-export\JPG-JPEG\Light Cult NFTs\AHYFE8LX__Diapositiva598.JPG","59.3"
"598","3","NJR47G67__Diapositiva598.JPG","E:\Zotero-organized-export\JPG-JPEG\Light Cult NFTs\NJR47G67__Diapositiva598.JPG","47.5"
"598","3","Y6J3ZS7P__Diapositiva598.JPG","E:\Zotero-organized-export\JPG-JPEG\Light Cult NFTs\Y6J3ZS7P__Diapositiva598.JPG","110"
"599","3","C9339WBL__Diapositiva599.JPG","E:\Zotero-organized-export\JPG-JPEG\Light Cult NFTs\C9339WBL__Diapositiva599.JPG","75.5"
"599","3","QG739E9M__Diapositiva599.JPG","E:\Zotero-organized-export\JPG-JPEG\Light Cult NFTs\QG739E9M__Diapositiva599.JPG","113.2"
"599","3","ZWRDDYZR__Diapositiva599.JPG","E:\Zotero-organized-export\JPG-JPEG\Light Cult NFTs\ZWRDDYZR__Diapositiva599.JPG","78.2"
"600","3","2VPZT6HJ__Diapositiva600.JPG","E:\Zotero-organized-export\JPG-JPEG\Light Cult NFTs\2VPZT6HJ__Diapositiva600.JPG","57.9"
"600","3","MPZAWB3C__Diapositiva600.JPG","E:\Zotero-organized-export\JPG-JPEG\Light Cult NFTs\MPZAWB3C__Diapositiva600.JPG","94.2"
"600","3","SFBXQVKM__Diapositiva600.JPG","E:\Zotero-organized-export\JPG-JPEG\Light Cult NFTs\SFBXQVKM__Diapositiva600.JPG","137.6"
"601","3","A7IDH3PS__Diapositiva601.JPG","E:\Zotero-organized-export\JPG-JPEG\Light Cult NFTs\A7IDH3PS__Diapositiva601.JPG","67.1"
"601","3","DVH8A242__Diapositiva601.JPG","E:\Zotero-organized-export\JPG-JPEG\Light Cult NFTs\DVH8A242__Diapositiva601.JPG","112.8"
"601","3","LVMEVQWF__Diapositiva601.JPG","E:\Zotero-organized-export\JPG-JPEG\Light Cult NFTs\LVMEVQWF__Diapositiva601.JPG","136.6"
"602","2","NKK2XUV4__Diapositiva602.JPG","E:\Zotero-organized-export\JPG-JPEG\Light Cult NFTs\NKK2XUV4__Diapositiva602.JPG","68.4"
"602","2","SWISQCLU__Diapositiva602.JPG","E:\Zotero-organized-export\JPG-JPEG\Light Cult NFTs\SWISQCLU__Diapositiva602.JPG","130.5"
"603","2","J8Y7W663__Diapositiva603.JPG","E:\Zotero-organized-export\JPG-JPEG\Light Cult NFTs\J8Y7W663__Diapositiva603.JPG","113.6"
"603","2","JZJ75BW4__Diapositiva603.JPG","E:\Zotero-organized-export\JPG-JPEG\Light Cult NFTs\JZJ75BW4__Diapositiva603.JPG","221.6"
"604","2","GRNAQFDF__Diapositiva604.JPG","E:\Zotero-organized-export\JPG-JPEG\Light Cult NFTs\GRNAQFDF__Diapositiva604.JPG","45"
"604","2","TZV4A378__Diapositiva604.JPG","E:\Zotero-organized-export\JPG-JPEG\Light Cult NFTs\TZV4A378__Diapositiva604.JPG","154.5"
"605","3","B3G8X7P2__Diapositiva605.JPG","E:\Zotero-organized-export\JPG-JPEG\Light Cult NFTs\B3G8X7P2__Diapositiva605.JPG","59.1"
"605","3","CKX4RS99__Diapositiva605.JPG","E:\Zotero-organized-export\JPG-JPEG\Light Cult NFTs\CKX4RS99__Diapositiva605.JPG","64.2"
"605","3","P8PDWAPX__Diapositiva605.JPG","E:\Zotero-organized-export\JPG-JPEG\Light Cult NFTs\P8PDWAPX__Diapositiva605.JPG","118.5"
"606","3","43ITAQBW__Diapositiva606.JPG","E:\Zotero-organized-export\JPG-JPEG\Light Cult NFTs\43ITAQBW__Diapositiva606.JPG","66.6"
"606","3","GWRATGJN__Diapositiva606.JPG","E:\Zotero-organized-export\JPG-JPEG\Light Cult NFTs\GWRATGJN__Diapositiva606.JPG","73"
"606","3","MSHCRGML__Diapositiva606.JPG","E:\Zotero-organized-export\JPG-JPEG\Light Cult NFTs\MSHCRGML__Diapositiva606.JPG","91.7"
"607","3","IFTIF2AR__Diapositiva607.JPG","E:\Zotero-organized-export\JPG-JPEG\Light Cult NFTs\IFTIF2AR__Diapositiva607.JPG","91.5"
"607","3","J6USZTWW__Diapositiva607.JPG","E:\Zotero-organized-export\JPG-JPEG\Light Cult NFTs\J6USZTWW__Diapositiva607.JPG","100.7"
"607","3","YXPCBD8J__Diapositiva607.JPG","E:\Zotero-organized-export\JPG-JPEG\Light Cult NFTs\YXPCBD8J__Diapositiva607.JPG","53.3"
"608","3","5V8IG2KN__Diapositiva608.JPG","E:\Zotero-organized-export\JPG-JPEG\Light Cult NFTs\5V8IG2KN__Diapositiva608.JPG","166.5"
"608","3","KIY662PM__Diapositiva608.JPG","E:\Zotero-organized-export\JPG-JPEG\Light Cult NFTs\KIY662PM__Diapositiva608.JPG","70.9"
"608","3","QDGVAGJ9__Diapositiva608.JPG","E:\Zotero-organized-export\JPG-JPEG\Light Cult NFTs\QDGVAGJ9__Diapositiva608.JPG","43.9"
"609","3","GLMNE5KX__Diapositiva609.JPG","E:\Zotero-organized-export\JPG-JPEG\Light Cult NFTs\GLMNE5KX__Diapositiva609.JPG","57.2"
"609","3","I4ZHSQDT__Diapositiva609.JPG","E:\Zotero-organized-export\JPG-JPEG\Light Cult NFTs\I4ZHSQDT__Diapositiva609.JPG","129.1"
"609","3","LWEIGYKX__Diapositiva609.JPG","E:\Zotero-organized-export\JPG-JPEG\Light Cult NFTs\LWEIGYKX__Diapositiva609.JPG","137.5"
"610","2","8JH2UWVL__Diapositiva610.JPG","E:\Zotero-organized-export\JPG-JPEG\Light Cult NFTs\8JH2UWVL__Diapositiva610.JPG","91"
"610","2","SZLKW6CE__Diapositiva610.JPG","E:\Zotero-organized-export\JPG-JPEG\Light Cult NFTs\SZLKW6CE__Diapositiva610.JPG","134.3"
"611","3","GNU3WMFT__Diapositiva611.JPG","E:\Zotero-organized-export\JPG-JPEG\Light Cult NFTs\GNU3WMFT__Diapositiva611.JPG","58.2"
"611","3","HGXIYURL__Diapositiva611.JPG","E:\Zotero-organized-export\JPG-JPEG\Light Cult NFTs\HGXIYURL__Diapositiva611.JPG","134.4"
"611","3","R4UZ4BVD__Diapositiva611.JPG","E:\Zotero-organized-export\JPG-JPEG\Light Cult NFTs\R4UZ4BVD__Diapositiva611.JPG","48.3"
"612","3","2NEM6BFT__Diapositiva612.JPG","E:\Zotero-organized-export\JPG-JPEG\Light Cult NFTs\2NEM6BFT__Diapositiva612.JPG","102.6"
"612","3","7KXA5MTG__Diapositiva612.JPG","E:\Zotero-organized-export\JPG-JPEG\Light Cult NFTs\7KXA5MTG__Diapositiva612.JPG","40.8"
"612","3","SJSGMMPY__Diapositiva612.JPG","E:\Zotero-organized-export\JPG-JPEG\Light Cult NFTs\SJSGMMPY__Diapositiva612.JPG","115.1"
"613","3","4BDMWQ8X__Diapositiva613.JPG","E:\Zotero-organized-export\JPG-JPEG\Light Cult NFTs\4BDMWQ8X__Diapositiva613.JPG","67.4"
"613","3","DA9GX4HE__Diapositiva613.JPG","E:\Zotero-organized-export\JPG-JPEG\Light Cult NFTs\DA9GX4HE__Diapositiva613.JPG","85.8"
"613","3","YGANYGBS__Diapositiva613.JPG","E:\Zotero-organized-export\JPG-JPEG\Light Cult NFTs\YGANYGBS__Diapositiva613.JPG","36.3"
"614","2","2KXY956R__Diapositiva614.JPG","E:\Zotero-organized-export\JPG-JPEG\Light Cult NFTs\2KXY956R__Diapositiva614.JPG","32.6"
"614","2","4GD2BLGA__Diapositiva614.JPG","E:\Zotero-organized-export\JPG-JPEG\Light Cult NFTs\4GD2BLGA__Diapositiva614.JPG","42.9"
"615","4","88VUS5F5__Diapositiva615.JPG","E:\Zotero-organized-export\JPG-JPEG\Light Cult NFTs\88VUS5F5__Diapositiva615.JPG","119.2"
"615","4","9KTKL9VA__Diapositiva615.JPG","E:\Zotero-organized-export\JPG-JPEG\Light Cult NFTs\9KTKL9VA__Diapositiva615.JPG","89.5"
"615","4","CU436SY5__Diapositiva615.JPG","E:\Zotero-organized-export\JPG-JPEG\Light Cult NFTs\CU436SY5__Diapositiva615.JPG","117.3"
"615","4","TFLEKHWB__Diapositiva615.JPG","E:\Zotero-organized-export\JPG-JPEG\Light Cult NFTs\TFLEKHWB__Diapositiva615.JPG","119.2"
"616","3","FYM5Y7XW__Diapositiva616.JPG","E:\Zotero-organized-export\JPG-JPEG\Light Cult NFTs\FYM5Y7XW__Diapositiva616.JPG","70.5"
"616","3","KI7ELLKF__Diapositiva616.JPG","E:\Zotero-organized-export\JPG-JPEG\Light Cult NFTs\KI7ELLKF__Diapositiva616.JPG","132.9"
"616","3","UENUEL88__Diapositiva616.JPG","E:\Zotero-organized-export\JPG-JPEG\Light Cult NFTs\UENUEL88__Diapositiva616.JPG","121"
"617","2","6JP3BZVU__Diapositiva617.JPG","E:\Zotero-organized-export\JPG-JPEG\Light Cult NFTs\6JP3BZVU__Diapositiva617.JPG","137.8"
"617","2","VN2AHIUS__Diapositiva617.JPG","E:\Zotero-organized-export\JPG-JPEG\Light Cult NFTs\VN2AHIUS__Diapositiva617.JPG","131.4"
"618","2","WJAJSLTX__Diapositiva618.JPG","E:\Zotero-organized-export\JPG-JPEG\Light Cult NFTs\WJAJSLTX__Diapositiva618.JPG","70.4"
"618","2","WYHQZ7TW__Diapositiva618.JPG","E:\Zotero-organized-export\JPG-JPEG\Light Cult NFTs\WYHQZ7TW__Diapositiva618.JPG","95"
"619","3","ESKU8YRB__Diapositiva619.JPG","E:\Zotero-organized-export\JPG-JPEG\Light Cult NFTs\ESKU8YRB__Diapositiva619.JPG","110.5"
"619","3","STA6R997__Diapositiva619.JPG","E:\Zotero-organized-export\JPG-JPEG\Light Cult NFTs\STA6R997__Diapositiva619.JPG","130.8"
"619","3","WNS58TSA__Diapositiva619.JPG","E:\Zotero-organized-export\JPG-JPEG\Light Cult NFTs\WNS58TSA__Diapositiva619.JPG","131.6"
"620","3","5D6DGWTS__Diapositiva620.JPG","E:\Zotero-organized-export\JPG-JPEG\Light Cult NFTs\5D6DGWTS__Diapositiva620.JPG","136.1"
"620","3","756J42JQ__Diapositiva620.JPG","E:\Zotero-organized-export\JPG-JPEG\Light Cult NFTs\756J42JQ__Diapositiva620.JPG","91.8"
"620","3","DMFBVC85__Diapositiva620.JPG","E:\Zotero-organized-export\JPG-JPEG\Light Cult NFTs\DMFBVC85__Diapositiva620.JPG","75"
"621","2","6BH3L5HS__Diapositiva621.JPG","E:\Zotero-organized-export\JPG-JPEG\Light Cult NFTs\6BH3L5HS__Diapositiva621.JPG","82.2"
"621","2","HHUMWAG6__Diapositiva621.JPG","E:\Zotero-organized-export\JPG-JPEG\Light Cult NFTs\HHUMWAG6__Diapositiva621.JPG","129.2"
"622","3","AIVZ5S5Q__Diapositiva622.JPG","E:\Zotero-organized-export\JPG-JPEG\Light Cult NFTs\AIVZ5S5Q__Diapositiva622.JPG","44.2"
"622","3","NGLATF4V__Diapositiva622.JPG","E:\Zotero-organized-export\JPG-JPEG\Light Cult NFTs\NGLATF4V__Diapositiva622.JPG","44.9"
"622","3","Y5TKUDGT__Diapositiva622.JPG","E:\Zotero-organized-export\JPG-JPEG\Light Cult NFTs\Y5TKUDGT__Diapositiva622.JPG","155.7"
"623","3","G7R8SFYJ__Diapositiva623.JPG","E:\Zotero-organized-export\JPG-JPEG\Light Cult NFTs\G7R8SFYJ__Diapositiva623.JPG","116.6"
"623","3","IMB2R9XX__Diapositiva623.JPG","E:\Zotero-organized-export\JPG-JPEG\Light Cult NFTs\IMB2R9XX__Diapositiva623.JPG","154.3"
"623","3","M3CHPQZ3__Diapositiva623.JPG","E:\Zotero-organized-export\JPG-JPEG\Light Cult NFTs\M3CHPQZ3__Diapositiva623.JPG","152.4"
"624","3","AHFS493T__Diapositiva624.JPG","E:\Zotero-organized-export\JPG-JPEG\Light Cult NFTs\AHFS493T__Diapositiva624.JPG","146.3"
"624","3","DNSC7QJR__Diapositiva624.JPG","E:\Zotero-organized-export\JPG-JPEG\Light Cult NFTs\DNSC7QJR__Diapositiva624.JPG","92.3"
"624","3","RTMPK8CS__Diapositiva624.JPG","E:\Zotero-organized-export\JPG-JPEG\Light Cult NFTs\RTMPK8CS__Diapositiva624.JPG","118.6"
"626","3","L2Y78ENS__Diapositiva626.JPG","E:\Zotero-organized-export\JPG-JPEG\Light Cult NFTs\L2Y78ENS__Diapositiva626.JPG","115.1"
"626","3","WHNFN37B__Diapositiva626.JPG","E:\Zotero-organized-export\JPG-JPEG\Light Cult NFTs\WHNFN37B__Diapositiva626.JPG","141.2"
"626","3","WZGGURYM__Diapositiva626.JPG","E:\Zotero-organized-export\JPG-JPEG\Light Cult NFTs\WZGGURYM__Diapositiva626.JPG","122.3"
"627","3","SZFH3YXA__Diapositiva627.JPG","E:\Zotero-organized-export\JPG-JPEG\Light Cult NFTs\SZFH3YXA__Diapositiva627.JPG","58.1"
"627","3","U99PAXUQ__Diapositiva627.JPG","E:\Zotero-organized-export\JPG-JPEG\Light Cult NFTs\U99PAXUQ__Diapositiva627.JPG","86.7"
"627","3","YTDL7FWI__Diapositiva627.JPG","E:\Zotero-organized-export\JPG-JPEG\Light Cult NFTs\YTDL7FWI__Diapositiva627.JPG","84.9"
"628","3","6I46NCSF__Diapositiva628.JPG","E:\Zotero-organized-export\JPG-JPEG\Light Cult NFTs\6I46NCSF__Diapositiva628.JPG","86"
"628","3","H2BF58SJ__Diapositiva628.JPG","E:\Zotero-organized-export\JPG-JPEG\Light Cult NFTs\H2BF58SJ__Diapositiva628.JPG","102.5"
"628","3","J3EZEDZN__Diapositiva628.JPG","E:\Zotero-organized-export\JPG-JPEG\Light Cult NFTs\J3EZEDZN__Diapositiva628.JPG","110"
"629","3","8KBD98MT__Diapositiva629.JPG","E:\Zotero-organized-export\JPG-JPEG\Light Cult NFTs\8KBD98MT__Diapositiva629.JPG","55.1"
"629","3","JL8NRMNU__Diapositiva629.JPG","E:\Zotero-organized-export\JPG-JPEG\Light Cult NFTs\JL8NRMNU__Diapositiva629.JPG","104.7"
"629","3","XFNW7BGU__Diapositiva629.JPG","E:\Zotero-organized-export\JPG-JPEG\Light Cult NFTs\XFNW7BGU__Diapositiva629.JPG","114.9"
"630","3","FBCJEQPR__Diapositiva630.JPG","E:\Zotero-organized-export\JPG-JPEG\Light Cult NFTs\FBCJEQPR__Diapositiva630.JPG","133"
"630","3","GRWBL8W6__Diapositiva630.JPG","E:\Zotero-organized-export\JPG-JPEG\Light Cult NFTs\GRWBL8W6__Diapositiva630.JPG","68"
"630","3","HCE2GTW8__Diapositiva630.JPG","E:\Zotero-organized-export\JPG-JPEG\Light Cult NFTs\HCE2GTW8__Diapositiva630.JPG","75.2"
"631","3","37D36LK6__Diapositiva631.JPG","E:\Zotero-organized-export\JPG-JPEG\Light Cult NFTs\37D36LK6__Diapositiva631.JPG","110"
"631","3","KMNBGMUF__Diapositiva631.JPG","E:\Zotero-organized-export\JPG-JPEG\Light Cult NFTs\KMNBGMUF__Diapositiva631.JPG","69.7"
"631","3","XRPYX3SA__Diapositiva631.JPG","E:\Zotero-organized-export\JPG-JPEG\Light Cult NFTs\XRPYX3SA__Diapositiva631.JPG","69.6"
"632","3","EMDGA32G__Diapositiva632.JPG","E:\Zotero-organized-export\JPG-JPEG\Light Cult NFTs\EMDGA32G__Diapositiva632.JPG","44.8"
"632","3","WXU8PUH5__Diapositiva632.JPG","E:\Zotero-organized-export\JPG-JPEG\Light Cult NFTs\WXU8PUH5__Diapositiva632.JPG","125"
"632","3","XUEEWP6D__Diapositiva632.JPG","E:\Zotero-organized-export\JPG-JPEG\Light Cult NFTs\XUEEWP6D__Diapositiva632.JPG","122.7"
"633","3","75UJB2MY__Diapositiva633.JPG","E:\Zotero-organized-export\JPG-JPEG\Light Cult NFTs\75UJB2MY__Diapositiva633.JPG","36.4"
"633","3","FZ63IMXV__Diapositiva633.JPG","E:\Zotero-organized-export\JPG-JPEG\Light Cult NFTs\FZ63IMXV__Diapositiva633.JPG","48"
"633","3","JS85BN8Z__Diapositiva633.JPG","E:\Zotero-organized-export\JPG-JPEG\Light Cult NFTs\JS85BN8Z__Diapositiva633.JPG","99.4"
"634","3","3W7CRQHD__Diapositiva634.JPG","E:\Zotero-organized-export\JPG-JPEG\Light Cult NFTs\3W7CRQHD__Diapositiva634.JPG","115.3"
"634","3","6BW24ZI4__Diapositiva634.JPG","E:\Zotero-organized-export\JPG-JPEG\Light Cult NFTs\6BW24ZI4__Diapositiva634.JPG","30.8"
"634","3","HAZ68A67__Diapositiva634.JPG","E:\Zotero-organized-export\JPG-JPEG\Light Cult NFTs\HAZ68A67__Diapositiva634.JPG","78.3"
"635","3","KI94JZS4__Diapositiva635.JPG","E:\Zotero-organized-export\JPG-JPEG\Light Cult NFTs\KI94JZS4__Diapositiva635.JPG","63.5"
"635","3","NZ6WQDYD__Diapositiva635.JPG","E:\Zotero-organized-export\JPG-JPEG\Light Cult NFTs\NZ6WQDYD__Diapositiva635.JPG","78.9"
"635","3","T2ATN8NF__Diapositiva635.JPG","E:\Zotero-organized-export\JPG-JPEG\Light Cult NFTs\T2ATN8NF__Diapositiva635.JPG","116"
"636","3","5IMCHPCU__Diapositiva636.JPG","E:\Zotero-organized-export\JPG-JPEG\Light Cult NFTs\5IMCHPCU__Diapositiva636.JPG","53.4"
"636","3","ILWBDLIR__Diapositiva636.JPG","E:\Zotero-organized-export\JPG-JPEG\Light Cult NFTs\ILWBDLIR__Diapositiva636.JPG","70.8"
"636","3","NN3I3VCF__Diapositiva636.JPG","E:\Zotero-organized-export\JPG-JPEG\Light Cult NFTs\NN3I3VCF__Diapositiva636.JPG","48.2"
"637","3","2NSIHZ6G__Diapositiva637.JPG","E:\Zotero-organized-export\JPG-JPEG\Light Cult NFTs\2NSIHZ6G__Diapositiva637.JPG","79.2"
"637","3","32246S65__Diapositiva637.JPG","E:\Zotero-organized-export\JPG-JPEG\Light Cult NFTs\32246S65__Diapositiva637.JPG","131.9"
"637","3","KSPSUQNW__Diapositiva637.JPG","E:\Zotero-organized-export\JPG-JPEG\Light Cult NFTs\KSPSUQNW__Diapositiva637.JPG","125"
"638","3","4E7KF2C9__Diapositiva638.JPG","E:\Zotero-organized-export\JPG-JPEG\Light Cult NFTs\4E7KF2C9__Diapositiva638.JPG","57.6"
"638","3","5EYAVALT__Diapositiva638.JPG","E:\Zotero-organized-export\JPG-JPEG\Light Cult NFTs\5EYAVALT__Diapositiva638.JPG","86.7"
"638","3","7L5NNUY7__Diapositiva638.JPG","E:\Zotero-organized-export\JPG-JPEG\Light Cult NFTs\7L5NNUY7__Diapositiva638.JPG","42.4"
"639","2","2U9IWMU3__Diapositiva639.JPG","E:\Zotero-organized-export\JPG-JPEG\Light Cult NFTs\2U9IWMU3__Diapositiva639.JPG","48.2"
"639","2","M7D6KRZZ__Diapositiva639.JPG","E:\Zotero-organized-export\JPG-JPEG\Light Cult NFTs\M7D6KRZZ__Diapositiva639.JPG","66.8"
"640","3","5KPMT993__Diapositiva640.JPG","E:\Zotero-organized-export\JPG-JPEG\Light Cult NFTs\5KPMT993__Diapositiva640.JPG","82.8"
"640","3","8RG9DFSX__Diapositiva640.JPG","E:\Zotero-organized-export\JPG-JPEG\Light Cult NFTs\8RG9DFSX__Diapositiva640.JPG","76.9"
"640","3","BY3Q6UE4__Diapositiva640.JPG","E:\Zotero-organized-export\JPG-JPEG\Light Cult NFTs\BY3Q6UE4__Diapositiva640.JPG","131.1"
"641","3","7JAWIKSP__Diapositiva641.JPG","E:\Zotero-organized-export\JPG-JPEG\Light Cult NFTs\7JAWIKSP__Diapositiva641.JPG","48.8"
"641","3","IVNU3Q65__Diapositiva641.JPG","E:\Zotero-organized-export\JPG-JPEG\Light Cult NFTs\IVNU3Q65__Diapositiva641.JPG","107.7"
"641","3","JNZR9UTP__Diapositiva641.JPG","E:\Zotero-organized-export\JPG-JPEG\Light Cult NFTs\JNZR9UTP__Diapositiva641.JPG","130.1"
"642","3","JDCDLTMM__Diapositiva642.JPG","E:\Zotero-organized-export\JPG-JPEG\Light Cult NFTs\JDCDLTMM__Diapositiva642.JPG","80.2"
"642","3","RI3NRT35__Diapositiva642.JPG","E:\Zotero-organized-export\JPG-JPEG\Light Cult NFTs\RI3NRT35__Diapositiva642.JPG","68.3"
"642","3","UGPJKM38__Diapositiva642.JPG","E:\Zotero-organized-export\JPG-JPEG\Light Cult NFTs\UGPJKM38__Diapositiva642.JPG","81.4"
"643","2","A8Q6ZIXT__Diapositiva643.JPG","E:\Zotero-organized-export\JPG-JPEG\Light Cult NFTs\A8Q6ZIXT__Diapositiva643.JPG","61.8"
"643","2","QGKTFRU9__Diapositiva643.JPG","E:\Zotero-organized-export\JPG-JPEG\Light Cult NFTs\QGKTFRU9__Diapositiva643.JPG","72.1"
"644","2","C5ETMKUY__Diapositiva644.JPG","E:\Zotero-organized-export\JPG-JPEG\Light Cult NFTs\C5ETMKUY__Diapositiva644.JPG","114.3"
"644","2","EXS6NEW8__Diapositiva644.JPG","E:\Zotero-organized-export\JPG-JPEG\Light Cult NFTs\EXS6NEW8__Diapositiva644.JPG","112.4"
"645","2","AEQCNT22__Diapositiva645.JPG","E:\Zotero-organized-export\JPG-JPEG\Light Cult NFTs\AEQCNT22__Diapositiva645.JPG","46.9"
"645","2","ZPWC2GLB__Diapositiva645.JPG","E:\Zotero-organized-export\JPG-JPEG\Light Cult NFTs\ZPWC2GLB__Diapositiva645.JPG","57.1"
"646","3","3H4YAGSE__Diapositiva646.JPG","E:\Zotero-organized-export\JPG-JPEG\Light Cult NFTs\3H4YAGSE__Diapositiva646.JPG","69.1"
"646","3","ARVQP7UD__Diapositiva646.JPG","E:\Zotero-organized-export\JPG-JPEG\Light Cult NFTs\ARVQP7UD__Diapositiva646.JPG","98.9"
"646","3","XX8JDWD8__Diapositiva646.JPG","E:\Zotero-organized-export\JPG-JPEG\Light Cult NFTs\XX8JDWD8__Diapositiva646.JPG","109.6"
"647","3","5RU5ZH3X__Diapositiva647.JPG","E:\Zotero-organized-export\JPG-JPEG\Light Cult NFTs\5RU5ZH3X__Diapositiva647.JPG","123.8"
"647","3","ISIDQDNJ__Diapositiva647.JPG","E:\Zotero-organized-export\JPG-JPEG\Light Cult NFTs\ISIDQDNJ__Diapositiva647.JPG","66.7"
"647","3","RKNUXBLH__Diapositiva647.JPG","E:\Zotero-organized-export\JPG-JPEG\Light Cult NFTs\RKNUXBLH__Diapositiva647.JPG","84.1"
"648","2","4HC98SBD__Diapositiva648.JPG","E:\Zotero-organized-export\JPG-JPEG\Light Cult NFTs\4HC98SBD__Diapositiva648.JPG","104.9"
"648","2","S79XC5NT__Diapositiva648.JPG","E:\Zotero-organized-export\JPG-JPEG\Light Cult NFTs\S79XC5NT__Diapositiva648.JPG","121"
"649","2","C2I3TMFP__Diapositiva649.JPG","E:\Zotero-organized-export\JPG-JPEG\Light Cult NFTs\C2I3TMFP__Diapositiva649.JPG","76.9"
"649","2","KZDC29B9__Diapositiva649.JPG","E:\Zotero-organized-export\JPG-JPEG\Light Cult NFTs\KZDC29B9__Diapositiva649.JPG","120.8"
"650","2","3KPQGLNH__Diapositiva650.JPG","E:\Zotero-organized-export\JPG-JPEG\Light Cult NFTs\3KPQGLNH__Diapositiva650.JPG","92.3"
"650","2","XRHHMIGS__Diapositiva650.JPG","E:\Zotero-organized-export\JPG-JPEG\Light Cult NFTs\XRHHMIGS__Diapositiva650.JPG","58.6"
"651","2","HJ5ATI8V__Diapositiva651.JPG","E:\Zotero-organized-export\JPG-JPEG\Light Cult NFTs\HJ5ATI8V__Diapositiva651.JPG","53.6"
"651","2","LU2YMXS9__Diapositiva651.JPG","E:\Zotero-organized-export\JPG-JPEG\Light Cult NFTs\LU2YMXS9__Diapositiva651.JPG","92.1"
"652","3","2JBJR4QX__Diapositiva652.JPG","E:\Zotero-organized-export\JPG-JPEG\Light Cult NFTs\2JBJR4QX__Diapositiva652.JPG","123.7"
"652","3","H5PMQ2UA__Diapositiva652.JPG","E:\Zotero-organized-export\JPG-JPEG\Light Cult NFTs\H5PMQ2UA__Diapositiva652.JPG","118.5"
"652","3","KWMF5NBT__Diapositiva652.JPG","E:\Zotero-organized-export\JPG-JPEG\Light Cult NFTs\KWMF5NBT__Diapositiva652.JPG","155.4"
"653","3","5EVNMUZR__Diapositiva653.JPG","E:\Zotero-organized-export\JPG-JPEG\Light Cult NFTs\5EVNMUZR__Diapositiva653.JPG","39.4"
"653","3","G29TUC6F__Diapositiva653.JPG","E:\Zotero-organized-export\JPG-JPEG\Light Cult NFTs\G29TUC6F__Diapositiva653.JPG","127.2"
"653","3","U7LA3IB8__Diapositiva653.JPG","E:\Zotero-organized-export\JPG-JPEG\Light Cult NFTs\U7LA3IB8__Diapositiva653.JPG","65.2"
"654","3","5IFJATV5__Diapositiva654.JPG","E:\Zotero-organized-export\JPG-JPEG\Light Cult NFTs\5IFJATV5__Diapositiva654.JPG","87.2"
"654","3","J69TTYMY__Diapositiva654.JPG","E:\Zotero-organized-export\JPG-JPEG\Light Cult NFTs\J69TTYMY__Diapositiva654.JPG","70.4"
"654","3","J7MRQJT2__Diapositiva654.JPG","E:\Zotero-organized-export\JPG-JPEG\Light Cult NFTs\J7MRQJT2__Diapositiva654.JPG","118.7"
"655","3","4CIK2E8B__Diapositiva655.JPG","E:\Zotero-organized-export\JPG-JPEG\Light Cult NFTs\4CIK2E8B__Diapositiva655.JPG","137.5"
"655","3","ICCX6XBR__Diapositiva655.JPG","E:\Zotero-organized-export\JPG-JPEG\Light Cult NFTs\ICCX6XBR__Diapositiva655.JPG","60.3"
"655","3","TUEKZ6NJ__Diapositiva655.JPG","E:\Zotero-organized-export\JPG-JPEG\Light Cult NFTs\TUEKZ6NJ__Diapositiva655.JPG","56.7"
"656","3","8EIXJR7A__Diapositiva656.JPG","E:\Zotero-organized-export\JPG-JPEG\Light Cult NFTs\8EIXJR7A__Diapositiva656.JPG","121.9"
"656","3","B5MNHXSC__Diapositiva656.JPG","E:\Zotero-organized-export\JPG-JPEG\Light Cult NFTs\B5MNHXSC__Diapositiva656.JPG","94.6"
"656","3","QNT82XDT__Diapositiva656.JPG","E:\Zotero-organized-export\JPG-JPEG\Light Cult NFTs\QNT82XDT__Diapositiva656.JPG","83"
"657","3","4ID5ZHPP__Diapositiva657.JPG","E:\Zotero-organized-export\JPG-JPEG\Light Cult NFTs\4ID5ZHPP__Diapositiva657.JPG","83"
"657","3","CXRCKRLN__Diapositiva657.JPG","E:\Zotero-organized-export\JPG-JPEG\Light Cult NFTs\CXRCKRLN__Diapositiva657.JPG","64.6"
"657","3","WBL2ACJ4__Diapositiva657.JPG","E:\Zotero-organized-export\JPG-JPEG\Light Cult NFTs\WBL2ACJ4__Diapositiva657.JPG","69.3"
"658","3","4UQN7CPD__Diapositiva658.JPG","E:\Zotero-organized-export\JPG-JPEG\Light Cult NFTs\4UQN7CPD__Diapositiva658.JPG","111.2"
"658","3","QN3VNWHT__Diapositiva658.JPG","E:\Zotero-organized-export\JPG-JPEG\Light Cult NFTs\QN3VNWHT__Diapositiva658.JPG","104.4"
"658","3","QXUX3HL2__Diapositiva658.JPG","E:\Zotero-organized-export\JPG-JPEG\Light Cult NFTs\QXUX3HL2__Diapositiva658.JPG","64.2"
"659","3","BJ34YHQL__Diapositiva659.JPG","E:\Zotero-organized-export\JPG-JPEG\Light Cult NFTs\BJ34YHQL__Diapositiva659.JPG","130"
"659","3","SYX8RAHS__Diapositiva659.JPG","E:\Zotero-organized-export\JPG-JPEG\Light Cult NFTs\SYX8RAHS__Diapositiva659.JPG","129.2"
"659","3","UF5B5SR6__Diapositiva659.JPG","E:\Zotero-organized-export\JPG-JPEG\Light Cult NFTs\UF5B5SR6__Diapositiva659.JPG","67.6"
"660","3","INRPW4QT__Diapositiva660.JPG","E:\Zotero-organized-export\JPG-JPEG\Light Cult NFTs\INRPW4QT__Diapositiva660.JPG","127.5"
"660","3","KU9D8VIG__Diapositiva660.JPG","E:\Zotero-organized-export\JPG-JPEG\Light Cult NFTs\KU9D8VIG__Diapositiva660.JPG","133.3"
"660","3","UB4CJC5E__Diapositiva660.JPG","E:\Zotero-organized-export\JPG-JPEG\Light Cult NFTs\UB4CJC5E__Diapositiva660.JPG","145.8"
"661","3","4KMCB33N__Diapositiva661.JPG","E:\Zotero-organized-export\JPG-JPEG\Light Cult NFTs\4KMCB33N__Diapositiva661.JPG","38.5"
"661","3","5MH3MWX4__Diapositiva661.JPG","E:\Zotero-organized-export\JPG-JPEG\Light Cult NFTs\5MH3MWX4__Diapositiva661.JPG","43.1"
"661","3","DIY83A3D__Diapositiva661.JPG","E:\Zotero-organized-export\JPG-JPEG\Light Cult NFTs\DIY83A3D__Diapositiva661.JPG","139.9"
"662","3","8FVNS4T8__Diapositiva662.JPG","E:\Zotero-organized-export\JPG-JPEG\Light Cult NFTs\8FVNS4T8__Diapositiva662.JPG","49.2"
"662","3","NYL3TZYQ__Diapositiva662.JPG","E:\Zotero-organized-export\JPG-JPEG\Light Cult NFTs\NYL3TZYQ__Diapositiva662.JPG","80.7"
"662","3","TFFKR8GA__Diapositiva662.JPG","E:\Zotero-organized-export\JPG-JPEG\Light Cult NFTs\TFFKR8GA__Diapositiva662.JPG","173.6"
"663","3","93WMR9K4__Diapositiva663.JPG","E:\Zotero-organized-export\JPG-JPEG\Light Cult NFTs\93WMR9K4__Diapositiva663.JPG","87.2"
"663","3","HDKEW54B__Diapositiva663.JPG","E:\Zotero-organized-export\JPG-JPEG\Light Cult NFTs\HDKEW54B__Diapositiva663.JPG","133.2"
"663","3","QM49HVKG__Diapositiva663.JPG","E:\Zotero-organized-export\JPG-JPEG\Light Cult NFTs\QM49HVKG__Diapositiva663.JPG","76.3"
"664","3","6KZTK6W3__Diapositiva664.JPG","E:\Zotero-organized-export\JPG-JPEG\Light Cult NFTs\6KZTK6W3__Diapositiva664.JPG","40.9"
"664","3","9FJWTZE5__Diapositiva664.JPG","E:\Zotero-organized-export\JPG-JPEG\Light Cult NFTs\9FJWTZE5__Diapositiva664.JPG","140.7"
"664","3","X8BYBT39__Diapositiva664.JPG","E:\Zotero-organized-export\JPG-JPEG\Light Cult NFTs\X8BYBT39__Diapositiva664.JPG","46.4"
"665","3","AGGEH6GF__Diapositiva665.JPG","E:\Zotero-organized-export\JPG-JPEG\Light Cult NFTs\AGGEH6GF__Diapositiva665.JPG","49.8"
"665","3","B5DYSX5A__Diapositiva665.JPG","E:\Zotero-organized-export\JPG-JPEG\Light Cult NFTs\B5DYSX5A__Diapositiva665.JPG","79.3"
"665","3","CQF4R3S4__Diapositiva665.JPG","E:\Zotero-organized-export\JPG-JPEG\Light Cult NFTs\CQF4R3S4__Diapositiva665.JPG","63.5"
"666","2","GXLW48A2__Diapositiva666.JPG","E:\Zotero-organized-export\JPG-JPEG\Light Cult NFTs\GXLW48A2__Diapositiva666.JPG","67.1"
"666","2","K2SLKL6M__Diapositiva666.JPG","E:\Zotero-organized-export\JPG-JPEG\Light Cult NFTs\K2SLKL6M__Diapositiva666.JPG","61.7"
"667","2","M4CUALWF__Diapositiva667.JPG","E:\Zotero-organized-export\JPG-JPEG\Light Cult NFTs\M4CUALWF__Diapositiva667.JPG","80.8"
"667","2","TFNKR689__Diapositiva667.JPG","E:\Zotero-organized-export\JPG-JPEG\Light Cult NFTs\TFNKR689__Diapositiva667.JPG","48.2"
"668","2","9YUCNE52__Diapositiva668.JPG","E:\Zotero-organized-export\JPG-JPEG\Light Cult NFTs\9YUCNE52__Diapositiva668.JPG","131"
"668","2","AMDGDHN6__Diapositiva668.JPG","E:\Zotero-organized-export\JPG-JPEG\Light Cult NFTs\AMDGDHN6__Diapositiva668.JPG","139.3"
"669","2","9BQ5CYFL__Diapositiva669.JPG","E:\Zotero-organized-export\JPG-JPEG\Light Cult NFTs\9BQ5CYFL__Diapositiva669.JPG","84.3"
"669","2","LXSS8I42__Diapositiva669.JPG","E:\Zotero-organized-export\JPG-JPEG\Light Cult NFTs\LXSS8I42__Diapositiva669.JPG","120.6"
"670","2","6WYWN4B4__Diapositiva670.JPG","E:\Zotero-organized-export\JPG-JPEG\Light Cult NFTs\6WYWN4B4__Diapositiva670.JPG","79.9"
"670","2","VK4NGHD4__Diapositiva670.JPG","E:\Zotero-organized-export\JPG-JPEG\Light Cult NFTs\VK4NGHD4__Diapositiva670.JPG","134.7"
"671","3","LDA2M6RK__Diapositiva671.JPG","E:\Zotero-organized-export\JPG-JPEG\Light Cult NFTs\LDA2M6RK__Diapositiva671.JPG","152"
"671","3","M3GXDML5__Diapositiva671.JPG","E:\Zotero-organized-export\JPG-JPEG\Light Cult NFTs\M3GXDML5__Diapositiva671.JPG","111.9"
"671","3","WYK3NYQ4__Diapositiva671.JPG","E:\Zotero-organized-export\JPG-JPEG\Light Cult NFTs\WYK3NYQ4__Diapositiva671.JPG","128.4"
"672","3","89IY7H7N__Diapositiva672.JPG","E:\Zotero-organized-export\JPG-JPEG\Light Cult NFTs\89IY7H7N__Diapositiva672.JPG","152.9"
"672","3","JDQ522PX__Diapositiva672.JPG","E:\Zotero-organized-export\JPG-JPEG\Light Cult NFTs\JDQ522PX__Diapositiva672.JPG","77.4"
"672","3","LB3VAY26__Diapositiva672.JPG","E:\Zotero-organized-export\JPG-JPEG\Light Cult NFTs\LB3VAY26__Diapositiva672.JPG","79.7"
"673","3","55B8VM2B__Diapositiva673.JPG","E:\Zotero-organized-export\JPG-JPEG\Light Cult NFTs\55B8VM2B__Diapositiva673.JPG","57.7"
"673","3","RFWKBXCZ__Diapositiva673.JPG","E:\Zotero-organized-export\JPG-JPEG\Light Cult NFTs\RFWKBXCZ__Diapositiva673.JPG","127.8"
"673","3","TBCB86IF__Diapositiva673.JPG","E:\Zotero-organized-export\JPG-JPEG\Light Cult NFTs\TBCB86IF__Diapositiva673.JPG","46"
"674","3","HQHW9BU2__Diapositiva674.JPG","E:\Zotero-organized-export\JPG-JPEG\Light Cult NFTs\HQHW9BU2__Diapositiva674.JPG","61.5"
"674","3","LGZWGZZP__Diapositiva674.JPG","E:\Zotero-organized-export\JPG-JPEG\Light Cult NFTs\LGZWGZZP__Diapositiva674.JPG","136"
"674","3","X3ZKR5TL__Diapositiva674.JPG","E:\Zotero-organized-export\JPG-JPEG\Light Cult NFTs\X3ZKR5TL__Diapositiva674.JPG","58.7"
"675","3","LVWL5UXU__Diapositiva675.JPG","E:\Zotero-organized-export\JPG-JPEG\Light Cult NFTs\LVWL5UXU__Diapositiva675.JPG","76.5"
"675","3","M6WF7E6M__Diapositiva675.JPG","E:\Zotero-organized-export\JPG-JPEG\Light Cult NFTs\M6WF7E6M__Diapositiva675.JPG","91.5"
"675","3","S7XLQQUL__Diapositiva675.JPG","E:\Zotero-organized-export\JPG-JPEG\Light Cult NFTs\S7XLQQUL__Diapositiva675.JPG","66.5"
"676","2","J3WS56HF__Diapositiva676.JPG","E:\Zotero-organized-export\JPG-JPEG\Light Cult NFTs\J3WS56HF__Diapositiva676.JPG","154.3"
"676","2","YWSEG36E__Diapositiva676.JPG","E:\Zotero-organized-export\JPG-JPEG\Light Cult NFTs\YWSEG36E__Diapositiva676.JPG","68.1"
"677","2","BEQLIAYN__Diapositiva677.JPG","E:\Zotero-organized-export\JPG-JPEG\Light Cult NFTs\BEQLIAYN__Diapositiva677.JPG","133"
"677","2","DFS757CD__Diapositiva677.JPG","E:\Zotero-organized-export\JPG-JPEG\Light Cult NFTs\DFS757CD__Diapositiva677.JPG","120.1"
"678","4","7G96EGCC__Diapositiva678.JPG","E:\Zotero-organized-export\JPG-JPEG\Light Cult NFTs\7G96EGCC__Diapositiva678.JPG","86.8"
"678","4","KE28RVRS__Diapositiva678.JPG","E:\Zotero-organized-export\JPG-JPEG\Light Cult NFTs\KE28RVRS__Diapositiva678.JPG","86.8"
"678","4","MQT6RW3A__Diapositiva678.JPG","E:\Zotero-organized-export\JPG-JPEG\Light Cult NFTs\MQT6RW3A__Diapositiva678.JPG","33.4"
"678","4","WQMBYE3J__Diapositiva678.JPG","E:\Zotero-organized-export\JPG-JPEG\Light Cult NFTs\WQMBYE3J__Diapositiva678.JPG","32.1"
"679","3","HV3PPIGJ__Diapositiva679.JPG","E:\Zotero-organized-export\JPG-JPEG\Light Cult NFTs\HV3PPIGJ__Diapositiva679.JPG","152.1"
"679","3","K666SWLC__Diapositiva679.JPG","E:\Zotero-organized-export\JPG-JPEG\Light Cult NFTs\K666SWLC__Diapositiva679.JPG","79"
"679","3","UBNES4CB__Diapositiva679.JPG","E:\Zotero-organized-export\JPG-JPEG\Light Cult NFTs\UBNES4CB__Diapositiva679.JPG","37.6"
"680","3","IK8DN7VB__Diapositiva680.JPG","E:\Zotero-organized-export\JPG-JPEG\Light Cult NFTs\IK8DN7VB__Diapositiva680.JPG","81.6"
"680","3","J6SA54DQ__Diapositiva680.JPG","E:\Zotero-organized-export\JPG-JPEG\Light Cult NFTs\J6SA54DQ__Diapositiva680.JPG","44.1"
"680","3","LXMWAZBN__Diapositiva680.JPG","E:\Zotero-organized-export\JPG-JPEG\Light Cult NFTs\LXMWAZBN__Diapositiva680.JPG","133.6"
"681","2","D8R6GIDP__Diapositiva681.JPG","E:\Zotero-organized-export\JPG-JPEG\Light Cult NFTs\D8R6GIDP__Diapositiva681.JPG","125.8"
"681","2","G8CQ5HDC__Diapositiva681.JPG","E:\Zotero-organized-export\JPG-JPEG\Light Cult NFTs\G8CQ5HDC__Diapositiva681.JPG","102.9"
"682","3","5929NQLX__Diapositiva682.JPG","E:\Zotero-organized-export\JPG-JPEG\Light Cult NFTs\5929NQLX__Diapositiva682.JPG","56.2"
"682","3","6XCE6GT4__Diapositiva682.JPG","E:\Zotero-organized-export\JPG-JPEG\Light Cult NFTs\6XCE6GT4__Diapositiva682.JPG","165.3"
"682","3","MUYJZQGU__Diapositiva682.JPG","E:\Zotero-organized-export\JPG-JPEG\Light Cult NFTs\MUYJZQGU__Diapositiva682.JPG","58"
"683","3","PI7NNKQQ__Diapositiva683.JPG","E:\Zotero-organized-export\JPG-JPEG\Light Cult NFTs\PI7NNKQQ__Diapositiva683.JPG","142.3"
"683","3","Q4L7JCQR__Diapositiva683.JPG","E:\Zotero-organized-export\JPG-JPEG\Light Cult NFTs\Q4L7JCQR__Diapositiva683.JPG","141.7"
"683","3","TWLLS2B9__Diapositiva683.JPG","E:\Zotero-organized-export\JPG-JPEG\Light Cult NFTs\TWLLS2B9__Diapositiva683.JPG","102.7"
"684","3","QDFD4PJI__Diapositiva684.JPG","E:\Zotero-organized-export\JPG-JPEG\Light Cult NFTs\QDFD4PJI__Diapositiva684.JPG","126.7"
"684","3","V36L2NB7__Diapositiva684.JPG","E:\Zotero-organized-export\JPG-JPEG\Light Cult NFTs\V36L2NB7__Diapositiva684.JPG","89.8"
"684","3","WX4GTGG8__Diapositiva684.JPG","E:\Zotero-organized-export\JPG-JPEG\Light Cult NFTs\WX4GTGG8__Diapositiva684.JPG","45.2"
"685","3","DGX58XWW__Diapositiva685.JPG","E:\Zotero-organized-export\JPG-JPEG\Light Cult NFTs\DGX58XWW__Diapositiva685.JPG","39"
"685","3","HF36TFKA__Diapositiva685.JPG","E:\Zotero-organized-export\JPG-JPEG\Light Cult NFTs\HF36TFKA__Diapositiva685.JPG","48.6"
"685","3","LI58UMZF__Diapositiva685.JPG","E:\Zotero-organized-export\JPG-JPEG\Light Cult NFTs\LI58UMZF__Diapositiva685.JPG","140.3"
"686","2","27BX3DU7__Diapositiva686.JPG","E:\Zotero-organized-export\JPG-JPEG\Light Cult NFTs\27BX3DU7__Diapositiva686.JPG","150.8"
"686","2","GYUDJCBF__Diapositiva686.JPG","E:\Zotero-organized-export\JPG-JPEG\Light Cult NFTs\GYUDJCBF__Diapositiva686.JPG","41.8"
"688","3","2TB227T6__Diapositiva688.JPG","E:\Zotero-organized-export\JPG-JPEG\Light Cult NFTs\2TB227T6__Diapositiva688.JPG","140.6"
"688","3","PEXU272P__Diapositiva688.JPG","E:\Zotero-organized-export\JPG-JPEG\Light Cult NFTs\PEXU272P__Diapositiva688.JPG","116.2"
"688","3","QWMVNLQG__Diapositiva688.JPG","E:\Zotero-organized-export\JPG-JPEG\Light Cult NFTs\QWMVNLQG__Diapositiva688.JPG","75.3"
"689","3","5FQ97I5Z__Diapositiva689.JPG","E:\Zotero-organized-export\JPG-JPEG\Light Cult NFTs\5FQ97I5Z__Diapositiva689.JPG","43.8"
"689","3","E93YJBAA__Diapositiva689.JPG","E:\Zotero-organized-export\JPG-JPEG\Light Cult NFTs\E93YJBAA__Diapositiva689.JPG","42.4"
"689","3","ND6I2X5G__Diapositiva689.JPG","E:\Zotero-organized-export\JPG-JPEG\Light Cult NFTs\ND6I2X5G__Diapositiva689.JPG","76.7"
"690","3","5P7MU3HG__Diapositiva690.JPG","E:\Zotero-organized-export\JPG-JPEG\Light Cult NFTs\5P7MU3HG__Diapositiva690.JPG","139.4"
"690","3","PQ6YXCKN__Diapositiva690.JPG","E:\Zotero-organized-export\JPG-JPEG\Light Cult NFTs\PQ6YXCKN__Diapositiva690.JPG","94.8"
"690","3","ZZTP9YSQ__Diapositiva690.JPG","E:\Zotero-organized-export\JPG-JPEG\Light Cult NFTs\ZZTP9YSQ__Diapositiva690.JPG","162"
"691","3","2XLRF3DA__Diapositiva691.JPG","E:\Zotero-organized-export\JPG-JPEG\Light Cult NFTs\2XLRF3DA__Diapositiva691.JPG","80.7"
"691","3","9FNG47DB__Diapositiva691.JPG","E:\Zotero-organized-export\JPG-JPEG\Light Cult NFTs\9FNG47DB__Diapositiva691.JPG","56.6"
"691","3","RSZV8SZW__Diapositiva691.JPG","E:\Zotero-organized-export\JPG-JPEG\Light Cult NFTs\RSZV8SZW__Diapositiva691.JPG","120.5"
"692","3","7VZWFTP8__Diapositiva692.JPG","E:\Zotero-organized-export\JPG-JPEG\Light Cult NFTs\7VZWFTP8__Diapositiva692.JPG","67"
"692","3","9DUNIPPC__Diapositiva692.JPG","E:\Zotero-organized-export\JPG-JPEG\Light Cult NFTs\9DUNIPPC__Diapositiva692.JPG","65.3"
"692","3","L8HM89ML__Diapositiva692.JPG","E:\Zotero-organized-export\JPG-JPEG\Light Cult NFTs\L8HM89ML__Diapositiva692.JPG","52"
"693","3","6FMSXLEJ__Diapositiva693.JPG","E:\Zotero-organized-export\JPG-JPEG\Light Cult NFTs\6FMSXLEJ__Diapositiva693.JPG","74.4"
"693","3","9FDJR2VU__Diapositiva693.JPG","E:\Zotero-organized-export\JPG-JPEG\Light Cult NFTs\9FDJR2VU__Diapositiva693.JPG","74.2"
"693","3","FR7PJPCX__Diapositiva693.JPG","E:\Zotero-organized-export\JPG-JPEG\Light Cult NFTs\FR7PJPCX__Diapositiva693.JPG","85.8"
"694","3","78N3YK7C__Diapositiva694.JPG","E:\Zotero-organized-export\JPG-JPEG\Light Cult NFTs\78N3YK7C__Diapositiva694.JPG","62.8"
"694","3","GMRJ646S__Diapositiva694.JPG","E:\Zotero-organized-export\JPG-JPEG\Light Cult NFTs\GMRJ646S__Diapositiva694.JPG","66.1"
"694","3","Q4KZBDH6__Diapositiva694.JPG","E:\Zotero-organized-export\JPG-JPEG\Light Cult NFTs\Q4KZBDH6__Diapositiva694.JPG","121.1"
"695","3","4CGG569C__Diapositiva695.JPG","E:\Zotero-organized-export\JPG-JPEG\Light Cult NFTs\4CGG569C__Diapositiva695.JPG","128.3"
"695","3","UJ5TJ9IG__Diapositiva695.JPG","E:\Zotero-organized-export\JPG-JPEG\Light Cult NFTs\UJ5TJ9IG__Diapositiva695.JPG","88"
"695","3","UWP8AU7E__Diapositiva695.JPG","E:\Zotero-organized-export\JPG-JPEG\Light Cult NFTs\UWP8AU7E__Diapositiva695.JPG","147.6"
"696","3","34P735PL__Diapositiva696.JPG","E:\Zotero-organized-export\JPG-JPEG\Light Cult NFTs\34P735PL__Diapositiva696.JPG","140"
"696","3","6UVKKZ9T__Diapositiva696.JPG","E:\Zotero-organized-export\JPG-JPEG\Light Cult NFTs\6UVKKZ9T__Diapositiva696.JPG","79.4"
"696","3","7HVFYJBD__Diapositiva696.JPG","E:\Zotero-organized-export\JPG-JPEG\Light Cult NFTs\7HVFYJBD__Diapositiva696.JPG","77.5"
"697","3","6ERP4GCH__Diapositiva697.JPG","E:\Zotero-organized-export\JPG-JPEG\Light Cult NFTs\6ERP4GCH__Diapositiva697.JPG","69.2"
"697","3","8CF6C8WF__Diapositiva697.JPG","E:\Zotero-organized-export\JPG-JPEG\Light Cult NFTs\8CF6C8WF__Diapositiva697.JPG","36.6"
"697","3","ZR9T53IZ__Diapositiva697.JPG","E:\Zotero-organized-export\JPG-JPEG\Light Cult NFTs\ZR9T53IZ__Diapositiva697.JPG","76.8"
"698","3","KSBIBEKK__Diapositiva698.JPG","E:\Zotero-organized-export\JPG-JPEG\Light Cult NFTs\KSBIBEKK__Diapositiva698.JPG","115.9"
"698","3","MRFV3Y76__Diapositiva698.JPG","E:\Zotero-organized-export\JPG-JPEG\Light Cult NFTs\MRFV3Y76__Diapositiva698.JPG","69.8"
"698","3","SBPHSVR7__Diapositiva698.JPG","E:\Zotero-organized-export\JPG-JPEG\Light Cult NFTs\SBPHSVR7__Diapositiva698.JPG","96.2"
"699","3","JLVJ5UKM__Diapositiva699.JPG","E:\Zotero-organized-export\JPG-JPEG\Light Cult NFTs\JLVJ5UKM__Diapositiva699.JPG","43.1"
"699","3","UW6VR5KW__Diapositiva699.JPG","E:\Zotero-organized-export\JPG-JPEG\Light Cult NFTs\UW6VR5KW__Diapositiva699.JPG","130.5"
"699","3","VIW2Q3M9__Diapositiva699.JPG","E:\Zotero-organized-export\JPG-JPEG\Light Cult NFTs\VIW2Q3M9__Diapositiva699.JPG","93.5"
"700","2","9E94T9I2__Diapositiva700.JPG","E:\Zotero-organized-export\JPG-JPEG\Light Cult NFTs\9E94T9I2__Diapositiva700.JPG","57.7"
"700","2","V5XYSN7Q__Diapositiva700.JPG","E:\Zotero-organized-export\JPG-JPEG\Light Cult NFTs\V5XYSN7Q__Diapositiva700.JPG","94.3"
"701","3","96F44FBQ__Diapositiva701.JPG","E:\Zotero-organized-export\JPG-JPEG\Light Cult NFTs\96F44FBQ__Diapositiva701.JPG","123.5"
"701","3","E9JWUDFW__Diapositiva701.JPG","E:\Zotero-organized-export\JPG-JPEG\Light Cult NFTs\E9JWUDFW__Diapositiva701.JPG","46.2"
"701","3","KMYM3628__Diapositiva701.JPG","E:\Zotero-organized-export\JPG-JPEG\Light Cult NFTs\KMYM3628__Diapositiva701.JPG","114.2"
"702","3","KW3VZD7X__Diapositiva702.JPG","E:\Zotero-organized-export\JPG-JPEG\Light Cult NFTs\KW3VZD7X__Diapositiva702.JPG","132.9"
"702","3","NBCPHS4S__Diapositiva702.JPG","E:\Zotero-organized-export\JPG-JPEG\Light Cult NFTs\NBCPHS4S__Diapositiva702.JPG","79.1"
"702","3","W97FPW56__Diapositiva702.JPG","E:\Zotero-organized-export\JPG-JPEG\Light Cult NFTs\W97FPW56__Diapositiva702.JPG","137.7"
"703","3","2IPDHY3F__Diapositiva703.JPG","E:\Zotero-organized-export\JPG-JPEG\Light Cult NFTs\2IPDHY3F__Diapositiva703.JPG","137.4"
"703","3","FBMMEEF4__Diapositiva703.JPG","E:\Zotero-organized-export\JPG-JPEG\Light Cult NFTs\FBMMEEF4__Diapositiva703.JPG","131.6"
"703","3","SEW32TV8__Diapositiva703.JPG","E:\Zotero-organized-export\JPG-JPEG\Light Cult NFTs\SEW32TV8__Diapositiva703.JPG","151"
"704","3","4G5EXZL6__Diapositiva704.JPG","E:\Zotero-organized-export\JPG-JPEG\Light Cult NFTs\4G5EXZL6__Diapositiva704.JPG","56.2"
"704","3","M2VJQVRX__Diapositiva704.JPG","E:\Zotero-organized-export\JPG-JPEG\Light Cult NFTs\M2VJQVRX__Diapositiva704.JPG","78.4"
"704","3","TSGZIVVL__Diapositiva704.JPG","E:\Zotero-organized-export\JPG-JPEG\Light Cult NFTs\TSGZIVVL__Diapositiva704.JPG","114.7"
"705","3","9CD7FHTB__Diapositiva705.JPG","E:\Zotero-organized-export\JPG-JPEG\Light Cult NFTs\9CD7FHTB__Diapositiva705.JPG","38"
"705","3","DX5RJ28H__Diapositiva705.JPG","E:\Zotero-organized-export\JPG-JPEG\Light Cult NFTs\DX5RJ28H__Diapositiva705.JPG","35.7"
"705","3","THAYV86C__Diapositiva705.JPG","E:\Zotero-organized-export\JPG-JPEG\Light Cult NFTs\THAYV86C__Diapositiva705.JPG","130.8"
"706","3","N2ASPALC__Diapositiva706.JPG","E:\Zotero-organized-export\JPG-JPEG\Light Cult NFTs\N2ASPALC__Diapositiva706.JPG","60.5"
"706","3","NLMTRZJD__Diapositiva706.JPG","E:\Zotero-organized-export\JPG-JPEG\Light Cult NFTs\NLMTRZJD__Diapositiva706.JPG","101.6"
"706","3","P72ZP66D__Diapositiva706.JPG","E:\Zotero-organized-export\JPG-JPEG\Light Cult NFTs\P72ZP66D__Diapositiva706.JPG","85.7"
"707","2","FJUFDCST__Diapositiva707.JPG","E:\Zotero-organized-export\JPG-JPEG\Light Cult NFTs\FJUFDCST__Diapositiva707.JPG","124.5"
"707","2","NMWJUUDY__Diapositiva707.JPG","E:\Zotero-organized-export\JPG-JPEG\Light Cult NFTs\NMWJUUDY__Diapositiva707.JPG","73.1"
"708","3","7S37KC8W__Diapositiva708.JPG","E:\Zotero-organized-export\JPG-JPEG\Light Cult NFTs\7S37KC8W__Diapositiva708.JPG","52.7"
"708","3","KKKY4LNQ__Diapositiva708.JPG","E:\Zotero-organized-export\JPG-JPEG\Light Cult NFTs\KKKY4LNQ__Diapositiva708.JPG","114.4"
"708","3","R8BEAWN7__Diapositiva708.JPG","E:\Zotero-organized-export\JPG-JPEG\Light Cult NFTs\R8BEAWN7__Diapositiva708.JPG","60.6"
"709","3","F5HFMVC3__Diapositiva709.JPG","E:\Zotero-organized-export\JPG-JPEG\Light Cult NFTs\F5HFMVC3__Diapositiva709.JPG","72.5"
"709","3","L8R39VGZ__Diapositiva709.JPG","E:\Zotero-organized-export\JPG-JPEG\Light Cult NFTs\L8R39VGZ__Diapositiva709.JPG","113.6"
"709","3","S49CXN6F__Diapositiva709.JPG","E:\Zotero-organized-export\JPG-JPEG\Light Cult NFTs\S49CXN6F__Diapositiva709.JPG","99.7"
"710","2","222QM3JZ__Diapositiva710.JPG","E:\Zotero-organized-export\JPG-JPEG\Light Cult NFTs\222QM3JZ__Diapositiva710.JPG","143.6"
"710","2","CHM56AQG__Diapositiva710.JPG","E:\Zotero-organized-export\JPG-JPEG\Light Cult NFTs\CHM56AQG__Diapositiva710.JPG","139.4"
"711","3","IGF3SBUW__Diapositiva711.JPG","E:\Zotero-organized-export\JPG-JPEG\Light Cult NFTs\IGF3SBUW__Diapositiva711.JPG","71.7"
"711","3","SKV747PB__Diapositiva711.JPG","E:\Zotero-organized-export\JPG-JPEG\Light Cult NFTs\SKV747PB__Diapositiva711.JPG","61.1"
"711","3","WF8YASZH__Diapositiva711.JPG","E:\Zotero-organized-export\JPG-JPEG\Light Cult NFTs\WF8YASZH__Diapositiva711.JPG","104.9"
"712","3","FLG85PQC__Diapositiva712.JPG","E:\Zotero-organized-export\JPG-JPEG\Light Cult NFTs\FLG85PQC__Diapositiva712.JPG","102.5"
"712","3","G6UXR8ZP__Diapositiva712.JPG","E:\Zotero-organized-export\JPG-JPEG\Light Cult NFTs\G6UXR8ZP__Diapositiva712.JPG","61.8"
"712","3","T22XC8K8__Diapositiva712.JPG","E:\Zotero-organized-export\JPG-JPEG\Light Cult NFTs\T22XC8K8__Diapositiva712.JPG","118.7"
"713","3","BF8EXLIP__Diapositiva713.JPG","E:\Zotero-organized-export\JPG-JPEG\Light Cult NFTs\BF8EXLIP__Diapositiva713.JPG","111.5"
"713","3","KQI94H65__Diapositiva713.JPG","E:\Zotero-organized-export\JPG-JPEG\Light Cult NFTs\KQI94H65__Diapositiva713.JPG","61.7"
"713","3","P7SEX4DR__Diapositiva713.JPG","E:\Zotero-organized-export\JPG-JPEG\Light Cult NFTs\P7SEX4DR__Diapositiva713.JPG","73"
"714","3","8RBBRA6Q__Diapositiva714.JPG","E:\Zotero-organized-export\JPG-JPEG\Light Cult NFTs\8RBBRA6Q__Diapositiva714.JPG","135"
"714","3","QTB9JR27__Diapositiva714.JPG","E:\Zotero-organized-export\JPG-JPEG\Light Cult NFTs\QTB9JR27__Diapositiva714.JPG","140.2"
"714","3","SXPK8PYP__Diapositiva714.JPG","E:\Zotero-organized-export\JPG-JPEG\Light Cult NFTs\SXPK8PYP__Diapositiva714.JPG","127"
"715","3","H42Y6U34__Diapositiva715.JPG","E:\Zotero-organized-export\JPG-JPEG\Light Cult NFTs\H42Y6U34__Diapositiva715.JPG","176.7"
"715","3","NBP5HLEG__Diapositiva715.JPG","E:\Zotero-organized-export\JPG-JPEG\Light Cult NFTs\NBP5HLEG__Diapositiva715.JPG","135.6"
"715","3","YERGS8GT__Diapositiva715.JPG","E:\Zotero-organized-export\JPG-JPEG\Light Cult NFTs\YERGS8GT__Diapositiva715.JPG","161.9"
"716","3","CPDHZWVK__Diapositiva716.JPG","E:\Zotero-organized-export\JPG-JPEG\Light Cult NFTs\CPDHZWVK__Diapositiva716.JPG","155"
"716","3","QQ2QBDAP__Diapositiva716.JPG","E:\Zotero-organized-export\JPG-JPEG\Light Cult NFTs\QQ2QBDAP__Diapositiva716.JPG","134.5"
"716","3","UNKF6JTI__Diapositiva716.JPG","E:\Zotero-organized-export\JPG-JPEG\Light Cult NFTs\UNKF6JTI__Diapositiva716.JPG","66.9"
"717","3","BW7Q7T45__Diapositiva717.JPG","E:\Zotero-organized-export\JPG-JPEG\Light Cult NFTs\BW7Q7T45__Diapositiva717.JPG","48.3"
"717","3","QPE8I2SJ__Diapositiva717.JPG","E:\Zotero-organized-export\JPG-JPEG\Light Cult NFTs\QPE8I2SJ__Diapositiva717.JPG","69.7"
"717","3","UT5FJWYD__Diapositiva717.JPG","E:\Zotero-organized-export\JPG-JPEG\Light Cult NFTs\UT5FJWYD__Diapositiva717.JPG","139.9"
"718","2","ATM6XR6K__Diapositiva718.JPG","E:\Zotero-organized-export\JPG-JPEG\Light Cult NFTs\ATM6XR6K__Diapositiva718.JPG","122.7"
"718","2","E3HPHFZR__Diapositiva718.JPG","E:\Zotero-organized-export\JPG-JPEG\Light Cult NFTs\E3HPHFZR__Diapositiva718.JPG","112.8"
"719","3","779N73JY__Diapositiva719.JPG","E:\Zotero-organized-export\JPG-JPEG\Light Cult NFTs\779N73JY__Diapositiva719.JPG","85.9"
"719","3","W657B7H2__Diapositiva719.JPG","E:\Zotero-organized-export\JPG-JPEG\Light Cult NFTs\W657B7H2__Diapositiva719.JPG","146"
"719","3","X5PU4C4F__Diapositiva719.JPG","E:\Zotero-organized-export\JPG-JPEG\Light Cult NFTs\X5PU4C4F__Diapositiva719.JPG","42.9"
"720","3","4DJDV2H2__Diapositiva720.JPG","E:\Zotero-organized-export\JPG-JPEG\Light Cult NFTs\4DJDV2H2__Diapositiva720.JPG","52"
"720","3","4SKTTIVC__Diapositiva720.JPG","E:\Zotero-organized-export\JPG-JPEG\Light Cult NFTs\4SKTTIVC__Diapositiva720.JPG","105.7"
"720","3","ALUVNWJE__Diapositiva720.JPG","E:\Zotero-organized-export\JPG-JPEG\Light Cult NFTs\ALUVNWJE__Diapositiva720.JPG","72.2"
"721","2","SATVZJ8Q__Diapositiva721.JPG","E:\Zotero-organized-export\JPG-JPEG\Light Cult NFTs\SATVZJ8Q__Diapositiva721.JPG","86"
"721","2","XGKZI6TD__Diapositiva721.JPG","E:\Zotero-organized-export\JPG-JPEG\Light Cult NFTs\XGKZI6TD__Diapositiva721.JPG","97.9"
"722","3","5MGB8NDL__Diapositiva722.JPG","E:\Zotero-organized-export\JPG-JPEG\Light Cult NFTs\5MGB8NDL__Diapositiva722.JPG","125.7"
"722","3","7XDQPBQQ__Diapositiva722.JPG","E:\Zotero-organized-export\JPG-JPEG\Light Cult NFTs\7XDQPBQQ__Diapositiva722.JPG","110.3"
"722","3","WSBR69ZP__Diapositiva722.JPG","E:\Zotero-organized-export\JPG-JPEG\Light Cult NFTs\WSBR69ZP__Diapositiva722.JPG","75.7"
"723","3","6UK9GLTN__Diapositiva723.JPG","E:\Zotero-organized-export\JPG-JPEG\Light Cult NFTs\6UK9GLTN__Diapositiva723.JPG","146.7"
"723","3","79C63LKQ__Diapositiva723.JPG","E:\Zotero-organized-export\JPG-JPEG\Light Cult NFTs\79C63LKQ__Diapositiva723.JPG","109.6"
"723","3","AQX8K95A__Diapositiva723.JPG","E:\Zotero-organized-export\JPG-JPEG\Light Cult NFTs\AQX8K95A__Diapositiva723.JPG","75"
"724","2","G7ESUWLS__Diapositiva724.JPG","E:\Zotero-organized-export\JPG-JPEG\Light Cult NFTs\G7ESUWLS__Diapositiva724.JPG","29"
"724","2","URHU37XG__Diapositiva724.JPG","E:\Zotero-organized-export\JPG-JPEG\Light Cult NFTs\URHU37XG__Diapositiva724.JPG","112.4"
"725","2","DLFH6J23__Diapositiva725.JPG","E:\Zotero-organized-export\JPG-JPEG\Light Cult NFTs\DLFH6J23__Diapositiva725.JPG","50.5"
"725","2","LD44N8G2__Diapositiva725.JPG","E:\Zotero-organized-export\JPG-JPEG\Light Cult NFTs\LD44N8G2__Diapositiva725.JPG","55.8"
"726","3","JFQPJJCU__Diapositiva726.JPG","E:\Zotero-organized-export\JPG-JPEG\Light Cult NFTs\JFQPJJCU__Diapositiva726.JPG","133.6"
"726","3","LGU8NHM6__Diapositiva726.JPG","E:\Zotero-organized-export\JPG-JPEG\Light Cult NFTs\LGU8NHM6__Diapositiva726.JPG","113.9"
"726","3","ME6CXSJT__Diapositiva726.JPG","E:\Zotero-organized-export\JPG-JPEG\Light Cult NFTs\ME6CXSJT__Diapositiva726.JPG","147.3"
"727","3","A5EK2I23__Diapositiva727.JPG","E:\Zotero-organized-export\JPG-JPEG\Light Cult NFTs\A5EK2I23__Diapositiva727.JPG","168.4"
"727","3","LGNEX9X9__Diapositiva727.JPG","E:\Zotero-organized-export\JPG-JPEG\Light Cult NFTs\LGNEX9X9__Diapositiva727.JPG","102.5"
"727","3","LNKA47N5__Diapositiva727.JPG","E:\Zotero-organized-export\JPG-JPEG\Light Cult NFTs\LNKA47N5__Diapositiva727.JPG","96.1"
"728","3","DFCQPI9A__Diapositiva728.JPG","E:\Zotero-organized-export\JPG-JPEG\Light Cult NFTs\DFCQPI9A__Diapositiva728.JPG","129"
"728","3","JLFVYT6D__Diapositiva728.JPG","E:\Zotero-organized-export\JPG-JPEG\Light Cult NFTs\JLFVYT6D__Diapositiva728.JPG","133"
"728","3","L5MKSVRH__Diapositiva728.JPG","E:\Zotero-organized-export\JPG-JPEG\Light Cult NFTs\L5MKSVRH__Diapositiva728.JPG","89.2"
"729","3","8H4ECBZ5__Diapositiva729.JPG","E:\Zotero-organized-export\JPG-JPEG\Light Cult NFTs\8H4ECBZ5__Diapositiva729.JPG","122.6"
"729","3","JI4BTW9V__Diapositiva729.JPG","E:\Zotero-organized-export\JPG-JPEG\Light Cult NFTs\JI4BTW9V__Diapositiva729.JPG","122.9"
"729","3","KNXMAQG5__Diapositiva729.JPG","E:\Zotero-organized-export\JPG-JPEG\Light Cult NFTs\KNXMAQG5__Diapositiva729.JPG","51.9"
"730","3","B76HAAQ9__Diapositiva730.JPG","E:\Zotero-organized-export\JPG-JPEG\Light Cult NFTs\B76HAAQ9__Diapositiva730.JPG","88.5"
"730","3","VL7SJNGU__Diapositiva730.JPG","E:\Zotero-organized-export\JPG-JPEG\Light Cult NFTs\VL7SJNGU__Diapositiva730.JPG","21.3"
"730","3","WAAT3UQK__Diapositiva730.JPG","E:\Zotero-organized-export\JPG-JPEG\Light Cult NFTs\WAAT3UQK__Diapositiva730.JPG","116.9"
"731","2","7UD3KUB6__Diapositiva731.JPG","E:\Zotero-organized-export\JPG-JPEG\Light Cult NFTs\7UD3KUB6__Diapositiva731.JPG","141.5"
"731","2","G9KJ4868__Diapositiva731.JPG","E:\Zotero-organized-export\JPG-JPEG\Light Cult NFTs\G9KJ4868__Diapositiva731.JPG","141"
"732","3","NXMDXIGN__Diapositiva732.JPG","E:\Zotero-organized-export\JPG-JPEG\Light Cult NFTs\NXMDXIGN__Diapositiva732.JPG","77.2"
"732","3","UUV4VJC4__Diapositiva732.JPG","E:\Zotero-organized-export\JPG-JPEG\Light Cult NFTs\UUV4VJC4__Diapositiva732.JPG","83.1"
"732","3","YT6Y2K76__Diapositiva732.JPG","E:\Zotero-organized-export\JPG-JPEG\Light Cult NFTs\YT6Y2K76__Diapositiva732.JPG","71.7"
"733","3","8Z2LBKF3__Diapositiva733.JPG","E:\Zotero-organized-export\JPG-JPEG\Light Cult NFTs\8Z2LBKF3__Diapositiva733.JPG","89.6"
"733","3","NQKYXV82__Diapositiva733.JPG","E:\Zotero-organized-export\JPG-JPEG\Light Cult NFTs\NQKYXV82__Diapositiva733.JPG","139.7"
"733","3","PRIHYPQ7__Diapositiva733.JPG","E:\Zotero-organized-export\JPG-JPEG\Light Cult NFTs\PRIHYPQ7__Diapositiva733.JPG","63.2"
"734","3","6VJR92EM__Diapositiva734.JPG","E:\Zotero-organized-export\JPG-JPEG\Light Cult NFTs\6VJR92EM__Diapositiva734.JPG","119.8"
"734","3","9JCNXFHK__Diapositiva734.JPG","E:\Zotero-organized-export\JPG-JPEG\Light Cult NFTs\9JCNXFHK__Diapositiva734.JPG","93.3"
"734","3","SFXW53RR__Diapositiva734.JPG","E:\Zotero-organized-export\JPG-JPEG\Light Cult NFTs\SFXW53RR__Diapositiva734.JPG","87.1"
"735","2","22WAH56J__Diapositiva735.JPG","E:\Zotero-organized-export\JPG-JPEG\Light Cult NFTs\22WAH56J__Diapositiva735.JPG","126.5"
"735","2","PTX9FW8D__Diapositiva735.JPG","E:\Zotero-organized-export\JPG-JPEG\Light Cult NFTs\PTX9FW8D__Diapositiva735.JPG","65.7"
"736","2","BKG2H5ZC__Diapositiva736.JPG","E:\Zotero-organized-export\JPG-JPEG\Light Cult NFTs\BKG2H5ZC__Diapositiva736.JPG","50.3"
"736","2","TEH6TAKI__Diapositiva736.JPG","E:\Zotero-organized-export\JPG-JPEG\Light Cult NFTs\TEH6TAKI__Diapositiva736.JPG","144.3"
"737","3","R68BGIQJ__Diapositiva737.JPG","E:\Zotero-organized-export\JPG-JPEG\Light Cult NFTs\R68BGIQJ__Diapositiva737.JPG","117.9"
"737","3","Z24UZ3V7__Diapositiva737.JPG","E:\Zotero-organized-export\JPG-JPEG\Light Cult NFTs\Z24UZ3V7__Diapositiva737.JPG","69.7"
"737","3","ZZMD4FFD__Diapositiva737.JPG","E:\Zotero-organized-export\JPG-JPEG\Light Cult NFTs\ZZMD4FFD__Diapositiva737.JPG","133.6"
"738","3","7JLQ9CX2__Diapositiva738.JPG","E:\Zotero-organized-export\JPG-JPEG\Light Cult NFTs\7JLQ9CX2__Diapositiva738.JPG","119.7"
"738","3","A4ING52N__Diapositiva738.JPG","E:\Zotero-organized-export\JPG-JPEG\Light Cult NFTs\A4ING52N__Diapositiva738.JPG","61.6"
"738","3","WFLEY3PH__Diapositiva738.JPG","E:\Zotero-organized-export\JPG-JPEG\Light Cult NFTs\WFLEY3PH__Diapositiva738.JPG","118.3"
"739","3","D9WF2URL__Diapositiva739.JPG","E:\Zotero-organized-export\JPG-JPEG\Light Cult NFTs\D9WF2URL__Diapositiva739.JPG","107.7"
"739","3","W9BKQ578__Diapositiva739.JPG","E:\Zotero-organized-export\JPG-JPEG\Light Cult NFTs\W9BKQ578__Diapositiva739.JPG","115"
"739","3","WKUKCGID__Diapositiva739.JPG","E:\Zotero-organized-export\JPG-JPEG\Light Cult NFTs\WKUKCGID__Diapositiva739.JPG","66.8"
"740","3","LYTACXNI__Diapositiva740.JPG","E:\Zotero-organized-export\JPG-JPEG\Light Cult NFTs\LYTACXNI__Diapositiva740.JPG","131.5"
"740","3","TIVKJALC__Diapositiva740.JPG","E:\Zotero-organized-export\JPG-JPEG\Light Cult NFTs\TIVKJALC__Diapositiva740.JPG","139.8"
"740","3","ZVY2IC5U__Diapositiva740.JPG","E:\Zotero-organized-export\JPG-JPEG\Light Cult NFTs\ZVY2IC5U__Diapositiva740.JPG","71.5"
"741","3","EZMGHPCD__Diapositiva741.JPG","E:\Zotero-organized-export\JPG-JPEG\Light Cult NFTs\EZMGHPCD__Diapositiva741.JPG","132.5"
"741","3","MDZ6QYTE__Diapositiva741.JPG","E:\Zotero-organized-export\JPG-JPEG\Light Cult NFTs\MDZ6QYTE__Diapositiva741.JPG","49.6"
"741","3","WFKEGQIN__Diapositiva741.JPG","E:\Zotero-organized-export\JPG-JPEG\Light Cult NFTs\WFKEGQIN__Diapositiva741.JPG","66.4"
"742","3","F4WIMB93__Diapositiva742.JPG","E:\Zotero-organized-export\JPG-JPEG\Light Cult NFTs\F4WIMB93__Diapositiva742.JPG","122"
"742","3","SMBB5DBY__Diapositiva742.JPG","E:\Zotero-organized-export\JPG-JPEG\Light Cult NFTs\SMBB5DBY__Diapositiva742.JPG","118.7"
"742","3","TMB8CJFP__Diapositiva742.JPG","E:\Zotero-organized-export\JPG-JPEG\Light Cult NFTs\TMB8CJFP__Diapositiva742.JPG","63.1"
"743","3","3F4XB4SM__Diapositiva743.JPG","E:\Zotero-organized-export\JPG-JPEG\Light Cult NFTs\3F4XB4SM__Diapositiva743.JPG","88.4"
"743","3","DELCPQH7__Diapositiva743.JPG","E:\Zotero-organized-export\JPG-JPEG\Light Cult NFTs\DELCPQH7__Diapositiva743.JPG","64.7"
"743","3","NGAQI6FJ__Diapositiva743.JPG","E:\Zotero-organized-export\JPG-JPEG\Light Cult NFTs\NGAQI6FJ__Diapositiva743.JPG","114.8"
"744","3","B4HI232X__Diapositiva744.JPG","E:\Zotero-organized-export\JPG-JPEG\Light Cult NFTs\B4HI232X__Diapositiva744.JPG","70.9"
"744","3","CW4L5T6S__Diapositiva744.JPG","E:\Zotero-organized-export\JPG-JPEG\Light Cult NFTs\CW4L5T6S__Diapositiva744.JPG","115.5"
"744","3","V82AQCK2__Diapositiva744.JPG","E:\Zotero-organized-export\JPG-JPEG\Light Cult NFTs\V82AQCK2__Diapositiva744.JPG","116.6"
"745","3","34GHADUI__Diapositiva745.JPG","E:\Zotero-organized-export\JPG-JPEG\Light Cult NFTs\34GHADUI__Diapositiva745.JPG","43.1"
"745","3","D9GXGVRY__Diapositiva745.JPG","E:\Zotero-organized-export\JPG-JPEG\Light Cult NFTs\D9GXGVRY__Diapositiva745.JPG","126.2"
"745","3","G676N63Q__Diapositiva745.JPG","E:\Zotero-organized-export\JPG-JPEG\Light Cult NFTs\G676N63Q__Diapositiva745.JPG","85.1"
"746","2","HMDE2D6E__Diapositiva746.JPG","E:\Zotero-organized-export\JPG-JPEG\Light Cult NFTs\HMDE2D6E__Diapositiva746.JPG","95.5"
"746","2","XD4YBWWZ__Diapositiva746.JPG","E:\Zotero-organized-export\JPG-JPEG\Light Cult NFTs\XD4YBWWZ__Diapositiva746.JPG","104.4"
"747","3","F7HQ4C5V__Diapositiva747.JPG","E:\Zotero-organized-export\JPG-JPEG\Light Cult NFTs\F7HQ4C5V__Diapositiva747.JPG","44.7"
"747","3","FISW2MA8__Diapositiva747.JPG","E:\Zotero-organized-export\JPG-JPEG\Light Cult NFTs\FISW2MA8__Diapositiva747.JPG","140.4"
"747","3","J6IVUUF4__Diapositiva747.JPG","E:\Zotero-organized-export\JPG-JPEG\Light Cult NFTs\J6IVUUF4__Diapositiva747.JPG","59.7"
"748","3","5M74M39U__Diapositiva748.JPG","E:\Zotero-organized-export\JPG-JPEG\Light Cult NFTs\5M74M39U__Diapositiva748.JPG","57.3"
"748","3","QXGJQLN6__Diapositiva748.JPG","E:\Zotero-organized-export\JPG-JPEG\Light Cult NFTs\QXGJQLN6__Diapositiva748.JPG","112.8"
"748","3","UZ2M7JG5__Diapositiva748.JPG","E:\Zotero-organized-export\JPG-JPEG\Light Cult NFTs\UZ2M7JG5__Diapositiva748.JPG","140.5"
"750","3","52NUPZKI__Diapositiva750.JPG","E:\Zotero-organized-export\JPG-JPEG\Light Cult NFTs\52NUPZKI__Diapositiva750.JPG","52.7"
"750","3","LQ9SWECI__Diapositiva750.JPG","E:\Zotero-organized-export\JPG-JPEG\Light Cult NFTs\LQ9SWECI__Diapositiva750.JPG","41.9"
"750","3","N6YBJ38J__Diapositiva750.JPG","E:\Zotero-organized-export\JPG-JPEG\Light Cult NFTs\N6YBJ38J__Diapositiva750.JPG","136.3"
"751","2","SL3LGX8P__Diapositiva751.JPG","E:\Zotero-organized-export\JPG-JPEG\Light Cult NFTs\SL3LGX8P__Diapositiva751.JPG","155.9"
"751","2","VZYNIELR__Diapositiva751.JPG","E:\Zotero-organized-export\JPG-JPEG\Light Cult NFTs\VZYNIELR__Diapositiva751.JPG","46.1"
"752","2","KAG499QQ__Diapositiva752.JPG","E:\Zotero-organized-export\JPG-JPEG\Light Cult NFTs\KAG499QQ__Diapositiva752.JPG","120.6"
"752","2","MDI25Z7H__Diapositiva752.JPG","E:\Zotero-organized-export\JPG-JPEG\Light Cult NFTs\MDI25Z7H__Diapositiva752.JPG","51.6"
"753","3","3YI8YDN6__Diapositiva753.JPG","E:\Zotero-organized-export\JPG-JPEG\Light Cult NFTs\3YI8YDN6__Diapositiva753.JPG","37.1"
"753","3","9K9JIAN8__Diapositiva753.JPG","E:\Zotero-organized-export\JPG-JPEG\Light Cult NFTs\9K9JIAN8__Diapositiva753.JPG","119.3"
"753","3","MJ5S4ND9__Diapositiva753.JPG","E:\Zotero-organized-export\JPG-JPEG\Light Cult NFTs\MJ5S4ND9__Diapositiva753.JPG","80"
"754","3","3DF46PPH__Diapositiva754.JPG","E:\Zotero-organized-export\JPG-JPEG\Light Cult NFTs\3DF46PPH__Diapositiva754.JPG","153.3"
"754","3","EMXZYN2J__Diapositiva754.JPG","E:\Zotero-organized-export\JPG-JPEG\Light Cult NFTs\EMXZYN2J__Diapositiva754.JPG","59.8"
"754","3","KZBVPDC8__Diapositiva754.JPG","E:\Zotero-organized-export\JPG-JPEG\Light Cult NFTs\KZBVPDC8__Diapositiva754.JPG","116.5"
"755","2","QL4FHUZT__Diapositiva755.JPG","E:\Zotero-organized-export\JPG-JPEG\Light Cult NFTs\QL4FHUZT__Diapositiva755.JPG","141.2"
"755","2","V5YH99J4__Diapositiva755.JPG","E:\Zotero-organized-export\JPG-JPEG\Light Cult NFTs\V5YH99J4__Diapositiva755.JPG","61"
"757","3","6WV6QJML__Diapositiva757.JPG","E:\Zotero-organized-export\JPG-JPEG\Light Cult NFTs\6WV6QJML__Diapositiva757.JPG","130.5"
"757","3","M7G366HT__Diapositiva757.JPG","E:\Zotero-organized-export\JPG-JPEG\Light Cult NFTs\M7G366HT__Diapositiva757.JPG","54.3"
"757","3","ZNMMRNXJ__Diapositiva757.JPG","E:\Zotero-organized-export\JPG-JPEG\Light Cult NFTs\ZNMMRNXJ__Diapositiva757.JPG","69.6"
"758","3","3P7PIXGX__Diapositiva758.JPG","E:\Zotero-organized-export\JPG-JPEG\Light Cult NFTs\3P7PIXGX__Diapositiva758.JPG","112.4"
"758","3","5CEZCV8E__Diapositiva758.JPG","E:\Zotero-organized-export\JPG-JPEG\Light Cult NFTs\5CEZCV8E__Diapositiva758.JPG","89.6"
"758","3","G8V24G5F__Diapositiva758.JPG","E:\Zotero-organized-export\JPG-JPEG\Light Cult NFTs\G8V24G5F__Diapositiva758.JPG","125.9"
"759","3","57RDA28R__Diapositiva759.JPG","E:\Zotero-organized-export\JPG-JPEG\Light Cult NFTs\57RDA28R__Diapositiva759.JPG","132.3"
"759","3","I92Q2Q4G__Diapositiva759.JPG","E:\Zotero-organized-export\JPG-JPEG\Light Cult NFTs\I92Q2Q4G__Diapositiva759.JPG","85.3"
"759","3","L4N6FP8P__Diapositiva759.JPG","E:\Zotero-organized-export\JPG-JPEG\Light Cult NFTs\L4N6FP8P__Diapositiva759.JPG","60.1"
"760","2","26RGNEBS__Diapositiva760.JPG","E:\Zotero-organized-export\JPG-JPEG\Light Cult NFTs\26RGNEBS__Diapositiva760.JPG","60.8"
"760","2","IBF7RXL9__Diapositiva760.JPG","E:\Zotero-organized-export\JPG-JPEG\Light Cult NFTs\IBF7RXL9__Diapositiva760.JPG","47.5"
"761","2","HWDN3935__Diapositiva761.JPG","E:\Zotero-organized-export\JPG-JPEG\Light Cult NFTs\HWDN3935__Diapositiva761.JPG","95.7"
"761","2","XCM6DRUF__Diapositiva761.JPG","E:\Zotero-organized-export\JPG-JPEG\Light Cult NFTs\XCM6DRUF__Diapositiva761.JPG","205.4"
"762","2","4SFD2LXF__Diapositiva762.JPG","E:\Zotero-organized-export\JPG-JPEG\Light Cult NFTs\4SFD2LXF__Diapositiva762.JPG","102.9"
"762","2","IGTU2U4Z__Diapositiva762.JPG","E:\Zotero-organized-export\JPG-JPEG\Light Cult NFTs\IGTU2U4Z__Diapositiva762.JPG","42.3"
"763","3","2FIR82Y2__Diapositiva763.JPG","E:\Zotero-organized-export\JPG-JPEG\Light Cult NFTs\2FIR82Y2__Diapositiva763.JPG","106.2"
"763","3","EZBJRNAL__Diapositiva763.JPG","E:\Zotero-organized-export\JPG-JPEG\Light Cult NFTs\EZBJRNAL__Diapositiva763.JPG","71.1"
"763","3","ZMYL8UF7__Diapositiva763.JPG","E:\Zotero-organized-export\JPG-JPEG\Light Cult NFTs\ZMYL8UF7__Diapositiva763.JPG","79.1"
"764","3","6KVZU7C9__Diapositiva764.JPG","E:\Zotero-organized-export\JPG-JPEG\Light Cult NFTs\6KVZU7C9__Diapositiva764.JPG","78.2"
"764","3","MGXTM232__Diapositiva764.JPG","E:\Zotero-organized-export\JPG-JPEG\Light Cult NFTs\MGXTM232__Diapositiva764.JPG","83.2"
"764","3","S9KQ7MR2__Diapositiva764.JPG","E:\Zotero-organized-export\JPG-JPEG\Light Cult NFTs\S9KQ7MR2__Diapositiva764.JPG","92.5"
"765","3","2GDI56ZJ__Diapositiva765.JPG","E:\Zotero-organized-export\JPG-JPEG\Light Cult NFTs\2GDI56ZJ__Diapositiva765.JPG","139.5"
"765","3","D9PU2IUY__Diapositiva765.JPG","E:\Zotero-organized-export\JPG-JPEG\Light Cult NFTs\D9PU2IUY__Diapositiva765.JPG","43.2"
"765","3","JHP4V4LI__Diapositiva765.JPG","E:\Zotero-organized-export\JPG-JPEG\Light Cult NFTs\JHP4V4LI__Diapositiva765.JPG","138"
"766","3","8B9FMJHU__Diapositiva766.JPG","E:\Zotero-organized-export\JPG-JPEG\Light Cult NFTs\8B9FMJHU__Diapositiva766.JPG","153.9"
"766","3","SFV292NV__Diapositiva766.JPG","E:\Zotero-organized-export\JPG-JPEG\Light Cult NFTs\SFV292NV__Diapositiva766.JPG","204.3"
"766","3","Y9WVMDJX__Diapositiva766.JPG","E:\Zotero-organized-export\JPG-JPEG\Light Cult NFTs\Y9WVMDJX__Diapositiva766.JPG","87.4"
"767","3","EFC3K3KA__Diapositiva767.JPG","E:\Zotero-organized-export\JPG-JPEG\Light Cult NFTs\EFC3K3KA__Diapositiva767.JPG","129.3"
"767","3","N2HVWEUK__Diapositiva767.JPG","E:\Zotero-organized-export\JPG-JPEG\Light Cult NFTs\N2HVWEUK__Diapositiva767.JPG","129.3"
"767","3","XYC9BMNC__Diapositiva767.JPG","E:\Zotero-organized-export\JPG-JPEG\Light Cult NFTs\XYC9BMNC__Diapositiva767.JPG","100.8"
"768","3","2CVAYE4Z__Diapositiva768.JPG","E:\Zotero-organized-export\JPG-JPEG\Light Cult NFTs\2CVAYE4Z__Diapositiva768.JPG","152.5"
"768","3","6ZDC3PA5__Diapositiva768.JPG","E:\Zotero-organized-export\JPG-JPEG\Light Cult NFTs\6ZDC3PA5__Diapositiva768.JPG","135.4"
"768","3","PMA6VPBJ__Diapositiva768.JPG","E:\Zotero-organized-export\JPG-JPEG\Light Cult NFTs\PMA6VPBJ__Diapositiva768.JPG","156.7"
"769","3","4PL642VD__Diapositiva769.JPG","E:\Zotero-organized-export\JPG-JPEG\Light Cult NFTs\4PL642VD__Diapositiva769.JPG","79.3"
"769","3","J4AKN38R__Diapositiva769.JPG","E:\Zotero-organized-export\JPG-JPEG\Light Cult NFTs\J4AKN38R__Diapositiva769.JPG","117.7"
"769","3","PKDBJCFD__Diapositiva769.JPG","E:\Zotero-organized-export\JPG-JPEG\Light Cult NFTs\PKDBJCFD__Diapositiva769.JPG","111.6"
"770","3","8WI9492C__Diapositiva770.JPG","E:\Zotero-organized-export\JPG-JPEG\Light Cult NFTs\8WI9492C__Diapositiva770.JPG","148.6"
"770","3","KKYNYAMQ__Diapositiva770.JPG","E:\Zotero-organized-export\JPG-JPEG\Light Cult NFTs\KKYNYAMQ__Diapositiva770.JPG","50.9"
"770","3","YCFUVP5B__Diapositiva770.JPG","E:\Zotero-organized-export\JPG-JPEG\Light Cult NFTs\YCFUVP5B__Diapositiva770.JPG","64.8"
"771","3","9MRNMBEM__Diapositiva771.JPG","E:\Zotero-organized-export\JPG-JPEG\Light Cult NFTs\9MRNMBEM__Diapositiva771.JPG","50.8"
"771","3","AQUEU5EV__Diapositiva771.JPG","E:\Zotero-organized-export\JPG-JPEG\Light Cult NFTs\AQUEU5EV__Diapositiva771.JPG","45.1"
"771","3","BKADZA92__Diapositiva771.JPG","E:\Zotero-organized-export\JPG-JPEG\Light Cult NFTs\BKADZA92__Diapositiva771.JPG","111.8"
"772","3","2KA83YRM__Diapositiva772.JPG","E:\Zotero-organized-export\JPG-JPEG\Light Cult NFTs\2KA83YRM__Diapositiva772.JPG","70.6"
"772","3","8XDC5U47__Diapositiva772.JPG","E:\Zotero-organized-export\JPG-JPEG\Light Cult NFTs\8XDC5U47__Diapositiva772.JPG","64.7"
"772","3","PE2BD3K7__Diapositiva772.JPG","E:\Zotero-organized-export\JPG-JPEG\Light Cult NFTs\PE2BD3K7__Diapositiva772.JPG","71.1"
"773","3","NSZ5HB96__Diapositiva773.JPG","E:\Zotero-organized-export\JPG-JPEG\Light Cult NFTs\NSZ5HB96__Diapositiva773.JPG","100.8"
"773","3","PGIPVLKG__Diapositiva773.JPG","E:\Zotero-organized-export\JPG-JPEG\Light Cult NFTs\PGIPVLKG__Diapositiva773.JPG","139.2"
"773","3","YF8KU3SC__Diapositiva773.JPG","E:\Zotero-organized-export\JPG-JPEG\Light Cult NFTs\YF8KU3SC__Diapositiva773.JPG","38.5"
"774","2","LIH5WZXB__Diapositiva774.JPG","E:\Zotero-organized-export\JPG-JPEG\Light Cult NFTs\LIH5WZXB__Diapositiva774.JPG","63.4"
"774","2","ZWHSWMF7__Diapositiva774.JPG","E:\Zotero-organized-export\JPG-JPEG\Light Cult NFTs\ZWHSWMF7__Diapositiva774.JPG","138.9"
"775","3","EKUJJI4X__Diapositiva775.JPG","E:\Zotero-organized-export\JPG-JPEG\Light Cult NFTs\EKUJJI4X__Diapositiva775.JPG","49.9"
"775","3","N5RR63EY__Diapositiva775.JPG","E:\Zotero-organized-export\JPG-JPEG\Light Cult NFTs\N5RR63EY__Diapositiva775.JPG","49.1"
"775","3","USICRYCC__Diapositiva775.JPG","E:\Zotero-organized-export\JPG-JPEG\Light Cult NFTs\USICRYCC__Diapositiva775.JPG","51.4"
"776","3","58U7Y2IR__Diapositiva776.JPG","E:\Zotero-organized-export\JPG-JPEG\Light Cult NFTs\58U7Y2IR__Diapositiva776.JPG","60.6"
"776","3","NRY5IN3M__Diapositiva776.JPG","E:\Zotero-organized-export\JPG-JPEG\Light Cult NFTs\NRY5IN3M__Diapositiva776.JPG","73.6"
"776","3","TXMXX2SW__Diapositiva776.JPG","E:\Zotero-organized-export\JPG-JPEG\Light Cult NFTs\TXMXX2SW__Diapositiva776.JPG","62.6"
"777","3","2ID2M7HM__Diapositiva777.JPG","E:\Zotero-organized-export\JPG-JPEG\Light Cult NFTs\2ID2M7HM__Diapositiva777.JPG","72.5"
"777","3","A4MW6WIX__Diapositiva777.JPG","E:\Zotero-organized-export\JPG-JPEG\Light Cult NFTs\A4MW6WIX__Diapositiva777.JPG","120.6"
"777","3","AT9DNWFH__Diapositiva777.JPG","E:\Zotero-organized-export\JPG-JPEG\Light Cult NFTs\AT9DNWFH__Diapositiva777.JPG","101.8"
"778","2","A36WJIAK__Diapositiva778.JPG","E:\Zotero-organized-export\JPG-JPEG\Light Cult NFTs\A36WJIAK__Diapositiva778.JPG","123.8"
"778","2","YHBYBDTA__Diapositiva778.JPG","E:\Zotero-organized-export\JPG-JPEG\Light Cult NFTs\YHBYBDTA__Diapositiva778.JPG","153.8"
"779","3","FTH756D9__Diapositiva779.JPG","E:\Zotero-organized-export\JPG-JPEG\Light Cult NFTs\FTH756D9__Diapositiva779.JPG","94.9"
"779","3","K9VQR57M__Diapositiva779.JPG","E:\Zotero-organized-export\JPG-JPEG\Light Cult NFTs\K9VQR57M__Diapositiva779.JPG","75.6"
"779","3","T9Y9KHAD__Diapositiva779.JPG","E:\Zotero-organized-export\JPG-JPEG\Light Cult NFTs\T9Y9KHAD__Diapositiva779.JPG","79"
"780","3","KLWAXXL3__Diapositiva780.JPG","E:\Zotero-organized-export\JPG-JPEG\Light Cult NFTs\KLWAXXL3__Diapositiva780.JPG","65.2"
"780","3","PX5J8C7S__Diapositiva780.JPG","E:\Zotero-organized-export\JPG-JPEG\Light Cult NFTs\PX5J8C7S__Diapositiva780.JPG","95.7"
"780","3","WZAW7MMJ__Diapositiva780.JPG","E:\Zotero-organized-export\JPG-JPEG\Light Cult NFTs\WZAW7MMJ__Diapositiva780.JPG","52.1"
"781","3","APEY7IRL__Diapositiva781.JPG","E:\Zotero-organized-export\JPG-JPEG\Light Cult NFTs\APEY7IRL__Diapositiva781.JPG","70.3"
"781","3","Q8EWN2BT__Diapositiva781.JPG","E:\Zotero-organized-export\JPG-JPEG\Light Cult NFTs\Q8EWN2BT__Diapositiva781.JPG","57.1"
"781","3","W79TT5BH__Diapositiva781.JPG","E:\Zotero-organized-export\JPG-JPEG\Light Cult NFTs\W79TT5BH__Diapositiva781.JPG","131.4"
"782","3","6IDKVH63__Diapositiva782.JPG","E:\Zotero-organized-export\JPG-JPEG\Light Cult NFTs\6IDKVH63__Diapositiva782.JPG","70.7"
"782","3","CIZ3M54C__Diapositiva782.JPG","E:\Zotero-organized-export\JPG-JPEG\Light Cult NFTs\CIZ3M54C__Diapositiva782.JPG","131.3"
"782","3","YD98PV8S__Diapositiva782.JPG","E:\Zotero-organized-export\JPG-JPEG\Light Cult NFTs\YD98PV8S__Diapositiva782.JPG","69.3"
"783","3","2ARM5SQS__Diapositiva783.JPG","E:\Zotero-organized-export\JPG-JPEG\Light Cult NFTs\2ARM5SQS__Diapositiva783.JPG","171.3"
"783","3","9NRLL4LA__Diapositiva783.JPG","E:\Zotero-organized-export\JPG-JPEG\Light Cult NFTs\9NRLL4LA__Diapositiva783.JPG","127.4"
"783","3","TQNUTMRL__Diapositiva783.JPG","E:\Zotero-organized-export\JPG-JPEG\Light Cult NFTs\TQNUTMRL__Diapositiva783.JPG","115.5"
"784","3","4WFHPTPE__Diapositiva784.JPG","E:\Zotero-organized-export\JPG-JPEG\Light Cult NFTs\4WFHPTPE__Diapositiva784.JPG","63.5"
"784","3","J6S4LM9H__Diapositiva784.JPG","E:\Zotero-organized-export\JPG-JPEG\Light Cult NFTs\J6S4LM9H__Diapositiva784.JPG","137.5"
"784","3","UYK9H94H__Diapositiva784.JPG","E:\Zotero-organized-export\JPG-JPEG\Light Cult NFTs\UYK9H94H__Diapositiva784.JPG","183.6"
"785","3","4SKVS2D4__Diapositiva785.JPG","E:\Zotero-organized-export\JPG-JPEG\Light Cult NFTs\4SKVS2D4__Diapositiva785.JPG","175"
"785","3","5RLAUI84__Diapositiva785.JPG","E:\Zotero-organized-export\JPG-JPEG\Light Cult NFTs\5RLAUI84__Diapositiva785.JPG","116.3"
"785","3","6YH2N53C__Diapositiva785.JPG","E:\Zotero-organized-export\JPG-JPEG\Light Cult NFTs\6YH2N53C__Diapositiva785.JPG","146.9"
"786","3","AADPHHED__Diapositiva786.JPG","E:\Zotero-organized-export\JPG-JPEG\Light Cult NFTs\AADPHHED__Diapositiva786.JPG","43.5"
"786","3","DZKISBGB__Diapositiva786.JPG","E:\Zotero-organized-export\JPG-JPEG\Light Cult NFTs\DZKISBGB__Diapositiva786.JPG","58.6"
"786","3","LFMBWJGK__Diapositiva786.JPG","E:\Zotero-organized-export\JPG-JPEG\Light Cult NFTs\LFMBWJGK__Diapositiva786.JPG","83.9"
"787","2","B3DAAPU2__Diapositiva787.JPG","E:\Zotero-organized-export\JPG-JPEG\Light Cult NFTs\B3DAAPU2__Diapositiva787.JPG","102.9"
"787","2","PCX6LSFZ__Diapositiva787.JPG","E:\Zotero-organized-export\JPG-JPEG\Light Cult NFTs\PCX6LSFZ__Diapositiva787.JPG","52.7"
"788","3","HBZM5PVR__Diapositiva788.JPG","E:\Zotero-organized-export\JPG-JPEG\Light Cult NFTs\HBZM5PVR__Diapositiva788.JPG","104.6"
"788","3","TAIN8JBP__Diapositiva788.JPG","E:\Zotero-organized-export\JPG-JPEG\Light Cult NFTs\TAIN8JBP__Diapositiva788.JPG","111.5"
"788","3","YJS8QXKK__Diapositiva788.JPG","E:\Zotero-organized-export\JPG-JPEG\Light Cult NFTs\YJS8QXKK__Diapositiva788.JPG","81.7"
"789","3","EMUASW6Z__Diapositiva789.JPG","E:\Zotero-organized-export\JPG-JPEG\Light Cult NFTs\EMUASW6Z__Diapositiva789.JPG","56.4"
"789","3","M8KT5DL6__Diapositiva789.JPG","E:\Zotero-organized-export\JPG-JPEG\Light Cult NFTs\M8KT5DL6__Diapositiva789.JPG","99.3"
"789","3","VD8ST6K5__Diapositiva789.JPG","E:\Zotero-organized-export\JPG-JPEG\Light Cult NFTs\VD8ST6K5__Diapositiva789.JPG","43.7"
"790","3","SALRNNHV__Diapositiva790.JPG","E:\Zotero-organized-export\JPG-JPEG\Light Cult NFTs\SALRNNHV__Diapositiva790.JPG","151"
"790","3","VAZCTATN__Diapositiva790.JPG","E:\Zotero-organized-export\JPG-JPEG\Light Cult NFTs\VAZCTATN__Diapositiva790.JPG","139.7"
"790","3","XR8KBN9I__Diapositiva790.JPG","E:\Zotero-organized-export\JPG-JPEG\Light Cult NFTs\XR8KBN9I__Diapositiva790.JPG","88.7"
"791","3","GZ3SD8ZD__Diapositiva791.JPG","E:\Zotero-organized-export\JPG-JPEG\Light Cult NFTs\GZ3SD8ZD__Diapositiva791.JPG","131.4"
"791","3","IVJRLPUR__Diapositiva791.JPG","E:\Zotero-organized-export\JPG-JPEG\Light Cult NFTs\IVJRLPUR__Diapositiva791.JPG","123.7"
"791","3","LFHBEU8K__Diapositiva791.JPG","E:\Zotero-organized-export\JPG-JPEG\Light Cult NFTs\LFHBEU8K__Diapositiva791.JPG","133.8"
"792","2","5B5PVPSY__Diapositiva792.JPG","E:\Zotero-organized-export\JPG-JPEG\Light Cult NFTs\5B5PVPSY__Diapositiva792.JPG","106"
"792","2","TSE35PQ9__Diapositiva792.JPG","E:\Zotero-organized-export\JPG-JPEG\Light Cult NFTs\TSE35PQ9__Diapositiva792.JPG","83"
"793","3","7IVEP4R8__Diapositiva793.JPG","E:\Zotero-organized-export\JPG-JPEG\Light Cult NFTs\7IVEP4R8__Diapositiva793.JPG","87.2"
"793","3","GQGCISZQ__Diapositiva793.JPG","E:\Zotero-organized-export\JPG-JPEG\Light Cult NFTs\GQGCISZQ__Diapositiva793.JPG","48.4"
"793","3","SB4SVKQV__Diapositiva793.JPG","E:\Zotero-organized-export\JPG-JPEG\Light Cult NFTs\SB4SVKQV__Diapositiva793.JPG","63.7"
"794","3","3ZTM5N9V__Diapositiva794.JPG","E:\Zotero-organized-export\JPG-JPEG\Light Cult NFTs\3ZTM5N9V__Diapositiva794.JPG","91.7"
"794","3","C43WATWE__Diapositiva794.JPG","E:\Zotero-organized-export\JPG-JPEG\Light Cult NFTs\C43WATWE__Diapositiva794.JPG","86.2"
"794","3","YXZZW7KH__Diapositiva794.JPG","E:\Zotero-organized-export\JPG-JPEG\Light Cult NFTs\YXZZW7KH__Diapositiva794.JPG","80.6"
"795","3","IPNNNYU6__Diapositiva795.JPG","E:\Zotero-organized-export\JPG-JPEG\Light Cult NFTs\IPNNNYU6__Diapositiva795.JPG","118.7"
"795","3","TBL85C3N__Diapositiva795.JPG","E:\Zotero-organized-export\JPG-JPEG\Light Cult NFTs\TBL85C3N__Diapositiva795.JPG","76.2"
"795","3","VVYE724A__Diapositiva795.JPG","E:\Zotero-organized-export\JPG-JPEG\Light Cult NFTs\VVYE724A__Diapositiva795.JPG","89.3"
"796","3","FESZ8N7G__Diapositiva796.JPG","E:\Zotero-organized-export\JPG-JPEG\Light Cult NFTs\FESZ8N7G__Diapositiva796.JPG","143.2"
"796","3","LRXXE7LM__Diapositiva796.JPG","E:\Zotero-organized-export\JPG-JPEG\Light Cult NFTs\LRXXE7LM__Diapositiva796.JPG","132.9"
"796","3","ZQ7HIZVJ__Diapositiva796.JPG","E:\Zotero-organized-export\JPG-JPEG\Light Cult NFTs\ZQ7HIZVJ__Diapositiva796.JPG","61.1"
"797","2","5RCZIRT3__Diapositiva797.JPG","E:\Zotero-organized-export\JPG-JPEG\Light Cult NFTs\5RCZIRT3__Diapositiva797.JPG","80.3"
"797","2","WME448HN__Diapositiva797.JPG","E:\Zotero-organized-export\JPG-JPEG\Light Cult NFTs\WME448HN__Diapositiva797.JPG","129.2"
"798","2","F5HXY6RQ__Diapositiva798.JPG","E:\Zotero-organized-export\JPG-JPEG\Light Cult NFTs\F5HXY6RQ__Diapositiva798.JPG","95.9"
"798","2","JYXVI7HX__Diapositiva798.JPG","E:\Zotero-organized-export\JPG-JPEG\Light Cult NFTs\JYXVI7HX__Diapositiva798.JPG","128.3"
"799","3","7T6ATVNW__Diapositiva799.JPG","E:\Zotero-organized-export\JPG-JPEG\Light Cult NFTs\7T6ATVNW__Diapositiva799.JPG","118.1"
"799","3","HE5FCAPB__Diapositiva799.JPG","E:\Zotero-organized-export\JPG-JPEG\Light Cult NFTs\HE5FCAPB__Diapositiva799.JPG","87"
"799","3","TV9ML2YZ__Diapositiva799.JPG","E:\Zotero-organized-export\JPG-JPEG\Light Cult NFTs\TV9ML2YZ__Diapositiva799.JPG","127.6"
"800","3","M8CXZJH3__Diapositiva800.JPG","E:\Zotero-organized-export\JPG-JPEG\Light Cult NFTs\M8CXZJH3__Diapositiva800.JPG","57.2"
"800","3","QHYMGVVM__Diapositiva800.JPG","E:\Zotero-organized-export\JPG-JPEG\Light Cult NFTs\QHYMGVVM__Diapositiva800.JPG","129.8"
"800","3","RFKTYE6N__Diapositiva800.JPG","E:\Zotero-organized-export\JPG-JPEG\Light Cult NFTs\RFKTYE6N__Diapositiva800.JPG","68.3"
"801","2","NM3RV62M__Diapositiva801.JPG","E:\Zotero-organized-export\JPG-JPEG\Light Cult NFTs\NM3RV62M__Diapositiva801.JPG","91"
"801","2","PF5837U4__Diapositiva801.JPG","E:\Zotero-organized-export\JPG-JPEG\Light Cult NFTs\PF5837U4__Diapositiva801.JPG","52.6"
"802","3","7MSBYDMW__Diapositiva802.JPG","E:\Zotero-organized-export\JPG-JPEG\Light Cult NFTs\7MSBYDMW__Diapositiva802.JPG","81.3"
"802","3","T8HRN742__Diapositiva802.JPG","E:\Zotero-organized-export\JPG-JPEG\Light Cult NFTs\T8HRN742__Diapositiva802.JPG","53"
"802","3","TBREKAVY__Diapositiva802.JPG","E:\Zotero-organized-export\JPG-JPEG\Light Cult NFTs\TBREKAVY__Diapositiva802.JPG","38.5"
"803","3","5SLQ4LCK__Diapositiva803.JPG","E:\Zotero-organized-export\JPG-JPEG\Light Cult NFTs\5SLQ4LCK__Diapositiva803.JPG","70.7"
"803","3","TI3I2W7Y__Diapositiva803.JPG","E:\Zotero-organized-export\JPG-JPEG\Light Cult NFTs\TI3I2W7Y__Diapositiva803.JPG","168.8"
"803","3","Y3MU25PH__Diapositiva803.JPG","E:\Zotero-organized-export\JPG-JPEG\Light Cult NFTs\Y3MU25PH__Diapositiva803.JPG","77.8"
"804","3","25SVPA22__Diapositiva804.JPG","E:\Zotero-organized-export\JPG-JPEG\Light Cult NFTs\25SVPA22__Diapositiva804.JPG","54"
"804","3","UB5B2P72__Diapositiva804.JPG","E:\Zotero-organized-export\JPG-JPEG\Light Cult NFTs\UB5B2P72__Diapositiva804.JPG","65.5"
"804","3","VMXAE9K5__Diapositiva804.JPG","E:\Zotero-organized-export\JPG-JPEG\Light Cult NFTs\VMXAE9K5__Diapositiva804.JPG","121.7"
"805","2","4WER2FUX__Diapositiva805.JPG","E:\Zotero-organized-export\JPG-JPEG\Light Cult NFTs\4WER2FUX__Diapositiva805.JPG","123.2"
"805","2","QPVAMQWN__Diapositiva805.JPG","E:\Zotero-organized-export\JPG-JPEG\Light Cult NFTs\QPVAMQWN__Diapositiva805.JPG","172.1"
"806","2","JTGQRVDK__Diapositiva806.JPG","E:\Zotero-organized-export\JPG-JPEG\Light Cult NFTs\JTGQRVDK__Diapositiva806.JPG","180"
"806","2","WAXDNI4U__Diapositiva806.JPG","E:\Zotero-organized-export\JPG-JPEG\Light Cult NFTs\WAXDNI4U__Diapositiva806.JPG","126.3"
"807","3","84SLKZWY__Diapositiva807.JPG","E:\Zotero-organized-export\JPG-JPEG\Light Cult NFTs\84SLKZWY__Diapositiva807.JPG","102.1"
"807","3","E5NALGY2__Diapositiva807.JPG","E:\Zotero-organized-export\JPG-JPEG\Light Cult NFTs\E5NALGY2__Diapositiva807.JPG","76.6"
"807","3","S5GJUWKN__Diapositiva807.JPG","E:\Zotero-organized-export\JPG-JPEG\Light Cult NFTs\S5GJUWKN__Diapositiva807.JPG","127.2"
"808","3","35X7ELP4__Diapositiva808.JPG","E:\Zotero-organized-export\JPG-JPEG\Light Cult NFTs\35X7ELP4__Diapositiva808.JPG","136.5"
"808","3","6VHFMSNX__Diapositiva808.JPG","E:\Zotero-organized-export\JPG-JPEG\Light Cult NFTs\6VHFMSNX__Diapositiva808.JPG","52.6"
"808","3","XH59JB36__Diapositiva808.JPG","E:\Zotero-organized-export\JPG-JPEG\Light Cult NFTs\XH59JB36__Diapositiva808.JPG","140.4"
"809","3","BYYHTL27__Diapositiva809.JPG","E:\Zotero-organized-export\JPG-JPEG\Light Cult NFTs\BYYHTL27__Diapositiva809.JPG","108.5"
"809","3","T2W29N8I__Diapositiva809.JPG","E:\Zotero-organized-export\JPG-JPEG\Light Cult NFTs\T2W29N8I__Diapositiva809.JPG","55.1"
"809","3","WGAMAFTR__Diapositiva809.JPG","E:\Zotero-organized-export\JPG-JPEG\Light Cult NFTs\WGAMAFTR__Diapositiva809.JPG","127.2"
"810","3","QAB3JFVR__Diapositiva810.JPG","E:\Zotero-organized-export\JPG-JPEG\Light Cult NFTs\QAB3JFVR__Diapositiva810.JPG","78.2"
"810","3","UDKTV3DN__Diapositiva810.JPG","E:\Zotero-organized-export\JPG-JPEG\Light Cult NFTs\UDKTV3DN__Diapositiva810.JPG","38.5"
"810","3","UWIJC77K__Diapositiva810.JPG","E:\Zotero-organized-export\JPG-JPEG\Light Cult NFTs\UWIJC77K__Diapositiva810.JPG","80"
"811","2","QN7UFDG8__Diapositiva811.JPG","E:\Zotero-organized-export\JPG-JPEG\Light Cult NFTs\QN7UFDG8__Diapositiva811.JPG","136.6"
"811","2","WZ4FF2GK__Diapositiva811.JPG","E:\Zotero-organized-export\JPG-JPEG\Light Cult NFTs\WZ4FF2GK__Diapositiva811.JPG","76.6"
"812","3","D76KGDA2__Diapositiva812.JPG","E:\Zotero-organized-export\JPG-JPEG\Light Cult NFTs\D76KGDA2__Diapositiva812.JPG","116.4"
"812","3","G6TPPUXA__Diapositiva812.JPG","E:\Zotero-organized-export\JPG-JPEG\Light Cult NFTs\G6TPPUXA__Diapositiva812.JPG","196.4"
"812","3","G8N2Y9SP__Diapositiva812.JPG","E:\Zotero-organized-export\JPG-JPEG\Light Cult NFTs\G8N2Y9SP__Diapositiva812.JPG","142.7"
"813","3","4UM6YL9X__Diapositiva813.JPG","E:\Zotero-organized-export\JPG-JPEG\Light Cult NFTs\4UM6YL9X__Diapositiva813.JPG","153.6"
"813","3","9WNCDYZL__Diapositiva813.JPG","E:\Zotero-organized-export\JPG-JPEG\Light Cult NFTs\9WNCDYZL__Diapositiva813.JPG","26.5"
"813","3","LPPF8PN5__Diapositiva813.JPG","E:\Zotero-organized-export\JPG-JPEG\Light Cult NFTs\LPPF8PN5__Diapositiva813.JPG","72.1"
"814","2","GCSM38QX__Diapositiva814.JPG","E:\Zotero-organized-export\JPG-JPEG\Light Cult NFTs\GCSM38QX__Diapositiva814.JPG","69"
"814","2","ZUYH98PS__Diapositiva814.JPG","E:\Zotero-organized-export\JPG-JPEG\Light Cult NFTs\ZUYH98PS__Diapositiva814.JPG","105.9"
"815","3","3XD2QBCL__Diapositiva815.JPG","E:\Zotero-organized-export\JPG-JPEG\Light Cult NFTs\3XD2QBCL__Diapositiva815.JPG","72.4"
"815","3","4IVUU3QK__Diapositiva815.JPG","E:\Zotero-organized-export\JPG-JPEG\Light Cult NFTs\4IVUU3QK__Diapositiva815.JPG","132.8"
"815","3","QVFT53FS__Diapositiva815.JPG","E:\Zotero-organized-export\JPG-JPEG\Light Cult NFTs\QVFT53FS__Diapositiva815.JPG","64.5"
"816","2","6ACLQUAD__Diapositiva816.JPG","E:\Zotero-organized-export\JPG-JPEG\Light Cult NFTs\6ACLQUAD__Diapositiva816.JPG","41.5"
"816","2","96WESEF5__Diapositiva816.JPG","E:\Zotero-organized-export\JPG-JPEG\Light Cult NFTs\96WESEF5__Diapositiva816.JPG","118.9"
"817","3","A2V6BCXA__Diapositiva817.JPG","E:\Zotero-organized-export\JPG-JPEG\Light Cult NFTs\A2V6BCXA__Diapositiva817.JPG","122.6"
"817","3","MJQBG36T__Diapositiva817.JPG","E:\Zotero-organized-export\JPG-JPEG\Light Cult NFTs\MJQBG36T__Diapositiva817.JPG","70.1"
"817","3","SWAXAAST__Diapositiva817.JPG","E:\Zotero-organized-export\JPG-JPEG\Light Cult NFTs\SWAXAAST__Diapositiva817.JPG","128.9"
"818","2","K7GJFEJW__Diapositiva818.JPG","E:\Zotero-organized-export\JPG-JPEG\Light Cult NFTs\K7GJFEJW__Diapositiva818.JPG","151.4"
"818","2","QQTJ9T84__Diapositiva818.JPG","E:\Zotero-organized-export\JPG-JPEG\Light Cult NFTs\QQTJ9T84__Diapositiva818.JPG","48.4"
"819","3","4ICAFHSW__Diapositiva819.JPG","E:\Zotero-organized-export\JPG-JPEG\Light Cult NFTs\4ICAFHSW__Diapositiva819.JPG","47.4"
"819","3","IIGU44LQ__Diapositiva819.JPG","E:\Zotero-organized-export\JPG-JPEG\Light Cult NFTs\IIGU44LQ__Diapositiva819.JPG","55.9"
"819","3","IZVKL9DP__Diapositiva819.JPG","E:\Zotero-organized-export\JPG-JPEG\Light Cult NFTs\IZVKL9DP__Diapositiva819.JPG","68.2"
"820","3","3TGFFWMU__Diapositiva820.JPG","E:\Zotero-organized-export\JPG-JPEG\Light Cult NFTs\3TGFFWMU__Diapositiva820.JPG","83.5"
"820","3","4IMWKQ99__Diapositiva820.JPG","E:\Zotero-organized-export\JPG-JPEG\Light Cult NFTs\4IMWKQ99__Diapositiva820.JPG","83.1"
"820","3","EZTMIXP7__Diapositiva820.JPG","E:\Zotero-organized-export\JPG-JPEG\Light Cult NFTs\EZTMIXP7__Diapositiva820.JPG","132.3"
"821","3","8UR43KCG__Diapositiva821.JPG","E:\Zotero-organized-export\JPG-JPEG\Light Cult NFTs\8UR43KCG__Diapositiva821.JPG","135"
"821","3","CE6VCL86__Diapositiva821.JPG","E:\Zotero-organized-export\JPG-JPEG\Light Cult NFTs\CE6VCL86__Diapositiva821.JPG","79.2"
"821","3","WYI52BJ4__Diapositiva821.JPG","E:\Zotero-organized-export\JPG-JPEG\Light Cult NFTs\WYI52BJ4__Diapositiva821.JPG","102.3"
"822","3","6MIA8ZSW__Diapositiva822.JPG","E:\Zotero-organized-export\JPG-JPEG\Light Cult NFTs\6MIA8ZSW__Diapositiva822.JPG","116.3"
"822","3","8964GY2R__Diapositiva822.JPG","E:\Zotero-organized-export\JPG-JPEG\Light Cult NFTs\8964GY2R__Diapositiva822.JPG","79.4"
"822","3","CAQJABW8__Diapositiva822.JPG","E:\Zotero-organized-export\JPG-JPEG\Light Cult NFTs\CAQJABW8__Diapositiva822.JPG","141.2"
"823","3","98ZHRZ79__Diapositiva823.JPG","E:\Zotero-organized-export\JPG-JPEG\Light Cult NFTs\98ZHRZ79__Diapositiva823.JPG","64.5"
"823","3","Q4NSESMS__Diapositiva823.JPG","E:\Zotero-organized-export\JPG-JPEG\Light Cult NFTs\Q4NSESMS__Diapositiva823.JPG","77.8"
"823","3","RZWM8QZ6__Diapositiva823.JPG","E:\Zotero-organized-export\JPG-JPEG\Light Cult NFTs\RZWM8QZ6__Diapositiva823.JPG","118.3"
"824","2","CKFC58UG__Diapositiva824.JPG","E:\Zotero-organized-export\JPG-JPEG\Light Cult NFTs\CKFC58UG__Diapositiva824.JPG","54.3"
"824","2","DZABSBJQ__Diapositiva824.JPG","E:\Zotero-organized-export\JPG-JPEG\Light Cult NFTs\DZABSBJQ__Diapositiva824.JPG","91"
"825","3","6HPD87WD__Diapositiva825.JPG","E:\Zotero-organized-export\JPG-JPEG\Light Cult NFTs\6HPD87WD__Diapositiva825.JPG","50.9"
"825","3","EX3D3BIA__Diapositiva825.JPG","E:\Zotero-organized-export\JPG-JPEG\Light Cult NFTs\EX3D3BIA__Diapositiva825.JPG","73"
"825","3","MYSJUIA2__Diapositiva825.JPG","E:\Zotero-organized-export\JPG-JPEG\Light Cult NFTs\MYSJUIA2__Diapositiva825.JPG","90.9"
"826","3","4Q2KFM7W__Diapositiva826.JPG","E:\Zotero-organized-export\JPG-JPEG\Light Cult NFTs\4Q2KFM7W__Diapositiva826.JPG","64.4"
"826","3","5J55AXIE__Diapositiva826.JPG","E:\Zotero-organized-export\JPG-JPEG\Light Cult NFTs\5J55AXIE__Diapositiva826.JPG","73.1"
"826","3","JXNA86ZF__Diapositiva826.JPG","E:\Zotero-organized-export\JPG-JPEG\Light Cult NFTs\JXNA86ZF__Diapositiva826.JPG","129.8"
"827","2","ECVKQUV9__Diapositiva827.JPG","E:\Zotero-organized-export\JPG-JPEG\Light Cult NFTs\ECVKQUV9__Diapositiva827.JPG","114.9"
"827","2","LVYES62H__Diapositiva827.JPG","E:\Zotero-organized-export\JPG-JPEG\Light Cult NFTs\LVYES62H__Diapositiva827.JPG","78.9"
"828","3","CCKE3WRP__Diapositiva828.JPG","E:\Zotero-organized-export\JPG-JPEG\Light Cult NFTs\CCKE3WRP__Diapositiva828.JPG","37.6"
"828","3","KVJJRIBW__Diapositiva828.JPG","E:\Zotero-organized-export\JPG-JPEG\Light Cult NFTs\KVJJRIBW__Diapositiva828.JPG","51.7"
"828","3","YM2R72X5__Diapositiva828.JPG","E:\Zotero-organized-export\JPG-JPEG\Light Cult NFTs\YM2R72X5__Diapositiva828.JPG","78.6"
"829","2","CJN64KPZ__Diapositiva829.JPG","E:\Zotero-organized-export\JPG-JPEG\Light Cult NFTs\CJN64KPZ__Diapositiva829.JPG","122.8"
"829","2","VTFKLG3P__Diapositiva829.JPG","E:\Zotero-organized-export\JPG-JPEG\Light Cult NFTs\VTFKLG3P__Diapositiva829.JPG","128.8"
"830","4","95I9MI7C__Diapositiva830.JPG","E:\Zotero-organized-export\JPG-JPEG\Light Cult NFTs\95I9MI7C__Diapositiva830.JPG","65.6"
"830","4","H3GEYQS9__Diapositiva830.JPG","E:\Zotero-organized-export\JPG-JPEG\Light Cult NFTs\H3GEYQS9__Diapositiva830.JPG","59.7"
"830","4","IYS9ME6T__Diapositiva830.JPG","E:\Zotero-organized-export\JPG-JPEG\Light Cult NFTs\IYS9ME6T__Diapositiva830.JPG","59.7"
"830","4","SD5NZXTP__Diapositiva830.JPG","E:\Zotero-organized-export\JPG-JPEG\Light Cult NFTs\SD5NZXTP__Diapositiva830.JPG","78.1"
"831","3","AFRZXR6N__Diapositiva831.JPG","E:\Zotero-organized-export\JPG-JPEG\Light Cult NFTs\AFRZXR6N__Diapositiva831.JPG","44.7"
"831","3","MYQ9F9YU__Diapositiva831.JPG","E:\Zotero-organized-export\JPG-JPEG\Light Cult NFTs\MYQ9F9YU__Diapositiva831.JPG","111.3"
"831","3","ZD8UH9TJ__Diapositiva831.JPG","E:\Zotero-organized-export\JPG-JPEG\Light Cult NFTs\ZD8UH9TJ__Diapositiva831.JPG","116.5"
"832","3","SJGGMHVP__Diapositiva832.JPG","E:\Zotero-organized-export\JPG-JPEG\Light Cult NFTs\SJGGMHVP__Diapositiva832.JPG","54"
"832","3","WG6RJIWV__Diapositiva832.JPG","E:\Zotero-organized-export\JPG-JPEG\Light Cult NFTs\WG6RJIWV__Diapositiva832.JPG","120.9"
"832","3","XSC6P4S2__Diapositiva832.JPG","E:\Zotero-organized-export\JPG-JPEG\Light Cult NFTs\XSC6P4S2__Diapositiva832.JPG","136.2"
"833","3","BWHH3DT5__Diapositiva833.JPG","E:\Zotero-organized-export\JPG-JPEG\Light Cult NFTs\BWHH3DT5__Diapositiva833.JPG","128"
"833","3","SBKEZRP8__Diapositiva833.JPG","E:\Zotero-organized-export\JPG-JPEG\Light Cult NFTs\SBKEZRP8__Diapositiva833.JPG","135"
"833","3","VVDVUN4K__Diapositiva833.JPG","E:\Zotero-organized-export\JPG-JPEG\Light Cult NFTs\VVDVUN4K__Diapositiva833.JPG","69.9"
"834","3","6J76KFW2__Diapositiva834.JPG","E:\Zotero-organized-export\JPG-JPEG\Light Cult NFTs\6J76KFW2__Diapositiva834.JPG","143.1"
"834","3","EZ9YVWSG__Diapositiva834.JPG","E:\Zotero-organized-export\JPG-JPEG\Light Cult NFTs\EZ9YVWSG__Diapositiva834.JPG","58.3"
"834","3","MFQGKJRA__Diapositiva834.JPG","E:\Zotero-organized-export\JPG-JPEG\Light Cult NFTs\MFQGKJRA__Diapositiva834.JPG","86.3"
"835","3","92LFGGBK__Diapositiva835.JPG","E:\Zotero-organized-export\JPG-JPEG\Light Cult NFTs\92LFGGBK__Diapositiva835.JPG","60.6"
"835","3","GFXBNWX6__Diapositiva835.JPG","E:\Zotero-organized-export\JPG-JPEG\Light Cult NFTs\GFXBNWX6__Diapositiva835.JPG","122.2"
"835","3","SJANMSM7__Diapositiva835.JPG","E:\Zotero-organized-export\JPG-JPEG\Light Cult NFTs\SJANMSM7__Diapositiva835.JPG","121.2"
"836","2","FDN953PX__Diapositiva836.JPG","E:\Zotero-organized-export\JPG-JPEG\Light Cult NFTs\FDN953PX__Diapositiva836.JPG","40.4"
"836","2","VWRT9E55__Diapositiva836.JPG","E:\Zotero-organized-export\JPG-JPEG\Light Cult NFTs\VWRT9E55__Diapositiva836.JPG","60.5"
"837","2","4M2Y8LPT__Diapositiva837.JPG","E:\Zotero-organized-export\JPG-JPEG\Light Cult NFTs\4M2Y8LPT__Diapositiva837.JPG","139.2"
"837","2","VGAPTE4H__Diapositiva837.JPG","E:\Zotero-organized-export\JPG-JPEG\Light Cult NFTs\VGAPTE4H__Diapositiva837.JPG","135.9"
"838","3","4F2962BY__Diapositiva838.JPG","E:\Zotero-organized-export\JPG-JPEG\Light Cult NFTs\4F2962BY__Diapositiva838.JPG","113.7"
"838","3","6U7ZD72H__Diapositiva838.JPG","E:\Zotero-organized-export\JPG-JPEG\Light Cult NFTs\6U7ZD72H__Diapositiva838.JPG","90.4"
"838","3","82HVAACR__Diapositiva838.JPG","E:\Zotero-organized-export\JPG-JPEG\Light Cult NFTs\82HVAACR__Diapositiva838.JPG","92"
"839","2","A2F9LUWE__Diapositiva839.JPG","E:\Zotero-organized-export\JPG-JPEG\Light Cult NFTs\A2F9LUWE__Diapositiva839.JPG","40.4"
"839","2","UHQEBMS4__Diapositiva839.JPG","E:\Zotero-organized-export\JPG-JPEG\Light Cult NFTs\UHQEBMS4__Diapositiva839.JPG","51.3"
"840","3","7GI6RSR5__Diapositiva840.JPG","E:\Zotero-organized-export\JPG-JPEG\Light Cult NFTs\7GI6RSR5__Diapositiva840.JPG","45.8"
"840","3","LTEEG2W5__Diapositiva840.JPG","E:\Zotero-organized-export\JPG-JPEG\Light Cult NFTs\LTEEG2W5__Diapositiva840.JPG","56.7"
"840","3","PRTQD59C__Diapositiva840.JPG","E:\Zotero-organized-export\JPG-JPEG\Light Cult NFTs\PRTQD59C__Diapositiva840.JPG","90.7"
"841","3","AVY9XLUM__Diapositiva841.JPG","E:\Zotero-organized-export\JPG-JPEG\Light Cult NFTs\AVY9XLUM__Diapositiva841.JPG","136.3"
"841","3","NMGVVP55__Diapositiva841.JPG","E:\Zotero-organized-export\JPG-JPEG\Light Cult NFTs\NMGVVP55__Diapositiva841.JPG","45.4"
"841","3","PVYYWE3E__Diapositiva841.JPG","E:\Zotero-organized-export\JPG-JPEG\Light Cult NFTs\PVYYWE3E__Diapositiva841.JPG","119.4"
"842","3","ADKIWTWH__Diapositiva842.JPG","E:\Zotero-organized-export\JPG-JPEG\Light Cult NFTs\ADKIWTWH__Diapositiva842.JPG","65.3"
"842","3","GA2R9GYR__Diapositiva842.JPG","E:\Zotero-organized-export\JPG-JPEG\Light Cult NFTs\GA2R9GYR__Diapositiva842.JPG","121.9"
"842","3","HN33WULJ__Diapositiva842.JPG","E:\Zotero-organized-export\JPG-JPEG\Light Cult NFTs\HN33WULJ__Diapositiva842.JPG","150.7"
"843","3","ADAJAZP6__Diapositiva843.JPG","E:\Zotero-organized-export\JPG-JPEG\Light Cult NFTs\ADAJAZP6__Diapositiva843.JPG","112.2"
"843","3","D6INI3HL__Diapositiva843.JPG","E:\Zotero-organized-export\JPG-JPEG\Light Cult NFTs\D6INI3HL__Diapositiva843.JPG","134.5"
"843","3","NJYW9W7Y__Diapositiva843.JPG","E:\Zotero-organized-export\JPG-JPEG\Light Cult NFTs\NJYW9W7Y__Diapositiva843.JPG","95.9"
"844","2","57IWGKIK__Diapositiva844.JPG","E:\Zotero-organized-export\JPG-JPEG\Light Cult NFTs\57IWGKIK__Diapositiva844.JPG","68"
"844","2","VRFKWTZM__Diapositiva844.JPG","E:\Zotero-organized-export\JPG-JPEG\Light Cult NFTs\VRFKWTZM__Diapositiva844.JPG","127.2"
"845","3","BD3CPKHK__Diapositiva845.JPG","E:\Zotero-organized-export\JPG-JPEG\Light Cult NFTs\BD3CPKHK__Diapositiva845.JPG","129"
"845","3","MXXKJ4FG__Diapositiva845.JPG","E:\Zotero-organized-export\JPG-JPEG\Light Cult NFTs\MXXKJ4FG__Diapositiva845.JPG","119.6"
"845","3","QTP9B8KR__Diapositiva845.JPG","E:\Zotero-organized-export\JPG-JPEG\Light Cult NFTs\QTP9B8KR__Diapositiva845.JPG","92.3"
"846","3","A87S42I7__Diapositiva846.JPG","E:\Zotero-organized-export\JPG-JPEG\Light Cult NFTs\A87S42I7__Diapositiva846.JPG","134.7"
"846","3","E8JSAUTM__Diapositiva846.JPG","E:\Zotero-organized-export\JPG-JPEG\Light Cult NFTs\E8JSAUTM__Diapositiva846.JPG","141.5"
"846","3","UXLBQQLY__Diapositiva846.JPG","E:\Zotero-organized-export\JPG-JPEG\Light Cult NFTs\UXLBQQLY__Diapositiva846.JPG","144.8"
"847","3","L2ZELVBN__Diapositiva847.JPG","E:\Zotero-organized-export\JPG-JPEG\Light Cult NFTs\L2ZELVBN__Diapositiva847.JPG","126.2"
"847","3","UGHKBKPH__Diapositiva847.JPG","E:\Zotero-organized-export\JPG-JPEG\Light Cult NFTs\UGHKBKPH__Diapositiva847.JPG","73.3"
"847","3","X4LCHHWR__Diapositiva847.JPG","E:\Zotero-organized-export\JPG-JPEG\Light Cult NFTs\X4LCHHWR__Diapositiva847.JPG","117.7"
"848","3","4BPWT2IC__Diapositiva848.JPG","E:\Zotero-organized-export\JPG-JPEG\Light Cult NFTs\4BPWT2IC__Diapositiva848.JPG","74.4"
"848","3","SIWF97YD__Diapositiva848.JPG","E:\Zotero-organized-export\JPG-JPEG\Light Cult NFTs\SIWF97YD__Diapositiva848.JPG","121.4"
"848","3","UIUP2GX8__Diapositiva848.JPG","E:\Zotero-organized-export\JPG-JPEG\Light Cult NFTs\UIUP2GX8__Diapositiva848.JPG","206"
"849","3","287NPL3F__Diapositiva849.JPG","E:\Zotero-organized-export\JPG-JPEG\Light Cult NFTs\287NPL3F__Diapositiva849.JPG","119.6"
"849","3","JINN9LC4__Diapositiva849.JPG","E:\Zotero-organized-export\JPG-JPEG\Light Cult NFTs\JINN9LC4__Diapositiva849.JPG","81.1"
"849","3","R4D22EIH__Diapositiva849.JPG","E:\Zotero-organized-export\JPG-JPEG\Light Cult NFTs\R4D22EIH__Diapositiva849.JPG","111.9"
"850","3","79Z6JK2L__Diapositiva850.JPG","E:\Zotero-organized-export\JPG-JPEG\Light Cult NFTs\79Z6JK2L__Diapositiva850.JPG","143"
"850","3","9K8XYKS8__Diapositiva850.JPG","E:\Zotero-organized-export\JPG-JPEG\Light Cult NFTs\9K8XYKS8__Diapositiva850.JPG","98.7"
"850","3","M99UV8L6__Diapositiva850.JPG","E:\Zotero-organized-export\JPG-JPEG\Light Cult NFTs\M99UV8L6__Diapositiva850.JPG","43.1"
"851","3","VKBVP2Z5__Diapositiva851.JPG","E:\Zotero-organized-export\JPG-JPEG\Light Cult NFTs\VKBVP2Z5__Diapositiva851.JPG","112.2"
"851","3","W9HUIXHL__Diapositiva851.JPG","E:\Zotero-organized-export\JPG-JPEG\Light Cult NFTs\W9HUIXHL__Diapositiva851.JPG","72.4"
"851","3","WHVJ8F3C__Diapositiva851.JPG","E:\Zotero-organized-export\JPG-JPEG\Light Cult NFTs\WHVJ8F3C__Diapositiva851.JPG","136.6"
"852","3","3DTN4T9S__Diapositiva852.JPG","E:\Zotero-organized-export\JPG-JPEG\Light Cult NFTs\3DTN4T9S__Diapositiva852.JPG","123.1"
"852","3","SXBV5H3J__Diapositiva852.JPG","E:\Zotero-organized-export\JPG-JPEG\Light Cult NFTs\SXBV5H3J__Diapositiva852.JPG","113.6"
"852","3","UVAY36XB__Diapositiva852.JPG","E:\Zotero-organized-export\JPG-JPEG\Light Cult NFTs\UVAY36XB__Diapositiva852.JPG","121.7"
"853","3","JE3ET8E6__Diapositiva853.JPG","E:\Zotero-organized-export\JPG-JPEG\Light Cult NFTs\JE3ET8E6__Diapositiva853.JPG","55.9"
"853","3","WGK5KUUN__Diapositiva853.JPG","E:\Zotero-organized-export\JPG-JPEG\Light Cult NFTs\WGK5KUUN__Diapositiva853.JPG","83.9"
"853","3","XMXA9RQI__Diapositiva853.JPG","E:\Zotero-organized-export\JPG-JPEG\Light Cult NFTs\XMXA9RQI__Diapositiva853.JPG","132.6"
"854","3","NEE8PIVH__Diapositiva854.JPG","E:\Zotero-organized-export\JPG-JPEG\Light Cult NFTs\NEE8PIVH__Diapositiva854.JPG","139.4"
"854","3","PEPZND69__Diapositiva854.JPG","E:\Zotero-organized-export\JPG-JPEG\Light Cult NFTs\PEPZND69__Diapositiva854.JPG","103.3"
"854","3","VZ9DJPWY__Diapositiva854.JPG","E:\Zotero-organized-export\JPG-JPEG\Light Cult NFTs\VZ9DJPWY__Diapositiva854.JPG","126.9"
"855","3","67FSRVRS__Diapositiva855.JPG","E:\Zotero-organized-export\JPG-JPEG\Light Cult NFTs\67FSRVRS__Diapositiva855.JPG","140.4"
"855","3","CIYCCDT2__Diapositiva855.JPG","E:\Zotero-organized-export\JPG-JPEG\Light Cult NFTs\CIYCCDT2__Diapositiva855.JPG","126.7"
"855","3","FTRP7B8D__Diapositiva855.JPG","E:\Zotero-organized-export\JPG-JPEG\Light Cult NFTs\FTRP7B8D__Diapositiva855.JPG","162.6"
"856","3","8YQZQ7AD__Diapositiva856.JPG","E:\Zotero-organized-export\JPG-JPEG\Light Cult NFTs\8YQZQ7AD__Diapositiva856.JPG","64.3"
"856","3","J7HUDPW6__Diapositiva856.JPG","E:\Zotero-organized-export\JPG-JPEG\Light Cult NFTs\J7HUDPW6__Diapositiva856.JPG","45.7"
"856","3","WFHSXPIC__Diapositiva856.JPG","E:\Zotero-organized-export\JPG-JPEG\Light Cult NFTs\WFHSXPIC__Diapositiva856.JPG","133.6"
"857","3","A3V6FB8N__Diapositiva857.JPG","E:\Zotero-organized-export\JPG-JPEG\Light Cult NFTs\A3V6FB8N__Diapositiva857.JPG","53.5"
"857","3","CWMHFRMK__Diapositiva857.JPG","E:\Zotero-organized-export\JPG-JPEG\Light Cult NFTs\CWMHFRMK__Diapositiva857.JPG","114"
"857","3","LPPIDEJ3__Diapositiva857.JPG","E:\Zotero-organized-export\JPG-JPEG\Light Cult NFTs\LPPIDEJ3__Diapositiva857.JPG","155.4"
"858","3","EMN96GPK__Diapositiva858.JPG","E:\Zotero-organized-export\JPG-JPEG\Light Cult NFTs\EMN96GPK__Diapositiva858.JPG","64.4"
"858","3","W3UDBMKW__Diapositiva858.JPG","E:\Zotero-organized-export\JPG-JPEG\Light Cult NFTs\W3UDBMKW__Diapositiva858.JPG","75.2"
"858","3","ZLQJ4NEJ__Diapositiva858.JPG","E:\Zotero-organized-export\JPG-JPEG\Light Cult NFTs\ZLQJ4NEJ__Diapositiva858.JPG","165.5"
"859","2","9ZTUSTAU__Diapositiva859.JPG","E:\Zotero-organized-export\JPG-JPEG\Light Cult NFTs\9ZTUSTAU__Diapositiva859.JPG","67.4"
"859","2","PSDCRGF3__Diapositiva859.JPG","E:\Zotero-organized-export\JPG-JPEG\Light Cult NFTs\PSDCRGF3__Diapositiva859.JPG","147.3"
"860","3","AQUA6CII__Diapositiva860.JPG","E:\Zotero-organized-export\JPG-JPEG\Light Cult NFTs\AQUA6CII__Diapositiva860.JPG","229.8"
"860","3","CFL6EWJQ__Diapositiva860.JPG","E:\Zotero-organized-export\JPG-JPEG\Light Cult NFTs\CFL6EWJQ__Diapositiva860.JPG","51.5"
"860","3","N6KYY4DC__Diapositiva860.JPG","E:\Zotero-organized-export\JPG-JPEG\Light Cult NFTs\N6KYY4DC__Diapositiva860.JPG","143.8"
"861","3","8MMP2J6S__Diapositiva861.JPG","E:\Zotero-organized-export\JPG-JPEG\Light Cult NFTs\8MMP2J6S__Diapositiva861.JPG","53.8"
"861","3","JSUMGSJA__Diapositiva861.JPG","E:\Zotero-organized-export\JPG-JPEG\Light Cult NFTs\JSUMGSJA__Diapositiva861.JPG","93.3"
"861","3","VY3P55JR__Diapositiva861.JPG","E:\Zotero-organized-export\JPG-JPEG\Light Cult NFTs\VY3P55JR__Diapositiva861.JPG","66.8"
"862","3","7C37U228__Diapositiva862.JPG","E:\Zotero-organized-export\JPG-JPEG\Light Cult NFTs\7C37U228__Diapositiva862.JPG","220.2"
"862","3","IYWS3AR3__Diapositiva862.JPG","E:\Zotero-organized-export\JPG-JPEG\Light Cult NFTs\IYWS3AR3__Diapositiva862.JPG","43.3"
"862","3","U7S3RLYT__Diapositiva862.JPG","E:\Zotero-organized-export\JPG-JPEG\Light Cult NFTs\U7S3RLYT__Diapositiva862.JPG","112.4"
"863","3","34A6YQF4__Diapositiva863.JPG","E:\Zotero-organized-export\JPG-JPEG\Light Cult NFTs\34A6YQF4__Diapositiva863.JPG","139.3"
"863","3","Q3BPKGDP__Diapositiva863.JPG","E:\Zotero-organized-export\JPG-JPEG\Light Cult NFTs\Q3BPKGDP__Diapositiva863.JPG","122.5"
"863","3","R5X942LY__Diapositiva863.JPG","E:\Zotero-organized-export\JPG-JPEG\Light Cult NFTs\R5X942LY__Diapositiva863.JPG","129"
"864","2","V6S7GIQV__Diapositiva864.JPG","E:\Zotero-organized-export\JPG-JPEG\Light Cult NFTs\V6S7GIQV__Diapositiva864.JPG","146.1"
"864","2","YGJ4WCI5__Diapositiva864.JPG","E:\Zotero-organized-export\JPG-JPEG\Light Cult NFTs\YGJ4WCI5__Diapositiva864.JPG","124"
"865","3","BJ5GDRLF__Diapositiva865.JPG","E:\Zotero-organized-export\JPG-JPEG\Light Cult NFTs\BJ5GDRLF__Diapositiva865.JPG","167"
"865","3","GV8EQMEY__Diapositiva865.JPG","E:\Zotero-organized-export\JPG-JPEG\Light Cult NFTs\GV8EQMEY__Diapositiva865.JPG","64.4"
"865","3","LYKZFEGT__Diapositiva865.JPG","E:\Zotero-organized-export\JPG-JPEG\Light Cult NFTs\LYKZFEGT__Diapositiva865.JPG","61.8"
"866","3","34DR5YEM__Diapositiva866.JPG","E:\Zotero-organized-export\JPG-JPEG\Light Cult NFTs\34DR5YEM__Diapositiva866.JPG","40.4"
"866","3","K4XVKA86__Diapositiva866.JPG","E:\Zotero-organized-export\JPG-JPEG\Light Cult NFTs\K4XVKA86__Diapositiva866.JPG","141.1"
"866","3","VQU2QT4H__Diapositiva866.JPG","E:\Zotero-organized-export\JPG-JPEG\Light Cult NFTs\VQU2QT4H__Diapositiva866.JPG","109.3"
"867","3","3CNWH8IJ__Diapositiva867.JPG","E:\Zotero-organized-export\JPG-JPEG\Light Cult NFTs\3CNWH8IJ__Diapositiva867.JPG","122.9"
"867","3","KYPQEPV7__Diapositiva867.JPG","E:\Zotero-organized-export\JPG-JPEG\Light Cult NFTs\KYPQEPV7__Diapositiva867.JPG","43.5"
"867","3","VZ995GBZ__Diapositiva867.JPG","E:\Zotero-organized-export\JPG-JPEG\Light Cult NFTs\VZ995GBZ__Diapositiva867.JPG","90.8"
"868","3","9HEUSDU9__Diapositiva868.JPG","E:\Zotero-organized-export\JPG-JPEG\Light Cult NFTs\9HEUSDU9__Diapositiva868.JPG","121.6"
"868","3","JFZINL8E__Diapositiva868.JPG","E:\Zotero-organized-export\JPG-JPEG\Light Cult NFTs\JFZINL8E__Diapositiva868.JPG","69.9"
"868","3","XCRFLZDW__Diapositiva868.JPG","E:\Zotero-organized-export\JPG-JPEG\Light Cult NFTs\XCRFLZDW__Diapositiva868.JPG","105.8"
"869","2","F7U2YWGG__Diapositiva869.JPG","E:\Zotero-organized-export\JPG-JPEG\Light Cult NFTs\F7U2YWGG__Diapositiva869.JPG","100.1"
"869","2","JDAYQKPW__Diapositiva869.JPG","E:\Zotero-organized-export\JPG-JPEG\Light Cult NFTs\JDAYQKPW__Diapositiva869.JPG","139"
"870","3","35IZPFZ4__Diapositiva870.JPG","E:\Zotero-organized-export\JPG-JPEG\Light Cult NFTs\35IZPFZ4__Diapositiva870.JPG","135.5"
"870","3","SU6BZ5BQ__Diapositiva870.JPG","E:\Zotero-organized-export\JPG-JPEG\Light Cult NFTs\SU6BZ5BQ__Diapositiva870.JPG","45.3"
"870","3","VSBNE452__Diapositiva870.JPG","E:\Zotero-organized-export\JPG-JPEG\Light Cult NFTs\VSBNE452__Diapositiva870.JPG","150.6"
"871","3","9T7BEXU5__Diapositiva871.JPG","E:\Zotero-organized-export\JPG-JPEG\Light Cult NFTs\9T7BEXU5__Diapositiva871.JPG","54.3"
"871","3","B6CXJCSH__Diapositiva871.JPG","E:\Zotero-organized-export\JPG-JPEG\Light Cult NFTs\B6CXJCSH__Diapositiva871.JPG","91.4"
"871","3","XXXCXV3A__Diapositiva871.JPG","E:\Zotero-organized-export\JPG-JPEG\Light Cult NFTs\XXXCXV3A__Diapositiva871.JPG","72.1"
"872","3","4SEJLMQU__Diapositiva872.JPG","E:\Zotero-organized-export\JPG-JPEG\Light Cult NFTs\4SEJLMQU__Diapositiva872.JPG","48.1"
"872","3","D5UNJRES__Diapositiva872.JPG","E:\Zotero-organized-export\JPG-JPEG\Light Cult NFTs\D5UNJRES__Diapositiva872.JPG","162"
"872","3","YPEPM8PD__Diapositiva872.JPG","E:\Zotero-organized-export\JPG-JPEG\Light Cult NFTs\YPEPM8PD__Diapositiva872.JPG","143.9"
"873","3","IJEE5YSK__Diapositiva873.JPG","E:\Zotero-organized-export\JPG-JPEG\Light Cult NFTs\IJEE5YSK__Diapositiva873.JPG","141.8"
"873","3","Q5FVZJGV__Diapositiva873.JPG","E:\Zotero-organized-export\JPG-JPEG\Light Cult NFTs\Q5FVZJGV__Diapositiva873.JPG","144.1"
"873","3","X7LIGQLN__Diapositiva873.JPG","E:\Zotero-organized-export\JPG-JPEG\Light Cult NFTs\X7LIGQLN__Diapositiva873.JPG","52.4"
"874","3","A7BFGFVT__Diapositiva874.JPG","E:\Zotero-organized-export\JPG-JPEG\Light Cult NFTs\A7BFGFVT__Diapositiva874.JPG","44.4"
"874","3","FLYPFYPL__Diapositiva874.JPG","E:\Zotero-organized-export\JPG-JPEG\Light Cult NFTs\FLYPFYPL__Diapositiva874.JPG","115.1"
"874","3","LFNIC7JG__Diapositiva874.JPG","E:\Zotero-organized-export\JPG-JPEG\Light Cult NFTs\LFNIC7JG__Diapositiva874.JPG","109.1"
"875","3","AYR8Y5UC__Diapositiva875.JPG","E:\Zotero-organized-export\JPG-JPEG\Light Cult NFTs\AYR8Y5UC__Diapositiva875.JPG","70"
"875","3","C47YWWRJ__Diapositiva875.JPG","E:\Zotero-organized-export\JPG-JPEG\Light Cult NFTs\C47YWWRJ__Diapositiva875.JPG","58.5"
"875","3","ZI7A7YTT__Diapositiva875.JPG","E:\Zotero-organized-export\JPG-JPEG\Light Cult NFTs\ZI7A7YTT__Diapositiva875.JPG","130"
"876","2","C9C3YCGR__Diapositiva876.JPG","E:\Zotero-organized-export\JPG-JPEG\Light Cult NFTs\C9C3YCGR__Diapositiva876.JPG","81.4"
"876","2","MRLULHHN__Diapositiva876.JPG","E:\Zotero-organized-export\JPG-JPEG\Light Cult NFTs\MRLULHHN__Diapositiva876.JPG","108.4"
"877","3","33GNNDSK__Diapositiva877.JPG","E:\Zotero-organized-export\JPG-JPEG\Light Cult NFTs\33GNNDSK__Diapositiva877.JPG","124"
"877","3","3QMIYIP6__Diapositiva877.JPG","E:\Zotero-organized-export\JPG-JPEG\Light Cult NFTs\3QMIYIP6__Diapositiva877.JPG","46.3"
"877","3","5EEZ9WQP__Diapositiva877.JPG","E:\Zotero-organized-export\JPG-JPEG\Light Cult NFTs\5EEZ9WQP__Diapositiva877.JPG","67.1"
"878","3","JQBMRXAK__Diapositiva878.JPG","E:\Zotero-organized-export\JPG-JPEG\Light Cult NFTs\JQBMRXAK__Diapositiva878.JPG","119"
"878","3","NZR7DRM9__Diapositiva878.JPG","E:\Zotero-organized-export\JPG-JPEG\Light Cult NFTs\NZR7DRM9__Diapositiva878.JPG","143.4"
"878","3","SICJJC3B__Diapositiva878.JPG","E:\Zotero-organized-export\JPG-JPEG\Light Cult NFTs\SICJJC3B__Diapositiva878.JPG","41"
"879","3","96LPHNAG__Diapositiva879.JPG","E:\Zotero-organized-export\JPG-JPEG\Light Cult NFTs\96LPHNAG__Diapositiva879.JPG","121.5"
"879","3","KL5TBRWV__Diapositiva879.JPG","E:\Zotero-organized-export\JPG-JPEG\Light Cult NFTs\KL5TBRWV__Diapositiva879.JPG","159.1"
"879","3","RB9EBSQ3__Diapositiva879.JPG","E:\Zotero-organized-export\JPG-JPEG\Light Cult NFTs\RB9EBSQ3__Diapositiva879.JPG","59.4"
"880","3","7JYFPBSJ__Diapositiva880.JPG","E:\Zotero-organized-export\JPG-JPEG\Light Cult NFTs\7JYFPBSJ__Diapositiva880.JPG","39.7"
"880","3","R4V54TPY__Diapositiva880.JPG","E:\Zotero-organized-export\JPG-JPEG\Light Cult NFTs\R4V54TPY__Diapositiva880.JPG","133.9"
"880","3","USG4MC3I__Diapositiva880.JPG","E:\Zotero-organized-export\JPG-JPEG\Light Cult NFTs\USG4MC3I__Diapositiva880.JPG","69.1"
"881","3","EC9DERVG__Diapositiva881.JPG","E:\Zotero-organized-export\JPG-JPEG\Light Cult NFTs\EC9DERVG__Diapositiva881.JPG","43.6"
"881","3","FCB6SENW__Diapositiva881.JPG","E:\Zotero-organized-export\JPG-JPEG\Light Cult NFTs\FCB6SENW__Diapositiva881.JPG","107.5"
"881","3","K3UZLGBF__Diapositiva881.JPG","E:\Zotero-organized-export\JPG-JPEG\Light Cult NFTs\K3UZLGBF__Diapositiva881.JPG","126.9"
"882","3","GIWMAVSI__Diapositiva882.JPG","E:\Zotero-organized-export\JPG-JPEG\Light Cult NFTs\GIWMAVSI__Diapositiva882.JPG","58.6"
"882","3","GU9NNN26__Diapositiva882.JPG","E:\Zotero-organized-export\JPG-JPEG\Light Cult NFTs\GU9NNN26__Diapositiva882.JPG","132.3"
"882","3","QNKPT6W3__Diapositiva882.JPG","E:\Zotero-organized-export\JPG-JPEG\Light Cult NFTs\QNKPT6W3__Diapositiva882.JPG","29.7"
"883","4","4HBMGAVH__Diapositiva883.JPG","E:\Zotero-organized-export\JPG-JPEG\Light Cult NFTs\4HBMGAVH__Diapositiva883.JPG","96.8"
"883","4","IHD4IE56__Diapositiva883.JPG","E:\Zotero-organized-export\JPG-JPEG\Light Cult NFTs\IHD4IE56__Diapositiva883.JPG","59.7"
"883","4","JGCZ6F9I__Diapositiva883.JPG","E:\Zotero-organized-export\JPG-JPEG\Light Cult NFTs\JGCZ6F9I__Diapositiva883.JPG","50.7"
"883","4","JGNRZLR4__Diapositiva883.JPG","E:\Zotero-organized-export\JPG-JPEG\Light Cult NFTs\JGNRZLR4__Diapositiva883.JPG","50.7"
"884","3","6FVRQ2UG__Diapositiva884.JPG","E:\Zotero-organized-export\JPG-JPEG\Light Cult NFTs\6FVRQ2UG__Diapositiva884.JPG","54.7"
"884","3","EUTC29UC__Diapositiva884.JPG","E:\Zotero-organized-export\JPG-JPEG\Light Cult NFTs\EUTC29UC__Diapositiva884.JPG","134"
"884","3","IH64QXE7__Diapositiva884.JPG","E:\Zotero-organized-export\JPG-JPEG\Light Cult NFTs\IH64QXE7__Diapositiva884.JPG","133.4"
"885","3","4BQUDM82__Diapositiva885.JPG","E:\Zotero-organized-export\JPG-JPEG\Light Cult NFTs\4BQUDM82__Diapositiva885.JPG","76.1"
"885","3","5FVR2JXB__Diapositiva885.JPG","E:\Zotero-organized-export\JPG-JPEG\Light Cult NFTs\5FVR2JXB__Diapositiva885.JPG","120.5"
"885","3","6TQWNQVL__Diapositiva885.JPG","E:\Zotero-organized-export\JPG-JPEG\Light Cult NFTs\6TQWNQVL__Diapositiva885.JPG","76.3"
"886","3","BGU29VCF__Diapositiva886.JPG","E:\Zotero-organized-export\JPG-JPEG\Light Cult NFTs\BGU29VCF__Diapositiva886.JPG","24.6"
"886","3","HHEPCZ2K__Diapositiva886.JPG","E:\Zotero-organized-export\JPG-JPEG\Light Cult NFTs\HHEPCZ2K__Diapositiva886.JPG","40"
"886","3","ZHCRIGE5__Diapositiva886.JPG","E:\Zotero-organized-export\JPG-JPEG\Light Cult NFTs\ZHCRIGE5__Diapositiva886.JPG","62.2"
"887","3","5EBSALAW__Diapositiva887.JPG","E:\Zotero-organized-export\JPG-JPEG\Light Cult NFTs\5EBSALAW__Diapositiva887.JPG","109.9"
"887","3","CTVZMDSA__Diapositiva887.JPG","E:\Zotero-organized-export\JPG-JPEG\Light Cult NFTs\CTVZMDSA__Diapositiva887.JPG","82.4"
"887","3","PJHDV8ES__Diapositiva887.JPG","E:\Zotero-organized-export\JPG-JPEG\Light Cult NFTs\PJHDV8ES__Diapositiva887.JPG","60.1"
"888","2","CP47ZNR7__Diapositiva888.JPG","E:\Zotero-organized-export\JPG-JPEG\Light Cult NFTs\CP47ZNR7__Diapositiva888.JPG","73.3"
"888","2","ZKBUC6YK__Diapositiva888.JPG","E:\Zotero-organized-export\JPG-JPEG\Light Cult NFTs\ZKBUC6YK__Diapositiva888.JPG","53.9"
"889","3","ASA65JSU__Diapositiva889.JPG","E:\Zotero-organized-export\JPG-JPEG\Light Cult NFTs\ASA65JSU__Diapositiva889.JPG","129"
"889","3","DWB363ST__Diapositiva889.JPG","E:\Zotero-organized-export\JPG-JPEG\Light Cult NFTs\DWB363ST__Diapositiva889.JPG","40"
"889","3","VF5KCLI9__Diapositiva889.JPG","E:\Zotero-organized-export\JPG-JPEG\Light Cult NFTs\VF5KCLI9__Diapositiva889.JPG","53.8"
"890","3","DSTKD3FY__Diapositiva890.JPG","E:\Zotero-organized-export\JPG-JPEG\Light Cult NFTs\DSTKD3FY__Diapositiva890.JPG","115.8"
"890","3","RM492WXC__Diapositiva890.JPG","E:\Zotero-organized-export\JPG-JPEG\Light Cult NFTs\RM492WXC__Diapositiva890.JPG","86.6"
"890","3","VADW9772__Diapositiva890.JPG","E:\Zotero-organized-export\JPG-JPEG\Light Cult NFTs\VADW9772__Diapositiva890.JPG","153.3"
"891","3","GF8WEA4G__Diapositiva891.JPG","E:\Zotero-organized-export\JPG-JPEG\Light Cult NFTs\GF8WEA4G__Diapositiva891.JPG","62.7"
"891","3","PH2M4DR9__Diapositiva891.JPG","E:\Zotero-organized-export\JPG-JPEG\Light Cult NFTs\PH2M4DR9__Diapositiva891.JPG","48"
"891","3","SJHXADZU__Diapositiva891.JPG","E:\Zotero-organized-export\JPG-JPEG\Light Cult NFTs\SJHXADZU__Diapositiva891.JPG","41.1"
"892","2","29MNDF37__Diapositiva892.JPG","E:\Zotero-organized-export\JPG-JPEG\Light Cult NFTs\29MNDF37__Diapositiva892.JPG","100.3"
"892","2","2TLATLSM__Diapositiva892.JPG","E:\Zotero-organized-export\JPG-JPEG\Light Cult NFTs\2TLATLSM__Diapositiva892.JPG","107.8"
"894","2","LRTHUP45__Diapositiva894.JPG","E:\Zotero-organized-export\JPG-JPEG\Light Cult NFTs\LRTHUP45__Diapositiva894.JPG","136.1"
"894","2","S9FXYG7L__Diapositiva894.JPG","E:\Zotero-organized-export\JPG-JPEG\Light Cult NFTs\S9FXYG7L__Diapositiva894.JPG","111.7"
"895","3","6VPNP8HU__Diapositiva895.JPG","E:\Zotero-organized-export\JPG-JPEG\Light Cult NFTs\6VPNP8HU__Diapositiva895.JPG","102.1"
"895","3","ELV6M3F2__Diapositiva895.JPG","E:\Zotero-organized-export\JPG-JPEG\Light Cult NFTs\ELV6M3F2__Diapositiva895.JPG","46.5"
"895","3","KVJ2LP52__Diapositiva895.JPG","E:\Zotero-organized-export\JPG-JPEG\Light Cult NFTs\KVJ2LP52__Diapositiva895.JPG","46.7"
"896","3","IZZDHIEA__Diapositiva896.JPG","E:\Zotero-organized-export\JPG-JPEG\Light Cult NFTs\IZZDHIEA__Diapositiva896.JPG","56.5"
"896","3","N5DG72I8__Diapositiva896.JPG","E:\Zotero-organized-export\JPG-JPEG\Light Cult NFTs\N5DG72I8__Diapositiva896.JPG","87.9"
"896","3","N6TC3TQK__Diapositiva896.JPG","E:\Zotero-organized-export\JPG-JPEG\Light Cult NFTs\N6TC3TQK__Diapositiva896.JPG","59.6"
"897","3","BR8J9TZ7__Diapositiva897.JPG","E:\Zotero-organized-export\JPG-JPEG\Light Cult NFTs\BR8J9TZ7__Diapositiva897.JPG","208.6"
"897","3","JQTBLCES__Diapositiva897.JPG","E:\Zotero-organized-export\JPG-JPEG\Light Cult NFTs\JQTBLCES__Diapositiva897.JPG","97.7"
"897","3","Q5DKUZBA__Diapositiva897.JPG","E:\Zotero-organized-export\JPG-JPEG\Light Cult NFTs\Q5DKUZBA__Diapositiva897.JPG","56.4"
"898","3","7GRFAU65__Diapositiva898.JPG","E:\Zotero-organized-export\JPG-JPEG\Light Cult NFTs\7GRFAU65__Diapositiva898.JPG","54.1"
"898","3","GPQWCZIL__Diapositiva898.JPG","E:\Zotero-organized-export\JPG-JPEG\Light Cult NFTs\GPQWCZIL__Diapositiva898.JPG","158.9"
"898","3","YS872HI2__Diapositiva898.JPG","E:\Zotero-organized-export\JPG-JPEG\Light Cult NFTs\YS872HI2__Diapositiva898.JPG","136.1"
"899","2","CNPLMGVM__Diapositiva899.JPG","E:\Zotero-organized-export\JPG-JPEG\Light Cult NFTs\CNPLMGVM__Diapositiva899.JPG","153.1"
"899","2","PFP7NPBJ__Diapositiva899.JPG","E:\Zotero-organized-export\JPG-JPEG\Light Cult NFTs\PFP7NPBJ__Diapositiva899.JPG","41"
"900","3","73VJAAUM__Diapositiva900.JPG","E:\Zotero-organized-export\JPG-JPEG\Light Cult NFTs\73VJAAUM__Diapositiva900.JPG","93.4"
"900","3","P3WW47ZR__Diapositiva900.JPG","E:\Zotero-organized-export\JPG-JPEG\Light Cult NFTs\P3WW47ZR__Diapositiva900.JPG","90.7"
"900","3","PWEVF34T__Diapositiva900.JPG","E:\Zotero-organized-export\JPG-JPEG\Light Cult NFTs\PWEVF34T__Diapositiva900.JPG","50"
"902","2","6X974HZ7__Diapositiva902.JPG","E:\Zotero-organized-export\JPG-JPEG\Light Cult NFTs\6X974HZ7__Diapositiva902.JPG","115.3"
"902","2","ZVHCX4UQ__Diapositiva902.JPG","E:\Zotero-organized-export\JPG-JPEG\Light Cult NFTs\ZVHCX4UQ__Diapositiva902.JPG","111.4"
"903","3","EXU8MXH6__Diapositiva903.JPG","E:\Zotero-organized-export\JPG-JPEG\Light Cult NFTs\EXU8MXH6__Diapositiva903.JPG","52.6"
"903","3","HFHL2BGT__Diapositiva903.JPG","E:\Zotero-organized-export\JPG-JPEG\Light Cult NFTs\HFHL2BGT__Diapositiva903.JPG","116.3"
"903","3","KEDNKT57__Diapositiva903.JPG","E:\Zotero-organized-export\JPG-JPEG\Light Cult NFTs\KEDNKT57__Diapositiva903.JPG","115.4"
"904","3","8GLWF85C__Diapositiva904.JPG","E:\Zotero-organized-export\JPG-JPEG\Light Cult NFTs\8GLWF85C__Diapositiva904.JPG","131.9"
"904","3","INY6D2X3__Diapositiva904.JPG","E:\Zotero-organized-export\JPG-JPEG\Light Cult NFTs\INY6D2X3__Diapositiva904.JPG","135.9"
"904","3","KS4FGHM7__Diapositiva904.JPG","E:\Zotero-organized-export\JPG-JPEG\Light Cult NFTs\KS4FGHM7__Diapositiva904.JPG","115.3"
"905","3","KQ2C3BN7__Diapositiva905.JPG","E:\Zotero-organized-export\JPG-JPEG\Light Cult NFTs\KQ2C3BN7__Diapositiva905.JPG","97.4"
"905","3","RKXLZC37__Diapositiva905.JPG","E:\Zotero-organized-export\JPG-JPEG\Light Cult NFTs\RKXLZC37__Diapositiva905.JPG","131.9"
"905","3","VGSQSEE8__Diapositiva905.JPG","E:\Zotero-organized-export\JPG-JPEG\Light Cult NFTs\VGSQSEE8__Diapositiva905.JPG","66.1"
"906","2","9FPSM5PE__Diapositiva906.JPG","E:\Zotero-organized-export\JPG-JPEG\Light Cult NFTs\9FPSM5PE__Diapositiva906.JPG","177.2"
"906","2","Y9XI4Z9G__Diapositiva906.JPG","E:\Zotero-organized-export\JPG-JPEG\Light Cult NFTs\Y9XI4Z9G__Diapositiva906.JPG","41.2"
"907","3","VPKJM8I6__Diapositiva907.JPG","E:\Zotero-organized-export\JPG-JPEG\Light Cult NFTs\VPKJM8I6__Diapositiva907.JPG","89.6"
"907","3","W46R59LY__Diapositiva907.JPG","E:\Zotero-organized-export\JPG-JPEG\Light Cult NFTs\W46R59LY__Diapositiva907.JPG","82.6"
"907","3","X3VJL2K5__Diapositiva907.JPG","E:\Zotero-organized-export\JPG-JPEG\Light Cult NFTs\X3VJL2K5__Diapositiva907.JPG","44.4"
"908","3","2SPDAD9S__Diapositiva908.JPG","E:\Zotero-organized-export\JPG-JPEG\Light Cult NFTs\2SPDAD9S__Diapositiva908.JPG","75.5"
"908","3","G54DY6A8__Diapositiva908.JPG","E:\Zotero-organized-export\JPG-JPEG\Light Cult NFTs\G54DY6A8__Diapositiva908.JPG","191.5"
"908","3","RW49EHML__Diapositiva908.JPG","E:\Zotero-organized-export\JPG-JPEG\Light Cult NFTs\RW49EHML__Diapositiva908.JPG","41.2"
"909","3","4PHTATN7__Diapositiva909.JPG","E:\Zotero-organized-export\JPG-JPEG\Light Cult NFTs\4PHTATN7__Diapositiva909.JPG","142.2"
"909","3","L4MPWH9T__Diapositiva909.JPG","E:\Zotero-organized-export\JPG-JPEG\Light Cult NFTs\L4MPWH9T__Diapositiva909.JPG","144.4"
"909","3","LME3LUDS__Diapositiva909.JPG","E:\Zotero-organized-export\JPG-JPEG\Light Cult NFTs\LME3LUDS__Diapositiva909.JPG","115.9"
"910","3","9HBCILLL__Diapositiva910.JPG","E:\Zotero-organized-export\JPG-JPEG\Light Cult NFTs\9HBCILLL__Diapositiva910.JPG","100.1"
"910","3","JSXYGPWF__Diapositiva910.JPG","E:\Zotero-organized-export\JPG-JPEG\Light Cult NFTs\JSXYGPWF__Diapositiva910.JPG","102.5"
"910","3","QYHT6LUB__Diapositiva910.JPG","E:\Zotero-organized-export\JPG-JPEG\Light Cult NFTs\QYHT6LUB__Diapositiva910.JPG","83.8"
"911","3","9X6D4MSU__Diapositiva911.JPG","E:\Zotero-organized-export\JPG-JPEG\Light Cult NFTs\9X6D4MSU__Diapositiva911.JPG","112.7"
"911","3","LYJDWS52__Diapositiva911.JPG","E:\Zotero-organized-export\JPG-JPEG\Light Cult NFTs\LYJDWS52__Diapositiva911.JPG","114.7"
"911","3","QVWYLNZY__Diapositiva911.JPG","E:\Zotero-organized-export\JPG-JPEG\Light Cult NFTs\QVWYLNZY__Diapositiva911.JPG","134.2"
"912","3","4V4FLBPD__Diapositiva912.JPG","E:\Zotero-organized-export\JPG-JPEG\Light Cult NFTs\4V4FLBPD__Diapositiva912.JPG","69.8"
"912","3","JEKDTEFK__Diapositiva912.JPG","E:\Zotero-organized-export\JPG-JPEG\Light Cult NFTs\JEKDTEFK__Diapositiva912.JPG","150.4"
"912","3","PQT3K28X__Diapositiva912.JPG","E:\Zotero-organized-export\JPG-JPEG\Light Cult NFTs\PQT3K28X__Diapositiva912.JPG","35.3"
"914","2","2TEZAHPW__Diapositiva914.JPG","E:\Zotero-organized-export\JPG-JPEG\Light Cult NFTs\2TEZAHPW__Diapositiva914.JPG","146.6"
"914","2","NJUPKLB5__Diapositiva914.JPG","E:\Zotero-organized-export\JPG-JPEG\Light Cult NFTs\NJUPKLB5__Diapositiva914.JPG","157"
"915","3","66HGZM6J__Diapositiva915.JPG","E:\Zotero-organized-export\JPG-JPEG\Light Cult NFTs\66HGZM6J__Diapositiva915.JPG","35.1"
"915","3","NTTJ5XVS__Diapositiva915.JPG","E:\Zotero-organized-export\JPG-JPEG\Light Cult NFTs\NTTJ5XVS__Diapositiva915.JPG","52.7"
"915","3","UU6GSQ25__Diapositiva915.JPG","E:\Zotero-organized-export\JPG-JPEG\Light Cult NFTs\UU6GSQ25__Diapositiva915.JPG","60.9"
"916","2","AXC7XLYQ__Diapositiva916.JPG","E:\Zotero-organized-export\JPG-JPEG\Light Cult NFTs\AXC7XLYQ__Diapositiva916.JPG","119.5"
"916","2","M526742E__Diapositiva916.JPG","E:\Zotero-organized-export\JPG-JPEG\Light Cult NFTs\M526742E__Diapositiva916.JPG","121"
"917","3","8PI9F8SH__Diapositiva917.JPG","E:\Zotero-organized-export\JPG-JPEG\Light Cult NFTs\8PI9F8SH__Diapositiva917.JPG","62.5"
"917","3","SAF9TIGQ__Diapositiva917.JPG","E:\Zotero-organized-export\JPG-JPEG\Light Cult NFTs\SAF9TIGQ__Diapositiva917.JPG","57.3"
"917","3","YC8NXA3K__Diapositiva917.JPG","E:\Zotero-organized-export\JPG-JPEG\Light Cult NFTs\YC8NXA3K__Diapositiva917.JPG","120.3"
"918","3","II9BVVJ6__Diapositiva918.JPG","E:\Zotero-organized-export\JPG-JPEG\Light Cult NFTs\II9BVVJ6__Diapositiva918.JPG","51.8"
"918","3","LU2MCNYU__Diapositiva918.JPG","E:\Zotero-organized-export\JPG-JPEG\Light Cult NFTs\LU2MCNYU__Diapositiva918.JPG","132.1"
"918","3","X3DJEUML__Diapositiva918.JPG","E:\Zotero-organized-export\JPG-JPEG\Light Cult NFTs\X3DJEUML__Diapositiva918.JPG","117.6"
"919","3","9B778HGE__Diapositiva919.JPG","E:\Zotero-organized-export\JPG-JPEG\Light Cult NFTs\9B778HGE__Diapositiva919.JPG","117.4"
"919","3","BLQA5TV3__Diapositiva919.JPG","E:\Zotero-organized-export\JPG-JPEG\Light Cult NFTs\BLQA5TV3__Diapositiva919.JPG","69.4"
"919","3","LWUR76BY__Diapositiva919.JPG","E:\Zotero-organized-export\JPG-JPEG\Light Cult NFTs\LWUR76BY__Diapositiva919.JPG","117.7"
"920","3","E6ENT5VP__Diapositiva920.JPG","E:\Zotero-organized-export\JPG-JPEG\Light Cult NFTs\E6ENT5VP__Diapositiva920.JPG","60.7"
"920","3","RKDFDCJG__Diapositiva920.JPG","E:\Zotero-organized-export\JPG-JPEG\Light Cult NFTs\RKDFDCJG__Diapositiva920.JPG","120.8"
"920","3","WKFXRHNR__Diapositiva920.JPG","E:\Zotero-organized-export\JPG-JPEG\Light Cult NFTs\WKFXRHNR__Diapositiva920.JPG","95.8"
"921","3","5MKNV2GW__Diapositiva921.JPG","E:\Zotero-organized-export\JPG-JPEG\Light Cult NFTs\5MKNV2GW__Diapositiva921.JPG","51.2"
"921","3","9BTTES9T__Diapositiva921.JPG","E:\Zotero-organized-export\JPG-JPEG\Light Cult NFTs\9BTTES9T__Diapositiva921.JPG","58"
"921","3","SARBETB5__Diapositiva921.JPG","E:\Zotero-organized-export\JPG-JPEG\Light Cult NFTs\SARBETB5__Diapositiva921.JPG","133.8"
"922","2","6UA7ZUDD__Diapositiva922.JPG","E:\Zotero-organized-export\JPG-JPEG\Light Cult NFTs\6UA7ZUDD__Diapositiva922.JPG","81.3"
"922","2","WVSL2KZI__Diapositiva922.JPG","E:\Zotero-organized-export\JPG-JPEG\Light Cult NFTs\WVSL2KZI__Diapositiva922.JPG","72.2"
"923","3","4PE4ZLCW__Diapositiva923.JPG","E:\Zotero-organized-export\JPG-JPEG\Light Cult NFTs\4PE4ZLCW__Diapositiva923.JPG","43.3"
"923","3","5EVQ6S59__Diapositiva923.JPG","E:\Zotero-organized-export\JPG-JPEG\Light Cult NFTs\5EVQ6S59__Diapositiva923.JPG","161.7"
"923","3","IIXTIB7M__Diapositiva923.JPG","E:\Zotero-organized-export\JPG-JPEG\Light Cult NFTs\IIXTIB7M__Diapositiva923.JPG","85.5"
"924","3","4LD5WBQD__Diapositiva924.JPG","E:\Zotero-organized-export\JPG-JPEG\Light Cult NFTs\4LD5WBQD__Diapositiva924.JPG","143.5"
"924","3","AAUSH7YN__Diapositiva924.JPG","E:\Zotero-organized-export\JPG-JPEG\Light Cult NFTs\AAUSH7YN__Diapositiva924.JPG","170.7"
"924","3","ZQ4XHI8Z__Diapositiva924.JPG","E:\Zotero-organized-export\JPG-JPEG\Light Cult NFTs\ZQ4XHI8Z__Diapositiva924.JPG","128.8"
"926","3","LPIU2UNY__Diapositiva926.JPG","E:\Zotero-organized-export\JPG-JPEG\Light Cult NFTs\LPIU2UNY__Diapositiva926.JPG","134.9"
"926","3","Q4HKKBW6__Diapositiva926.JPG","E:\Zotero-organized-export\JPG-JPEG\Light Cult NFTs\Q4HKKBW6__Diapositiva926.JPG","121.2"
"926","3","YIA5BLCC__Diapositiva926.JPG","E:\Zotero-organized-export\JPG-JPEG\Light Cult NFTs\YIA5BLCC__Diapositiva926.JPG","61.2"
"927","2","LCPQ5TF2__Diapositiva927.JPG","E:\Zotero-organized-export\JPG-JPEG\Light Cult NFTs\LCPQ5TF2__Diapositiva927.JPG","138"
"927","2","WBKMGR3P__Diapositiva927.JPG","E:\Zotero-organized-export\JPG-JPEG\Light Cult NFTs\WBKMGR3P__Diapositiva927.JPG","46.9"
"928","2","962IV7D9__Diapositiva928.JPG","E:\Zotero-organized-export\JPG-JPEG\Light Cult NFTs\962IV7D9__Diapositiva928.JPG","150.7"
"928","2","JQB2DDKZ__Diapositiva928.JPG","E:\Zotero-organized-export\JPG-JPEG\Light Cult NFTs\JQB2DDKZ__Diapositiva928.JPG","150.2"
"929","3","M2PQWY6Q__Diapositiva929.JPG","E:\Zotero-organized-export\JPG-JPEG\Light Cult NFTs\M2PQWY6Q__Diapositiva929.JPG","82.7"
"929","3","X69VSVF5__Diapositiva929.JPG","E:\Zotero-organized-export\JPG-JPEG\Light Cult NFTs\X69VSVF5__Diapositiva929.JPG","148.5"
"929","3","Z4CUUJR7__Diapositiva929.JPG","E:\Zotero-organized-export\JPG-JPEG\Light Cult NFTs\Z4CUUJR7__Diapositiva929.JPG","55"
"930","3","ACUDTL95__Diapositiva930.JPG","E:\Zotero-organized-export\JPG-JPEG\Light Cult NFTs\ACUDTL95__Diapositiva930.JPG","118"
"930","3","IPQZA4L3__Diapositiva930.JPG","E:\Zotero-organized-export\JPG-JPEG\Light Cult NFTs\IPQZA4L3__Diapositiva930.JPG","48.2"
"930","3","QUNMIGLU__Diapositiva930.JPG","E:\Zotero-organized-export\JPG-JPEG\Light Cult NFTs\QUNMIGLU__Diapositiva930.JPG","207.8"
"931","3","EAK6I6BW__Diapositiva931.JPG","E:\Zotero-organized-export\JPG-JPEG\Light Cult NFTs\EAK6I6BW__Diapositiva931.JPG","71.9"
"931","3","F5NSBI47__Diapositiva931.JPG","E:\Zotero-organized-export\JPG-JPEG\Light Cult NFTs\F5NSBI47__Diapositiva931.JPG","93.4"
"931","3","QDWWSXXS__Diapositiva931.JPG","E:\Zotero-organized-export\JPG-JPEG\Light Cult NFTs\QDWWSXXS__Diapositiva931.JPG","208.6"
"932","2","92V48JKB__Diapositiva932.JPG","E:\Zotero-organized-export\JPG-JPEG\Light Cult NFTs\92V48JKB__Diapositiva932.JPG","120.9"
"932","2","A79HBKXE__Diapositiva932.JPG","E:\Zotero-organized-export\JPG-JPEG\Light Cult NFTs\A79HBKXE__Diapositiva932.JPG","97.8"
"933","3","3HZAYHR9__Diapositiva933.JPG","E:\Zotero-organized-export\JPG-JPEG\Light Cult NFTs\3HZAYHR9__Diapositiva933.JPG","143.7"
"933","3","5TBZEDB6__Diapositiva933.JPG","E:\Zotero-organized-export\JPG-JPEG\Light Cult NFTs\5TBZEDB6__Diapositiva933.JPG","119.1"
"933","3","C4LY3NRZ__Diapositiva933.JPG","E:\Zotero-organized-export\JPG-JPEG\Light Cult NFTs\C4LY3NRZ__Diapositiva933.JPG","130"
"934","3","GEVMM2MF__Diapositiva934.JPG","E:\Zotero-organized-export\JPG-JPEG\Light Cult NFTs\GEVMM2MF__Diapositiva934.JPG","98.6"
"934","3","NU6NCBK8__Diapositiva934.JPG","E:\Zotero-organized-export\JPG-JPEG\Light Cult NFTs\NU6NCBK8__Diapositiva934.JPG","65.3"
"934","3","PLSUVWAS__Diapositiva934.JPG","E:\Zotero-organized-export\JPG-JPEG\Light Cult NFTs\PLSUVWAS__Diapositiva934.JPG","137.3"
"935","3","3GPB5VY2__Diapositiva935.JPG","E:\Zotero-organized-export\JPG-JPEG\Light Cult NFTs\3GPB5VY2__Diapositiva935.JPG","53.6"
"935","3","S3IAUZ8L__Diapositiva935.JPG","E:\Zotero-organized-export\JPG-JPEG\Light Cult NFTs\S3IAUZ8L__Diapositiva935.JPG","81"
"935","3","YWTLE2RU__Diapositiva935.JPG","E:\Zotero-organized-export\JPG-JPEG\Light Cult NFTs\YWTLE2RU__Diapositiva935.JPG","61.3"
"936","3","6ANMUYD6__Diapositiva936.JPG","E:\Zotero-organized-export\JPG-JPEG\Light Cult NFTs\6ANMUYD6__Diapositiva936.JPG","150"
"936","3","AIHZV2IF__Diapositiva936.JPG","E:\Zotero-organized-export\JPG-JPEG\Light Cult NFTs\AIHZV2IF__Diapositiva936.JPG","178.3"
"936","3","IWY5HI5Q__Diapositiva936.JPG","E:\Zotero-organized-export\JPG-JPEG\Light Cult NFTs\IWY5HI5Q__Diapositiva936.JPG","128"
"937","3","BDZF58F8__Diapositiva937.JPG","E:\Zotero-organized-export\JPG-JPEG\Light Cult NFTs\BDZF58F8__Diapositiva937.JPG","119.8"
"937","3","PDDKC6T5__Diapositiva937.JPG","E:\Zotero-organized-export\JPG-JPEG\Light Cult NFTs\PDDKC6T5__Diapositiva937.JPG","50.9"
"937","3","WLJIF5XP__Diapositiva937.JPG","E:\Zotero-organized-export\JPG-JPEG\Light Cult NFTs\WLJIF5XP__Diapositiva937.JPG","129.8"
"938","3","DNGBIL6D__Diapositiva938.JPG","E:\Zotero-organized-export\JPG-JPEG\Light Cult NFTs\DNGBIL6D__Diapositiva938.JPG","127.4"
"938","3","NVJVD8J4__Diapositiva938.JPG","E:\Zotero-organized-export\JPG-JPEG\Light Cult NFTs\NVJVD8J4__Diapositiva938.JPG","82.4"
"938","3","QHNVH98T__Diapositiva938.JPG","E:\Zotero-organized-export\JPG-JPEG\Light Cult NFTs\QHNVH98T__Diapositiva938.JPG","141.3"
"940","3","2TBCTVH9__Diapositiva940.JPG","E:\Zotero-organized-export\JPG-JPEG\Light Cult NFTs\2TBCTVH9__Diapositiva940.JPG","101.7"
"940","3","ABZGEFDD__Diapositiva940.JPG","E:\Zotero-organized-export\JPG-JPEG\Light Cult NFTs\ABZGEFDD__Diapositiva940.JPG","52"
"940","3","HIC2B44A__Diapositiva940.JPG","E:\Zotero-organized-export\JPG-JPEG\Light Cult NFTs\HIC2B44A__Diapositiva940.JPG","125.9"
"941","3","NCYTGMN5__Diapositiva941.JPG","E:\Zotero-organized-export\JPG-JPEG\Light Cult NFTs\NCYTGMN5__Diapositiva941.JPG","123.9"
"941","3","NZDAEN9Y__Diapositiva941.JPG","E:\Zotero-organized-export\JPG-JPEG\Light Cult NFTs\NZDAEN9Y__Diapositiva941.JPG","110.6"
"941","3","ULEILSF4__Diapositiva941.JPG","E:\Zotero-organized-export\JPG-JPEG\Light Cult NFTs\ULEILSF4__Diapositiva941.JPG","53.2"
"942","3","FB56ZGAD__Diapositiva942.JPG","E:\Zotero-organized-export\JPG-JPEG\Light Cult NFTs\FB56ZGAD__Diapositiva942.JPG","85.6"
"942","3","TEKSBM2P__Diapositiva942.JPG","E:\Zotero-organized-export\JPG-JPEG\Light Cult NFTs\TEKSBM2P__Diapositiva942.JPG","139.5"
"942","3","WJJ8UX4U__Diapositiva942.JPG","E:\Zotero-organized-export\JPG-JPEG\Light Cult NFTs\WJJ8UX4U__Diapositiva942.JPG","116.1"
"943","3","LNJXSTZF__Diapositiva943.JPG","E:\Zotero-organized-export\JPG-JPEG\Light Cult NFTs\LNJXSTZF__Diapositiva943.JPG","114.2"
"943","3","SZHERZ4V__Diapositiva943.JPG","E:\Zotero-organized-export\JPG-JPEG\Light Cult NFTs\SZHERZ4V__Diapositiva943.JPG","126.6"
"943","3","UV3694BV__Diapositiva943.JPG","E:\Zotero-organized-export\JPG-JPEG\Light Cult NFTs\UV3694BV__Diapositiva943.JPG","119.9"
"944","2","LTW3JHX6__Diapositiva944.JPG","E:\Zotero-organized-export\JPG-JPEG\Light Cult NFTs\LTW3JHX6__Diapositiva944.JPG","135.4"
"944","2","ZEH8BV76__Diapositiva944.JPG","E:\Zotero-organized-export\JPG-JPEG\Light Cult NFTs\ZEH8BV76__Diapositiva944.JPG","102.4"
"945","3","39Y2FH86__Diapositiva945.JPG","E:\Zotero-organized-export\JPG-JPEG\Light Cult NFTs\39Y2FH86__Diapositiva945.JPG","130.6"
"945","3","4IPLXDX2__Diapositiva945.JPG","E:\Zotero-organized-export\JPG-JPEG\Light Cult NFTs\4IPLXDX2__Diapositiva945.JPG","50.4"
"945","3","YIMYHIWF__Diapositiva945.JPG","E:\Zotero-organized-export\JPG-JPEG\Light Cult NFTs\YIMYHIWF__Diapositiva945.JPG","68.5"
"946","3","7H2YNX33__Diapositiva946.JPG","E:\Zotero-organized-export\JPG-JPEG\Light Cult NFTs\7H2YNX33__Diapositiva946.JPG","37.7"
"946","3","NQXPFQ82__Diapositiva946.JPG","E:\Zotero-organized-export\JPG-JPEG\Light Cult NFTs\NQXPFQ82__Diapositiva946.JPG","91.7"
"946","3","WXL5A3AW__Diapositiva946.JPG","E:\Zotero-organized-export\JPG-JPEG\Light Cult NFTs\WXL5A3AW__Diapositiva946.JPG","82.3"
"947","3","22MLLGB5__Diapositiva947.JPG","E:\Zotero-organized-export\JPG-JPEG\Light Cult NFTs\22MLLGB5__Diapositiva947.JPG","73.6"
"947","3","7TRJNIDJ__Diapositiva947.JPG","E:\Zotero-organized-export\JPG-JPEG\Light Cult NFTs\7TRJNIDJ__Diapositiva947.JPG","132.8"
"947","3","J9Z5LK95__Diapositiva947.JPG","E:\Zotero-organized-export\JPG-JPEG\Light Cult NFTs\J9Z5LK95__Diapositiva947.JPG","130.1"
"948","2","H2W2456R__Diapositiva948.JPG","E:\Zotero-organized-export\JPG-JPEG\Light Cult NFTs\H2W2456R__Diapositiva948.JPG","66.6"
"948","2","KTQ5NUC3__Diapositiva948.JPG","E:\Zotero-organized-export\JPG-JPEG\Light Cult NFTs\KTQ5NUC3__Diapositiva948.JPG","62.3"
"949","3","3PKC9GW4__Diapositiva949.JPG","E:\Zotero-organized-export\JPG-JPEG\Light Cult NFTs\3PKC9GW4__Diapositiva949.JPG","62.7"
"949","3","BLT2T5FW__Diapositiva949.JPG","E:\Zotero-organized-export\JPG-JPEG\Light Cult NFTs\BLT2T5FW__Diapositiva949.JPG","72.7"
"949","3","TPX7NMZQ__Diapositiva949.JPG","E:\Zotero-organized-export\JPG-JPEG\Light Cult NFTs\TPX7NMZQ__Diapositiva949.JPG","145.2"
"950","3","FBNBEUJW__Diapositiva950.JPG","E:\Zotero-organized-export\JPG-JPEG\Light Cult NFTs\FBNBEUJW__Diapositiva950.JPG","147.9"
"950","3","L4ZYIQVA__Diapositiva950.JPG","E:\Zotero-organized-export\JPG-JPEG\Light Cult NFTs\L4ZYIQVA__Diapositiva950.JPG","39.8"
"950","3","ZBVQG8RI__Diapositiva950.JPG","E:\Zotero-organized-export\JPG-JPEG\Light Cult NFTs\ZBVQG8RI__Diapositiva950.JPG","89.9"
"951","3","BRGLC7QL__Diapositiva951.JPG","E:\Zotero-organized-export\JPG-JPEG\Light Cult NFTs\BRGLC7QL__Diapositiva951.JPG","119.2"
"951","3","H4NR9N23__Diapositiva951.JPG","E:\Zotero-organized-export\JPG-JPEG\Light Cult NFTs\H4NR9N23__Diapositiva951.JPG","100.4"
"951","3","SNNJNVAQ__Diapositiva951.JPG","E:\Zotero-organized-export\JPG-JPEG\Light Cult NFTs\SNNJNVAQ__Diapositiva951.JPG","64.3"
"952","3","4RUIMEGN__Diapositiva952.JPG","E:\Zotero-organized-export\JPG-JPEG\Light Cult NFTs\4RUIMEGN__Diapositiva952.JPG","116.3"
"952","3","EZAQHLUV__Diapositiva952.JPG","E:\Zotero-organized-export\JPG-JPEG\Light Cult NFTs\EZAQHLUV__Diapositiva952.JPG","43.6"
"952","3","WBE8KMIV__Diapositiva952.JPG","E:\Zotero-organized-export\JPG-JPEG\Light Cult NFTs\WBE8KMIV__Diapositiva952.JPG","109.7"
"953","3","E3B5J3DB__Diapositiva953.JPG","E:\Zotero-organized-export\JPG-JPEG\Light Cult NFTs\E3B5J3DB__Diapositiva953.JPG","242.8"
"953","3","GT8MKI3P__Diapositiva953.JPG","E:\Zotero-organized-export\JPG-JPEG\Light Cult NFTs\GT8MKI3P__Diapositiva953.JPG","111.9"
"953","3","QW3V477D__Diapositiva953.JPG","E:\Zotero-organized-export\JPG-JPEG\Light Cult NFTs\QW3V477D__Diapositiva953.JPG","132.1"
"954","2","3H988BNF__Diapositiva954.JPG","E:\Zotero-organized-export\JPG-JPEG\Light Cult NFTs\3H988BNF__Diapositiva954.JPG","105.6"
"954","2","LGFLHX8M__Diapositiva954.JPG","E:\Zotero-organized-export\JPG-JPEG\Light Cult NFTs\LGFLHX8M__Diapositiva954.JPG","30.8"
"955","3","8W8DU4HX__Diapositiva955.JPG","E:\Zotero-organized-export\JPG-JPEG\Light Cult NFTs\8W8DU4HX__Diapositiva955.JPG","121.2"
"955","3","DPXMTHXX__Diapositiva955.JPG","E:\Zotero-organized-export\JPG-JPEG\Light Cult NFTs\DPXMTHXX__Diapositiva955.JPG","174.3"
"955","3","Z5KICK56__Diapositiva955.JPG","E:\Zotero-organized-export\JPG-JPEG\Light Cult NFTs\Z5KICK56__Diapositiva955.JPG","71.2"
"956","3","G4QMHT8L__Diapositiva956.JPG","E:\Zotero-organized-export\JPG-JPEG\Light Cult NFTs\G4QMHT8L__Diapositiva956.JPG","62.1"
"956","3","GFKZGALJ__Diapositiva956.JPG","E:\Zotero-organized-export\JPG-JPEG\Light Cult NFTs\GFKZGALJ__Diapositiva956.JPG","156"
"956","3","X5YXKXRI__Diapositiva956.JPG","E:\Zotero-organized-export\JPG-JPEG\Light Cult NFTs\X5YXKXRI__Diapositiva956.JPG","130.5"
"957","2","MSJZQPNQ__Diapositiva957.JPG","E:\Zotero-organized-export\JPG-JPEG\Light Cult NFTs\MSJZQPNQ__Diapositiva957.JPG","124.2"
"957","2","R9C4X2KW__Diapositiva957.JPG","E:\Zotero-organized-export\JPG-JPEG\Light Cult NFTs\R9C4X2KW__Diapositiva957.JPG","126.2"
"958","3","6U97QN8G__Diapositiva958.JPG","E:\Zotero-organized-export\JPG-JPEG\Light Cult NFTs\6U97QN8G__Diapositiva958.JPG","152.4"
"958","3","I6Z8YVDC__Diapositiva958.JPG","E:\Zotero-organized-export\JPG-JPEG\Light Cult NFTs\I6Z8YVDC__Diapositiva958.JPG","118.4"
"958","3","XSMS49KU__Diapositiva958.JPG","E:\Zotero-organized-export\JPG-JPEG\Light Cult NFTs\XSMS49KU__Diapositiva958.JPG","212.2"
"959","2","M55N7SCF__Diapositiva959.JPG","E:\Zotero-organized-export\JPG-JPEG\Light Cult NFTs\M55N7SCF__Diapositiva959.JPG","173.3"
"959","2","WJ4SYCZJ__Diapositiva959.JPG","E:\Zotero-organized-export\JPG-JPEG\Light Cult NFTs\WJ4SYCZJ__Diapositiva959.JPG","125"
"960","3","35WJLJ7D__Diapositiva960.JPG","E:\Zotero-organized-export\JPG-JPEG\Light Cult NFTs\35WJLJ7D__Diapositiva960.JPG","82.2"
"960","3","DKQZZDV2__Diapositiva960.JPG","E:\Zotero-organized-export\JPG-JPEG\Light Cult NFTs\DKQZZDV2__Diapositiva960.JPG","136.9"
"960","3","ZU3GVDZK__Diapositiva960.JPG","E:\Zotero-organized-export\JPG-JPEG\Light Cult NFTs\ZU3GVDZK__Diapositiva960.JPG","79.4"
"961","3","7HF5WIXS__Diapositiva961.JPG","E:\Zotero-organized-export\JPG-JPEG\Light Cult NFTs\7HF5WIXS__Diapositiva961.JPG","144.1"
"961","3","GU2KMMKS__Diapositiva961.JPG","E:\Zotero-organized-export\JPG-JPEG\Light Cult NFTs\GU2KMMKS__Diapositiva961.JPG","148.5"
"961","3","Z9LAJYRZ__Diapositiva961.JPG","E:\Zotero-organized-export\JPG-JPEG\Light Cult NFTs\Z9LAJYRZ__Diapositiva961.JPG","71.4"
"962","3","KRCYPDVS__Diapositiva962.JPG","E:\Zotero-organized-export\JPG-JPEG\Light Cult NFTs\KRCYPDVS__Diapositiva962.JPG","37"
"962","3","N6F4IB9S__Diapositiva962.JPG","E:\Zotero-organized-export\JPG-JPEG\Light Cult NFTs\N6F4IB9S__Diapositiva962.JPG","119.6"
"962","3","VEPEWGKH__Diapositiva962.JPG","E:\Zotero-organized-export\JPG-JPEG\Light Cult NFTs\VEPEWGKH__Diapositiva962.JPG","61.5"
"963","3","5V48TWZF__Diapositiva963.JPG","E:\Zotero-organized-export\JPG-JPEG\Light Cult NFTs\5V48TWZF__Diapositiva963.JPG","65.5"
"963","3","PPJ2T5T3__Diapositiva963.JPG","E:\Zotero-organized-export\JPG-JPEG\Light Cult NFTs\PPJ2T5T3__Diapositiva963.JPG","245.8"
"963","3","S68NFY2X__Diapositiva963.JPG","E:\Zotero-organized-export\JPG-JPEG\Light Cult NFTs\S68NFY2X__Diapositiva963.JPG","127.2"
"965","3","3YWVY5RY__Diapositiva965.JPG","E:\Zotero-organized-export\JPG-JPEG\Light Cult NFTs\3YWVY5RY__Diapositiva965.JPG","118.8"
"965","3","8GZNP5HW__Diapositiva965.JPG","E:\Zotero-organized-export\JPG-JPEG\Light Cult NFTs\8GZNP5HW__Diapositiva965.JPG","89.8"
"965","3","DDZJYY7L__Diapositiva965.JPG","E:\Zotero-organized-export\JPG-JPEG\Light Cult NFTs\DDZJYY7L__Diapositiva965.JPG","64.8"
"966","3","32E4LNZ8__Diapositiva966.JPG","E:\Zotero-organized-export\JPG-JPEG\Light Cult NFTs\32E4LNZ8__Diapositiva966.JPG","140.3"
"966","3","KMQ8LDLA__Diapositiva966.JPG","E:\Zotero-organized-export\JPG-JPEG\Light Cult NFTs\KMQ8LDLA__Diapositiva966.JPG","115.8"
"966","3","TK9UC3SA__Diapositiva966.JPG","E:\Zotero-organized-export\JPG-JPEG\Light Cult NFTs\TK9UC3SA__Diapositiva966.JPG","79.7"
"967","3","74T7YHQE__Diapositiva967.JPG","E:\Zotero-organized-export\JPG-JPEG\Light Cult NFTs\74T7YHQE__Diapositiva967.JPG","116.9"
"967","3","GM35679N__Diapositiva967.JPG","E:\Zotero-organized-export\JPG-JPEG\Light Cult NFTs\GM35679N__Diapositiva967.JPG","78.8"
"967","3","IMADDIWI__Diapositiva967.JPG","E:\Zotero-organized-export\JPG-JPEG\Light Cult NFTs\IMADDIWI__Diapositiva967.JPG","61.3"
"968","3","55TNSS9I__Diapositiva968.JPG","E:\Zotero-organized-export\JPG-JPEG\Light Cult NFTs\55TNSS9I__Diapositiva968.JPG","85.8"
"968","3","7EY9U5YJ__Diapositiva968.JPG","E:\Zotero-organized-export\JPG-JPEG\Light Cult NFTs\7EY9U5YJ__Diapositiva968.JPG","138.7"
"968","3","8ZAZ4V7D__Diapositiva968.JPG","E:\Zotero-organized-export\JPG-JPEG\Light Cult NFTs\8ZAZ4V7D__Diapositiva968.JPG","126.2"
"969","3","IVNWKT82__Diapositiva969.JPG","E:\Zotero-organized-export\JPG-JPEG\Light Cult NFTs\IVNWKT82__Diapositiva969.JPG","132.5"
"969","3","UXZYDXBZ__Diapositiva969.JPG","E:\Zotero-organized-export\JPG-JPEG\Light Cult NFTs\UXZYDXBZ__Diapositiva969.JPG","97.6"
"969","3","VBNCCGWP__Diapositiva969.JPG","E:\Zotero-organized-export\JPG-JPEG\Light Cult NFTs\VBNCCGWP__Diapositiva969.JPG","122.8"
"970","3","2627SQ8L__Diapositiva970.JPG","E:\Zotero-organized-export\JPG-JPEG\Light Cult NFTs\2627SQ8L__Diapositiva970.JPG","117.8"
"970","3","2IKKS6MN__Diapositiva970.JPG","E:\Zotero-organized-export\JPG-JPEG\Light Cult NFTs\2IKKS6MN__Diapositiva970.JPG","133.5"
"970","3","H5RJ67CQ__Diapositiva970.JPG","E:\Zotero-organized-export\JPG-JPEG\Light Cult NFTs\H5RJ67CQ__Diapositiva970.JPG","127.8"
"971","3","44Z3J3YH__Diapositiva971.JPG","E:\Zotero-organized-export\JPG-JPEG\Light Cult NFTs\44Z3J3YH__Diapositiva971.JPG","55.3"
"971","3","LQ3E8DFE__Diapositiva971.JPG","E:\Zotero-organized-export\JPG-JPEG\Light Cult NFTs\LQ3E8DFE__Diapositiva971.JPG","86.3"
"971","3","V2UIWYR5__Diapositiva971.JPG","E:\Zotero-organized-export\JPG-JPEG\Light Cult NFTs\V2UIWYR5__Diapositiva971.JPG","67.6"
"972","3","8PT9M7UH__Diapositiva972.JPG","E:\Zotero-organized-export\JPG-JPEG\Light Cult NFTs\8PT9M7UH__Diapositiva972.JPG","111.1"
"972","3","GXC272PK__Diapositiva972.JPG","E:\Zotero-organized-export\JPG-JPEG\Light Cult NFTs\GXC272PK__Diapositiva972.JPG","128.3"
"972","3","VQAZZYHZ__Diapositiva972.JPG","E:\Zotero-organized-export\JPG-JPEG\Light Cult NFTs\VQAZZYHZ__Diapositiva972.JPG","163.9"
"973","3","B6PBD3C5__Diapositiva973.JPG","E:\Zotero-organized-export\JPG-JPEG\Light Cult NFTs\B6PBD3C5__Diapositiva973.JPG","127.4"
"973","3","PVT6BZ54__Diapositiva973.JPG","E:\Zotero-organized-export\JPG-JPEG\Light Cult NFTs\PVT6BZ54__Diapositiva973.JPG","119.1"
"973","3","WTKHT7K7__Diapositiva973.JPG","E:\Zotero-organized-export\JPG-JPEG\Light Cult NFTs\WTKHT7K7__Diapositiva973.JPG","87.7"
"974","3","BT2FHXD4__Diapositiva974.JPG","E:\Zotero-organized-export\JPG-JPEG\Light Cult NFTs\BT2FHXD4__Diapositiva974.JPG","54.2"
"974","3","DMHVNXTB__Diapositiva974.JPG","E:\Zotero-organized-export\JPG-JPEG\Light Cult NFTs\DMHVNXTB__Diapositiva974.JPG","129.2"
"974","3","DNGBVAKH__Diapositiva974.JPG","E:\Zotero-organized-export\JPG-JPEG\Light Cult NFTs\DNGBVAKH__Diapositiva974.JPG","87.4"
"975","3","2VIC7E6J__Diapositiva975.JPG","E:\Zotero-organized-export\JPG-JPEG\Light Cult NFTs\2VIC7E6J__Diapositiva975.JPG","145.5"
"975","3","7CJ5QT63__Diapositiva975.JPG","E:\Zotero-organized-export\JPG-JPEG\Light Cult NFTs\7CJ5QT63__Diapositiva975.JPG","87.7"
"975","3","RF3D9PUG__Diapositiva975.JPG","E:\Zotero-organized-export\JPG-JPEG\Light Cult NFTs\RF3D9PUG__Diapositiva975.JPG","138.4"
"976","3","E449FI36__Diapositiva976.JPG","E:\Zotero-organized-export\JPG-JPEG\Light Cult NFTs\E449FI36__Diapositiva976.JPG","84.9"
"976","3","IJKDXNRP__Diapositiva976.JPG","E:\Zotero-organized-export\JPG-JPEG\Light Cult NFTs\IJKDXNRP__Diapositiva976.JPG","71.8"
"976","3","RFS6L4HB__Diapositiva976.JPG","E:\Zotero-organized-export\JPG-JPEG\Light Cult NFTs\RFS6L4HB__Diapositiva976.JPG","73.2"
"977","3","45YNLUU4__Diapositiva977.JPG","E:\Zotero-organized-export\JPG-JPEG\Light Cult NFTs\45YNLUU4__Diapositiva977.JPG","81.4"
"977","3","FGSG4U9I__Diapositiva977.JPG","E:\Zotero-organized-export\JPG-JPEG\Light Cult NFTs\FGSG4U9I__Diapositiva977.JPG","27.7"
"977","3","TD9ZC8P6__Diapositiva977.JPG","E:\Zotero-organized-export\JPG-JPEG\Light Cult NFTs\TD9ZC8P6__Diapositiva977.JPG","119.5"
"978","3","FYRL7IJ3__Diapositiva978.JPG","E:\Zotero-organized-export\JPG-JPEG\Light Cult NFTs\FYRL7IJ3__Diapositiva978.JPG","89.8"
"978","3","RVIIYI35__Diapositiva978.JPG","E:\Zotero-organized-export\JPG-JPEG\Light Cult NFTs\RVIIYI35__Diapositiva978.JPG","158.2"
"978","3","Z4Z329L5__Diapositiva978.JPG","E:\Zotero-organized-export\JPG-JPEG\Light Cult NFTs\Z4Z329L5__Diapositiva978.JPG","173.7"
"979","3","GESJ94PK__Diapositiva979.JPG","E:\Zotero-organized-export\JPG-JPEG\Light Cult NFTs\GESJ94PK__Diapositiva979.JPG","88.6"
"979","3","SEJZULR6__Diapositiva979.JPG","E:\Zotero-organized-export\JPG-JPEG\Light Cult NFTs\SEJZULR6__Diapositiva979.JPG","128.4"
"979","3","WV97AARC__Diapositiva979.JPG","E:\Zotero-organized-export\JPG-JPEG\Light Cult NFTs\WV97AARC__Diapositiva979.JPG","60.5"
"980","2","ASGL6ZYH__Diapositiva980.JPG","E:\Zotero-organized-export\JPG-JPEG\Light Cult NFTs\ASGL6ZYH__Diapositiva980.JPG","74.8"
"980","2","GGYJFN97__Diapositiva980.JPG","E:\Zotero-organized-export\JPG-JPEG\Light Cult NFTs\GGYJFN97__Diapositiva980.JPG","80.3"
"981","3","A792CPWD__Diapositiva981.JPG","E:\Zotero-organized-export\JPG-JPEG\Light Cult NFTs\A792CPWD__Diapositiva981.JPG","103"
"981","3","JAQ8TR3L__Diapositiva981.JPG","E:\Zotero-organized-export\JPG-JPEG\Light Cult NFTs\JAQ8TR3L__Diapositiva981.JPG","121.9"
"981","3","LV4JUQRL__Diapositiva981.JPG","E:\Zotero-organized-export\JPG-JPEG\Light Cult NFTs\LV4JUQRL__Diapositiva981.JPG","138.6"
"982","3","KGHESWL7__Diapositiva982.JPG","E:\Zotero-organized-export\JPG-JPEG\Light Cult NFTs\KGHESWL7__Diapositiva982.JPG","75.9"
"982","3","N9BJRK4A__Diapositiva982.JPG","E:\Zotero-organized-export\JPG-JPEG\Light Cult NFTs\N9BJRK4A__Diapositiva982.JPG","56.4"
"982","3","XFAF666G__Diapositiva982.JPG","E:\Zotero-organized-export\JPG-JPEG\Light Cult NFTs\XFAF666G__Diapositiva982.JPG","69.8"
"983","3","DVJPKJMI__Diapositiva983.JPG","E:\Zotero-organized-export\JPG-JPEG\Light Cult NFTs\DVJPKJMI__Diapositiva983.JPG","195.4"
"983","3","WDNDAX4U__Diapositiva983.JPG","E:\Zotero-organized-export\JPG-JPEG\Light Cult NFTs\WDNDAX4U__Diapositiva983.JPG","58.9"
"983","3","WLMIWE7Y__Diapositiva983.JPG","E:\Zotero-organized-export\JPG-JPEG\Light Cult NFTs\WLMIWE7Y__Diapositiva983.JPG","73.2"
"984","3","2H9EW2TA__Diapositiva984.JPG","E:\Zotero-organized-export\JPG-JPEG\Light Cult NFTs\2H9EW2TA__Diapositiva984.JPG","77.5"
"984","3","JF4P9BRE__Diapositiva984.JPG","E:\Zotero-organized-export\JPG-JPEG\Light Cult NFTs\JF4P9BRE__Diapositiva984.JPG","114.4"
"984","3","Z4DDG9DV__Diapositiva984.JPG","E:\Zotero-organized-export\JPG-JPEG\Light Cult NFTs\Z4DDG9DV__Diapositiva984.JPG","110.3"
"985","2","7F622FSE__Diapositiva985.JPG","E:\Zotero-organized-export\JPG-JPEG\Light Cult NFTs\7F622FSE__Diapositiva985.JPG","143.2"
"985","2","XM5C3W8E__Diapositiva985.JPG","E:\Zotero-organized-export\JPG-JPEG\Light Cult NFTs\XM5C3W8E__Diapositiva985.JPG","92.7"
"986","3","39EMISUI__Diapositiva986.JPG","E:\Zotero-organized-export\JPG-JPEG\Light Cult NFTs\39EMISUI__Diapositiva986.JPG","76.2"
"986","3","3EDGPKSJ__Diapositiva986.JPG","E:\Zotero-organized-export\JPG-JPEG\Light Cult NFTs\3EDGPKSJ__Diapositiva986.JPG","59.8"
"986","3","JD6RZDAI__Diapositiva986.JPG","E:\Zotero-organized-export\JPG-JPEG\Light Cult NFTs\JD6RZDAI__Diapositiva986.JPG","97.1"
"987","3","76MWF7TZ__Diapositiva987.JPG","E:\Zotero-organized-export\JPG-JPEG\Light Cult NFTs\76MWF7TZ__Diapositiva987.JPG","71.6"
"987","3","NYHYXT7H__Diapositiva987.JPG","E:\Zotero-organized-export\JPG-JPEG\Light Cult NFTs\NYHYXT7H__Diapositiva987.JPG","179.7"
"987","3","ZL898TQ4__Diapositiva987.JPG","E:\Zotero-organized-export\JPG-JPEG\Light Cult NFTs\ZL898TQ4__Diapositiva987.JPG","132"
"988","3","5C4SX327__Diapositiva988.JPG","E:\Zotero-organized-export\JPG-JPEG\Light Cult NFTs\5C4SX327__Diapositiva988.JPG","110"
"988","3","CMSN6ELG__Diapositiva988.JPG","E:\Zotero-organized-export\JPG-JPEG\Light Cult NFTs\CMSN6ELG__Diapositiva988.JPG","66.9"
"988","3","ISIEJXNA__Diapositiva988.JPG","E:\Zotero-organized-export\JPG-JPEG\Light Cult NFTs\ISIEJXNA__Diapositiva988.JPG","57.9"
"989","3","BGTJ5L37__Diapositiva989.JPG","E:\Zotero-organized-export\JPG-JPEG\Light Cult NFTs\BGTJ5L37__Diapositiva989.JPG","81.6"
"989","3","E6FVEKZY__Diapositiva989.JPG","E:\Zotero-organized-export\JPG-JPEG\Light Cult NFTs\E6FVEKZY__Diapositiva989.JPG","48.6"
"989","3","K2RJK93E__Diapositiva989.JPG","E:\Zotero-organized-export\JPG-JPEG\Light Cult NFTs\K2RJK93E__Diapositiva989.JPG","142.9"
"990","3","6IS83LMV__Diapositiva990.JPG","E:\Zotero-organized-export\JPG-JPEG\Light Cult NFTs\6IS83LMV__Diapositiva990.JPG","141.3"
"990","3","QJT56F3C__Diapositiva990.JPG","E:\Zotero-organized-export\JPG-JPEG\Light Cult NFTs\QJT56F3C__Diapositiva990.JPG","65.2"
"990","3","YUX92DG2__Diapositiva990.JPG","E:\Zotero-organized-export\JPG-JPEG\Light Cult NFTs\YUX92DG2__Diapositiva990.JPG","107.3"
"991","3","BY8RTL4U__Diapositiva991.JPG","E:\Zotero-organized-export\JPG-JPEG\Light Cult NFTs\BY8RTL4U__Diapositiva991.JPG","67.1"
"991","3","HCZT27CM__Diapositiva991.JPG","E:\Zotero-organized-export\JPG-JPEG\Light Cult NFTs\HCZT27CM__Diapositiva991.JPG","78.4"
"991","3","I3GEYYQ5__Diapositiva991.JPG","E:\Zotero-organized-export\JPG-JPEG\Light Cult NFTs\I3GEYYQ5__Diapositiva991.JPG","53.2"
"992","3","8I7D8SCM__Diapositiva992.JPG","E:\Zotero-organized-export\JPG-JPEG\Light Cult NFTs\8I7D8SCM__Diapositiva992.JPG","122.7"
"992","3","EENTWM6K__Diapositiva992.JPG","E:\Zotero-organized-export\JPG-JPEG\Light Cult NFTs\EENTWM6K__Diapositiva992.JPG","94"
"992","3","TPAURFEM__Diapositiva992.JPG","E:\Zotero-organized-export\JPG-JPEG\Light Cult NFTs\TPAURFEM__Diapositiva992.JPG","43.5"
"993","3","D46E7WZN__Diapositiva993.JPG","E:\Zotero-organized-export\JPG-JPEG\Light Cult NFTs\D46E7WZN__Diapositiva993.JPG","48.4"
"993","3","H5VDKUV9__Diapositiva993.JPG","E:\Zotero-organized-export\JPG-JPEG\Light Cult NFTs\H5VDKUV9__Diapositiva993.JPG","102.6"
"993","3","QF9DP9QR__Diapositiva993.JPG","E:\Zotero-organized-export\JPG-JPEG\Light Cult NFTs\QF9DP9QR__Diapositiva993.JPG","67.4"
"994","3","9PU2Z35W__Diapositiva994.JPG","E:\Zotero-organized-export\JPG-JPEG\Light Cult NFTs\9PU2Z35W__Diapositiva994.JPG","91.2"
"994","3","L74LKTBL__Diapositiva994.JPG","E:\Zotero-organized-export\JPG-JPEG\Light Cult NFTs\L74LKTBL__Diapositiva994.JPG","118.4"
"994","3","YK27CB5T__Diapositiva994.JPG","E:\Zotero-organized-export\JPG-JPEG\Light Cult NFTs\YK27CB5T__Diapositiva994.JPG","30.7"
"995","3","5FI3AU73__Diapositiva995.JPG","E:\Zotero-organized-export\JPG-JPEG\Light Cult NFTs\5FI3AU73__Diapositiva995.JPG","88.5"
"995","3","5R28XYIW__Diapositiva995.JPG","E:\Zotero-organized-export\JPG-JPEG\Light Cult NFTs\5R28XYIW__Diapositiva995.JPG","66.4"
"995","3","LYPZAEXS__Diapositiva995.JPG","E:\Zotero-organized-export\JPG-JPEG\Light Cult NFTs\LYPZAEXS__Diapositiva995.JPG","131.7"
"996","3","4H4W85CY__Diapositiva996.JPG","E:\Zotero-organized-export\JPG-JPEG\Light Cult NFTs\4H4W85CY__Diapositiva996.JPG","130.1"
"996","3","JFUJEFPC__Diapositiva996.JPG","E:\Zotero-organized-export\JPG-JPEG\Light Cult NFTs\JFUJEFPC__Diapositiva996.JPG","37.2"
"996","3","YXF347IH__Diapositiva996.JPG","E:\Zotero-organized-export\JPG-JPEG\Light Cult NFTs\YXF347IH__Diapositiva996.JPG","64.2"
"997","3","CHZP232M__Diapositiva997.JPG","E:\Zotero-organized-export\JPG-JPEG\Light Cult NFTs\CHZP232M__Diapositiva997.JPG","99.6"
"997","3","CMI3F7LS__Diapositiva997.JPG","E:\Zotero-organized-export\JPG-JPEG\Light Cult NFTs\CMI3F7LS__Diapositiva997.JPG","117.1"
"997","3","YFIDITLB__Diapositiva997.JPG","E:\Zotero-organized-export\JPG-JPEG\Light Cult NFTs\YFIDITLB__Diapositiva997.JPG","78.7"
"998","2","642ZG8VU__Diapositiva998.JPG","E:\Zotero-organized-export\JPG-JPEG\Light Cult NFTs\642ZG8VU__Diapositiva998.JPG","55"
"998","2","IXTEVCFD__Diapositiva998.JPG","E:\Zotero-organized-export\JPG-JPEG\Light Cult NFTs\IXTEVCFD__Diapositiva998.JPG","56.3"
"999","3","PLGUWQYY__Diapositiva999.JPG","E:\Zotero-organized-export\JPG-JPEG\Light Cult NFTs\PLGUWQYY__Diapositiva999.JPG","116.7"
"999","3","PYJIN4MA__Diapositiva999.JPG","E:\Zotero-organized-export\JPG-JPEG\Light Cult NFTs\PYJIN4MA__Diapositiva999.JPG","166.9"
"999","3","WH8AWHSU__Diapositiva999.JPG","E:\Zotero-organized-export\JPG-JPEG\Light Cult NFTs\WH8AWHSU__Diapositiva999.JPG","69.8"
"1000","2","5JSKQLW2__Diapositiva1000.JPG","E:\Zotero-organized-export\JPG-JPEG\Light Cult NFTs\5JSKQLW2__Diapositiva1000.JPG","126.2"
"1000","2","VF2F2NB3__Diapositiva1000.JPG","E:\Zotero-organized-export\JPG-JPEG\Light Cult NFTs\VF2F2NB3__Diapositiva1000.JPG","79"
