"FilePath","Status","Message"
"D:\github\ron-english-light-cult-0001-1000\index.html","READY","Would update."
"D:\github\ron-english-light-cult-0001-1000\gallery-0001-0100.html","READY","Would update."
"D:\github\ron-english-light-cult-0001-1000\gallery-0101-0200.html","READY","Would update."
"D:\github\ron-english-light-cult-0001-1000\gallery-0201-0300.html","READY","Would update."
"D:\github\ron-english-light-cult-0001-1000\gallery-0301-0400.html","READY","Would update."
"D:\github\ron-english-light-cult-0001-1000\gallery-0401-0500.html","READY","Would update."
"D:\github\ron-english-light-cult-0001-1000\gallery-0501-0600.html","READY","Would update."
"D:\github\ron-english-light-cult-0001-1000\gallery-0601-0700.html","READY","Would update."
"D:\github\ron-english-light-cult-0001-1000\gallery-0701-0800.html","READY","Would update."
"D:\github\ron-english-light-cult-0001-1000\gallery-0801-0900.html","READY","Would update."
"D:\github\ron-english-light-cult-0001-1000\gallery-0901-1000.html","READY","Would update."
"D:\github\ron-english-light-cult-0001-1000\items\lccc-0001.html","READY","Would update."
"D:\github\ron-english-light-cult-0001-1000\items\lccc-0002.html","READY","Would update."
"D:\github\ron-english-light-cult-0001-1000\items\lccc-0004.html","SKIP","No changes needed."
"D:\github\ron-english-light-cult-0001-1000\items\lccc-0005.html","SKIP","No changes needed."
"D:\github\ron-english-light-cult-0001-1000\items\lccc-0006.html","SKIP","No changes needed."
"D:\github\ron-english-light-cult-0001-1000\items\lccc-0007.html","SKIP","No changes needed."
"D:\github\ron-english-light-cult-0001-1000\items\lccc-0008.html","SKIP","No changes needed."
"D:\github\ron-english-light-cult-0001-1000\items\lccc-0009.html","SKIP","No changes needed."
"D:\github\ron-english-light-cult-0001-1000\items\lccc-0010.html","SKIP","No changes needed."
"D:\github\ron-english-light-cult-0001-1000\items\lccc-0011.html","SKIP","No changes needed."
"D:\github\ron-english-light-cult-0001-1000\items\lccc-0013.html","READY","Would update."
"D:\github\ron-english-light-cult-0001-1000\items\lccc-0015.html","READY","Would update."
"D:\github\ron-english-light-cult-0001-1000\items\lccc-0016.html","READY","Would update."
"D:\github\ron-english-light-cult-0001-1000\items\lccc-0017.html","READY","Would update."
"D:\github\ron-english-light-cult-0001-1000\items\lccc-0018.html","READY","Would update."
"D:\github\ron-english-light-cult-0001-1000\items\lccc-0020.html","READY","Would update."
"D:\github\ron-english-light-cult-0001-1000\items\lccc-0021.html","READY","Would update."
"D:\github\ron-english-light-cult-0001-1000\items\lccc-0022.html","READY","Would update."
"D:\github\ron-english-light-cult-0001-1000\items\lccc-0023.html","READY","Would update."
"D:\github\ron-english-light-cult-0001-1000\items\lccc-0024.html","READY","Would update."
"D:\github\ron-english-light-cult-0001-1000\items\lccc-0025.html","READY","Would update."
"D:\github\ron-english-light-cult-0001-1000\items\lccc-0026.html","READY","Would update."
"D:\github\ron-english-light-cult-0001-1000\items\lccc-0027.html","READY","Would update."
"D:\github\ron-english-light-cult-0001-1000\items\lccc-0028.html","READY","Would update."
"D:\github\ron-english-light-cult-0001-1000\items\lccc-0029.html","READY","Would update."
"D:\github\ron-english-light-cult-0001-1000\items\lccc-0030.html","READY","Would update."
"D:\github\ron-english-light-cult-0001-1000\items\lccc-0031.html","READY","Would update."
"D:\github\ron-english-light-cult-0001-1000\items\lccc-0032.html","READY","Would update."
"D:\github\ron-english-light-cult-0001-1000\items\lccc-0033.html","READY","Would update."
"D:\github\ron-english-light-cult-0001-1000\items\lccc-0034.html","READY","Would update."
"D:\github\ron-english-light-cult-0001-1000\items\lccc-0037.html","READY","Would update."
"D:\github\ron-english-light-cult-0001-1000\items\lccc-0038.html","READY","Would update."
"D:\github\ron-english-light-cult-0001-1000\items\lccc-0039.html","READY","Would update."
"D:\github\ron-english-light-cult-0001-1000\items\lccc-0040.html","READY","Would update."
"D:\github\ron-english-light-cult-0001-1000\items\lccc-0042.html","READY","Would update."
"D:\github\ron-english-light-cult-0001-1000\items\lccc-0043.html","READY","Would update."
"D:\github\ron-english-light-cult-0001-1000\items\lccc-0044.html","READY","Would update."
"D:\github\ron-english-light-cult-0001-1000\items\lccc-0045.html","READY","Would update."
"D:\github\ron-english-light-cult-0001-1000\items\lccc-0046.html","READY","Would update."
"D:\github\ron-english-light-cult-0001-1000\items\lccc-0047.html","READY","Would update."
"D:\github\ron-english-light-cult-0001-1000\items\lccc-0048.html","READY","Would update."
"D:\github\ron-english-light-cult-0001-1000\items\lccc-0049.html","READY","Would update."
"D:\github\ron-english-light-cult-0001-1000\items\lccc-0050.html","READY","Would update."
"D:\github\ron-english-light-cult-0001-1000\items\lccc-0053.html","READY","Would update."
"D:\github\ron-english-light-cult-0001-1000\items\lccc-0054.html","READY","Would update."
"D:\github\ron-english-light-cult-0001-1000\items\lccc-0055.html","READY","Would update."
"D:\github\ron-english-light-cult-0001-1000\items\lccc-0056.html","READY","Would update."
"D:\github\ron-english-light-cult-0001-1000\items\lccc-0057.html","READY","Would update."
"D:\github\ron-english-light-cult-0001-1000\items\lccc-0058.html","READY","Would update."
"D:\github\ron-english-light-cult-0001-1000\items\lccc-0059.html","READY","Would update."
"D:\github\ron-english-light-cult-0001-1000\items\lccc-0060.html","READY","Would update."
"D:\github\ron-english-light-cult-0001-1000\items\lccc-0061.html","READY","Would update."
"D:\github\ron-english-light-cult-0001-1000\items\lccc-0062.html","READY","Would update."
"D:\github\ron-english-light-cult-0001-1000\items\lccc-0063.html","READY","Would update."
"D:\github\ron-english-light-cult-0001-1000\items\lccc-0064.html","READY","Would update."
"D:\github\ron-english-light-cult-0001-1000\items\lccc-0065.html","READY","Would update."
"D:\github\ron-english-light-cult-0001-1000\items\lccc-0066.html","READY","Would update."
"D:\github\ron-english-light-cult-0001-1000\items\lccc-0067.html","READY","Would update."
"D:\github\ron-english-light-cult-0001-1000\items\lccc-0068.html","READY","Would update."
"D:\github\ron-english-light-cult-0001-1000\items\lccc-0069.html","READY","Would update."
"D:\github\ron-english-light-cult-0001-1000\items\lccc-0070.html","READY","Would update."
"D:\github\ron-english-light-cult-0001-1000\items\lccc-0071.html","READY","Would update."
"D:\github\ron-english-light-cult-0001-1000\items\lccc-0072.html","READY","Would update."
"D:\github\ron-english-light-cult-0001-1000\items\lccc-0073.html","READY","Would update."
"D:\github\ron-english-light-cult-0001-1000\items\lccc-0074.html","READY","Would update."
"D:\github\ron-english-light-cult-0001-1000\items\lccc-0075.html","READY","Would update."
"D:\github\ron-english-light-cult-0001-1000\items\lccc-0076.html","READY","Would update."
"D:\github\ron-english-light-cult-0001-1000\items\lccc-0077.html","READY","Would update."
"D:\github\ron-english-light-cult-0001-1000\items\lccc-0078.html","READY","Would update."
"D:\github\ron-english-light-cult-0001-1000\items\lccc-0079.html","READY","Would update."
"D:\github\ron-english-light-cult-0001-1000\items\lccc-0080.html","READY","Would update."
"D:\github\ron-english-light-cult-0001-1000\items\lccc-0081.html","READY","Would update."
"D:\github\ron-english-light-cult-0001-1000\items\lccc-0082.html","READY","Would update."
"D:\github\ron-english-light-cult-0001-1000\items\lccc-0083.html","READY","Would update."
"D:\github\ron-english-light-cult-0001-1000\items\lccc-0084.html","READY","Would update."
"D:\github\ron-english-light-cult-0001-1000\items\lccc-0085.html","READY","Would update."
"D:\github\ron-english-light-cult-0001-1000\items\lccc-0087.html","READY","Would update."
"D:\github\ron-english-light-cult-0001-1000\items\lccc-0088.html","READY","Would update."
"D:\github\ron-english-light-cult-0001-1000\items\lccc-0089.html","READY","Would update."
"D:\github\ron-english-light-cult-0001-1000\items\lccc-0090.html","READY","Would update."
"D:\github\ron-english-light-cult-0001-1000\items\lccc-0091.html","READY","Would update."
"D:\github\ron-english-light-cult-0001-1000\items\lccc-0093.html","READY","Would update."
"D:\github\ron-english-light-cult-0001-1000\items\lccc-0094.html","READY","Would update."
"D:\github\ron-english-light-cult-0001-1000\items\lccc-0095.html","READY","Would update."
"D:\github\ron-english-light-cult-0001-1000\items\lccc-0096.html","READY","Would update."
"D:\github\ron-english-light-cult-0001-1000\items\lccc-0097.html","READY","Would update."
"D:\github\ron-english-light-cult-0001-1000\items\lccc-0098.html","READY","Would update."
"D:\github\ron-english-light-cult-0001-1000\items\lccc-0099.html","READY","Would update."
"D:\github\ron-english-light-cult-0001-1000\items\lccc-0100.html","READY","Would update."
"D:\github\ron-english-light-cult-0001-1000\items\lccc-0101.html","READY","Would update."
"D:\github\ron-english-light-cult-0001-1000\items\lccc-0102.html","READY","Would update."
"D:\github\ron-english-light-cult-0001-1000\items\lccc-0103.html","READY","Would update."
"D:\github\ron-english-light-cult-0001-1000\items\lccc-0104.html","READY","Would update."
"D:\github\ron-english-light-cult-0001-1000\items\lccc-0105.html","READY","Would update."
"D:\github\ron-english-light-cult-0001-1000\items\lccc-0106.html","READY","Would update."
"D:\github\ron-english-light-cult-0001-1000\items\lccc-0108.html","READY","Would update."
"D:\github\ron-english-light-cult-0001-1000\items\lccc-0109.html","READY","Would update."
"D:\github\ron-english-light-cult-0001-1000\items\lccc-0110.html","READY","Would update."
"D:\github\ron-english-light-cult-0001-1000\items\lccc-0111.html","READY","Would update."
"D:\github\ron-english-light-cult-0001-1000\items\lccc-0112.html","READY","Would update."
"D:\github\ron-english-light-cult-0001-1000\items\lccc-0114.html","READY","Would update."
"D:\github\ron-english-light-cult-0001-1000\items\lccc-0115.html","READY","Would update."
"D:\github\ron-english-light-cult-0001-1000\items\lccc-0116.html","READY","Would update."
"D:\github\ron-english-light-cult-0001-1000\items\lccc-0118.html","READY","Would update."
"D:\github\ron-english-light-cult-0001-1000\items\lccc-0119.html","READY","Would update."
"D:\github\ron-english-light-cult-0001-1000\items\lccc-0120.html","READY","Would update."
"D:\github\ron-english-light-cult-0001-1000\items\lccc-0121.html","READY","Would update."
"D:\github\ron-english-light-cult-0001-1000\items\lccc-0122.html","READY","Would update."
"D:\github\ron-english-light-cult-0001-1000\items\lccc-0123.html","READY","Would update."
"D:\github\ron-english-light-cult-0001-1000\items\lccc-0124.html","READY","Would update."
"D:\github\ron-english-light-cult-0001-1000\items\lccc-0125.html","READY","Would update."
"D:\github\ron-english-light-cult-0001-1000\items\lccc-0126.html","READY","Would update."
"D:\github\ron-english-light-cult-0001-1000\items\lccc-0128.html","READY","Would update."
"D:\github\ron-english-light-cult-0001-1000\items\lccc-0129.html","READY","Would update."
"D:\github\ron-english-light-cult-0001-1000\items\lccc-0131.html","READY","Would update."
"D:\github\ron-english-light-cult-0001-1000\items\lccc-0133.html","READY","Would update."
"D:\github\ron-english-light-cult-0001-1000\items\lccc-0134.html","READY","Would update."
"D:\github\ron-english-light-cult-0001-1000\items\lccc-0135.html","READY","Would update."
"D:\github\ron-english-light-cult-0001-1000\items\lccc-0136.html","READY","Would update."
"D:\github\ron-english-light-cult-0001-1000\items\lccc-0138.html","READY","Would update."
"D:\github\ron-english-light-cult-0001-1000\items\lccc-0140.html","READY","Would update."
"D:\github\ron-english-light-cult-0001-1000\items\lccc-0141.html","READY","Would update."
"D:\github\ron-english-light-cult-0001-1000\items\lccc-0145.html","READY","Would update."
"D:\github\ron-english-light-cult-0001-1000\items\lccc-0146.html","READY","Would update."
"D:\github\ron-english-light-cult-0001-1000\items\lccc-0147.html","READY","Would update."
"D:\github\ron-english-light-cult-0001-1000\items\lccc-0148.html","READY","Would update."
"D:\github\ron-english-light-cult-0001-1000\items\lccc-0149.html","READY","Would update."
"D:\github\ron-english-light-cult-0001-1000\items\lccc-0150.html","READY","Would update."
"D:\github\ron-english-light-cult-0001-1000\items\lccc-0151.html","READY","Would update."
"D:\github\ron-english-light-cult-0001-1000\items\lccc-0152.html","READY","Would update."
"D:\github\ron-english-light-cult-0001-1000\items\lccc-0153.html","READY","Would update."
"D:\github\ron-english-light-cult-0001-1000\items\lccc-0154.html","READY","Would update."
"D:\github\ron-english-light-cult-0001-1000\items\lccc-0155.html","READY","Would update."
"D:\github\ron-english-light-cult-0001-1000\items\lccc-0156.html","READY","Would update."
"D:\github\ron-english-light-cult-0001-1000\items\lccc-0157.html","READY","Would update."
"D:\github\ron-english-light-cult-0001-1000\items\lccc-0158.html","READY","Would update."
"D:\github\ron-english-light-cult-0001-1000\items\lccc-0159.html","READY","Would update."
"D:\github\ron-english-light-cult-0001-1000\items\lccc-0160.html","READY","Would update."
"D:\github\ron-english-light-cult-0001-1000\items\lccc-0161.html","READY","Would update."
"D:\github\ron-english-light-cult-0001-1000\items\lccc-0162.html","READY","Would update."
"D:\github\ron-english-light-cult-0001-1000\items\lccc-0163.html","READY","Would update."
"D:\github\ron-english-light-cult-0001-1000\items\lccc-0165.html","READY","Would update."
"D:\github\ron-english-light-cult-0001-1000\items\lccc-0166.html","READY","Would update."
"D:\github\ron-english-light-cult-0001-1000\items\lccc-0167.html","READY","Would update."
"D:\github\ron-english-light-cult-0001-1000\items\lccc-0168.html","READY","Would update."
"D:\github\ron-english-light-cult-0001-1000\items\lccc-0169.html","READY","Would update."
"D:\github\ron-english-light-cult-0001-1000\items\lccc-0170.html","READY","Would update."
"D:\github\ron-english-light-cult-0001-1000\items\lccc-0171.html","READY","Would update."
"D:\github\ron-english-light-cult-0001-1000\items\lccc-0172.html","READY","Would update."
"D:\github\ron-english-light-cult-0001-1000\items\lccc-0173.html","READY","Would update."
"D:\github\ron-english-light-cult-0001-1000\items\lccc-0174.html","READY","Would update."
"D:\github\ron-english-light-cult-0001-1000\items\lccc-0175.html","READY","Would update."
"D:\github\ron-english-light-cult-0001-1000\items\lccc-0176.html","READY","Would update."
"D:\github\ron-english-light-cult-0001-1000\items\lccc-0177.html","READY","Would update."
"D:\github\ron-english-light-cult-0001-1000\items\lccc-0178.html","READY","Would update."
"D:\github\ron-english-light-cult-0001-1000\items\lccc-0179.html","READY","Would update."
"D:\github\ron-english-light-cult-0001-1000\items\lccc-0180.html","READY","Would update."
"D:\github\ron-english-light-cult-0001-1000\items\lccc-0182.html","READY","Would update."
"D:\github\ron-english-light-cult-0001-1000\items\lccc-0183.html","READY","Would update."
"D:\github\ron-english-light-cult-0001-1000\items\lccc-0184.html","READY","Would update."
"D:\github\ron-english-light-cult-0001-1000\items\lccc-0185.html","READY","Would update."
"D:\github\ron-english-light-cult-0001-1000\items\lccc-0186.html","READY","Would update."
"D:\github\ron-english-light-cult-0001-1000\items\lccc-0187.html","READY","Would update."
"D:\github\ron-english-light-cult-0001-1000\items\lccc-0189.html","READY","Would update."
"D:\github\ron-english-light-cult-0001-1000\items\lccc-0190.html","READY","Would update."
"D:\github\ron-english-light-cult-0001-1000\items\lccc-0191.html","READY","Would update."
"D:\github\ron-english-light-cult-0001-1000\items\lccc-0194.html","READY","Would update."
"D:\github\ron-english-light-cult-0001-1000\items\lccc-0195.html","READY","Would update."
"D:\github\ron-english-light-cult-0001-1000\items\lccc-0196.html","READY","Would update."
"D:\github\ron-english-light-cult-0001-1000\items\lccc-0197.html","READY","Would update."
"D:\github\ron-english-light-cult-0001-1000\items\lccc-0198.html","READY","Would update."
"D:\github\ron-english-light-cult-0001-1000\items\lccc-0199.html","READY","Would update."
"D:\github\ron-english-light-cult-0001-1000\items\lccc-0200.html","READY","Would update."
"D:\github\ron-english-light-cult-0001-1000\items\lccc-0201.html","READY","Would update."
"D:\github\ron-english-light-cult-0001-1000\items\lccc-0202.html","READY","Would update."
"D:\github\ron-english-light-cult-0001-1000\items\lccc-0204.html","READY","Would update."
"D:\github\ron-english-light-cult-0001-1000\items\lccc-0205.html","READY","Would update."
"D:\github\ron-english-light-cult-0001-1000\items\lccc-0206.html","READY","Would update."
"D:\github\ron-english-light-cult-0001-1000\items\lccc-0207.html","READY","Would update."
"D:\github\ron-english-light-cult-0001-1000\items\lccc-0208.html","READY","Would update."
"D:\github\ron-english-light-cult-0001-1000\items\lccc-0209.html","READY","Would update."
"D:\github\ron-english-light-cult-0001-1000\items\lccc-0210.html","READY","Would update."
"D:\github\ron-english-light-cult-0001-1000\items\lccc-0211.html","READY","Would update."
"D:\github\ron-english-light-cult-0001-1000\items\lccc-0212.html","READY","Would update."
"D:\github\ron-english-light-cult-0001-1000\items\lccc-0213.html","READY","Would update."
"D:\github\ron-english-light-cult-0001-1000\items\lccc-0214.html","READY","Would update."
"D:\github\ron-english-light-cult-0001-1000\items\lccc-0215.html","READY","Would update."
"D:\github\ron-english-light-cult-0001-1000\items\lccc-0216.html","READY","Would update."
"D:\github\ron-english-light-cult-0001-1000\items\lccc-0217.html","READY","Would update."
"D:\github\ron-english-light-cult-0001-1000\items\lccc-0218.html","READY","Would update."
"D:\github\ron-english-light-cult-0001-1000\items\lccc-0219.html","READY","Would update."
"D:\github\ron-english-light-cult-0001-1000\items\lccc-0220.html","READY","Would update."
"D:\github\ron-english-light-cult-0001-1000\items\lccc-0222.html","READY","Would update."
"D:\github\ron-english-light-cult-0001-1000\items\lccc-0223.html","READY","Would update."
"D:\github\ron-english-light-cult-0001-1000\items\lccc-0224.html","READY","Would update."
"D:\github\ron-english-light-cult-0001-1000\items\lccc-0225.html","READY","Would update."
"D:\github\ron-english-light-cult-0001-1000\items\lccc-0226.html","READY","Would update."
"D:\github\ron-english-light-cult-0001-1000\items\lccc-0227.html","READY","Would update."
"D:\github\ron-english-light-cult-0001-1000\items\lccc-0228.html","READY","Would update."
"D:\github\ron-english-light-cult-0001-1000\items\lccc-0229.html","READY","Would update."
"D:\github\ron-english-light-cult-0001-1000\items\lccc-0230.html","READY","Would update."
"D:\github\ron-english-light-cult-0001-1000\items\lccc-0231.html","READY","Would update."
"D:\github\ron-english-light-cult-0001-1000\items\lccc-0232.html","READY","Would update."
"D:\github\ron-english-light-cult-0001-1000\items\lccc-0233.html","READY","Would update."
"D:\github\ron-english-light-cult-0001-1000\items\lccc-0234.html","READY","Would update."
"D:\github\ron-english-light-cult-0001-1000\items\lccc-0235.html","READY","Would update."
"D:\github\ron-english-light-cult-0001-1000\items\lccc-0236.html","READY","Would update."
"D:\github\ron-english-light-cult-0001-1000\items\lccc-0237.html","READY","Would update."
"D:\github\ron-english-light-cult-0001-1000\items\lccc-0238.html","READY","Would update."
"D:\github\ron-english-light-cult-0001-1000\items\lccc-0239.html","READY","Would update."
"D:\github\ron-english-light-cult-0001-1000\items\lccc-0240.html","READY","Would update."
"D:\github\ron-english-light-cult-0001-1000\items\lccc-0241.html","READY","Would update."
"D:\github\ron-english-light-cult-0001-1000\items\lccc-0242.html","READY","Would update."
"D:\github\ron-english-light-cult-0001-1000\items\lccc-0244.html","READY","Would update."
"D:\github\ron-english-light-cult-0001-1000\items\lccc-0245.html","READY","Would update."
"D:\github\ron-english-light-cult-0001-1000\items\lccc-0246.html","READY","Would update."
"D:\github\ron-english-light-cult-0001-1000\items\lccc-0247.html","READY","Would update."
"D:\github\ron-english-light-cult-0001-1000\items\lccc-0248.html","READY","Would update."
"D:\github\ron-english-light-cult-0001-1000\items\lccc-0249.html","READY","Would update."
"D:\github\ron-english-light-cult-0001-1000\items\lccc-0250.html","READY","Would update."
"D:\github\ron-english-light-cult-0001-1000\items\lccc-0251.html","READY","Would update."
"D:\github\ron-english-light-cult-0001-1000\items\lccc-0252.html","READY","Would update."
"D:\github\ron-english-light-cult-0001-1000\items\lccc-0253.html","READY","Would update."
"D:\github\ron-english-light-cult-0001-1000\items\lccc-0254.html","READY","Would update."
"D:\github\ron-english-light-cult-0001-1000\items\lccc-0255.html","READY","Would update."
"D:\github\ron-english-light-cult-0001-1000\items\lccc-0256.html","READY","Would update."
"D:\github\ron-english-light-cult-0001-1000\items\lccc-0259.html","READY","Would update."
"D:\github\ron-english-light-cult-0001-1000\items\lccc-0260.html","READY","Would update."
"D:\github\ron-english-light-cult-0001-1000\items\lccc-0261.html","READY","Would update."
"D:\github\ron-english-light-cult-0001-1000\items\lccc-0262.html","READY","Would update."
"D:\github\ron-english-light-cult-0001-1000\items\lccc-0263.html","READY","Would update."
"D:\github\ron-english-light-cult-0001-1000\items\lccc-0264.html","READY","Would update."
"D:\github\ron-english-light-cult-0001-1000\items\lccc-0265.html","READY","Would update."
"D:\github\ron-english-light-cult-0001-1000\items\lccc-0266.html","READY","Would update."
"D:\github\ron-english-light-cult-0001-1000\items\lccc-0267.html","READY","Would update."
"D:\github\ron-english-light-cult-0001-1000\items\lccc-0268.html","READY","Would update."
"D:\github\ron-english-light-cult-0001-1000\items\lccc-0270.html","READY","Would update."
"D:\github\ron-english-light-cult-0001-1000\items\lccc-0272.html","READY","Would update."
"D:\github\ron-english-light-cult-0001-1000\items\lccc-0274.html","READY","Would update."
"D:\github\ron-english-light-cult-0001-1000\items\lccc-0275.html","READY","Would update."
"D:\github\ron-english-light-cult-0001-1000\items\lccc-0276.html","READY","Would update."
"D:\github\ron-english-light-cult-0001-1000\items\lccc-0277.html","READY","Would update."
"D:\github\ron-english-light-cult-0001-1000\items\lccc-0278.html","READY","Would update."
"D:\github\ron-english-light-cult-0001-1000\items\lccc-0279.html","READY","Would update."
"D:\github\ron-english-light-cult-0001-1000\items\lccc-0280.html","READY","Would update."
"D:\github\ron-english-light-cult-0001-1000\items\lccc-0281.html","READY","Would update."
"D:\github\ron-english-light-cult-0001-1000\items\lccc-0282.html","READY","Would update."
"D:\github\ron-english-light-cult-0001-1000\items\lccc-0283.html","READY","Would update."
"D:\github\ron-english-light-cult-0001-1000\items\lccc-0285.html","READY","Would update."
"D:\github\ron-english-light-cult-0001-1000\items\lccc-0287.html","READY","Would update."
"D:\github\ron-english-light-cult-0001-1000\items\lccc-0289.html","READY","Would update."
"D:\github\ron-english-light-cult-0001-1000\items\lccc-0290.html","READY","Would update."
"D:\github\ron-english-light-cult-0001-1000\items\lccc-0292.html","READY","Would update."
"D:\github\ron-english-light-cult-0001-1000\items\lccc-0293.html","READY","Would update."
"D:\github\ron-english-light-cult-0001-1000\items\lccc-0295.html","READY","Would update."
"D:\github\ron-english-light-cult-0001-1000\items\lccc-0296.html","READY","Would update."
"D:\github\ron-english-light-cult-0001-1000\items\lccc-0297.html","READY","Would update."
"D:\github\ron-english-light-cult-0001-1000\items\lccc-0298.html","READY","Would update."
"D:\github\ron-english-light-cult-0001-1000\items\lccc-0299.html","READY","Would update."
"D:\github\ron-english-light-cult-0001-1000\items\lccc-0300.html","READY","Would update."
"D:\github\ron-english-light-cult-0001-1000\items\lccc-0301.html","READY","Would update."
"D:\github\ron-english-light-cult-0001-1000\items\lccc-0302.html","READY","Would update."
"D:\github\ron-english-light-cult-0001-1000\items\lccc-0303.html","READY","Would update."
"D:\github\ron-english-light-cult-0001-1000\items\lccc-0304.html","READY","Would update."
"D:\github\ron-english-light-cult-0001-1000\items\lccc-0305.html","READY","Would update."
"D:\github\ron-english-light-cult-0001-1000\items\lccc-0306.html","READY","Would update."
"D:\github\ron-english-light-cult-0001-1000\items\lccc-0307.html","READY","Would update."
"D:\github\ron-english-light-cult-0001-1000\items\lccc-0308.html","READY","Would update."
"D:\github\ron-english-light-cult-0001-1000\items\lccc-0309.html","READY","Would update."
"D:\github\ron-english-light-cult-0001-1000\items\lccc-0310.html","READY","Would update."
"D:\github\ron-english-light-cult-0001-1000\items\lccc-0311.html","READY","Would update."
"D:\github\ron-english-light-cult-0001-1000\items\lccc-0312.html","READY","Would update."
"D:\github\ron-english-light-cult-0001-1000\items\lccc-0313.html","READY","Would update."
"D:\github\ron-english-light-cult-0001-1000\items\lccc-0314.html","READY","Would update."
"D:\github\ron-english-light-cult-0001-1000\items\lccc-0315.html","READY","Would update."
"D:\github\ron-english-light-cult-0001-1000\items\lccc-0316.html","READY","Would update."
"D:\github\ron-english-light-cult-0001-1000\items\lccc-0317.html","READY","Would update."
"D:\github\ron-english-light-cult-0001-1000\items\lccc-0318.html","READY","Would update."
"D:\github\ron-english-light-cult-0001-1000\items\lccc-0319.html","READY","Would update."
"D:\github\ron-english-light-cult-0001-1000\items\lccc-0320.html","READY","Would update."
"D:\github\ron-english-light-cult-0001-1000\items\lccc-0321.html","READY","Would update."
"D:\github\ron-english-light-cult-0001-1000\items\lccc-0322.html","READY","Would update."
"D:\github\ron-english-light-cult-0001-1000\items\lccc-0324.html","READY","Would update."
"D:\github\ron-english-light-cult-0001-1000\items\lccc-0325.html","READY","Would update."
"D:\github\ron-english-light-cult-0001-1000\items\lccc-0327.html","READY","Would update."
"D:\github\ron-english-light-cult-0001-1000\items\lccc-0328.html","READY","Would update."
"D:\github\ron-english-light-cult-0001-1000\items\lccc-0329.html","READY","Would update."
"D:\github\ron-english-light-cult-0001-1000\items\lccc-0330.html","READY","Would update."
"D:\github\ron-english-light-cult-0001-1000\items\lccc-0331.html","READY","Would update."
"D:\github\ron-english-light-cult-0001-1000\items\lccc-0332.html","READY","Would update."
"D:\github\ron-english-light-cult-0001-1000\items\lccc-0333.html","READY","Would update."
"D:\github\ron-english-light-cult-0001-1000\items\lccc-0334.html","READY","Would update."
"D:\github\ron-english-light-cult-0001-1000\items\lccc-0335.html","READY","Would update."
"D:\github\ron-english-light-cult-0001-1000\items\lccc-0336.html","READY","Would update."
"D:\github\ron-english-light-cult-0001-1000\items\lccc-0337.html","READY","Would update."
"D:\github\ron-english-light-cult-0001-1000\items\lccc-0338.html","READY","Would update."
"D:\github\ron-english-light-cult-0001-1000\items\lccc-0339.html","READY","Would update."
"D:\github\ron-english-light-cult-0001-1000\items\lccc-0340.html","READY","Would update."
"D:\github\ron-english-light-cult-0001-1000\items\lccc-0341.html","READY","Would update."
"D:\github\ron-english-light-cult-0001-1000\items\lccc-0342.html","READY","Would update."
"D:\github\ron-english-light-cult-0001-1000\items\lccc-0343.html","READY","Would update."
"D:\github\ron-english-light-cult-0001-1000\items\lccc-0344.html","READY","Would update."
"D:\github\ron-english-light-cult-0001-1000\items\lccc-0345.html","READY","Would update."
"D:\github\ron-english-light-cult-0001-1000\items\lccc-0346.html","READY","Would update."
"D:\github\ron-english-light-cult-0001-1000\items\lccc-0347.html","READY","Would update."
"D:\github\ron-english-light-cult-0001-1000\items\lccc-0348.html","READY","Would update."
"D:\github\ron-english-light-cult-0001-1000\items\lccc-0349.html","READY","Would update."
"D:\github\ron-english-light-cult-0001-1000\items\lccc-0350.html","READY","Would update."
"D:\github\ron-english-light-cult-0001-1000\items\lccc-0351.html","READY","Would update."
"D:\github\ron-english-light-cult-0001-1000\items\lccc-0352.html","READY","Would update."
"D:\github\ron-english-light-cult-0001-1000\items\lccc-0353.html","READY","Would update."
"D:\github\ron-english-light-cult-0001-1000\items\lccc-0354.html","READY","Would update."
"D:\github\ron-english-light-cult-0001-1000\items\lccc-0355.html","READY","Would update."
"D:\github\ron-english-light-cult-0001-1000\items\lccc-0357.html","READY","Would update."
"D:\github\ron-english-light-cult-0001-1000\items\lccc-0359.html","READY","Would update."
"D:\github\ron-english-light-cult-0001-1000\items\lccc-0360.html","READY","Would update."
"D:\github\ron-english-light-cult-0001-1000\items\lccc-0361.html","READY","Would update."
"D:\github\ron-english-light-cult-0001-1000\items\lccc-0363.html","READY","Would update."
"D:\github\ron-english-light-cult-0001-1000\items\lccc-0364.html","READY","Would update."
"D:\github\ron-english-light-cult-0001-1000\items\lccc-0365.html","READY","Would update."
"D:\github\ron-english-light-cult-0001-1000\items\lccc-0366.html","READY","Would update."
"D:\github\ron-english-light-cult-0001-1000\items\lccc-0367.html","READY","Would update."
"D:\github\ron-english-light-cult-0001-1000\items\lccc-0368.html","READY","Would update."
"D:\github\ron-english-light-cult-0001-1000\items\lccc-0370.html","READY","Would update."
"D:\github\ron-english-light-cult-0001-1000\items\lccc-0371.html","READY","Would update."
"D:\github\ron-english-light-cult-0001-1000\items\lccc-0372.html","READY","Would update."
"D:\github\ron-english-light-cult-0001-1000\items\lccc-0373.html","READY","Would update."
"D:\github\ron-english-light-cult-0001-1000\items\lccc-0374.html","READY","Would update."
"D:\github\ron-english-light-cult-0001-1000\items\lccc-0375.html","READY","Would update."
"D:\github\ron-english-light-cult-0001-1000\items\lccc-0376.html","READY","Would update."
"D:\github\ron-english-light-cult-0001-1000\items\lccc-0377.html","READY","Would update."
"D:\github\ron-english-light-cult-0001-1000\items\lccc-0379.html","READY","Would update."
"D:\github\ron-english-light-cult-0001-1000\items\lccc-0380.html","READY","Would update."
"D:\github\ron-english-light-cult-0001-1000\items\lccc-0381.html","READY","Would update."
"D:\github\ron-english-light-cult-0001-1000\items\lccc-0382.html","READY","Would update."
"D:\github\ron-english-light-cult-0001-1000\items\lccc-0384.html","READY","Would update."
"D:\github\ron-english-light-cult-0001-1000\items\lccc-0385.html","READY","Would update."
"D:\github\ron-english-light-cult-0001-1000\items\lccc-0386.html","READY","Would update."
"D:\github\ron-english-light-cult-0001-1000\items\lccc-0388.html","READY","Would update."
"D:\github\ron-english-light-cult-0001-1000\items\lccc-0389.html","READY","Would update."
"D:\github\ron-english-light-cult-0001-1000\items\lccc-0390.html","READY","Would update."
"D:\github\ron-english-light-cult-0001-1000\items\lccc-0391.html","READY","Would update."
"D:\github\ron-english-light-cult-0001-1000\items\lccc-0392.html","READY","Would update."
"D:\github\ron-english-light-cult-0001-1000\items\lccc-0393.html","READY","Would update."
"D:\github\ron-english-light-cult-0001-1000\items\lccc-0394.html","READY","Would update."
"D:\github\ron-english-light-cult-0001-1000\items\lccc-0395.html","READY","Would update."
"D:\github\ron-english-light-cult-0001-1000\items\lccc-0397.html","READY","Would update."
"D:\github\ron-english-light-cult-0001-1000\items\lccc-0398.html","READY","Would update."
"D:\github\ron-english-light-cult-0001-1000\items\lccc-0399.html","READY","Would update."
"D:\github\ron-english-light-cult-0001-1000\items\lccc-0400.html","READY","Would update."
"D:\github\ron-english-light-cult-0001-1000\items\lccc-0401.html","READY","Would update."
"D:\github\ron-english-light-cult-0001-1000\items\lccc-0403.html","READY","Would update."
"D:\github\ron-english-light-cult-0001-1000\items\lccc-0404.html","READY","Would update."
"D:\github\ron-english-light-cult-0001-1000\items\lccc-0405.html","READY","Would update."
"D:\github\ron-english-light-cult-0001-1000\items\lccc-0406.html","READY","Would update."
"D:\github\ron-english-light-cult-0001-1000\items\lccc-0407.html","READY","Would update."
"D:\github\ron-english-light-cult-0001-1000\items\lccc-0408.html","READY","Would update."
"D:\github\ron-english-light-cult-0001-1000\items\lccc-0409.html","READY","Would update."
"D:\github\ron-english-light-cult-0001-1000\items\lccc-0410.html","READY","Would update."
"D:\github\ron-english-light-cult-0001-1000\items\lccc-0411.html","READY","Would update."
"D:\github\ron-english-light-cult-0001-1000\items\lccc-0412.html","READY","Would update."
"D:\github\ron-english-light-cult-0001-1000\items\lccc-0413.html","READY","Would update."
"D:\github\ron-english-light-cult-0001-1000\items\lccc-0414.html","READY","Would update."
"D:\github\ron-english-light-cult-0001-1000\items\lccc-0415.html","READY","Would update."
"D:\github\ron-english-light-cult-0001-1000\items\lccc-0417.html","READY","Would update."
"D:\github\ron-english-light-cult-0001-1000\items\lccc-0418.html","READY","Would update."
"D:\github\ron-english-light-cult-0001-1000\items\lccc-0419.html","READY","Would update."
"D:\github\ron-english-light-cult-0001-1000\items\lccc-0420.html","READY","Would update."
"D:\github\ron-english-light-cult-0001-1000\items\lccc-0421.html","READY","Would update."
"D:\github\ron-english-light-cult-0001-1000\items\lccc-0422.html","READY","Would update."
"D:\github\ron-english-light-cult-0001-1000\items\lccc-0423.html","READY","Would update."
"D:\github\ron-english-light-cult-0001-1000\items\lccc-0424.html","READY","Would update."
"D:\github\ron-english-light-cult-0001-1000\items\lccc-0425.html","READY","Would update."
"D:\github\ron-english-light-cult-0001-1000\items\lccc-0426.html","READY","Would update."
"D:\github\ron-english-light-cult-0001-1000\items\lccc-0427.html","READY","Would update."
"D:\github\ron-english-light-cult-0001-1000\items\lccc-0429.html","READY","Would update."
"D:\github\ron-english-light-cult-0001-1000\items\lccc-0430.html","READY","Would update."
"D:\github\ron-english-light-cult-0001-1000\items\lccc-0431.html","READY","Would update."
"D:\github\ron-english-light-cult-0001-1000\items\lccc-0432.html","READY","Would update."
"D:\github\ron-english-light-cult-0001-1000\items\lccc-0433.html","READY","Would update."
"D:\github\ron-english-light-cult-0001-1000\items\lccc-0434.html","READY","Would update."
"D:\github\ron-english-light-cult-0001-1000\items\lccc-0436.html","READY","Would update."
"D:\github\ron-english-light-cult-0001-1000\items\lccc-0437.html","READY","Would update."
"D:\github\ron-english-light-cult-0001-1000\items\lccc-0438.html","READY","Would update."
"D:\github\ron-english-light-cult-0001-1000\items\lccc-0440.html","READY","Would update."
"D:\github\ron-english-light-cult-0001-1000\items\lccc-0441.html","READY","Would update."
"D:\github\ron-english-light-cult-0001-1000\items\lccc-0442.html","READY","Would update."
"D:\github\ron-english-light-cult-0001-1000\items\lccc-0443.html","READY","Would update."
"D:\github\ron-english-light-cult-0001-1000\items\lccc-0444.html","READY","Would update."
"D:\github\ron-english-light-cult-0001-1000\items\lccc-0446.html","READY","Would update."
"D:\github\ron-english-light-cult-0001-1000\items\lccc-0447.html","READY","Would update."
"D:\github\ron-english-light-cult-0001-1000\items\lccc-0448.html","READY","Would update."
"D:\github\ron-english-light-cult-0001-1000\items\lccc-0449.html","READY","Would update."
"D:\github\ron-english-light-cult-0001-1000\items\lccc-0450.html","READY","Would update."
"D:\github\ron-english-light-cult-0001-1000\items\lccc-0451.html","READY","Would update."
"D:\github\ron-english-light-cult-0001-1000\items\lccc-0452.html","READY","Would update."
"D:\github\ron-english-light-cult-0001-1000\items\lccc-0453.html","READY","Would update."
"D:\github\ron-english-light-cult-0001-1000\items\lccc-0455.html","READY","Would update."
"D:\github\ron-english-light-cult-0001-1000\items\lccc-0456.html","READY","Would update."
"D:\github\ron-english-light-cult-0001-1000\items\lccc-0457.html","READY","Would update."
"D:\github\ron-english-light-cult-0001-1000\items\lccc-0458.html","READY","Would update."
"D:\github\ron-english-light-cult-0001-1000\items\lccc-0459.html","READY","Would update."
"D:\github\ron-english-light-cult-0001-1000\items\lccc-0461.html","READY","Would update."
"D:\github\ron-english-light-cult-0001-1000\items\lccc-0462.html","READY","Would update."
"D:\github\ron-english-light-cult-0001-1000\items\lccc-0463.html","READY","Would update."
"D:\github\ron-english-light-cult-0001-1000\items\lccc-0464.html","READY","Would update."
"D:\github\ron-english-light-cult-0001-1000\items\lccc-0465.html","READY","Would update."
"D:\github\ron-english-light-cult-0001-1000\items\lccc-0466.html","READY","Would update."
"D:\github\ron-english-light-cult-0001-1000\items\lccc-0467.html","READY","Would update."
"D:\github\ron-english-light-cult-0001-1000\items\lccc-0468.html","READY","Would update."
"D:\github\ron-english-light-cult-0001-1000\items\lccc-0469.html","READY","Would update."
"D:\github\ron-english-light-cult-0001-1000\items\lccc-0470.html","READY","Would update."
"D:\github\ron-english-light-cult-0001-1000\items\lccc-0471.html","READY","Would update."
"D:\github\ron-english-light-cult-0001-1000\items\lccc-0473.html","READY","Would update."
"D:\github\ron-english-light-cult-0001-1000\items\lccc-0475.html","READY","Would update."
"D:\github\ron-english-light-cult-0001-1000\items\lccc-0476.html","READY","Would update."
"D:\github\ron-english-light-cult-0001-1000\items\lccc-0477.html","READY","Would update."
"D:\github\ron-english-light-cult-0001-1000\items\lccc-0478.html","READY","Would update."
"D:\github\ron-english-light-cult-0001-1000\items\lccc-0480.html","READY","Would update."
"D:\github\ron-english-light-cult-0001-1000\items\lccc-0481.html","READY","Would update."
"D:\github\ron-english-light-cult-0001-1000\items\lccc-0482.html","READY","Would update."
"D:\github\ron-english-light-cult-0001-1000\items\lccc-0483.html","READY","Would update."
"D:\github\ron-english-light-cult-0001-1000\items\lccc-0484.html","READY","Would update."
"D:\github\ron-english-light-cult-0001-1000\items\lccc-0485.html","READY","Would update."
"D:\github\ron-english-light-cult-0001-1000\items\lccc-0486.html","READY","Would update."
"D:\github\ron-english-light-cult-0001-1000\items\lccc-0487.html","READY","Would update."
"D:\github\ron-english-light-cult-0001-1000\items\lccc-0490.html","READY","Would update."
"D:\github\ron-english-light-cult-0001-1000\items\lccc-0491.html","READY","Would update."
"D:\github\ron-english-light-cult-0001-1000\items\lccc-0492.html","READY","Would update."
"D:\github\ron-english-light-cult-0001-1000\items\lccc-0493.html","READY","Would update."
"D:\github\ron-english-light-cult-0001-1000\items\lccc-0494.html","READY","Would update."
"D:\github\ron-english-light-cult-0001-1000\items\lccc-0495.html","READY","Would update."
"D:\github\ron-english-light-cult-0001-1000\items\lccc-0496.html","READY","Would update."
"D:\github\ron-english-light-cult-0001-1000\items\lccc-0497.html","READY","Would update."
"D:\github\ron-english-light-cult-0001-1000\items\lccc-0498.html","READY","Would update."
"D:\github\ron-english-light-cult-0001-1000\items\lccc-0499.html","READY","Would update."
"D:\github\ron-english-light-cult-0001-1000\items\lccc-0500.html","READY","Would update."
"D:\github\ron-english-light-cult-0001-1000\items\lccc-0501.html","READY","Would update."
"D:\github\ron-english-light-cult-0001-1000\items\lccc-0502.html","READY","Would update."
"D:\github\ron-english-light-cult-0001-1000\items\lccc-0503.html","READY","Would update."
"D:\github\ron-english-light-cult-0001-1000\items\lccc-0504.html","READY","Would update."
"D:\github\ron-english-light-cult-0001-1000\items\lccc-0505.html","READY","Would update."
"D:\github\ron-english-light-cult-0001-1000\items\lccc-0506.html","READY","Would update."
"D:\github\ron-english-light-cult-0001-1000\items\lccc-0507.html","READY","Would update."
"D:\github\ron-english-light-cult-0001-1000\items\lccc-0508.html","READY","Would update."
"D:\github\ron-english-light-cult-0001-1000\items\lccc-0509.html","READY","Would update."
"D:\github\ron-english-light-cult-0001-1000\items\lccc-0510.html","READY","Would update."
"D:\github\ron-english-light-cult-0001-1000\items\lccc-0511.html","READY","Would update."
"D:\github\ron-english-light-cult-0001-1000\items\lccc-0512.html","READY","Would update."
"D:\github\ron-english-light-cult-0001-1000\items\lccc-0513.html","READY","Would update."
"D:\github\ron-english-light-cult-0001-1000\items\lccc-0514.html","READY","Would update."
"D:\github\ron-english-light-cult-0001-1000\items\lccc-0515.html","READY","Would update."
"D:\github\ron-english-light-cult-0001-1000\items\lccc-0516.html","READY","Would update."
"D:\github\ron-english-light-cult-0001-1000\items\lccc-0517.html","READY","Would update."
"D:\github\ron-english-light-cult-0001-1000\items\lccc-0518.html","READY","Would update."
"D:\github\ron-english-light-cult-0001-1000\items\lccc-0519.html","READY","Would update."
"D:\github\ron-english-light-cult-0001-1000\items\lccc-0521.html","READY","Would update."
"D:\github\ron-english-light-cult-0001-1000\items\lccc-0522.html","READY","Would update."
"D:\github\ron-english-light-cult-0001-1000\items\lccc-0523.html","READY","Would update."
"D:\github\ron-english-light-cult-0001-1000\items\lccc-0524.html","READY","Would update."
"D:\github\ron-english-light-cult-0001-1000\items\lccc-0525.html","READY","Would update."
"D:\github\ron-english-light-cult-0001-1000\items\lccc-0526.html","READY","Would update."
"D:\github\ron-english-light-cult-0001-1000\items\lccc-0527.html","READY","Would update."
"D:\github\ron-english-light-cult-0001-1000\items\lccc-0528.html","READY","Would update."
"D:\github\ron-english-light-cult-0001-1000\items\lccc-0529.html","READY","Would update."
"D:\github\ron-english-light-cult-0001-1000\items\lccc-0530.html","READY","Would update."
"D:\github\ron-english-light-cult-0001-1000\items\lccc-0531.html","READY","Would update."
"D:\github\ron-english-light-cult-0001-1000\items\lccc-0532.html","READY","Would update."
"D:\github\ron-english-light-cult-0001-1000\items\lccc-0533.html","READY","Would update."
"D:\github\ron-english-light-cult-0001-1000\items\lccc-0534.html","READY","Would update."
"D:\github\ron-english-light-cult-0001-1000\items\lccc-0535.html","READY","Would update."
"D:\github\ron-english-light-cult-0001-1000\items\lccc-0536.html","READY","Would update."
"D:\github\ron-english-light-cult-0001-1000\items\lccc-0537.html","READY","Would update."
"D:\github\ron-english-light-cult-0001-1000\items\lccc-0538.html","READY","Would update."
"D:\github\ron-english-light-cult-0001-1000\items\lccc-0539.html","READY","Would update."
"D:\github\ron-english-light-cult-0001-1000\items\lccc-0540.html","READY","Would update."
"D:\github\ron-english-light-cult-0001-1000\items\lccc-0541.html","READY","Would update."
"D:\github\ron-english-light-cult-0001-1000\items\lccc-0543.html","READY","Would update."
"D:\github\ron-english-light-cult-0001-1000\items\lccc-0544.html","READY","Would update."
"D:\github\ron-english-light-cult-0001-1000\items\lccc-0545.html","READY","Would update."
"D:\github\ron-english-light-cult-0001-1000\items\lccc-0546.html","READY","Would update."
"D:\github\ron-english-light-cult-0001-1000\items\lccc-0547.html","READY","Would update."
"D:\github\ron-english-light-cult-0001-1000\items\lccc-0550.html","READY","Would update."
"D:\github\ron-english-light-cult-0001-1000\items\lccc-0552.html","READY","Would update."
"D:\github\ron-english-light-cult-0001-1000\items\lccc-0554.html","READY","Would update."
"D:\github\ron-english-light-cult-0001-1000\items\lccc-0555.html","READY","Would update."
"D:\github\ron-english-light-cult-0001-1000\items\lccc-0556.html","READY","Would update."
"D:\github\ron-english-light-cult-0001-1000\items\lccc-0557.html","READY","Would update."
"D:\github\ron-english-light-cult-0001-1000\items\lccc-0558.html","READY","Would update."
"D:\github\ron-english-light-cult-0001-1000\items\lccc-0559.html","READY","Would update."
"D:\github\ron-english-light-cult-0001-1000\items\lccc-0560.html","READY","Would update."
"D:\github\ron-english-light-cult-0001-1000\items\lccc-0561.html","READY","Would update."
"D:\github\ron-english-light-cult-0001-1000\items\lccc-0562.html","READY","Would update."
"D:\github\ron-english-light-cult-0001-1000\items\lccc-0563.html","READY","Would update."
"D:\github\ron-english-light-cult-0001-1000\items\lccc-0564.html","READY","Would update."
"D:\github\ron-english-light-cult-0001-1000\items\lccc-0565.html","READY","Would update."
"D:\github\ron-english-light-cult-0001-1000\items\lccc-0566.html","READY","Would update."
"D:\github\ron-english-light-cult-0001-1000\items\lccc-0567.html","READY","Would update."
"D:\github\ron-english-light-cult-0001-1000\items\lccc-0568.html","READY","Would update."
"D:\github\ron-english-light-cult-0001-1000\items\lccc-0569.html","READY","Would update."
"D:\github\ron-english-light-cult-0001-1000\items\lccc-0570.html","READY","Would update."
"D:\github\ron-english-light-cult-0001-1000\items\lccc-0571.html","READY","Would update."
"D:\github\ron-english-light-cult-0001-1000\items\lccc-0572.html","READY","Would update."
"D:\github\ron-english-light-cult-0001-1000\items\lccc-0573.html","READY","Would update."
"D:\github\ron-english-light-cult-0001-1000\items\lccc-0574.html","READY","Would update."
"D:\github\ron-english-light-cult-0001-1000\items\lccc-0575.html","READY","Would update."
"D:\github\ron-english-light-cult-0001-1000\items\lccc-0576.html","READY","Would update."
"D:\github\ron-english-light-cult-0001-1000\items\lccc-0577.html","READY","Would update."
"D:\github\ron-english-light-cult-0001-1000\items\lccc-0578.html","READY","Would update."
"D:\github\ron-english-light-cult-0001-1000\items\lccc-0579.html","READY","Would update."
"D:\github\ron-english-light-cult-0001-1000\items\lccc-0582.html","READY","Would update."
"D:\github\ron-english-light-cult-0001-1000\items\lccc-0583.html","READY","Would update."
"D:\github\ron-english-light-cult-0001-1000\items\lccc-0584.html","READY","Would update."
"D:\github\ron-english-light-cult-0001-1000\items\lccc-0585.html","READY","Would update."
"D:\github\ron-english-light-cult-0001-1000\items\lccc-0586.html","READY","Would update."
"D:\github\ron-english-light-cult-0001-1000\items\lccc-0587.html","READY","Would update."
"D:\github\ron-english-light-cult-0001-1000\items\lccc-0588.html","READY","Would update."
"D:\github\ron-english-light-cult-0001-1000\items\lccc-0589.html","READY","Would update."
"D:\github\ron-english-light-cult-0001-1000\items\lccc-0590.html","READY","Would update."
"D:\github\ron-english-light-cult-0001-1000\items\lccc-0591.html","READY","Would update."
"D:\github\ron-english-light-cult-0001-1000\items\lccc-0592.html","READY","Would update."
"D:\github\ron-english-light-cult-0001-1000\items\lccc-0593.html","READY","Would update."
"D:\github\ron-english-light-cult-0001-1000\items\lccc-0594.html","READY","Would update."
"D:\github\ron-english-light-cult-0001-1000\items\lccc-0595.html","READY","Would update."
"D:\github\ron-english-light-cult-0001-1000\items\lccc-0596.html","READY","Would update."
"D:\github\ron-english-light-cult-0001-1000\items\lccc-0597.html","READY","Would update."
"D:\github\ron-english-light-cult-0001-1000\items\lccc-0598.html","READY","Would update."
"D:\github\ron-english-light-cult-0001-1000\items\lccc-0599.html","READY","Would update."
"D:\github\ron-english-light-cult-0001-1000\items\lccc-0600.html","READY","Would update."
"D:\github\ron-english-light-cult-0001-1000\items\lccc-0601.html","READY","Would update."
"D:\github\ron-english-light-cult-0001-1000\items\lccc-0603.html","READY","Would update."
"D:\github\ron-english-light-cult-0001-1000\items\lccc-0604.html","READY","Would update."
"D:\github\ron-english-light-cult-0001-1000\items\lccc-0606.html","READY","Would update."
"D:\github\ron-english-light-cult-0001-1000\items\lccc-0607.html","READY","Would update."
"D:\github\ron-english-light-cult-0001-1000\items\lccc-0608.html","READY","Would update."
"D:\github\ron-english-light-cult-0001-1000\items\lccc-0609.html","READY","Would update."
"D:\github\ron-english-light-cult-0001-1000\items\lccc-0610.html","READY","Would update."
"D:\github\ron-english-light-cult-0001-1000\items\lccc-0611.html","READY","Would update."
"D:\github\ron-english-light-cult-0001-1000\items\lccc-0612.html","READY","Would update."
"D:\github\ron-english-light-cult-0001-1000\items\lccc-0613.html","READY","Would update."
"D:\github\ron-english-light-cult-0001-1000\items\lccc-0614.html","READY","Would update."
"D:\github\ron-english-light-cult-0001-1000\items\lccc-0615.html","READY","Would update."
"D:\github\ron-english-light-cult-0001-1000\items\lccc-0616.html","READY","Would update."
"D:\github\ron-english-light-cult-0001-1000\items\lccc-0618.html","READY","Would update."
"D:\github\ron-english-light-cult-0001-1000\items\lccc-0619.html","READY","Would update."
"D:\github\ron-english-light-cult-0001-1000\items\lccc-0620.html","READY","Would update."
"D:\github\ron-english-light-cult-0001-1000\items\lccc-0621.html","READY","Would update."
"D:\github\ron-english-light-cult-0001-1000\items\lccc-0622.html","READY","Would update."
"D:\github\ron-english-light-cult-0001-1000\items\lccc-0623.html","READY","Would update."
"D:\github\ron-english-light-cult-0001-1000\items\lccc-0626.html","READY","Would update."
"D:\github\ron-english-light-cult-0001-1000\items\lccc-0627.html","READY","Would update."
"D:\github\ron-english-light-cult-0001-1000\items\lccc-0628.html","READY","Would update."
"D:\github\ron-english-light-cult-0001-1000\items\lccc-0631.html","READY","Would update."
"D:\github\ron-english-light-cult-0001-1000\items\lccc-0632.html","READY","Would update."
"D:\github\ron-english-light-cult-0001-1000\items\lccc-0633.html","READY","Would update."
"D:\github\ron-english-light-cult-0001-1000\items\lccc-0634.html","READY","Would update."
"D:\github\ron-english-light-cult-0001-1000\items\lccc-0635.html","READY","Would update."
"D:\github\ron-english-light-cult-0001-1000\items\lccc-0636.html","READY","Would update."
"D:\github\ron-english-light-cult-0001-1000\items\lccc-0639.html","READY","Would update."
"D:\github\ron-english-light-cult-0001-1000\items\lccc-0640.html","READY","Would update."
"D:\github\ron-english-light-cult-0001-1000\items\lccc-0641.html","READY","Would update."
"D:\github\ron-english-light-cult-0001-1000\items\lccc-0643.html","READY","Would update."
"D:\github\ron-english-light-cult-0001-1000\items\lccc-0644.html","READY","Would update."
"D:\github\ron-english-light-cult-0001-1000\items\lccc-0646.html","READY","Would update."
"D:\github\ron-english-light-cult-0001-1000\items\lccc-0648.html","READY","Would update."
"D:\github\ron-english-light-cult-0001-1000\items\lccc-0649.html","READY","Would update."
"D:\github\ron-english-light-cult-0001-1000\items\lccc-0650.html","READY","Would update."
"D:\github\ron-english-light-cult-0001-1000\items\lccc-0651.html","READY","Would update."
"D:\github\ron-english-light-cult-0001-1000\items\lccc-0652.html","READY","Would update."
"D:\github\ron-english-light-cult-0001-1000\items\lccc-0653.html","READY","Would update."
"D:\github\ron-english-light-cult-0001-1000\items\lccc-0654.html","READY","Would update."
"D:\github\ron-english-light-cult-0001-1000\items\lccc-0655.html","READY","Would update."
"D:\github\ron-english-light-cult-0001-1000\items\lccc-0656.html","READY","Would update."
"D:\github\ron-english-light-cult-0001-1000\items\lccc-0657.html","READY","Would update."
"D:\github\ron-english-light-cult-0001-1000\items\lccc-0658.html","READY","Would update."
"D:\github\ron-english-light-cult-0001-1000\items\lccc-0659.html","READY","Would update."
"D:\github\ron-english-light-cult-0001-1000\items\lccc-0661.html","READY","Would update."
"D:\github\ron-english-light-cult-0001-1000\items\lccc-0662.html","READY","Would update."
"D:\github\ron-english-light-cult-0001-1000\items\lccc-0663.html","READY","Would update."
"D:\github\ron-english-light-cult-0001-1000\items\lccc-0664.html","READY","Would update."
"D:\github\ron-english-light-cult-0001-1000\items\lccc-0665.html","READY","Would update."
"D:\github\ron-english-light-cult-0001-1000\items\lccc-0667.html","READY","Would update."
"D:\github\ron-english-light-cult-0001-1000\items\lccc-0668.html","READY","Would update."
"D:\github\ron-english-light-cult-0001-1000\items\lccc-0671.html","READY","Would update."
"D:\github\ron-english-light-cult-0001-1000\items\lccc-0672.html","READY","Would update."
"D:\github\ron-english-light-cult-0001-1000\items\lccc-0673.html","READY","Would update."
"D:\github\ron-english-light-cult-0001-1000\items\lccc-0675.html","READY","Would update."
"D:\github\ron-english-light-cult-0001-1000\items\lccc-0676.html","READY","Would update."
"D:\github\ron-english-light-cult-0001-1000\items\lccc-0677.html","READY","Would update."
"D:\github\ron-english-light-cult-0001-1000\items\lccc-0678.html","READY","Would update."
"D:\github\ron-english-light-cult-0001-1000\items\lccc-0679.html","READY","Would update."
"D:\github\ron-english-light-cult-0001-1000\items\lccc-0681.html","READY","Would update."
"D:\github\ron-english-light-cult-0001-1000\items\lccc-0682.html","READY","Would update."
"D:\github\ron-english-light-cult-0001-1000\items\lccc-0683.html","READY","Would update."
"D:\github\ron-english-light-cult-0001-1000\items\lccc-0684.html","READY","Would update."
"D:\github\ron-english-light-cult-0001-1000\items\lccc-0685.html","READY","Would update."
"D:\github\ron-english-light-cult-0001-1000\items\lccc-0686.html","READY","Would update."
"D:\github\ron-english-light-cult-0001-1000\items\lccc-0687.html","READY","Would update."
"D:\github\ron-english-light-cult-0001-1000\items\lccc-0688.html","READY","Would update."
"D:\github\ron-english-light-cult-0001-1000\items\lccc-0689.html","READY","Would update."
"D:\github\ron-english-light-cult-0001-1000\items\lccc-0690.html","READY","Would update."
"D:\github\ron-english-light-cult-0001-1000\items\lccc-0692.html","READY","Would update."
"D:\github\ron-english-light-cult-0001-1000\items\lccc-0693.html","READY","Would update."
"D:\github\ron-english-light-cult-0001-1000\items\lccc-0694.html","READY","Would update."
"D:\github\ron-english-light-cult-0001-1000\items\lccc-0695.html","READY","Would update."
"D:\github\ron-english-light-cult-0001-1000\items\lccc-0697.html","READY","Would update."
"D:\github\ron-english-light-cult-0001-1000\items\lccc-0699.html","READY","Would update."
"D:\github\ron-english-light-cult-0001-1000\items\lccc-0700.html","READY","Would update."
"D:\github\ron-english-light-cult-0001-1000\items\lccc-0701.html","READY","Would update."
"D:\github\ron-english-light-cult-0001-1000\items\lccc-0703.html","READY","Would update."
"D:\github\ron-english-light-cult-0001-1000\items\lccc-0704.html","READY","Would update."
"D:\github\ron-english-light-cult-0001-1000\items\lccc-0705.html","READY","Would update."
"D:\github\ron-english-light-cult-0001-1000\items\lccc-0706.html","READY","Would update."
"D:\github\ron-english-light-cult-0001-1000\items\lccc-0707.html","READY","Would update."
"D:\github\ron-english-light-cult-0001-1000\items\lccc-0708.html","READY","Would update."
"D:\github\ron-english-light-cult-0001-1000\items\lccc-0710.html","READY","Would update."
"D:\github\ron-english-light-cult-0001-1000\items\lccc-0711.html","READY","Would update."
"D:\github\ron-english-light-cult-0001-1000\items\lccc-0712.html","READY","Would update."
"D:\github\ron-english-light-cult-0001-1000\items\lccc-0713.html","READY","Would update."
"D:\github\ron-english-light-cult-0001-1000\items\lccc-0714.html","READY","Would update."
"D:\github\ron-english-light-cult-0001-1000\items\lccc-0715.html","READY","Would update."
"D:\github\ron-english-light-cult-0001-1000\items\lccc-0716.html","READY","Would update."
"D:\github\ron-english-light-cult-0001-1000\items\lccc-0717.html","READY","Would update."
"D:\github\ron-english-light-cult-0001-1000\items\lccc-0718.html","READY","Would update."
"D:\github\ron-english-light-cult-0001-1000\items\lccc-0719.html","READY","Would update."
"D:\github\ron-english-light-cult-0001-1000\items\lccc-0721.html","READY","Would update."
"D:\github\ron-english-light-cult-0001-1000\items\lccc-0722.html","READY","Would update."
"D:\github\ron-english-light-cult-0001-1000\items\lccc-0723.html","READY","Would update."
"D:\github\ron-english-light-cult-0001-1000\items\lccc-0725.html","READY","Would update."
"D:\github\ron-english-light-cult-0001-1000\items\lccc-0726.html","READY","Would update."
"D:\github\ron-english-light-cult-0001-1000\items\lccc-0729.html","READY","Would update."
"D:\github\ron-english-light-cult-0001-1000\items\lccc-0730.html","READY","Would update."
"D:\github\ron-english-light-cult-0001-1000\items\lccc-0731.html","READY","Would update."
"D:\github\ron-english-light-cult-0001-1000\items\lccc-0732.html","READY","Would update."
"D:\github\ron-english-light-cult-0001-1000\items\lccc-0733.html","READY","Would update."
"D:\github\ron-english-light-cult-0001-1000\items\lccc-0734.html","READY","Would update."
"D:\github\ron-english-light-cult-0001-1000\items\lccc-0735.html","READY","Would update."
"D:\github\ron-english-light-cult-0001-1000\items\lccc-0736.html","READY","Would update."
"D:\github\ron-english-light-cult-0001-1000\items\lccc-0737.html","READY","Would update."
"D:\github\ron-english-light-cult-0001-1000\items\lccc-0738.html","READY","Would update."
"D:\github\ron-english-light-cult-0001-1000\items\lccc-0739.html","READY","Would update."
"D:\github\ron-english-light-cult-0001-1000\items\lccc-0740.html","READY","Would update."
"D:\github\ron-english-light-cult-0001-1000\items\lccc-0741.html","READY","Would update."
"D:\github\ron-english-light-cult-0001-1000\items\lccc-0742.html","READY","Would update."
"D:\github\ron-english-light-cult-0001-1000\items\lccc-0743.html","READY","Would update."
"D:\github\ron-english-light-cult-0001-1000\items\lccc-0744.html","READY","Would update."
"D:\github\ron-english-light-cult-0001-1000\items\lccc-0745.html","READY","Would update."
"D:\github\ron-english-light-cult-0001-1000\items\lccc-0746.html","READY","Would update."
"D:\github\ron-english-light-cult-0001-1000\items\lccc-0747.html","READY","Would update."
"D:\github\ron-english-light-cult-0001-1000\items\lccc-0749.html","READY","Would update."
"D:\github\ron-english-light-cult-0001-1000\items\lccc-0750.html","READY","Would update."
"D:\github\ron-english-light-cult-0001-1000\items\lccc-0752.html","READY","Would update."
"D:\github\ron-english-light-cult-0001-1000\items\lccc-0753.html","READY","Would update."
"D:\github\ron-english-light-cult-0001-1000\items\lccc-0754.html","READY","Would update."
"D:\github\ron-english-light-cult-0001-1000\items\lccc-0755.html","READY","Would update."
"D:\github\ron-english-light-cult-0001-1000\items\lccc-0756.html","READY","Would update."
"D:\github\ron-english-light-cult-0001-1000\items\lccc-0757.html","READY","Would update."
"D:\github\ron-english-light-cult-0001-1000\items\lccc-0758.html","READY","Would update."
"D:\github\ron-english-light-cult-0001-1000\items\lccc-0759.html","READY","Would update."
"D:\github\ron-english-light-cult-0001-1000\items\lccc-0760.html","READY","Would update."
"D:\github\ron-english-light-cult-0001-1000\items\lccc-0762.html","READY","Would update."
"D:\github\ron-english-light-cult-0001-1000\items\lccc-0763.html","READY","Would update."
"D:\github\ron-english-light-cult-0001-1000\items\lccc-0765.html","READY","Would update."
"D:\github\ron-english-light-cult-0001-1000\items\lccc-0766.html","READY","Would update."
"D:\github\ron-english-light-cult-0001-1000\items\lccc-0767.html","READY","Would update."
"D:\github\ron-english-light-cult-0001-1000\items\lccc-0768.html","READY","Would update."
"D:\github\ron-english-light-cult-0001-1000\items\lccc-0769.html","READY","Would update."
"D:\github\ron-english-light-cult-0001-1000\items\lccc-0770.html","READY","Would update."
"D:\github\ron-english-light-cult-0001-1000\items\lccc-0771.html","READY","Would update."
"D:\github\ron-english-light-cult-0001-1000\items\lccc-0772.html","READY","Would update."
"D:\github\ron-english-light-cult-0001-1000\items\lccc-0773.html","READY","Would update."
"D:\github\ron-english-light-cult-0001-1000\items\lccc-0774.html","READY","Would update."
"D:\github\ron-english-light-cult-0001-1000\items\lccc-0775.html","READY","Would update."
"D:\github\ron-english-light-cult-0001-1000\items\lccc-0776.html","READY","Would update."
"D:\github\ron-english-light-cult-0001-1000\items\lccc-0778.html","READY","Would update."
"D:\github\ron-english-light-cult-0001-1000\items\lccc-0779.html","READY","Would update."
"D:\github\ron-english-light-cult-0001-1000\items\lccc-0780.html","READY","Would update."
"D:\github\ron-english-light-cult-0001-1000\items\lccc-0781.html","READY","Would update."
"D:\github\ron-english-light-cult-0001-1000\items\lccc-0782.html","READY","Would update."
"D:\github\ron-english-light-cult-0001-1000\items\lccc-0783.html","READY","Would update."
"D:\github\ron-english-light-cult-0001-1000\items\lccc-0784.html","READY","Would update."
"D:\github\ron-english-light-cult-0001-1000\items\lccc-0785.html","READY","Would update."
"D:\github\ron-english-light-cult-0001-1000\items\lccc-0786.html","READY","Would update."
"D:\github\ron-english-light-cult-0001-1000\items\lccc-0787.html","READY","Would update."
"D:\github\ron-english-light-cult-0001-1000\items\lccc-0788.html","READY","Would update."
"D:\github\ron-english-light-cult-0001-1000\items\lccc-0789.html","READY","Would update."
"D:\github\ron-english-light-cult-0001-1000\items\lccc-0790.html","READY","Would update."
"D:\github\ron-english-light-cult-0001-1000\items\lccc-0793.html","READY","Would update."
"D:\github\ron-english-light-cult-0001-1000\items\lccc-0794.html","READY","Would update."
"D:\github\ron-english-light-cult-0001-1000\items\lccc-0795.html","READY","Would update."
"D:\github\ron-english-light-cult-0001-1000\items\lccc-0796.html","READY","Would update."
"D:\github\ron-english-light-cult-0001-1000\items\lccc-0797.html","READY","Would update."
"D:\github\ron-english-light-cult-0001-1000\items\lccc-0798.html","READY","Would update."
"D:\github\ron-english-light-cult-0001-1000\items\lccc-0799.html","READY","Would update."
"D:\github\ron-english-light-cult-0001-1000\items\lccc-0800.html","READY","Would update."
"D:\github\ron-english-light-cult-0001-1000\items\lccc-0801.html","READY","Would update."
"D:\github\ron-english-light-cult-0001-1000\items\lccc-0802.html","READY","Would update."
"D:\github\ron-english-light-cult-0001-1000\items\lccc-0803.html","READY","Would update."
"D:\github\ron-english-light-cult-0001-1000\items\lccc-0804.html","READY","Would update."
"D:\github\ron-english-light-cult-0001-1000\items\lccc-0805.html","READY","Would update."
"D:\github\ron-english-light-cult-0001-1000\items\lccc-0806.html","READY","Would update."
"D:\github\ron-english-light-cult-0001-1000\items\lccc-0807.html","READY","Would update."
"D:\github\ron-english-light-cult-0001-1000\items\lccc-0808.html","READY","Would update."
"D:\github\ron-english-light-cult-0001-1000\items\lccc-0809.html","READY","Would update."
"D:\github\ron-english-light-cult-0001-1000\items\lccc-0810.html","READY","Would update."
"D:\github\ron-english-light-cult-0001-1000\items\lccc-0812.html","READY","Would update."
"D:\github\ron-english-light-cult-0001-1000\items\lccc-0813.html","READY","Would update."
"D:\github\ron-english-light-cult-0001-1000\items\lccc-0814.html","READY","Would update."
"D:\github\ron-english-light-cult-0001-1000\items\lccc-0815.html","READY","Would update."
"D:\github\ron-english-light-cult-0001-1000\items\lccc-0816.html","READY","Would update."
"D:\github\ron-english-light-cult-0001-1000\items\lccc-0817.html","READY","Would update."
"D:\github\ron-english-light-cult-0001-1000\items\lccc-0818.html","READY","Would update."
"D:\github\ron-english-light-cult-0001-1000\items\lccc-0820.html","READY","Would update."
"D:\github\ron-english-light-cult-0001-1000\items\lccc-0821.html","READY","Would update."
"D:\github\ron-english-light-cult-0001-1000\items\lccc-0822.html","READY","Would update."
"D:\github\ron-english-light-cult-0001-1000\items\lccc-0823.html","READY","Would update."
"D:\github\ron-english-light-cult-0001-1000\items\lccc-0824.html","READY","Would update."
"D:\github\ron-english-light-cult-0001-1000\items\lccc-0825.html","READY","Would update."
"D:\github\ron-english-light-cult-0001-1000\items\lccc-0826.html","READY","Would update."
"D:\github\ron-english-light-cult-0001-1000\items\lccc-0827.html","READY","Would update."
"D:\github\ron-english-light-cult-0001-1000\items\lccc-0828.html","READY","Would update."
"D:\github\ron-english-light-cult-0001-1000\items\lccc-0829.html","READY","Would update."
"D:\github\ron-english-light-cult-0001-1000\items\lccc-0830.html","READY","Would update."
"D:\github\ron-english-light-cult-0001-1000\items\lccc-0831.html","READY","Would update."
"D:\github\ron-english-light-cult-0001-1000\items\lccc-0833.html","READY","Would update."
"D:\github\ron-english-light-cult-0001-1000\items\lccc-0834.html","READY","Would update."
"D:\github\ron-english-light-cult-0001-1000\items\lccc-0835.html","READY","Would update."
"D:\github\ron-english-light-cult-0001-1000\items\lccc-0836.html","READY","Would update."
"D:\github\ron-english-light-cult-0001-1000\items\lccc-0837.html","READY","Would update."
"D:\github\ron-english-light-cult-0001-1000\items\lccc-0839.html","READY","Would update."
"D:\github\ron-english-light-cult-0001-1000\items\lccc-0840.html","READY","Would update."
"D:\github\ron-english-light-cult-0001-1000\items\lccc-0841.html","READY","Would update."
"D:\github\ron-english-light-cult-0001-1000\items\lccc-0843.html","READY","Would update."
"D:\github\ron-english-light-cult-0001-1000\items\lccc-0844.html","READY","Would update."
"D:\github\ron-english-light-cult-0001-1000\items\lccc-0845.html","READY","Would update."
"D:\github\ron-english-light-cult-0001-1000\items\lccc-0846.html","READY","Would update."
"D:\github\ron-english-light-cult-0001-1000\items\lccc-0847.html","READY","Would update."
"D:\github\ron-english-light-cult-0001-1000\items\lccc-0848.html","READY","Would update."
"D:\github\ron-english-light-cult-0001-1000\items\lccc-0849.html","READY","Would update."
"D:\github\ron-english-light-cult-0001-1000\items\lccc-0850.html","READY","Would update."
"D:\github\ron-english-light-cult-0001-1000\items\lccc-0851.html","READY","Would update."
"D:\github\ron-english-light-cult-0001-1000\items\lccc-0852.html","READY","Would update."
"D:\github\ron-english-light-cult-0001-1000\items\lccc-0853.html","READY","Would update."
"D:\github\ron-english-light-cult-0001-1000\items\lccc-0854.html","READY","Would update."
"D:\github\ron-english-light-cult-0001-1000\items\lccc-0855.html","READY","Would update."
"D:\github\ron-english-light-cult-0001-1000\items\lccc-0856.html","READY","Would update."
"D:\github\ron-english-light-cult-0001-1000\items\lccc-0857.html","READY","Would update."
"D:\github\ron-english-light-cult-0001-1000\items\lccc-0859.html","READY","Would update."
"D:\github\ron-english-light-cult-0001-1000\items\lccc-0863.html","READY","Would update."
"D:\github\ron-english-light-cult-0001-1000\items\lccc-0864.html","READY","Would update."
"D:\github\ron-english-light-cult-0001-1000\items\lccc-0865.html","READY","Would update."
"D:\github\ron-english-light-cult-0001-1000\items\lccc-0866.html","READY","Would update."
"D:\github\ron-english-light-cult-0001-1000\items\lccc-0868.html","READY","Would update."
"D:\github\ron-english-light-cult-0001-1000\items\lccc-0869.html","READY","Would update."
"D:\github\ron-english-light-cult-0001-1000\items\lccc-0870.html","READY","Would update."
"D:\github\ron-english-light-cult-0001-1000\items\lccc-0871.html","READY","Would update."
"D:\github\ron-english-light-cult-0001-1000\items\lccc-0872.html","READY","Would update."
"D:\github\ron-english-light-cult-0001-1000\items\lccc-0873.html","READY","Would update."
"D:\github\ron-english-light-cult-0001-1000\items\lccc-0874.html","READY","Would update."
"D:\github\ron-english-light-cult-0001-1000\items\lccc-0875.html","READY","Would update."
"D:\github\ron-english-light-cult-0001-1000\items\lccc-0876.html","READY","Would update."
"D:\github\ron-english-light-cult-0001-1000\items\lccc-0878.html","READY","Would update."
"D:\github\ron-english-light-cult-0001-1000\items\lccc-0879.html","READY","Would update."
"D:\github\ron-english-light-cult-0001-1000\items\lccc-0880.html","READY","Would update."
"D:\github\ron-english-light-cult-0001-1000\items\lccc-0881.html","READY","Would update."
"D:\github\ron-english-light-cult-0001-1000\items\lccc-0882.html","READY","Would update."
"D:\github\ron-english-light-cult-0001-1000\items\lccc-0883.html","READY","Would update."
"D:\github\ron-english-light-cult-0001-1000\items\lccc-0884.html","READY","Would update."
"D:\github\ron-english-light-cult-0001-1000\items\lccc-0885.html","READY","Would update."
"D:\github\ron-english-light-cult-0001-1000\items\lccc-0887.html","READY","Would update."
"D:\github\ron-english-light-cult-0001-1000\items\lccc-0888.html","READY","Would update."
"D:\github\ron-english-light-cult-0001-1000\items\lccc-0890.html","READY","Would update."
"D:\github\ron-english-light-cult-0001-1000\items\lccc-0891.html","READY","Would update."
"D:\github\ron-english-light-cult-0001-1000\items\lccc-0893.html","READY","Would update."
"D:\github\ron-english-light-cult-0001-1000\items\lccc-0894.html","READY","Would update."
"D:\github\ron-english-light-cult-0001-1000\items\lccc-0895.html","READY","Would update."
"D:\github\ron-english-light-cult-0001-1000\items\lccc-0896.html","READY","Would update."
"D:\github\ron-english-light-cult-0001-1000\items\lccc-0897.html","READY","Would update."
"D:\github\ron-english-light-cult-0001-1000\items\lccc-0898.html","READY","Would update."
"D:\github\ron-english-light-cult-0001-1000\items\lccc-0899.html","READY","Would update."
"D:\github\ron-english-light-cult-0001-1000\items\lccc-0900.html","READY","Would update."
"D:\github\ron-english-light-cult-0001-1000\items\lccc-0901.html","READY","Would update."
"D:\github\ron-english-light-cult-0001-1000\items\lccc-0902.html","READY","Would update."
"D:\github\ron-english-light-cult-0001-1000\items\lccc-0903.html","READY","Would update."
"D:\github\ron-english-light-cult-0001-1000\items\lccc-0904.html","READY","Would update."
"D:\github\ron-english-light-cult-0001-1000\items\lccc-0905.html","READY","Would update."
"D:\github\ron-english-light-cult-0001-1000\items\lccc-0906.html","READY","Would update."
"D:\github\ron-english-light-cult-0001-1000\items\lccc-0907.html","READY","Would update."
"D:\github\ron-english-light-cult-0001-1000\items\lccc-0908.html","READY","Would update."
"D:\github\ron-english-light-cult-0001-1000\items\lccc-0909.html","READY","Would update."
"D:\github\ron-english-light-cult-0001-1000\items\lccc-0910.html","READY","Would update."
"D:\github\ron-english-light-cult-0001-1000\items\lccc-0911.html","READY","Would update."
"D:\github\ron-english-light-cult-0001-1000\items\lccc-0912.html","READY","Would update."
"D:\github\ron-english-light-cult-0001-1000\items\lccc-0913.html","READY","Would update."
"D:\github\ron-english-light-cult-0001-1000\items\lccc-0914.html","READY","Would update."
"D:\github\ron-english-light-cult-0001-1000\items\lccc-0915.html","READY","Would update."
"D:\github\ron-english-light-cult-0001-1000\items\lccc-0916.html","READY","Would update."
"D:\github\ron-english-light-cult-0001-1000\items\lccc-0917.html","READY","Would update."
"D:\github\ron-english-light-cult-0001-1000\items\lccc-0918.html","READY","Would update."
"D:\github\ron-english-light-cult-0001-1000\items\lccc-0919.html","READY","Would update."
"D:\github\ron-english-light-cult-0001-1000\items\lccc-0920.html","READY","Would update."
"D:\github\ron-english-light-cult-0001-1000\items\lccc-0921.html","READY","Would update."
"D:\github\ron-english-light-cult-0001-1000\items\lccc-0922.html","READY","Would update."
"D:\github\ron-english-light-cult-0001-1000\items\lccc-0924.html","READY","Would update."
"D:\github\ron-english-light-cult-0001-1000\items\lccc-0925.html","READY","Would update."
"D:\github\ron-english-light-cult-0001-1000\items\lccc-0926.html","READY","Would update."
"D:\github\ron-english-light-cult-0001-1000\items\lccc-0927.html","READY","Would update."
"D:\github\ron-english-light-cult-0001-1000\items\lccc-0928.html","READY","Would update."
"D:\github\ron-english-light-cult-0001-1000\items\lccc-0929.html","READY","Would update."
"D:\github\ron-english-light-cult-0001-1000\items\lccc-0930.html","READY","Would update."
"D:\github\ron-english-light-cult-0001-1000\items\lccc-0931.html","READY","Would update."
"D:\github\ron-english-light-cult-0001-1000\items\lccc-0932.html","READY","Would update."
"D:\github\ron-english-light-cult-0001-1000\items\lccc-0933.html","READY","Would update."
"D:\github\ron-english-light-cult-0001-1000\items\lccc-0934.html","READY","Would update."
"D:\github\ron-english-light-cult-0001-1000\items\lccc-0935.html","READY","Would update."
"D:\github\ron-english-light-cult-0001-1000\items\lccc-0936.html","READY","Would update."
"D:\github\ron-english-light-cult-0001-1000\items\lccc-0937.html","READY","Would update."
"D:\github\ron-english-light-cult-0001-1000\items\lccc-0938.html","READY","Would update."
"D:\github\ron-english-light-cult-0001-1000\items\lccc-0939.html","READY","Would update."
"D:\github\ron-english-light-cult-0001-1000\items\lccc-0940.html","READY","Would update."
"D:\github\ron-english-light-cult-0001-1000\items\lccc-0941.html","READY","Would update."
"D:\github\ron-english-light-cult-0001-1000\items\lccc-0942.html","READY","Would update."
"D:\github\ron-english-light-cult-0001-1000\items\lccc-0943.html","READY","Would update."
"D:\github\ron-english-light-cult-0001-1000\items\lccc-0944.html","READY","Would update."
"D:\github\ron-english-light-cult-0001-1000\items\lccc-0945.html","READY","Would update."
"D:\github\ron-english-light-cult-0001-1000\items\lccc-0947.html","READY","Would update."
"D:\github\ron-english-light-cult-0001-1000\items\lccc-0948.html","READY","Would update."
"D:\github\ron-english-light-cult-0001-1000\items\lccc-0949.html","READY","Would update."
"D:\github\ron-english-light-cult-0001-1000\items\lccc-0950.html","READY","Would update."
"D:\github\ron-english-light-cult-0001-1000\items\lccc-0951.html","READY","Would update."
"D:\github\ron-english-light-cult-0001-1000\items\lccc-0952.html","READY","Would update."
"D:\github\ron-english-light-cult-0001-1000\items\lccc-0953.html","READY","Would update."
"D:\github\ron-english-light-cult-0001-1000\items\lccc-0956.html","READY","Would update."
"D:\github\ron-english-light-cult-0001-1000\items\lccc-0957.html","READY","Would update."
"D:\github\ron-english-light-cult-0001-1000\items\lccc-0959.html","READY","Would update."
"D:\github\ron-english-light-cult-0001-1000\items\lccc-0960.html","READY","Would update."
"D:\github\ron-english-light-cult-0001-1000\items\lccc-0961.html","READY","Would update."
"D:\github\ron-english-light-cult-0001-1000\items\lccc-0963.html","READY","Would update."
"D:\github\ron-english-light-cult-0001-1000\items\lccc-0964.html","READY","Would update."
"D:\github\ron-english-light-cult-0001-1000\items\lccc-0965.html","READY","Would update."
"D:\github\ron-english-light-cult-0001-1000\items\lccc-0966.html","READY","Would update."
"D:\github\ron-english-light-cult-0001-1000\items\lccc-0967.html","READY","Would update."
"D:\github\ron-english-light-cult-0001-1000\items\lccc-0968.html","READY","Would update."
"D:\github\ron-english-light-cult-0001-1000\items\lccc-0970.html","READY","Would update."
"D:\github\ron-english-light-cult-0001-1000\items\lccc-0972.html","READY","Would update."
"D:\github\ron-english-light-cult-0001-1000\items\lccc-0973.html","READY","Would update."
"D:\github\ron-english-light-cult-0001-1000\items\lccc-0974.html","READY","Would update."
"D:\github\ron-english-light-cult-0001-1000\items\lccc-0976.html","READY","Would update."
"D:\github\ron-english-light-cult-0001-1000\items\lccc-0977.html","READY","Would update."
"D:\github\ron-english-light-cult-0001-1000\items\lccc-0978.html","READY","Would update."
"D:\github\ron-english-light-cult-0001-1000\items\lccc-0979.html","READY","Would update."
"D:\github\ron-english-light-cult-0001-1000\items\lccc-0980.html","READY","Would update."
"D:\github\ron-english-light-cult-0001-1000\items\lccc-0981.html","READY","Would update."
"D:\github\ron-english-light-cult-0001-1000\items\lccc-0982.html","READY","Would update."
"D:\github\ron-english-light-cult-0001-1000\items\lccc-0983.html","READY","Would update."
"D:\github\ron-english-light-cult-0001-1000\items\lccc-0985.html","READY","Would update."
"D:\github\ron-english-light-cult-0001-1000\items\lccc-0986.html","READY","Would update."
"D:\github\ron-english-light-cult-0001-1000\items\lccc-0987.html","READY","Would update."
"D:\github\ron-english-light-cult-0001-1000\items\lccc-0988.html","READY","Would update."
"D:\github\ron-english-light-cult-0001-1000\items\lccc-0989.html","READY","Would update."
"D:\github\ron-english-light-cult-0001-1000\items\lccc-0990.html","READY","Would update."
"D:\github\ron-english-light-cult-0001-1000\items\lccc-0991.html","READY","Would update."
"D:\github\ron-english-light-cult-0001-1000\items\lccc-0992.html","READY","Would update."
"D:\github\ron-english-light-cult-0001-1000\items\lccc-0993.html","READY","Would update."
"D:\github\ron-english-light-cult-0001-1000\items\lccc-0994.html","READY","Would update."
"D:\github\ron-english-light-cult-0001-1000\items\lccc-0995.html","READY","Would update."
"D:\github\ron-english-light-cult-0001-1000\items\lccc-0996.html","READY","Would update."
"D:\github\ron-english-light-cult-0001-1000\items\lccc-0997.html","READY","Would update."
"D:\github\ron-english-light-cult-0001-1000\items\lccc-0998.html","READY","Would update."
"D:\github\ron-english-light-cult-0001-1000\items\lccc-0999.html","READY","Would update."
"D:\github\ron-english-light-cult-0001-1000\items\lccc-1000.html","READY","Would update."
"D:\github\ron-english-light-cult-1001-2000\index.html","SKIP","No changes needed."
"D:\github\ron-english-light-cult-1001-2000\gallery-1001-1100.html","READY","Would update."
"D:\github\ron-english-light-cult-1001-2000\gallery-1101-1200.html","READY","Would update."
"D:\github\ron-english-light-cult-1001-2000\gallery-1201-1300.html","READY","Would update."
"D:\github\ron-english-light-cult-1001-2000\gallery-1301-1400.html","READY","Would update."
"D:\github\ron-english-light-cult-1001-2000\gallery-1401-1500.html","READY","Would update."
"D:\github\ron-english-light-cult-1001-2000\gallery-1501-1600.html","READY","Would update."
"D:\github\ron-english-light-cult-1001-2000\gallery-1601-1700.html","READY","Would update."
"D:\github\ron-english-light-cult-1001-2000\gallery-1701-1800.html","READY","Would update."
"D:\github\ron-english-light-cult-1001-2000\gallery-1801-1900.html","READY","Would update."
"D:\github\ron-english-light-cult-1001-2000\gallery-1901-2000.html","READY","Would update."
"D:\github\ron-english-light-cult-1001-2000\items\lccc-1001.html","READY","Would update."
"D:\github\ron-english-light-cult-1001-2000\items\lccc-1002.html","READY","Would update."
"D:\github\ron-english-light-cult-1001-2000\items\lccc-1003.html","READY","Would update."
"D:\github\ron-english-light-cult-1001-2000\items\lccc-1004.html","READY","Would update."
"D:\github\ron-english-light-cult-1001-2000\items\lccc-1005.html","READY","Would update."
"D:\github\ron-english-light-cult-1001-2000\items\lccc-1006.html","READY","Would update."
"D:\github\ron-english-light-cult-1001-2000\items\lccc-1007.html","READY","Would update."
"D:\github\ron-english-light-cult-1001-2000\items\lccc-1009.html","READY","Would update."
"D:\github\ron-english-light-cult-1001-2000\items\lccc-1011.html","READY","Would update."
"D:\github\ron-english-light-cult-1001-2000\items\lccc-1012.html","READY","Would update."
"D:\github\ron-english-light-cult-1001-2000\items\lccc-1013.html","READY","Would update."
"D:\github\ron-english-light-cult-1001-2000\items\lccc-1014.html","READY","Would update."
"D:\github\ron-english-light-cult-1001-2000\items\lccc-1015.html","READY","Would update."
"D:\github\ron-english-light-cult-1001-2000\items\lccc-1016.html","READY","Would update."
"D:\github\ron-english-light-cult-1001-2000\items\lccc-1017.html","READY","Would update."
"D:\github\ron-english-light-cult-1001-2000\items\lccc-1019.html","READY","Would update."
"D:\github\ron-english-light-cult-1001-2000\items\lccc-1020.html","READY","Would update."
"D:\github\ron-english-light-cult-1001-2000\items\lccc-1021.html","READY","Would update."
"D:\github\ron-english-light-cult-1001-2000\items\lccc-1022.html","READY","Would update."
"D:\github\ron-english-light-cult-1001-2000\items\lccc-1023.html","READY","Would update."
"D:\github\ron-english-light-cult-1001-2000\items\lccc-1024.html","READY","Would update."
"D:\github\ron-english-light-cult-1001-2000\items\lccc-1025.html","READY","Would update."
"D:\github\ron-english-light-cult-1001-2000\items\lccc-1026.html","READY","Would update."
"D:\github\ron-english-light-cult-1001-2000\items\lccc-1027.html","READY","Would update."
"D:\github\ron-english-light-cult-1001-2000\items\lccc-1028.html","READY","Would update."
"D:\github\ron-english-light-cult-1001-2000\items\lccc-1029.html","READY","Would update."
"D:\github\ron-english-light-cult-1001-2000\items\lccc-1030.html","READY","Would update."
"D:\github\ron-english-light-cult-1001-2000\items\lccc-1031.html","READY","Would update."
"D:\github\ron-english-light-cult-1001-2000\items\lccc-1032.html","READY","Would update."
"D:\github\ron-english-light-cult-1001-2000\items\lccc-1033.html","READY","Would update."
"D:\github\ron-english-light-cult-1001-2000\items\lccc-1034.html","READY","Would update."
"D:\github\ron-english-light-cult-1001-2000\items\lccc-1035.html","READY","Would update."
"D:\github\ron-english-light-cult-1001-2000\items\lccc-1036.html","READY","Would update."
"D:\github\ron-english-light-cult-1001-2000\items\lccc-1037.html","READY","Would update."
"D:\github\ron-english-light-cult-1001-2000\items\lccc-1038.html","READY","Would update."
"D:\github\ron-english-light-cult-1001-2000\items\lccc-1039.html","READY","Would update."
"D:\github\ron-english-light-cult-1001-2000\items\lccc-1040.html","READY","Would update."
"D:\github\ron-english-light-cult-1001-2000\items\lccc-1041.html","READY","Would update."
"D:\github\ron-english-light-cult-1001-2000\items\lccc-1042.html","READY","Would update."
"D:\github\ron-english-light-cult-1001-2000\items\lccc-1043.html","READY","Would update."
"D:\github\ron-english-light-cult-1001-2000\items\lccc-1044.html","READY","Would update."
"D:\github\ron-english-light-cult-1001-2000\items\lccc-1045.html","READY","Would update."
"D:\github\ron-english-light-cult-1001-2000\items\lccc-1046.html","READY","Would update."
"D:\github\ron-english-light-cult-1001-2000\items\lccc-1048.html","READY","Would update."
"D:\github\ron-english-light-cult-1001-2000\items\lccc-1049.html","READY","Would update."
"D:\github\ron-english-light-cult-1001-2000\items\lccc-1050.html","READY","Would update."
"D:\github\ron-english-light-cult-1001-2000\items\lccc-1051.html","READY","Would update."
"D:\github\ron-english-light-cult-1001-2000\items\lccc-1052.html","READY","Would update."
"D:\github\ron-english-light-cult-1001-2000\items\lccc-1053.html","READY","Would update."
"D:\github\ron-english-light-cult-1001-2000\items\lccc-1054.html","READY","Would update."
"D:\github\ron-english-light-cult-1001-2000\items\lccc-1056.html","READY","Would update."
"D:\github\ron-english-light-cult-1001-2000\items\lccc-1057.html","READY","Would update."
"D:\github\ron-english-light-cult-1001-2000\items\lccc-1058.html","READY","Would update."
"D:\github\ron-english-light-cult-1001-2000\items\lccc-1059.html","READY","Would update."
"D:\github\ron-english-light-cult-1001-2000\items\lccc-1060.html","READY","Would update."
"D:\github\ron-english-light-cult-1001-2000\items\lccc-1061.html","READY","Would update."
"D:\github\ron-english-light-cult-1001-2000\items\lccc-1062.html","READY","Would update."
"D:\github\ron-english-light-cult-1001-2000\items\lccc-1063.html","READY","Would update."
"D:\github\ron-english-light-cult-1001-2000\items\lccc-1064.html","READY","Would update."
"D:\github\ron-english-light-cult-1001-2000\items\lccc-1065.html","READY","Would update."
"D:\github\ron-english-light-cult-1001-2000\items\lccc-1066.html","READY","Would update."
"D:\github\ron-english-light-cult-1001-2000\items\lccc-1067.html","READY","Would update."
"D:\github\ron-english-light-cult-1001-2000\items\lccc-1068.html","READY","Would update."
"D:\github\ron-english-light-cult-1001-2000\items\lccc-1069.html","READY","Would update."
"D:\github\ron-english-light-cult-1001-2000\items\lccc-1070.html","READY","Would update."
"D:\github\ron-english-light-cult-1001-2000\items\lccc-1071.html","READY","Would update."
"D:\github\ron-english-light-cult-1001-2000\items\lccc-1072.html","READY","Would update."
"D:\github\ron-english-light-cult-1001-2000\items\lccc-1073.html","READY","Would update."
"D:\github\ron-english-light-cult-1001-2000\items\lccc-1074.html","READY","Would update."
"D:\github\ron-english-light-cult-1001-2000\items\lccc-1075.html","READY","Would update."
"D:\github\ron-english-light-cult-1001-2000\items\lccc-1076.html","READY","Would update."
"D:\github\ron-english-light-cult-1001-2000\items\lccc-1077.html","READY","Would update."
"D:\github\ron-english-light-cult-1001-2000\items\lccc-1078.html","READY","Would update."
"D:\github\ron-english-light-cult-1001-2000\items\lccc-1079.html","READY","Would update."
"D:\github\ron-english-light-cult-1001-2000\items\lccc-1081.html","READY","Would update."
"D:\github\ron-english-light-cult-1001-2000\items\lccc-1083.html","READY","Would update."
"D:\github\ron-english-light-cult-1001-2000\items\lccc-1084.html","READY","Would update."
"D:\github\ron-english-light-cult-1001-2000\items\lccc-1085.html","READY","Would update."
"D:\github\ron-english-light-cult-1001-2000\items\lccc-1086.html","READY","Would update."
"D:\github\ron-english-light-cult-1001-2000\items\lccc-1087.html","READY","Would update."
"D:\github\ron-english-light-cult-1001-2000\items\lccc-1088.html","READY","Would update."
"D:\github\ron-english-light-cult-1001-2000\items\lccc-1089.html","READY","Would update."
"D:\github\ron-english-light-cult-1001-2000\items\lccc-1090.html","READY","Would update."
"D:\github\ron-english-light-cult-1001-2000\items\lccc-1091.html","READY","Would update."
"D:\github\ron-english-light-cult-1001-2000\items\lccc-1092.html","READY","Would update."
"D:\github\ron-english-light-cult-1001-2000\items\lccc-1093.html","READY","Would update."
"D:\github\ron-english-light-cult-1001-2000\items\lccc-1094.html","READY","Would update."
"D:\github\ron-english-light-cult-1001-2000\items\lccc-1095.html","READY","Would update."
"D:\github\ron-english-light-cult-1001-2000\items\lccc-1096.html","READY","Would update."
"D:\github\ron-english-light-cult-1001-2000\items\lccc-1097.html","READY","Would update."
"D:\github\ron-english-light-cult-1001-2000\items\lccc-1098.html","READY","Would update."
"D:\github\ron-english-light-cult-1001-2000\items\lccc-1099.html","READY","Would update."
"D:\github\ron-english-light-cult-1001-2000\items\lccc-1100.html","READY","Would update."
"D:\github\ron-english-light-cult-1001-2000\items\lccc-1101.html","READY","Would update."
"D:\github\ron-english-light-cult-1001-2000\items\lccc-1102.html","READY","Would update."
"D:\github\ron-english-light-cult-1001-2000\items\lccc-1103.html","READY","Would update."
"D:\github\ron-english-light-cult-1001-2000\items\lccc-1104.html","READY","Would update."
"D:\github\ron-english-light-cult-1001-2000\items\lccc-1105.html","READY","Would update."
"D:\github\ron-english-light-cult-1001-2000\items\lccc-1106.html","READY","Would update."
"D:\github\ron-english-light-cult-1001-2000\items\lccc-1107.html","READY","Would update."
"D:\github\ron-english-light-cult-1001-2000\items\lccc-1108.html","READY","Would update."
"D:\github\ron-english-light-cult-1001-2000\items\lccc-1109.html","READY","Would update."
"D:\github\ron-english-light-cult-1001-2000\items\lccc-1110.html","READY","Would update."
"D:\github\ron-english-light-cult-1001-2000\items\lccc-1112.html","READY","Would update."
"D:\github\ron-english-light-cult-1001-2000\items\lccc-1113.html","READY","Would update."
"D:\github\ron-english-light-cult-1001-2000\items\lccc-1114.html","READY","Would update."
"D:\github\ron-english-light-cult-1001-2000\items\lccc-1115.html","READY","Would update."
"D:\github\ron-english-light-cult-1001-2000\items\lccc-1116.html","READY","Would update."
"D:\github\ron-english-light-cult-1001-2000\items\lccc-1117.html","READY","Would update."
"D:\github\ron-english-light-cult-1001-2000\items\lccc-1118.html","READY","Would update."
"D:\github\ron-english-light-cult-1001-2000\items\lccc-1119.html","READY","Would update."
"D:\github\ron-english-light-cult-1001-2000\items\lccc-1120.html","READY","Would update."
"D:\github\ron-english-light-cult-1001-2000\items\lccc-1121.html","READY","Would update."
"D:\github\ron-english-light-cult-1001-2000\items\lccc-1122.html","READY","Would update."
"D:\github\ron-english-light-cult-1001-2000\items\lccc-1123.html","READY","Would update."
"D:\github\ron-english-light-cult-1001-2000\items\lccc-1124.html","READY","Would update."
"D:\github\ron-english-light-cult-1001-2000\items\lccc-1125.html","READY","Would update."
"D:\github\ron-english-light-cult-1001-2000\items\lccc-1126.html","READY","Would update."
"D:\github\ron-english-light-cult-1001-2000\items\lccc-1127.html","READY","Would update."
"D:\github\ron-english-light-cult-1001-2000\items\lccc-1128.html","READY","Would update."
"D:\github\ron-english-light-cult-1001-2000\items\lccc-1129.html","READY","Would update."
"D:\github\ron-english-light-cult-1001-2000\items\lccc-1130.html","READY","Would update."
"D:\github\ron-english-light-cult-1001-2000\items\lccc-1131.html","READY","Would update."
"D:\github\ron-english-light-cult-1001-2000\items\lccc-1132.html","READY","Would update."
"D:\github\ron-english-light-cult-1001-2000\items\lccc-1134.html","READY","Would update."
"D:\github\ron-english-light-cult-1001-2000\items\lccc-1136.html","READY","Would update."
"D:\github\ron-english-light-cult-1001-2000\items\lccc-1137.html","READY","Would update."
"D:\github\ron-english-light-cult-1001-2000\items\lccc-1138.html","READY","Would update."
"D:\github\ron-english-light-cult-1001-2000\items\lccc-1139.html","READY","Would update."
"D:\github\ron-english-light-cult-1001-2000\items\lccc-1140.html","READY","Would update."
"D:\github\ron-english-light-cult-1001-2000\items\lccc-1141.html","READY","Would update."
"D:\github\ron-english-light-cult-1001-2000\items\lccc-1142.html","READY","Would update."
"D:\github\ron-english-light-cult-1001-2000\items\lccc-1144.html","READY","Would update."
"D:\github\ron-english-light-cult-1001-2000\items\lccc-1145.html","READY","Would update."
"D:\github\ron-english-light-cult-1001-2000\items\lccc-1146.html","READY","Would update."
"D:\github\ron-english-light-cult-1001-2000\items\lccc-1147.html","READY","Would update."
"D:\github\ron-english-light-cult-1001-2000\items\lccc-1148.html","READY","Would update."
"D:\github\ron-english-light-cult-1001-2000\items\lccc-1150.html","READY","Would update."
"D:\github\ron-english-light-cult-1001-2000\items\lccc-1151.html","READY","Would update."
"D:\github\ron-english-light-cult-1001-2000\items\lccc-1152.html","READY","Would update."
"D:\github\ron-english-light-cult-1001-2000\items\lccc-1153.html","READY","Would update."
"D:\github\ron-english-light-cult-1001-2000\items\lccc-1154.html","READY","Would update."
"D:\github\ron-english-light-cult-1001-2000\items\lccc-1155.html","READY","Would update."
"D:\github\ron-english-light-cult-1001-2000\items\lccc-1156.html","READY","Would update."
"D:\github\ron-english-light-cult-1001-2000\items\lccc-1158.html","READY","Would update."
"D:\github\ron-english-light-cult-1001-2000\items\lccc-1160.html","READY","Would update."
"D:\github\ron-english-light-cult-1001-2000\items\lccc-1161.html","READY","Would update."
"D:\github\ron-english-light-cult-1001-2000\items\lccc-1162.html","READY","Would update."
"D:\github\ron-english-light-cult-1001-2000\items\lccc-1163.html","READY","Would update."
"D:\github\ron-english-light-cult-1001-2000\items\lccc-1164.html","READY","Would update."
"D:\github\ron-english-light-cult-1001-2000\items\lccc-1165.html","READY","Would update."
"D:\github\ron-english-light-cult-1001-2000\items\lccc-1167.html","READY","Would update."
"D:\github\ron-english-light-cult-1001-2000\items\lccc-1168.html","READY","Would update."
"D:\github\ron-english-light-cult-1001-2000\items\lccc-1169.html","READY","Would update."
"D:\github\ron-english-light-cult-1001-2000\items\lccc-1170.html","READY","Would update."
"D:\github\ron-english-light-cult-1001-2000\items\lccc-1172.html","READY","Would update."
"D:\github\ron-english-light-cult-1001-2000\items\lccc-1173.html","READY","Would update."
"D:\github\ron-english-light-cult-1001-2000\items\lccc-1175.html","READY","Would update."
"D:\github\ron-english-light-cult-1001-2000\items\lccc-1176.html","READY","Would update."
"D:\github\ron-english-light-cult-1001-2000\items\lccc-1177.html","READY","Would update."
"D:\github\ron-english-light-cult-1001-2000\items\lccc-1178.html","READY","Would update."
"D:\github\ron-english-light-cult-1001-2000\items\lccc-1179.html","READY","Would update."
"D:\github\ron-english-light-cult-1001-2000\items\lccc-1181.html","READY","Would update."
"D:\github\ron-english-light-cult-1001-2000\items\lccc-1182.html","READY","Would update."
"D:\github\ron-english-light-cult-1001-2000\items\lccc-1183.html","READY","Would update."
"D:\github\ron-english-light-cult-1001-2000\items\lccc-1184.html","READY","Would update."
"D:\github\ron-english-light-cult-1001-2000\items\lccc-1185.html","READY","Would update."
"D:\github\ron-english-light-cult-1001-2000\items\lccc-1186.html","READY","Would update."
"D:\github\ron-english-light-cult-1001-2000\items\lccc-1187.html","READY","Would update."
"D:\github\ron-english-light-cult-1001-2000\items\lccc-1188.html","READY","Would update."
"D:\github\ron-english-light-cult-1001-2000\items\lccc-1189.html","READY","Would update."
"D:\github\ron-english-light-cult-1001-2000\items\lccc-1190.html","READY","Would update."
"D:\github\ron-english-light-cult-1001-2000\items\lccc-1191.html","READY","Would update."
"D:\github\ron-english-light-cult-1001-2000\items\lccc-1192.html","READY","Would update."
"D:\github\ron-english-light-cult-1001-2000\items\lccc-1193.html","READY","Would update."
"D:\github\ron-english-light-cult-1001-2000\items\lccc-1194.html","READY","Would update."
"D:\github\ron-english-light-cult-1001-2000\items\lccc-1195.html","READY","Would update."
"D:\github\ron-english-light-cult-1001-2000\items\lccc-1196.html","READY","Would update."
"D:\github\ron-english-light-cult-1001-2000\items\lccc-1198.html","READY","Would update."
"D:\github\ron-english-light-cult-1001-2000\items\lccc-1199.html","READY","Would update."
"D:\github\ron-english-light-cult-1001-2000\items\lccc-1200.html","READY","Would update."
"D:\github\ron-english-light-cult-1001-2000\items\lccc-1201.html","READY","Would update."
"D:\github\ron-english-light-cult-1001-2000\items\lccc-1202.html","READY","Would update."
"D:\github\ron-english-light-cult-1001-2000\items\lccc-1203.html","READY","Would update."
"D:\github\ron-english-light-cult-1001-2000\items\lccc-1204.html","READY","Would update."
"D:\github\ron-english-light-cult-1001-2000\items\lccc-1205.html","READY","Would update."
"D:\github\ron-english-light-cult-1001-2000\items\lccc-1206.html","READY","Would update."
"D:\github\ron-english-light-cult-1001-2000\items\lccc-1207.html","READY","Would update."
"D:\github\ron-english-light-cult-1001-2000\items\lccc-1208.html","READY","Would update."
"D:\github\ron-english-light-cult-1001-2000\items\lccc-1210.html","READY","Would update."
"D:\github\ron-english-light-cult-1001-2000\items\lccc-1211.html","READY","Would update."
"D:\github\ron-english-light-cult-1001-2000\items\lccc-1212.html","READY","Would update."
"D:\github\ron-english-light-cult-1001-2000\items\lccc-1213.html","READY","Would update."
"D:\github\ron-english-light-cult-1001-2000\items\lccc-1214.html","READY","Would update."
"D:\github\ron-english-light-cult-1001-2000\items\lccc-1215.html","READY","Would update."
"D:\github\ron-english-light-cult-1001-2000\items\lccc-1216.html","READY","Would update."
"D:\github\ron-english-light-cult-1001-2000\items\lccc-1217.html","READY","Would update."
"D:\github\ron-english-light-cult-1001-2000\items\lccc-1218.html","READY","Would update."
"D:\github\ron-english-light-cult-1001-2000\items\lccc-1219.html","READY","Would update."
"D:\github\ron-english-light-cult-1001-2000\items\lccc-1220.html","READY","Would update."
"D:\github\ron-english-light-cult-1001-2000\items\lccc-1221.html","READY","Would update."
"D:\github\ron-english-light-cult-1001-2000\items\lccc-1222.html","READY","Would update."
"D:\github\ron-english-light-cult-1001-2000\items\lccc-1223.html","READY","Would update."
"D:\github\ron-english-light-cult-1001-2000\items\lccc-1225.html","READY","Would update."
"D:\github\ron-english-light-cult-1001-2000\items\lccc-1226.html","READY","Would update."
"D:\github\ron-english-light-cult-1001-2000\items\lccc-1227.html","READY","Would update."
"D:\github\ron-english-light-cult-1001-2000\items\lccc-1228.html","READY","Would update."
"D:\github\ron-english-light-cult-1001-2000\items\lccc-1229.html","READY","Would update."
"D:\github\ron-english-light-cult-1001-2000\items\lccc-1230.html","READY","Would update."
"D:\github\ron-english-light-cult-1001-2000\items\lccc-1231.html","READY","Would update."
"D:\github\ron-english-light-cult-1001-2000\items\lccc-1232.html","READY","Would update."
"D:\github\ron-english-light-cult-1001-2000\items\lccc-1233.html","READY","Would update."
"D:\github\ron-english-light-cult-1001-2000\items\lccc-1234.html","READY","Would update."
"D:\github\ron-english-light-cult-1001-2000\items\lccc-1235.html","READY","Would update."
"D:\github\ron-english-light-cult-1001-2000\items\lccc-1236.html","READY","Would update."
"D:\github\ron-english-light-cult-1001-2000\items\lccc-1237.html","READY","Would update."
"D:\github\ron-english-light-cult-1001-2000\items\lccc-1238.html","READY","Would update."
"D:\github\ron-english-light-cult-1001-2000\items\lccc-1239.html","READY","Would update."
"D:\github\ron-english-light-cult-1001-2000\items\lccc-1240.html","READY","Would update."
"D:\github\ron-english-light-cult-1001-2000\items\lccc-1241.html","READY","Would update."
"D:\github\ron-english-light-cult-1001-2000\items\lccc-1242.html","READY","Would update."
"D:\github\ron-english-light-cult-1001-2000\items\lccc-1243.html","READY","Would update."
"D:\github\ron-english-light-cult-1001-2000\items\lccc-1244.html","READY","Would update."
"D:\github\ron-english-light-cult-1001-2000\items\lccc-1245.html","READY","Would update."
"D:\github\ron-english-light-cult-1001-2000\items\lccc-1246.html","READY","Would update."
"D:\github\ron-english-light-cult-1001-2000\items\lccc-1247.html","READY","Would update."
"D:\github\ron-english-light-cult-1001-2000\items\lccc-1248.html","READY","Would update."
"D:\github\ron-english-light-cult-1001-2000\items\lccc-1249.html","READY","Would update."
"D:\github\ron-english-light-cult-1001-2000\items\lccc-1250.html","READY","Would update."
"D:\github\ron-english-light-cult-1001-2000\items\lccc-1251.html","READY","Would update."
"D:\github\ron-english-light-cult-1001-2000\items\lccc-1252.html","READY","Would update."
"D:\github\ron-english-light-cult-1001-2000\items\lccc-1253.html","READY","Would update."
"D:\github\ron-english-light-cult-1001-2000\items\lccc-1254.html","READY","Would update."
"D:\github\ron-english-light-cult-1001-2000\items\lccc-1255.html","READY","Would update."
"D:\github\ron-english-light-cult-1001-2000\items\lccc-1256.html","READY","Would update."
"D:\github\ron-english-light-cult-1001-2000\items\lccc-1257.html","READY","Would update."
"D:\github\ron-english-light-cult-1001-2000\items\lccc-1258.html","READY","Would update."
"D:\github\ron-english-light-cult-1001-2000\items\lccc-1259.html","READY","Would update."
"D:\github\ron-english-light-cult-1001-2000\items\lccc-1261.html","READY","Would update."
"D:\github\ron-english-light-cult-1001-2000\items\lccc-1262.html","READY","Would update."
"D:\github\ron-english-light-cult-1001-2000\items\lccc-1263.html","READY","Would update."
"D:\github\ron-english-light-cult-1001-2000\items\lccc-1264.html","READY","Would update."
"D:\github\ron-english-light-cult-1001-2000\items\lccc-1265.html","READY","Would update."
"D:\github\ron-english-light-cult-1001-2000\items\lccc-1266.html","READY","Would update."
"D:\github\ron-english-light-cult-1001-2000\items\lccc-1267.html","READY","Would update."
"D:\github\ron-english-light-cult-1001-2000\items\lccc-1268.html","READY","Would update."
"D:\github\ron-english-light-cult-1001-2000\items\lccc-1270.html","READY","Would update."
"D:\github\ron-english-light-cult-1001-2000\items\lccc-1271.html","READY","Would update."
"D:\github\ron-english-light-cult-1001-2000\items\lccc-1273.html","READY","Would update."
"D:\github\ron-english-light-cult-1001-2000\items\lccc-1274.html","READY","Would update."
"D:\github\ron-english-light-cult-1001-2000\items\lccc-1275.html","READY","Would update."
"D:\github\ron-english-light-cult-1001-2000\items\lccc-1276.html","READY","Would update."
"D:\github\ron-english-light-cult-1001-2000\items\lccc-1277.html","READY","Would update."
"D:\github\ron-english-light-cult-1001-2000\items\lccc-1279.html","READY","Would update."
"D:\github\ron-english-light-cult-1001-2000\items\lccc-1281.html","READY","Would update."
"D:\github\ron-english-light-cult-1001-2000\items\lccc-1283.html","READY","Would update."
"D:\github\ron-english-light-cult-1001-2000\items\lccc-1284.html","READY","Would update."
"D:\github\ron-english-light-cult-1001-2000\items\lccc-1285.html","READY","Would update."
"D:\github\ron-english-light-cult-1001-2000\items\lccc-1286.html","READY","Would update."
"D:\github\ron-english-light-cult-1001-2000\items\lccc-1287.html","READY","Would update."
"D:\github\ron-english-light-cult-1001-2000\items\lccc-1288.html","READY","Would update."
"D:\github\ron-english-light-cult-1001-2000\items\lccc-1289.html","READY","Would update."
"D:\github\ron-english-light-cult-1001-2000\items\lccc-1290.html","READY","Would update."
"D:\github\ron-english-light-cult-1001-2000\items\lccc-1291.html","READY","Would update."
"D:\github\ron-english-light-cult-1001-2000\items\lccc-1292.html","READY","Would update."
"D:\github\ron-english-light-cult-1001-2000\items\lccc-1293.html","READY","Would update."
"D:\github\ron-english-light-cult-1001-2000\items\lccc-1294.html","READY","Would update."
"D:\github\ron-english-light-cult-1001-2000\items\lccc-1296.html","READY","Would update."
"D:\github\ron-english-light-cult-1001-2000\items\lccc-1297.html","READY","Would update."
"D:\github\ron-english-light-cult-1001-2000\items\lccc-1298.html","READY","Would update."
"D:\github\ron-english-light-cult-1001-2000\items\lccc-1299.html","READY","Would update."
"D:\github\ron-english-light-cult-1001-2000\items\lccc-1300.html","READY","Would update."
"D:\github\ron-english-light-cult-1001-2000\items\lccc-1301.html","READY","Would update."
"D:\github\ron-english-light-cult-1001-2000\items\lccc-1302.html","READY","Would update."
"D:\github\ron-english-light-cult-1001-2000\items\lccc-1305.html","READY","Would update."
"D:\github\ron-english-light-cult-1001-2000\items\lccc-1306.html","READY","Would update."
"D:\github\ron-english-light-cult-1001-2000\items\lccc-1308.html","READY","Would update."
"D:\github\ron-english-light-cult-1001-2000\items\lccc-1309.html","READY","Would update."
"D:\github\ron-english-light-cult-1001-2000\items\lccc-1310.html","READY","Would update."
"D:\github\ron-english-light-cult-1001-2000\items\lccc-1311.html","READY","Would update."
"D:\github\ron-english-light-cult-1001-2000\items\lccc-1313.html","READY","Would update."
"D:\github\ron-english-light-cult-1001-2000\items\lccc-1314.html","READY","Would update."
"D:\github\ron-english-light-cult-1001-2000\items\lccc-1316.html","READY","Would update."
"D:\github\ron-english-light-cult-1001-2000\items\lccc-1317.html","READY","Would update."
"D:\github\ron-english-light-cult-1001-2000\items\lccc-1318.html","READY","Would update."
"D:\github\ron-english-light-cult-1001-2000\items\lccc-1319.html","READY","Would update."
"D:\github\ron-english-light-cult-1001-2000\items\lccc-1320.html","READY","Would update."
"D:\github\ron-english-light-cult-1001-2000\items\lccc-1321.html","READY","Would update."
"D:\github\ron-english-light-cult-1001-2000\items\lccc-1323.html","READY","Would update."
"D:\github\ron-english-light-cult-1001-2000\items\lccc-1324.html","READY","Would update."
"D:\github\ron-english-light-cult-1001-2000\items\lccc-1325.html","READY","Would update."
"D:\github\ron-english-light-cult-1001-2000\items\lccc-1326.html","READY","Would update."
"D:\github\ron-english-light-cult-1001-2000\items\lccc-1327.html","READY","Would update."
"D:\github\ron-english-light-cult-1001-2000\items\lccc-1328.html","READY","Would update."
"D:\github\ron-english-light-cult-1001-2000\items\lccc-1329.html","READY","Would update."
"D:\github\ron-english-light-cult-1001-2000\items\lccc-1330.html","READY","Would update."
"D:\github\ron-english-light-cult-1001-2000\items\lccc-1331.html","READY","Would update."
"D:\github\ron-english-light-cult-1001-2000\items\lccc-1332.html","READY","Would update."
"D:\github\ron-english-light-cult-1001-2000\items\lccc-1334.html","READY","Would update."
"D:\github\ron-english-light-cult-1001-2000\items\lccc-1335.html","READY","Would update."
"D:\github\ron-english-light-cult-1001-2000\items\lccc-1336.html","READY","Would update."
"D:\github\ron-english-light-cult-1001-2000\items\lccc-1337.html","READY","Would update."
"D:\github\ron-english-light-cult-1001-2000\items\lccc-1338.html","READY","Would update."
"D:\github\ron-english-light-cult-1001-2000\items\lccc-1339.html","READY","Would update."
"D:\github\ron-english-light-cult-1001-2000\items\lccc-1340.html","READY","Would update."
"D:\github\ron-english-light-cult-1001-2000\items\lccc-1341.html","READY","Would update."
"D:\github\ron-english-light-cult-1001-2000\items\lccc-1343.html","READY","Would update."
"D:\github\ron-english-light-cult-1001-2000\items\lccc-1344.html","READY","Would update."
"D:\github\ron-english-light-cult-1001-2000\items\lccc-1345.html","READY","Would update."
"D:\github\ron-english-light-cult-1001-2000\items\lccc-1346.html","READY","Would update."
"D:\github\ron-english-light-cult-1001-2000\items\lccc-1347.html","READY","Would update."
"D:\github\ron-english-light-cult-1001-2000\items\lccc-1348.html","READY","Would update."
"D:\github\ron-english-light-cult-1001-2000\items\lccc-1349.html","READY","Would update."
"D:\github\ron-english-light-cult-1001-2000\items\lccc-1350.html","READY","Would update."
"D:\github\ron-english-light-cult-1001-2000\items\lccc-1351.html","READY","Would update."
"D:\github\ron-english-light-cult-1001-2000\items\lccc-1352.html","READY","Would update."
"D:\github\ron-english-light-cult-1001-2000\items\lccc-1353.html","READY","Would update."
"D:\github\ron-english-light-cult-1001-2000\items\lccc-1354.html","READY","Would update."
"D:\github\ron-english-light-cult-1001-2000\items\lccc-1356.html","READY","Would update."
"D:\github\ron-english-light-cult-1001-2000\items\lccc-1357.html","READY","Would update."
"D:\github\ron-english-light-cult-1001-2000\items\lccc-1358.html","READY","Would update."
"D:\github\ron-english-light-cult-1001-2000\items\lccc-1360.html","READY","Would update."
"D:\github\ron-english-light-cult-1001-2000\items\lccc-1361.html","READY","Would update."
"D:\github\ron-english-light-cult-1001-2000\items\lccc-1362.html","READY","Would update."
"D:\github\ron-english-light-cult-1001-2000\items\lccc-1363.html","READY","Would update."
"D:\github\ron-english-light-cult-1001-2000\items\lccc-1364.html","READY","Would update."
"D:\github\ron-english-light-cult-1001-2000\items\lccc-1365.html","READY","Would update."
"D:\github\ron-english-light-cult-1001-2000\items\lccc-1367.html","READY","Would update."
"D:\github\ron-english-light-cult-1001-2000\items\lccc-1368.html","READY","Would update."
"D:\github\ron-english-light-cult-1001-2000\items\lccc-1369.html","READY","Would update."
"D:\github\ron-english-light-cult-1001-2000\items\lccc-1370.html","READY","Would update."
"D:\github\ron-english-light-cult-1001-2000\items\lccc-1371.html","READY","Would update."
"D:\github\ron-english-light-cult-1001-2000\items\lccc-1372.html","READY","Would update."
"D:\github\ron-english-light-cult-1001-2000\items\lccc-1373.html","READY","Would update."
"D:\github\ron-english-light-cult-1001-2000\items\lccc-1374.html","READY","Would update."
"D:\github\ron-english-light-cult-1001-2000\items\lccc-1375.html","READY","Would update."
"D:\github\ron-english-light-cult-1001-2000\items\lccc-1377.html","READY","Would update."
"D:\github\ron-english-light-cult-1001-2000\items\lccc-1378.html","READY","Would update."
"D:\github\ron-english-light-cult-1001-2000\items\lccc-1379.html","READY","Would update."
"D:\github\ron-english-light-cult-1001-2000\items\lccc-1380.html","READY","Would update."
"D:\github\ron-english-light-cult-1001-2000\items\lccc-1381.html","READY","Would update."
"D:\github\ron-english-light-cult-1001-2000\items\lccc-1382.html","READY","Would update."
"D:\github\ron-english-light-cult-1001-2000\items\lccc-1383.html","READY","Would update."
"D:\github\ron-english-light-cult-1001-2000\items\lccc-1384.html","READY","Would update."
"D:\github\ron-english-light-cult-1001-2000\items\lccc-1385.html","READY","Would update."
"D:\github\ron-english-light-cult-1001-2000\items\lccc-1386.html","READY","Would update."
"D:\github\ron-english-light-cult-1001-2000\items\lccc-1387.html","READY","Would update."
"D:\github\ron-english-light-cult-1001-2000\items\lccc-1388.html","READY","Would update."
"D:\github\ron-english-light-cult-1001-2000\items\lccc-1390.html","READY","Would update."
"D:\github\ron-english-light-cult-1001-2000\items\lccc-1391.html","READY","Would update."
"D:\github\ron-english-light-cult-1001-2000\items\lccc-1392.html","READY","Would update."
"D:\github\ron-english-light-cult-1001-2000\items\lccc-1393.html","READY","Would update."
"D:\github\ron-english-light-cult-1001-2000\items\lccc-1394.html","READY","Would update."
"D:\github\ron-english-light-cult-1001-2000\items\lccc-1395.html","READY","Would update."
"D:\github\ron-english-light-cult-1001-2000\items\lccc-1396.html","READY","Would update."
"D:\github\ron-english-light-cult-1001-2000\items\lccc-1397.html","READY","Would update."
"D:\github\ron-english-light-cult-1001-2000\items\lccc-1399.html","READY","Would update."
"D:\github\ron-english-light-cult-1001-2000\items\lccc-1400.html","READY","Would update."
"D:\github\ron-english-light-cult-1001-2000\items\lccc-1401.html","READY","Would update."
"D:\github\ron-english-light-cult-1001-2000\items\lccc-1402.html","READY","Would update."
"D:\github\ron-english-light-cult-1001-2000\items\lccc-1403.html","READY","Would update."
"D:\github\ron-english-light-cult-1001-2000\items\lccc-1406.html","READY","Would update."
"D:\github\ron-english-light-cult-1001-2000\items\lccc-1407.html","READY","Would update."
"D:\github\ron-english-light-cult-1001-2000\items\lccc-1408.html","READY","Would update."
"D:\github\ron-english-light-cult-1001-2000\items\lccc-1409.html","READY","Would update."
"D:\github\ron-english-light-cult-1001-2000\items\lccc-1410.html","READY","Would update."
"D:\github\ron-english-light-cult-1001-2000\items\lccc-1413.html","READY","Would update."
"D:\github\ron-english-light-cult-1001-2000\items\lccc-1414.html","READY","Would update."
"D:\github\ron-english-light-cult-1001-2000\items\lccc-1415.html","READY","Would update."
"D:\github\ron-english-light-cult-1001-2000\items\lccc-1416.html","READY","Would update."
"D:\github\ron-english-light-cult-1001-2000\items\lccc-1417.html","READY","Would update."
"D:\github\ron-english-light-cult-1001-2000\items\lccc-1418.html","READY","Would update."
"D:\github\ron-english-light-cult-1001-2000\items\lccc-1419.html","READY","Would update."
"D:\github\ron-english-light-cult-1001-2000\items\lccc-1420.html","READY","Would update."
"D:\github\ron-english-light-cult-1001-2000\items\lccc-1421.html","READY","Would update."
"D:\github\ron-english-light-cult-1001-2000\items\lccc-1422.html","READY","Would update."
"D:\github\ron-english-light-cult-1001-2000\items\lccc-1423.html","READY","Would update."
"D:\github\ron-english-light-cult-1001-2000\items\lccc-1427.html","READY","Would update."
"D:\github\ron-english-light-cult-1001-2000\items\lccc-1428.html","READY","Would update."
"D:\github\ron-english-light-cult-1001-2000\items\lccc-1429.html","READY","Would update."
"D:\github\ron-english-light-cult-1001-2000\items\lccc-1430.html","READY","Would update."
"D:\github\ron-english-light-cult-1001-2000\items\lccc-1432.html","READY","Would update."
"D:\github\ron-english-light-cult-1001-2000\items\lccc-1433.html","READY","Would update."
"D:\github\ron-english-light-cult-1001-2000\items\lccc-1434.html","READY","Would update."
"D:\github\ron-english-light-cult-1001-2000\items\lccc-1435.html","READY","Would update."
"D:\github\ron-english-light-cult-1001-2000\items\lccc-1436.html","READY","Would update."
"D:\github\ron-english-light-cult-1001-2000\items\lccc-1437.html","READY","Would update."
"D:\github\ron-english-light-cult-1001-2000\items\lccc-1438.html","READY","Would update."
"D:\github\ron-english-light-cult-1001-2000\items\lccc-1439.html","READY","Would update."
"D:\github\ron-english-light-cult-1001-2000\items\lccc-1441.html","READY","Would update."
"D:\github\ron-english-light-cult-1001-2000\items\lccc-1442.html","READY","Would update."
"D:\github\ron-english-light-cult-1001-2000\items\lccc-1444.html","READY","Would update."
"D:\github\ron-english-light-cult-1001-2000\items\lccc-1445.html","READY","Would update."
"D:\github\ron-english-light-cult-1001-2000\items\lccc-1446.html","READY","Would update."
"D:\github\ron-english-light-cult-1001-2000\items\lccc-1447.html","READY","Would update."
"D:\github\ron-english-light-cult-1001-2000\items\lccc-1448.html","READY","Would update."
"D:\github\ron-english-light-cult-1001-2000\items\lccc-1449.html","READY","Would update."
"D:\github\ron-english-light-cult-1001-2000\items\lccc-1450.html","READY","Would update."
"D:\github\ron-english-light-cult-1001-2000\items\lccc-1451.html","READY","Would update."
"D:\github\ron-english-light-cult-1001-2000\items\lccc-1452.html","READY","Would update."
"D:\github\ron-english-light-cult-1001-2000\items\lccc-1453.html","READY","Would update."
"D:\github\ron-english-light-cult-1001-2000\items\lccc-1454.html","READY","Would update."
"D:\github\ron-english-light-cult-1001-2000\items\lccc-1455.html","READY","Would update."
"D:\github\ron-english-light-cult-1001-2000\items\lccc-1456.html","READY","Would update."
"D:\github\ron-english-light-cult-1001-2000\items\lccc-1457.html","READY","Would update."
"D:\github\ron-english-light-cult-1001-2000\items\lccc-1458.html","READY","Would update."
"D:\github\ron-english-light-cult-1001-2000\items\lccc-1459.html","READY","Would update."
"D:\github\ron-english-light-cult-1001-2000\items\lccc-1460.html","READY","Would update."
"D:\github\ron-english-light-cult-1001-2000\items\lccc-1461.html","READY","Would update."
"D:\github\ron-english-light-cult-1001-2000\items\lccc-1462.html","READY","Would update."
"D:\github\ron-english-light-cult-1001-2000\items\lccc-1463.html","READY","Would update."
"D:\github\ron-english-light-cult-1001-2000\items\lccc-1464.html","READY","Would update."
"D:\github\ron-english-light-cult-1001-2000\items\lccc-1466.html","READY","Would update."
"D:\github\ron-english-light-cult-1001-2000\items\lccc-1467.html","READY","Would update."
"D:\github\ron-english-light-cult-1001-2000\items\lccc-1468.html","READY","Would update."
"D:\github\ron-english-light-cult-1001-2000\items\lccc-1469.html","READY","Would update."
"D:\github\ron-english-light-cult-1001-2000\items\lccc-1470.html","READY","Would update."
"D:\github\ron-english-light-cult-1001-2000\items\lccc-1471.html","READY","Would update."
"D:\github\ron-english-light-cult-1001-2000\items\lccc-1472.html","READY","Would update."
"D:\github\ron-english-light-cult-1001-2000\items\lccc-1473.html","READY","Would update."
"D:\github\ron-english-light-cult-1001-2000\items\lccc-1474.html","READY","Would update."
"D:\github\ron-english-light-cult-1001-2000\items\lccc-1476.html","READY","Would update."
"D:\github\ron-english-light-cult-1001-2000\items\lccc-1477.html","READY","Would update."
"D:\github\ron-english-light-cult-1001-2000\items\lccc-1478.html","READY","Would update."
"D:\github\ron-english-light-cult-1001-2000\items\lccc-1479.html","READY","Would update."
"D:\github\ron-english-light-cult-1001-2000\items\lccc-1480.html","READY","Would update."
"D:\github\ron-english-light-cult-1001-2000\items\lccc-1481.html","READY","Would update."
"D:\github\ron-english-light-cult-1001-2000\items\lccc-1482.html","READY","Would update."
"D:\github\ron-english-light-cult-1001-2000\items\lccc-1483.html","READY","Would update."
"D:\github\ron-english-light-cult-1001-2000\items\lccc-1484.html","READY","Would update."
"D:\github\ron-english-light-cult-1001-2000\items\lccc-1485.html","READY","Would update."
"D:\github\ron-english-light-cult-1001-2000\items\lccc-1486.html","READY","Would update."
"D:\github\ron-english-light-cult-1001-2000\items\lccc-1487.html","READY","Would update."
"D:\github\ron-english-light-cult-1001-2000\items\lccc-1488.html","READY","Would update."
"D:\github\ron-english-light-cult-1001-2000\items\lccc-1489.html","READY","Would update."
"D:\github\ron-english-light-cult-1001-2000\items\lccc-1490.html","READY","Would update."
"D:\github\ron-english-light-cult-1001-2000\items\lccc-1491.html","READY","Would update."
"D:\github\ron-english-light-cult-1001-2000\items\lccc-1492.html","READY","Would update."
"D:\github\ron-english-light-cult-1001-2000\items\lccc-1493.html","READY","Would update."
"D:\github\ron-english-light-cult-1001-2000\items\lccc-1494.html","READY","Would update."
"D:\github\ron-english-light-cult-1001-2000\items\lccc-1495.html","READY","Would update."
"D:\github\ron-english-light-cult-1001-2000\items\lccc-1496.html","READY","Would update."
"D:\github\ron-english-light-cult-1001-2000\items\lccc-1497.html","READY","Would update."
"D:\github\ron-english-light-cult-1001-2000\items\lccc-1498.html","READY","Would update."
"D:\github\ron-english-light-cult-1001-2000\items\lccc-1499.html","READY","Would update."
"D:\github\ron-english-light-cult-1001-2000\items\lccc-1500.html","READY","Would update."
"D:\github\ron-english-light-cult-1001-2000\items\lccc-1501.html","READY","Would update."
"D:\github\ron-english-light-cult-1001-2000\items\lccc-1502.html","READY","Would update."
"D:\github\ron-english-light-cult-1001-2000\items\lccc-1503.html","READY","Would update."
"D:\github\ron-english-light-cult-1001-2000\items\lccc-1504.html","READY","Would update."
"D:\github\ron-english-light-cult-1001-2000\items\lccc-1505.html","READY","Would update."
"D:\github\ron-english-light-cult-1001-2000\items\lccc-1506.html","READY","Would update."
"D:\github\ron-english-light-cult-1001-2000\items\lccc-1507.html","READY","Would update."
"D:\github\ron-english-light-cult-1001-2000\items\lccc-1508.html","READY","Would update."
"D:\github\ron-english-light-cult-1001-2000\items\lccc-1509.html","READY","Would update."
"D:\github\ron-english-light-cult-1001-2000\items\lccc-1510.html","READY","Would update."
"D:\github\ron-english-light-cult-1001-2000\items\lccc-1511.html","READY","Would update."
"D:\github\ron-english-light-cult-1001-2000\items\lccc-1512.html","READY","Would update."
"D:\github\ron-english-light-cult-1001-2000\items\lccc-1513.html","READY","Would update."
"D:\github\ron-english-light-cult-1001-2000\items\lccc-1514.html","READY","Would update."
"D:\github\ron-english-light-cult-1001-2000\items\lccc-1515.html","READY","Would update."
"D:\github\ron-english-light-cult-1001-2000\items\lccc-1517.html","READY","Would update."
"D:\github\ron-english-light-cult-1001-2000\items\lccc-1518.html","READY","Would update."
"D:\github\ron-english-light-cult-1001-2000\items\lccc-1519.html","READY","Would update."
"D:\github\ron-english-light-cult-1001-2000\items\lccc-1520.html","READY","Would update."
"D:\github\ron-english-light-cult-1001-2000\items\lccc-1521.html","READY","Would update."
"D:\github\ron-english-light-cult-1001-2000\items\lccc-1522.html","READY","Would update."
"D:\github\ron-english-light-cult-1001-2000\items\lccc-1523.html","READY","Would update."
"D:\github\ron-english-light-cult-1001-2000\items\lccc-1524.html","READY","Would update."
"D:\github\ron-english-light-cult-1001-2000\items\lccc-1525.html","READY","Would update."
"D:\github\ron-english-light-cult-1001-2000\items\lccc-1526.html","READY","Would update."
"D:\github\ron-english-light-cult-1001-2000\items\lccc-1527.html","READY","Would update."
"D:\github\ron-english-light-cult-1001-2000\items\lccc-1528.html","READY","Would update."
"D:\github\ron-english-light-cult-1001-2000\items\lccc-1529.html","READY","Would update."
"D:\github\ron-english-light-cult-1001-2000\items\lccc-1530.html","READY","Would update."
"D:\github\ron-english-light-cult-1001-2000\items\lccc-1531.html","READY","Would update."
"D:\github\ron-english-light-cult-1001-2000\items\lccc-1532.html","READY","Would update."
"D:\github\ron-english-light-cult-1001-2000\items\lccc-1533.html","READY","Would update."
"D:\github\ron-english-light-cult-1001-2000\items\lccc-1534.html","READY","Would update."
"D:\github\ron-english-light-cult-1001-2000\items\lccc-1535.html","READY","Would update."
"D:\github\ron-english-light-cult-1001-2000\items\lccc-1537.html","READY","Would update."
"D:\github\ron-english-light-cult-1001-2000\items\lccc-1538.html","READY","Would update."
"D:\github\ron-english-light-cult-1001-2000\items\lccc-1539.html","READY","Would update."
"D:\github\ron-english-light-cult-1001-2000\items\lccc-1540.html","READY","Would update."
"D:\github\ron-english-light-cult-1001-2000\items\lccc-1541.html","READY","Would update."
"D:\github\ron-english-light-cult-1001-2000\items\lccc-1542.html","READY","Would update."
"D:\github\ron-english-light-cult-1001-2000\items\lccc-1543.html","READY","Would update."
"D:\github\ron-english-light-cult-1001-2000\items\lccc-1544.html","READY","Would update."
"D:\github\ron-english-light-cult-1001-2000\items\lccc-1545.html","READY","Would update."
"D:\github\ron-english-light-cult-1001-2000\items\lccc-1546.html","READY","Would update."
"D:\github\ron-english-light-cult-1001-2000\items\lccc-1547.html","READY","Would update."
"D:\github\ron-english-light-cult-1001-2000\items\lccc-1548.html","READY","Would update."
"D:\github\ron-english-light-cult-1001-2000\items\lccc-1549.html","READY","Would update."
"D:\github\ron-english-light-cult-1001-2000\items\lccc-1550.html","READY","Would update."
"D:\github\ron-english-light-cult-1001-2000\items\lccc-1552.html","READY","Would update."
"D:\github\ron-english-light-cult-1001-2000\items\lccc-1553.html","READY","Would update."
"D:\github\ron-english-light-cult-1001-2000\items\lccc-1554.html","READY","Would update."
"D:\github\ron-english-light-cult-1001-2000\items\lccc-1555.html","READY","Would update."
"D:\github\ron-english-light-cult-1001-2000\items\lccc-1556.html","READY","Would update."
"D:\github\ron-english-light-cult-1001-2000\items\lccc-1557.html","READY","Would update."
"D:\github\ron-english-light-cult-1001-2000\items\lccc-1558.html","READY","Would update."
"D:\github\ron-english-light-cult-1001-2000\items\lccc-1559.html","READY","Would update."
"D:\github\ron-english-light-cult-1001-2000\items\lccc-1560.html","READY","Would update."
"D:\github\ron-english-light-cult-1001-2000\items\lccc-1561.html","READY","Would update."
"D:\github\ron-english-light-cult-1001-2000\items\lccc-1562.html","READY","Would update."
"D:\github\ron-english-light-cult-1001-2000\items\lccc-1563.html","READY","Would update."
"D:\github\ron-english-light-cult-1001-2000\items\lccc-1564.html","READY","Would update."
"D:\github\ron-english-light-cult-1001-2000\items\lccc-1565.html","READY","Would update."
"D:\github\ron-english-light-cult-1001-2000\items\lccc-1566.html","READY","Would update."
"D:\github\ron-english-light-cult-1001-2000\items\lccc-1567.html","READY","Would update."
"D:\github\ron-english-light-cult-1001-2000\items\lccc-1568.html","READY","Would update."
"D:\github\ron-english-light-cult-1001-2000\items\lccc-1569.html","READY","Would update."
"D:\github\ron-english-light-cult-1001-2000\items\lccc-1570.html","READY","Would update."
"D:\github\ron-english-light-cult-1001-2000\items\lccc-1571.html","READY","Would update."
"D:\github\ron-english-light-cult-1001-2000\items\lccc-1572.html","READY","Would update."
"D:\github\ron-english-light-cult-1001-2000\items\lccc-1574.html","READY","Would update."
"D:\github\ron-english-light-cult-1001-2000\items\lccc-1575.html","READY","Would update."
"D:\github\ron-english-light-cult-1001-2000\items\lccc-1576.html","READY","Would update."
"D:\github\ron-english-light-cult-1001-2000\items\lccc-1579.html","READY","Would update."
"D:\github\ron-english-light-cult-1001-2000\items\lccc-1580.html","READY","Would update."
"D:\github\ron-english-light-cult-1001-2000\items\lccc-1581.html","READY","Would update."
"D:\github\ron-english-light-cult-1001-2000\items\lccc-1582.html","READY","Would update."
"D:\github\ron-english-light-cult-1001-2000\items\lccc-1583.html","READY","Would update."
"D:\github\ron-english-light-cult-1001-2000\items\lccc-1584.html","READY","Would update."
"D:\github\ron-english-light-cult-1001-2000\items\lccc-1585.html","READY","Would update."
"D:\github\ron-english-light-cult-1001-2000\items\lccc-1586.html","READY","Would update."
"D:\github\ron-english-light-cult-1001-2000\items\lccc-1587.html","READY","Would update."
"D:\github\ron-english-light-cult-1001-2000\items\lccc-1588.html","READY","Would update."
"D:\github\ron-english-light-cult-1001-2000\items\lccc-1589.html","READY","Would update."
"D:\github\ron-english-light-cult-1001-2000\items\lccc-1590.html","READY","Would update."
"D:\github\ron-english-light-cult-1001-2000\items\lccc-1591.html","READY","Would update."
"D:\github\ron-english-light-cult-1001-2000\items\lccc-1592.html","READY","Would update."
"D:\github\ron-english-light-cult-1001-2000\items\lccc-1593.html","READY","Would update."
"D:\github\ron-english-light-cult-1001-2000\items\lccc-1594.html","READY","Would update."
"D:\github\ron-english-light-cult-1001-2000\items\lccc-1595.html","READY","Would update."
"D:\github\ron-english-light-cult-1001-2000\items\lccc-1597.html","READY","Would update."
"D:\github\ron-english-light-cult-1001-2000\items\lccc-1598.html","READY","Would update."
"D:\github\ron-english-light-cult-1001-2000\items\lccc-1599.html","READY","Would update."
"D:\github\ron-english-light-cult-1001-2000\items\lccc-1600.html","READY","Would update."
"D:\github\ron-english-light-cult-1001-2000\items\lccc-1601.html","READY","Would update."
"D:\github\ron-english-light-cult-1001-2000\items\lccc-1602.html","READY","Would update."
"D:\github\ron-english-light-cult-1001-2000\items\lccc-1603.html","READY","Would update."
"D:\github\ron-english-light-cult-1001-2000\items\lccc-1604.html","READY","Would update."
"D:\github\ron-english-light-cult-1001-2000\items\lccc-1605.html","READY","Would update."
"D:\github\ron-english-light-cult-1001-2000\items\lccc-1607.html","READY","Would update."
"D:\github\ron-english-light-cult-1001-2000\items\lccc-1608.html","READY","Would update."
"D:\github\ron-english-light-cult-1001-2000\items\lccc-1609.html","READY","Would update."
"D:\github\ron-english-light-cult-1001-2000\items\lccc-1611.html","READY","Would update."
"D:\github\ron-english-light-cult-1001-2000\items\lccc-1613.html","READY","Would update."
"D:\github\ron-english-light-cult-1001-2000\items\lccc-1614.html","READY","Would update."
"D:\github\ron-english-light-cult-1001-2000\items\lccc-1615.html","READY","Would update."
"D:\github\ron-english-light-cult-1001-2000\items\lccc-1616.html","READY","Would update."
"D:\github\ron-english-light-cult-1001-2000\items\lccc-1617.html","READY","Would update."
"D:\github\ron-english-light-cult-1001-2000\items\lccc-1618.html","READY","Would update."
"D:\github\ron-english-light-cult-1001-2000\items\lccc-1619.html","READY","Would update."
"D:\github\ron-english-light-cult-1001-2000\items\lccc-1620.html","READY","Would update."
"D:\github\ron-english-light-cult-1001-2000\items\lccc-1621.html","READY","Would update."
"D:\github\ron-english-light-cult-1001-2000\items\lccc-1622.html","READY","Would update."
"D:\github\ron-english-light-cult-1001-2000\items\lccc-1623.html","READY","Would update."
"D:\github\ron-english-light-cult-1001-2000\items\lccc-1624.html","READY","Would update."
"D:\github\ron-english-light-cult-1001-2000\items\lccc-1625.html","READY","Would update."
"D:\github\ron-english-light-cult-1001-2000\items\lccc-1626.html","READY","Would update."
"D:\github\ron-english-light-cult-1001-2000\items\lccc-1627.html","READY","Would update."
"D:\github\ron-english-light-cult-1001-2000\items\lccc-1628.html","READY","Would update."
"D:\github\ron-english-light-cult-1001-2000\items\lccc-1629.html","READY","Would update."
"D:\github\ron-english-light-cult-1001-2000\items\lccc-1630.html","READY","Would update."
"D:\github\ron-english-light-cult-1001-2000\items\lccc-1632.html","READY","Would update."
"D:\github\ron-english-light-cult-1001-2000\items\lccc-1633.html","READY","Would update."
"D:\github\ron-english-light-cult-1001-2000\items\lccc-1634.html","READY","Would update."
"D:\github\ron-english-light-cult-1001-2000\items\lccc-1635.html","READY","Would update."
"D:\github\ron-english-light-cult-1001-2000\items\lccc-1636.html","READY","Would update."
"D:\github\ron-english-light-cult-1001-2000\items\lccc-1637.html","READY","Would update."
"D:\github\ron-english-light-cult-1001-2000\items\lccc-1638.html","READY","Would update."
"D:\github\ron-english-light-cult-1001-2000\items\lccc-1639.html","READY","Would update."
"D:\github\ron-english-light-cult-1001-2000\items\lccc-1641.html","READY","Would update."
"D:\github\ron-english-light-cult-1001-2000\items\lccc-1643.html","READY","Would update."
"D:\github\ron-english-light-cult-1001-2000\items\lccc-1644.html","READY","Would update."
"D:\github\ron-english-light-cult-1001-2000\items\lccc-1645.html","READY","Would update."
"D:\github\ron-english-light-cult-1001-2000\items\lccc-1646.html","READY","Would update."
"D:\github\ron-english-light-cult-1001-2000\items\lccc-1647.html","READY","Would update."
"D:\github\ron-english-light-cult-1001-2000\items\lccc-1649.html","READY","Would update."
"D:\github\ron-english-light-cult-1001-2000\items\lccc-1650.html","READY","Would update."
"D:\github\ron-english-light-cult-1001-2000\items\lccc-1651.html","READY","Would update."
"D:\github\ron-english-light-cult-1001-2000\items\lccc-1653.html","READY","Would update."
"D:\github\ron-english-light-cult-1001-2000\items\lccc-1654.html","READY","Would update."
"D:\github\ron-english-light-cult-1001-2000\items\lccc-1655.html","READY","Would update."
"D:\github\ron-english-light-cult-1001-2000\items\lccc-1656.html","READY","Would update."
"D:\github\ron-english-light-cult-1001-2000\items\lccc-1657.html","READY","Would update."
"D:\github\ron-english-light-cult-1001-2000\items\lccc-1659.html","READY","Would update."
"D:\github\ron-english-light-cult-1001-2000\items\lccc-1660.html","READY","Would update."
"D:\github\ron-english-light-cult-1001-2000\items\lccc-1661.html","READY","Would update."
"D:\github\ron-english-light-cult-1001-2000\items\lccc-1662.html","READY","Would update."
"D:\github\ron-english-light-cult-1001-2000\items\lccc-1664.html","READY","Would update."
"D:\github\ron-english-light-cult-1001-2000\items\lccc-1666.html","READY","Would update."
"D:\github\ron-english-light-cult-1001-2000\items\lccc-1667.html","READY","Would update."
"D:\github\ron-english-light-cult-1001-2000\items\lccc-1669.html","READY","Would update."
"D:\github\ron-english-light-cult-1001-2000\items\lccc-1670.html","READY","Would update."
"D:\github\ron-english-light-cult-1001-2000\items\lccc-1671.html","READY","Would update."
"D:\github\ron-english-light-cult-1001-2000\items\lccc-1672.html","READY","Would update."
"D:\github\ron-english-light-cult-1001-2000\items\lccc-1673.html","READY","Would update."
"D:\github\ron-english-light-cult-1001-2000\items\lccc-1675.html","READY","Would update."
"D:\github\ron-english-light-cult-1001-2000\items\lccc-1676.html","READY","Would update."
"D:\github\ron-english-light-cult-1001-2000\items\lccc-1677.html","READY","Would update."
"D:\github\ron-english-light-cult-1001-2000\items\lccc-1678.html","READY","Would update."
"D:\github\ron-english-light-cult-1001-2000\items\lccc-1679.html","READY","Would update."
"D:\github\ron-english-light-cult-1001-2000\items\lccc-1680.html","READY","Would update."
"D:\github\ron-english-light-cult-1001-2000\items\lccc-1681.html","READY","Would update."
"D:\github\ron-english-light-cult-1001-2000\items\lccc-1682.html","READY","Would update."
"D:\github\ron-english-light-cult-1001-2000\items\lccc-1683.html","READY","Would update."
"D:\github\ron-english-light-cult-1001-2000\items\lccc-1684.html","READY","Would update."
"D:\github\ron-english-light-cult-1001-2000\items\lccc-1685.html","READY","Would update."
"D:\github\ron-english-light-cult-1001-2000\items\lccc-1687.html","READY","Would update."
"D:\github\ron-english-light-cult-1001-2000\items\lccc-1688.html","READY","Would update."
"D:\github\ron-english-light-cult-1001-2000\items\lccc-1689.html","READY","Would update."
"D:\github\ron-english-light-cult-1001-2000\items\lccc-1690.html","READY","Would update."
"D:\github\ron-english-light-cult-1001-2000\items\lccc-1691.html","READY","Would update."
"D:\github\ron-english-light-cult-1001-2000\items\lccc-1692.html","READY","Would update."
"D:\github\ron-english-light-cult-1001-2000\items\lccc-1693.html","READY","Would update."
"D:\github\ron-english-light-cult-1001-2000\items\lccc-1694.html","READY","Would update."
"D:\github\ron-english-light-cult-1001-2000\items\lccc-1695.html","READY","Would update."
"D:\github\ron-english-light-cult-1001-2000\items\lccc-1696.html","READY","Would update."
"D:\github\ron-english-light-cult-1001-2000\items\lccc-1697.html","READY","Would update."
"D:\github\ron-english-light-cult-1001-2000\items\lccc-1698.html","READY","Would update."
"D:\github\ron-english-light-cult-1001-2000\items\lccc-1699.html","READY","Would update."
"D:\github\ron-english-light-cult-1001-2000\items\lccc-1700.html","READY","Would update."
"D:\github\ron-english-light-cult-1001-2000\items\lccc-1701.html","READY","Would update."
"D:\github\ron-english-light-cult-1001-2000\items\lccc-1702.html","READY","Would update."
"D:\github\ron-english-light-cult-1001-2000\items\lccc-1703.html","READY","Would update."
"D:\github\ron-english-light-cult-1001-2000\items\lccc-1704.html","READY","Would update."
"D:\github\ron-english-light-cult-1001-2000\items\lccc-1705.html","READY","Would update."
"D:\github\ron-english-light-cult-1001-2000\items\lccc-1706.html","READY","Would update."
"D:\github\ron-english-light-cult-1001-2000\items\lccc-1708.html","READY","Would update."
"D:\github\ron-english-light-cult-1001-2000\items\lccc-1709.html","READY","Would update."
"D:\github\ron-english-light-cult-1001-2000\items\lccc-1710.html","READY","Would update."
"D:\github\ron-english-light-cult-1001-2000\items\lccc-1711.html","READY","Would update."
"D:\github\ron-english-light-cult-1001-2000\items\lccc-1712.html","READY","Would update."
"D:\github\ron-english-light-cult-1001-2000\items\lccc-1713.html","READY","Would update."
"D:\github\ron-english-light-cult-1001-2000\items\lccc-1714.html","READY","Would update."
"D:\github\ron-english-light-cult-1001-2000\items\lccc-1716.html","READY","Would update."
"D:\github\ron-english-light-cult-1001-2000\items\lccc-1717.html","READY","Would update."
"D:\github\ron-english-light-cult-1001-2000\items\lccc-1718.html","READY","Would update."
"D:\github\ron-english-light-cult-1001-2000\items\lccc-1719.html","READY","Would update."
"D:\github\ron-english-light-cult-1001-2000\items\lccc-1720.html","READY","Would update."
"D:\github\ron-english-light-cult-1001-2000\items\lccc-1721.html","READY","Would update."
"D:\github\ron-english-light-cult-1001-2000\items\lccc-1722.html","READY","Would update."
"D:\github\ron-english-light-cult-1001-2000\items\lccc-1723.html","READY","Would update."
"D:\github\ron-english-light-cult-1001-2000\items\lccc-1724.html","READY","Would update."
"D:\github\ron-english-light-cult-1001-2000\items\lccc-1725.html","READY","Would update."
"D:\github\ron-english-light-cult-1001-2000\items\lccc-1726.html","READY","Would update."
"D:\github\ron-english-light-cult-1001-2000\items\lccc-1727.html","READY","Would update."
"D:\github\ron-english-light-cult-1001-2000\items\lccc-1728.html","READY","Would update."
"D:\github\ron-english-light-cult-1001-2000\items\lccc-1729.html","READY","Would update."
"D:\github\ron-english-light-cult-1001-2000\items\lccc-1730.html","READY","Would update."
"D:\github\ron-english-light-cult-1001-2000\items\lccc-1731.html","READY","Would update."
"D:\github\ron-english-light-cult-1001-2000\items\lccc-1732.html","READY","Would update."
"D:\github\ron-english-light-cult-1001-2000\items\lccc-1733.html","READY","Would update."
"D:\github\ron-english-light-cult-1001-2000\items\lccc-1735.html","READY","Would update."
"D:\github\ron-english-light-cult-1001-2000\items\lccc-1736.html","READY","Would update."
"D:\github\ron-english-light-cult-1001-2000\items\lccc-1737.html","READY","Would update."
"D:\github\ron-english-light-cult-1001-2000\items\lccc-1738.html","READY","Would update."
"D:\github\ron-english-light-cult-1001-2000\items\lccc-1739.html","READY","Would update."
"D:\github\ron-english-light-cult-1001-2000\items\lccc-1740.html","READY","Would update."
"D:\github\ron-english-light-cult-1001-2000\items\lccc-1741.html","READY","Would update."
"D:\github\ron-english-light-cult-1001-2000\items\lccc-1742.html","READY","Would update."
"D:\github\ron-english-light-cult-1001-2000\items\lccc-1743.html","READY","Would update."
"D:\github\ron-english-light-cult-1001-2000\items\lccc-1744.html","READY","Would update."
"D:\github\ron-english-light-cult-1001-2000\items\lccc-1745.html","READY","Would update."
"D:\github\ron-english-light-cult-1001-2000\items\lccc-1746.html","READY","Would update."
"D:\github\ron-english-light-cult-1001-2000\items\lccc-1747.html","READY","Would update."
"D:\github\ron-english-light-cult-1001-2000\items\lccc-1748.html","READY","Would update."
"D:\github\ron-english-light-cult-1001-2000\items\lccc-1749.html","READY","Would update."
"D:\github\ron-english-light-cult-1001-2000\items\lccc-1750.html","READY","Would update."
"D:\github\ron-english-light-cult-1001-2000\items\lccc-1751.html","READY","Would update."
"D:\github\ron-english-light-cult-1001-2000\items\lccc-1752.html","READY","Would update."
"D:\github\ron-english-light-cult-1001-2000\items\lccc-1753.html","READY","Would update."
"D:\github\ron-english-light-cult-1001-2000\items\lccc-1754.html","READY","Would update."
"D:\github\ron-english-light-cult-1001-2000\items\lccc-1755.html","READY","Would update."
"D:\github\ron-english-light-cult-1001-2000\items\lccc-1756.html","READY","Would update."
"D:\github\ron-english-light-cult-1001-2000\items\lccc-1757.html","READY","Would update."
"D:\github\ron-english-light-cult-1001-2000\items\lccc-1759.html","READY","Would update."
"D:\github\ron-english-light-cult-1001-2000\items\lccc-1760.html","READY","Would update."
"D:\github\ron-english-light-cult-1001-2000\items\lccc-1761.html","READY","Would update."
"D:\github\ron-english-light-cult-1001-2000\items\lccc-1762.html","READY","Would update."
"D:\github\ron-english-light-cult-1001-2000\items\lccc-1763.html","READY","Would update."
"D:\github\ron-english-light-cult-1001-2000\items\lccc-1764.html","READY","Would update."
"D:\github\ron-english-light-cult-1001-2000\items\lccc-1766.html","READY","Would update."
"D:\github\ron-english-light-cult-1001-2000\items\lccc-1767.html","READY","Would update."
"D:\github\ron-english-light-cult-1001-2000\items\lccc-1768.html","READY","Would update."
"D:\github\ron-english-light-cult-1001-2000\items\lccc-1769.html","READY","Would update."
"D:\github\ron-english-light-cult-1001-2000\items\lccc-1770.html","READY","Would update."
"D:\github\ron-english-light-cult-1001-2000\items\lccc-1771.html","READY","Would update."
"D:\github\ron-english-light-cult-1001-2000\items\lccc-1772.html","READY","Would update."
"D:\github\ron-english-light-cult-1001-2000\items\lccc-1773.html","READY","Would update."
"D:\github\ron-english-light-cult-1001-2000\items\lccc-1774.html","READY","Would update."
"D:\github\ron-english-light-cult-1001-2000\items\lccc-1775.html","READY","Would update."
"D:\github\ron-english-light-cult-1001-2000\items\lccc-1776.html","READY","Would update."
"D:\github\ron-english-light-cult-1001-2000\items\lccc-1778.html","READY","Would update."
"D:\github\ron-english-light-cult-1001-2000\items\lccc-1779.html","READY","Would update."
"D:\github\ron-english-light-cult-1001-2000\items\lccc-1780.html","READY","Would update."
"D:\github\ron-english-light-cult-1001-2000\items\lccc-1781.html","READY","Would update."
"D:\github\ron-english-light-cult-1001-2000\items\lccc-1782.html","READY","Would update."
"D:\github\ron-english-light-cult-1001-2000\items\lccc-1783.html","READY","Would update."
"D:\github\ron-english-light-cult-1001-2000\items\lccc-1784.html","READY","Would update."
"D:\github\ron-english-light-cult-1001-2000\items\lccc-1785.html","READY","Would update."
"D:\github\ron-english-light-cult-1001-2000\items\lccc-1786.html","READY","Would update."
"D:\github\ron-english-light-cult-1001-2000\items\lccc-1787.html","READY","Would update."
"D:\github\ron-english-light-cult-1001-2000\items\lccc-1789.html","READY","Would update."
"D:\github\ron-english-light-cult-1001-2000\items\lccc-1790.html","READY","Would update."
"D:\github\ron-english-light-cult-1001-2000\items\lccc-1791.html","READY","Would update."
"D:\github\ron-english-light-cult-1001-2000\items\lccc-1792.html","READY","Would update."
"D:\github\ron-english-light-cult-1001-2000\items\lccc-1794.html","READY","Would update."
"D:\github\ron-english-light-cult-1001-2000\items\lccc-1795.html","READY","Would update."
"D:\github\ron-english-light-cult-1001-2000\items\lccc-1796.html","READY","Would update."
"D:\github\ron-english-light-cult-1001-2000\items\lccc-1797.html","READY","Would update."
"D:\github\ron-english-light-cult-1001-2000\items\lccc-1798.html","READY","Would update."
"D:\github\ron-english-light-cult-1001-2000\items\lccc-1799.html","READY","Would update."
"D:\github\ron-english-light-cult-1001-2000\items\lccc-1800.html","READY","Would update."
"D:\github\ron-english-light-cult-1001-2000\items\lccc-1801.html","READY","Would update."
"D:\github\ron-english-light-cult-1001-2000\items\lccc-1802.html","READY","Would update."
"D:\github\ron-english-light-cult-1001-2000\items\lccc-1803.html","READY","Would update."
"D:\github\ron-english-light-cult-1001-2000\items\lccc-1804.html","READY","Would update."
"D:\github\ron-english-light-cult-1001-2000\items\lccc-1805.html","READY","Would update."
"D:\github\ron-english-light-cult-1001-2000\items\lccc-1806.html","READY","Would update."
"D:\github\ron-english-light-cult-1001-2000\items\lccc-1807.html","READY","Would update."
"D:\github\ron-english-light-cult-1001-2000\items\lccc-1808.html","READY","Would update."
"D:\github\ron-english-light-cult-1001-2000\items\lccc-1810.html","READY","Would update."
"D:\github\ron-english-light-cult-1001-2000\items\lccc-1811.html","READY","Would update."
"D:\github\ron-english-light-cult-1001-2000\items\lccc-1812.html","READY","Would update."
"D:\github\ron-english-light-cult-1001-2000\items\lccc-1813.html","READY","Would update."
"D:\github\ron-english-light-cult-1001-2000\items\lccc-1814.html","READY","Would update."
"D:\github\ron-english-light-cult-1001-2000\items\lccc-1815.html","READY","Would update."
"D:\github\ron-english-light-cult-1001-2000\items\lccc-1816.html","READY","Would update."
"D:\github\ron-english-light-cult-1001-2000\items\lccc-1817.html","READY","Would update."
"D:\github\ron-english-light-cult-1001-2000\items\lccc-1818.html","READY","Would update."
"D:\github\ron-english-light-cult-1001-2000\items\lccc-1819.html","READY","Would update."
"D:\github\ron-english-light-cult-1001-2000\items\lccc-1820.html","READY","Would update."
"D:\github\ron-english-light-cult-1001-2000\items\lccc-1821.html","READY","Would update."
"D:\github\ron-english-light-cult-1001-2000\items\lccc-1822.html","READY","Would update."
"D:\github\ron-english-light-cult-1001-2000\items\lccc-1823.html","READY","Would update."
"D:\github\ron-english-light-cult-1001-2000\items\lccc-1824.html","READY","Would update."
"D:\github\ron-english-light-cult-1001-2000\items\lccc-1825.html","READY","Would update."
"D:\github\ron-english-light-cult-1001-2000\items\lccc-1826.html","READY","Would update."
"D:\github\ron-english-light-cult-1001-2000\items\lccc-1827.html","READY","Would update."
"D:\github\ron-english-light-cult-1001-2000\items\lccc-1829.html","READY","Would update."
"D:\github\ron-english-light-cult-1001-2000\items\lccc-1831.html","READY","Would update."
"D:\github\ron-english-light-cult-1001-2000\items\lccc-1832.html","READY","Would update."
"D:\github\ron-english-light-cult-1001-2000\items\lccc-1833.html","READY","Would update."
"D:\github\ron-english-light-cult-1001-2000\items\lccc-1834.html","READY","Would update."
"D:\github\ron-english-light-cult-1001-2000\items\lccc-1835.html","READY","Would update."
"D:\github\ron-english-light-cult-1001-2000\items\lccc-1836.html","READY","Would update."
"D:\github\ron-english-light-cult-1001-2000\items\lccc-1837.html","READY","Would update."
"D:\github\ron-english-light-cult-1001-2000\items\lccc-1839.html","READY","Would update."
"D:\github\ron-english-light-cult-1001-2000\items\lccc-1840.html","READY","Would update."
"D:\github\ron-english-light-cult-1001-2000\items\lccc-1841.html","READY","Would update."
"D:\github\ron-english-light-cult-1001-2000\items\lccc-1842.html","READY","Would update."
"D:\github\ron-english-light-cult-1001-2000\items\lccc-1843.html","READY","Would update."
"D:\github\ron-english-light-cult-1001-2000\items\lccc-1845.html","READY","Would update."
"D:\github\ron-english-light-cult-1001-2000\items\lccc-1846.html","READY","Would update."
"D:\github\ron-english-light-cult-1001-2000\items\lccc-1847.html","READY","Would update."
"D:\github\ron-english-light-cult-1001-2000\items\lccc-1848.html","READY","Would update."
"D:\github\ron-english-light-cult-1001-2000\items\lccc-1849.html","READY","Would update."
"D:\github\ron-english-light-cult-1001-2000\items\lccc-1850.html","READY","Would update."
"D:\github\ron-english-light-cult-1001-2000\items\lccc-1851.html","READY","Would update."
"D:\github\ron-english-light-cult-1001-2000\items\lccc-1852.html","READY","Would update."
"D:\github\ron-english-light-cult-1001-2000\items\lccc-1854.html","READY","Would update."
"D:\github\ron-english-light-cult-1001-2000\items\lccc-1856.html","READY","Would update."
"D:\github\ron-english-light-cult-1001-2000\items\lccc-1857.html","READY","Would update."
"D:\github\ron-english-light-cult-1001-2000\items\lccc-1858.html","READY","Would update."
"D:\github\ron-english-light-cult-1001-2000\items\lccc-1859.html","READY","Would update."
"D:\github\ron-english-light-cult-1001-2000\items\lccc-1860.html","READY","Would update."
"D:\github\ron-english-light-cult-1001-2000\items\lccc-1861.html","READY","Would update."
"D:\github\ron-english-light-cult-1001-2000\items\lccc-1862.html","READY","Would update."
"D:\github\ron-english-light-cult-1001-2000\items\lccc-1864.html","READY","Would update."
"D:\github\ron-english-light-cult-1001-2000\items\lccc-1865.html","READY","Would update."
"D:\github\ron-english-light-cult-1001-2000\items\lccc-1866.html","READY","Would update."
"D:\github\ron-english-light-cult-1001-2000\items\lccc-1867.html","READY","Would update."
"D:\github\ron-english-light-cult-1001-2000\items\lccc-1868.html","READY","Would update."
"D:\github\ron-english-light-cult-1001-2000\items\lccc-1869.html","READY","Would update."
"D:\github\ron-english-light-cult-1001-2000\items\lccc-1870.html","READY","Would update."
"D:\github\ron-english-light-cult-1001-2000\items\lccc-1871.html","READY","Would update."
"D:\github\ron-english-light-cult-1001-2000\items\lccc-1872.html","READY","Would update."
"D:\github\ron-english-light-cult-1001-2000\items\lccc-1873.html","READY","Would update."
"D:\github\ron-english-light-cult-1001-2000\items\lccc-1874.html","READY","Would update."
"D:\github\ron-english-light-cult-1001-2000\items\lccc-1875.html","READY","Would update."
"D:\github\ron-english-light-cult-1001-2000\items\lccc-1876.html","READY","Would update."
"D:\github\ron-english-light-cult-1001-2000\items\lccc-1877.html","READY","Would update."
"D:\github\ron-english-light-cult-1001-2000\items\lccc-1878.html","READY","Would update."
"D:\github\ron-english-light-cult-1001-2000\items\lccc-1879.html","READY","Would update."
"D:\github\ron-english-light-cult-1001-2000\items\lccc-1880.html","READY","Would update."
"D:\github\ron-english-light-cult-1001-2000\items\lccc-1881.html","READY","Would update."
"D:\github\ron-english-light-cult-1001-2000\items\lccc-1882.html","READY","Would update."
"D:\github\ron-english-light-cult-1001-2000\items\lccc-1883.html","READY","Would update."
"D:\github\ron-english-light-cult-1001-2000\items\lccc-1884.html","READY","Would update."
"D:\github\ron-english-light-cult-1001-2000\items\lccc-1886.html","READY","Would update."
"D:\github\ron-english-light-cult-1001-2000\items\lccc-1887.html","READY","Would update."
"D:\github\ron-english-light-cult-1001-2000\items\lccc-1888.html","READY","Would update."
"D:\github\ron-english-light-cult-1001-2000\items\lccc-1889.html","READY","Would update."
"D:\github\ron-english-light-cult-1001-2000\items\lccc-1890.html","READY","Would update."
"D:\github\ron-english-light-cult-1001-2000\items\lccc-1892.html","READY","Would update."
"D:\github\ron-english-light-cult-1001-2000\items\lccc-1893.html","READY","Would update."
"D:\github\ron-english-light-cult-1001-2000\items\lccc-1894.html","READY","Would update."
"D:\github\ron-english-light-cult-1001-2000\items\lccc-1895.html","READY","Would update."
"D:\github\ron-english-light-cult-1001-2000\items\lccc-1896.html","READY","Would update."
"D:\github\ron-english-light-cult-1001-2000\items\lccc-1897.html","READY","Would update."
"D:\github\ron-english-light-cult-1001-2000\items\lccc-1898.html","READY","Would update."
"D:\github\ron-english-light-cult-1001-2000\items\lccc-1899.html","READY","Would update."
"D:\github\ron-english-light-cult-1001-2000\items\lccc-1900.html","READY","Would update."
"D:\github\ron-english-light-cult-1001-2000\items\lccc-1901.html","READY","Would update."
"D:\github\ron-english-light-cult-1001-2000\items\lccc-1902.html","READY","Would update."
"D:\github\ron-english-light-cult-1001-2000\items\lccc-1904.html","READY","Would update."
"D:\github\ron-english-light-cult-1001-2000\items\lccc-1905.html","READY","Would update."
"D:\github\ron-english-light-cult-1001-2000\items\lccc-1906.html","READY","Would update."
"D:\github\ron-english-light-cult-1001-2000\items\lccc-1907.html","READY","Would update."
"D:\github\ron-english-light-cult-1001-2000\items\lccc-1908.html","READY","Would update."
"D:\github\ron-english-light-cult-1001-2000\items\lccc-1909.html","READY","Would update."
"D:\github\ron-english-light-cult-1001-2000\items\lccc-1910.html","READY","Would update."
"D:\github\ron-english-light-cult-1001-2000\items\lccc-1911.html","READY","Would update."
"D:\github\ron-english-light-cult-1001-2000\items\lccc-1912.html","READY","Would update."
"D:\github\ron-english-light-cult-1001-2000\items\lccc-1913.html","READY","Would update."
"D:\github\ron-english-light-cult-1001-2000\items\lccc-1914.html","READY","Would update."
"D:\github\ron-english-light-cult-1001-2000\items\lccc-1915.html","READY","Would update."
"D:\github\ron-english-light-cult-1001-2000\items\lccc-1916.html","READY","Would update."
"D:\github\ron-english-light-cult-1001-2000\items\lccc-1917.html","READY","Would update."
"D:\github\ron-english-light-cult-1001-2000\items\lccc-1918.html","READY","Would update."
"D:\github\ron-english-light-cult-1001-2000\items\lccc-1919.html","READY","Would update."
"D:\github\ron-english-light-cult-1001-2000\items\lccc-1920.html","READY","Would update."
"D:\github\ron-english-light-cult-1001-2000\items\lccc-1921.html","READY","Would update."
"D:\github\ron-english-light-cult-1001-2000\items\lccc-1922.html","READY","Would update."
"D:\github\ron-english-light-cult-1001-2000\items\lccc-1923.html","READY","Would update."
"D:\github\ron-english-light-cult-1001-2000\items\lccc-1924.html","READY","Would update."
"D:\github\ron-english-light-cult-1001-2000\items\lccc-1925.html","READY","Would update."
"D:\github\ron-english-light-cult-1001-2000\items\lccc-1926.html","READY","Would update."
"D:\github\ron-english-light-cult-1001-2000\items\lccc-1927.html","READY","Would update."
"D:\github\ron-english-light-cult-1001-2000\items\lccc-1929.html","READY","Would update."
"D:\github\ron-english-light-cult-1001-2000\items\lccc-1930.html","READY","Would update."
"D:\github\ron-english-light-cult-1001-2000\items\lccc-1931.html","READY","Would update."
"D:\github\ron-english-light-cult-1001-2000\items\lccc-1932.html","READY","Would update."
"D:\github\ron-english-light-cult-1001-2000\items\lccc-1934.html","READY","Would update."
"D:\github\ron-english-light-cult-1001-2000\items\lccc-1935.html","READY","Would update."
"D:\github\ron-english-light-cult-1001-2000\items\lccc-1936.html","READY","Would update."
"D:\github\ron-english-light-cult-1001-2000\items\lccc-1937.html","READY","Would update."
"D:\github\ron-english-light-cult-1001-2000\items\lccc-1938.html","READY","Would update."
"D:\github\ron-english-light-cult-1001-2000\items\lccc-1939.html","READY","Would update."
"D:\github\ron-english-light-cult-1001-2000\items\lccc-1940.html","READY","Would update."
"D:\github\ron-english-light-cult-1001-2000\items\lccc-1941.html","READY","Would update."
"D:\github\ron-english-light-cult-1001-2000\items\lccc-1942.html","READY","Would update."
"D:\github\ron-english-light-cult-1001-2000\items\lccc-1943.html","READY","Would update."
"D:\github\ron-english-light-cult-1001-2000\items\lccc-1944.html","READY","Would update."
"D:\github\ron-english-light-cult-1001-2000\items\lccc-1945.html","READY","Would update."
"D:\github\ron-english-light-cult-1001-2000\items\lccc-1946.html","READY","Would update."
"D:\github\ron-english-light-cult-1001-2000\items\lccc-1947.html","READY","Would update."
"D:\github\ron-english-light-cult-1001-2000\items\lccc-1948.html","READY","Would update."
"D:\github\ron-english-light-cult-1001-2000\items\lccc-1949.html","READY","Would update."
"D:\github\ron-english-light-cult-1001-2000\items\lccc-1950.html","READY","Would update."
"D:\github\ron-english-light-cult-1001-2000\items\lccc-1951.html","READY","Would update."
"D:\github\ron-english-light-cult-1001-2000\items\lccc-1952.html","READY","Would update."
"D:\github\ron-english-light-cult-1001-2000\items\lccc-1953.html","READY","Would update."
"D:\github\ron-english-light-cult-1001-2000\items\lccc-1954.html","READY","Would update."
"D:\github\ron-english-light-cult-1001-2000\items\lccc-1955.html","READY","Would update."
"D:\github\ron-english-light-cult-1001-2000\items\lccc-1956.html","READY","Would update."
"D:\github\ron-english-light-cult-1001-2000\items\lccc-1957.html","READY","Would update."
"D:\github\ron-english-light-cult-1001-2000\items\lccc-1958.html","READY","Would update."
"D:\github\ron-english-light-cult-1001-2000\items\lccc-1959.html","READY","Would update."
"D:\github\ron-english-light-cult-1001-2000\items\lccc-1960.html","READY","Would update."
"D:\github\ron-english-light-cult-1001-2000\items\lccc-1961.html","READY","Would update."
"D:\github\ron-english-light-cult-1001-2000\items\lccc-1962.html","READY","Would update."
"D:\github\ron-english-light-cult-1001-2000\items\lccc-1963.html","READY","Would update."
"D:\github\ron-english-light-cult-1001-2000\items\lccc-1964.html","READY","Would update."
"D:\github\ron-english-light-cult-1001-2000\items\lccc-1965.html","READY","Would update."
"D:\github\ron-english-light-cult-1001-2000\items\lccc-1966.html","READY","Would update."
"D:\github\ron-english-light-cult-1001-2000\items\lccc-1967.html","READY","Would update."
"D:\github\ron-english-light-cult-1001-2000\items\lccc-1968.html","READY","Would update."
"D:\github\ron-english-light-cult-1001-2000\items\lccc-1969.html","READY","Would update."
"D:\github\ron-english-light-cult-1001-2000\items\lccc-1970.html","READY","Would update."
"D:\github\ron-english-light-cult-1001-2000\items\lccc-1971.html","READY","Would update."
"D:\github\ron-english-light-cult-1001-2000\items\lccc-1973.html","READY","Would update."
"D:\github\ron-english-light-cult-1001-2000\items\lccc-1974.html","READY","Would update."
"D:\github\ron-english-light-cult-1001-2000\items\lccc-1975.html","READY","Would update."
"D:\github\ron-english-light-cult-1001-2000\items\lccc-1976.html","READY","Would update."
"D:\github\ron-english-light-cult-1001-2000\items\lccc-1977.html","READY","Would update."
"D:\github\ron-english-light-cult-1001-2000\items\lccc-1978.html","READY","Would update."
"D:\github\ron-english-light-cult-1001-2000\items\lccc-1979.html","READY","Would update."
"D:\github\ron-english-light-cult-1001-2000\items\lccc-1981.html","READY","Would update."
"D:\github\ron-english-light-cult-1001-2000\items\lccc-1982.html","READY","Would update."
"D:\github\ron-english-light-cult-1001-2000\items\lccc-1983.html","READY","Would update."
"D:\github\ron-english-light-cult-1001-2000\items\lccc-1984.html","READY","Would update."
"D:\github\ron-english-light-cult-1001-2000\items\lccc-1985.html","READY","Would update."
"D:\github\ron-english-light-cult-1001-2000\items\lccc-1986.html","READY","Would update."
"D:\github\ron-english-light-cult-1001-2000\items\lccc-1987.html","READY","Would update."
"D:\github\ron-english-light-cult-1001-2000\items\lccc-1988.html","READY","Would update."
"D:\github\ron-english-light-cult-1001-2000\items\lccc-1989.html","READY","Would update."
"D:\github\ron-english-light-cult-1001-2000\items\lccc-1990.html","READY","Would update."
"D:\github\ron-english-light-cult-1001-2000\items\lccc-1991.html","READY","Would update."
"D:\github\ron-english-light-cult-1001-2000\items\lccc-1993.html","READY","Would update."
"D:\github\ron-english-light-cult-1001-2000\items\lccc-1994.html","READY","Would update."
"D:\github\ron-english-light-cult-1001-2000\items\lccc-1995.html","READY","Would update."
"D:\github\ron-english-light-cult-1001-2000\items\lccc-1996.html","READY","Would update."
"D:\github\ron-english-light-cult-1001-2000\items\lccc-1997.html","READY","Would update."
"D:\github\ron-english-light-cult-1001-2000\items\lccc-1998.html","READY","Would update."
"D:\github\ron-english-light-cult-1001-2000\items\lccc-1999.html","READY","Would update."
"D:\github\ron-english-light-cult-1001-2000\items\lccc-2000.html","READY","Would update."
"D:\github\ron-english-light-cult-2001-3000\index.html","SKIP","No changes needed."
"D:\github\ron-english-light-cult-2001-3000\gallery-2001-2100.html","READY","Would update."
"D:\github\ron-english-light-cult-2001-3000\gallery-2101-2200.html","READY","Would update."
"D:\github\ron-english-light-cult-2001-3000\gallery-2201-2300.html","READY","Would update."
"D:\github\ron-english-light-cult-2001-3000\gallery-2301-2400.html","READY","Would update."
"D:\github\ron-english-light-cult-2001-3000\gallery-2401-2500.html","READY","Would update."
"D:\github\ron-english-light-cult-2001-3000\gallery-2501-2600.html","READY","Would update."
"D:\github\ron-english-light-cult-2001-3000\gallery-2601-2700.html","READY","Would update."
"D:\github\ron-english-light-cult-2001-3000\gallery-2701-2800.html","READY","Would update."
"D:\github\ron-english-light-cult-2001-3000\gallery-2801-2900.html","READY","Would update."
"D:\github\ron-english-light-cult-2001-3000\gallery-2901-3000.html","READY","Would update."
"D:\github\ron-english-light-cult-2001-3000\items\lccc-2001.html","READY","Would update."
"D:\github\ron-english-light-cult-2001-3000\items\lccc-2002.html","READY","Would update."
"D:\github\ron-english-light-cult-2001-3000\items\lccc-2003.html","READY","Would update."
"D:\github\ron-english-light-cult-2001-3000\items\lccc-2004.html","READY","Would update."
"D:\github\ron-english-light-cult-2001-3000\items\lccc-2005.html","READY","Would update."
"D:\github\ron-english-light-cult-2001-3000\items\lccc-2006.html","READY","Would update."
"D:\github\ron-english-light-cult-2001-3000\items\lccc-2007.html","READY","Would update."
"D:\github\ron-english-light-cult-2001-3000\items\lccc-2008.html","READY","Would update."
"D:\github\ron-english-light-cult-2001-3000\items\lccc-2009.html","READY","Would update."
"D:\github\ron-english-light-cult-2001-3000\items\lccc-2010.html","READY","Would update."
"D:\github\ron-english-light-cult-2001-3000\items\lccc-2011.html","READY","Would update."
"D:\github\ron-english-light-cult-2001-3000\items\lccc-2012.html","READY","Would update."
"D:\github\ron-english-light-cult-2001-3000\items\lccc-2013.html","READY","Would update."
"D:\github\ron-english-light-cult-2001-3000\items\lccc-2014.html","READY","Would update."
"D:\github\ron-english-light-cult-2001-3000\items\lccc-2017.html","READY","Would update."
"D:\github\ron-english-light-cult-2001-3000\items\lccc-2018.html","READY","Would update."
"D:\github\ron-english-light-cult-2001-3000\items\lccc-2019.html","READY","Would update."
"D:\github\ron-english-light-cult-2001-3000\items\lccc-2020.html","READY","Would update."
"D:\github\ron-english-light-cult-2001-3000\items\lccc-2021.html","READY","Would update."
"D:\github\ron-english-light-cult-2001-3000\items\lccc-2022.html","READY","Would update."
"D:\github\ron-english-light-cult-2001-3000\items\lccc-2024.html","READY","Would update."
"D:\github\ron-english-light-cult-2001-3000\items\lccc-2025.html","READY","Would update."
"D:\github\ron-english-light-cult-2001-3000\items\lccc-2026.html","READY","Would update."
"D:\github\ron-english-light-cult-2001-3000\items\lccc-2027.html","READY","Would update."
"D:\github\ron-english-light-cult-2001-3000\items\lccc-2028.html","READY","Would update."
"D:\github\ron-english-light-cult-2001-3000\items\lccc-2029.html","READY","Would update."
"D:\github\ron-english-light-cult-2001-3000\items\lccc-2031.html","READY","Would update."
"D:\github\ron-english-light-cult-2001-3000\items\lccc-2032.html","READY","Would update."
"D:\github\ron-english-light-cult-2001-3000\items\lccc-2033.html","READY","Would update."
"D:\github\ron-english-light-cult-2001-3000\items\lccc-2034.html","READY","Would update."
"D:\github\ron-english-light-cult-2001-3000\items\lccc-2035.html","READY","Would update."
"D:\github\ron-english-light-cult-2001-3000\items\lccc-2037.html","READY","Would update."
"D:\github\ron-english-light-cult-2001-3000\items\lccc-2038.html","READY","Would update."
"D:\github\ron-english-light-cult-2001-3000\items\lccc-2039.html","READY","Would update."
"D:\github\ron-english-light-cult-2001-3000\items\lccc-2040.html","READY","Would update."
"D:\github\ron-english-light-cult-2001-3000\items\lccc-2041.html","READY","Would update."
"D:\github\ron-english-light-cult-2001-3000\items\lccc-2042.html","READY","Would update."
"D:\github\ron-english-light-cult-2001-3000\items\lccc-2044.html","READY","Would update."
"D:\github\ron-english-light-cult-2001-3000\items\lccc-2046.html","READY","Would update."
"D:\github\ron-english-light-cult-2001-3000\items\lccc-2048.html","READY","Would update."
"D:\github\ron-english-light-cult-2001-3000\items\lccc-2049.html","READY","Would update."
"D:\github\ron-english-light-cult-2001-3000\items\lccc-2050.html","READY","Would update."
"D:\github\ron-english-light-cult-2001-3000\items\lccc-2051.html","READY","Would update."
"D:\github\ron-english-light-cult-2001-3000\items\lccc-2052.html","READY","Would update."
"D:\github\ron-english-light-cult-2001-3000\items\lccc-2053.html","READY","Would update."
"D:\github\ron-english-light-cult-2001-3000\items\lccc-2054.html","READY","Would update."
"D:\github\ron-english-light-cult-2001-3000\items\lccc-2055.html","READY","Would update."
"D:\github\ron-english-light-cult-2001-3000\items\lccc-2056.html","READY","Would update."
"D:\github\ron-english-light-cult-2001-3000\items\lccc-2057.html","READY","Would update."
"D:\github\ron-english-light-cult-2001-3000\items\lccc-2060.html","READY","Would update."
"D:\github\ron-english-light-cult-2001-3000\items\lccc-2061.html","READY","Would update."
"D:\github\ron-english-light-cult-2001-3000\items\lccc-2064.html","READY","Would update."
"D:\github\ron-english-light-cult-2001-3000\items\lccc-2065.html","READY","Would update."
"D:\github\ron-english-light-cult-2001-3000\items\lccc-2066.html","READY","Would update."
"D:\github\ron-english-light-cult-2001-3000\items\lccc-2067.html","READY","Would update."
"D:\github\ron-english-light-cult-2001-3000\items\lccc-2068.html","READY","Would update."
"D:\github\ron-english-light-cult-2001-3000\items\lccc-2069.html","READY","Would update."
"D:\github\ron-english-light-cult-2001-3000\items\lccc-2070.html","READY","Would update."
"D:\github\ron-english-light-cult-2001-3000\items\lccc-2071.html","READY","Would update."
"D:\github\ron-english-light-cult-2001-3000\items\lccc-2072.html","READY","Would update."
"D:\github\ron-english-light-cult-2001-3000\items\lccc-2073.html","READY","Would update."
"D:\github\ron-english-light-cult-2001-3000\items\lccc-2074.html","READY","Would update."
"D:\github\ron-english-light-cult-2001-3000\items\lccc-2075.html","READY","Would update."
"D:\github\ron-english-light-cult-2001-3000\items\lccc-2076.html","READY","Would update."
"D:\github\ron-english-light-cult-2001-3000\items\lccc-2077.html","READY","Would update."
"D:\github\ron-english-light-cult-2001-3000\items\lccc-2078.html","READY","Would update."
"D:\github\ron-english-light-cult-2001-3000\items\lccc-2079.html","READY","Would update."
"D:\github\ron-english-light-cult-2001-3000\items\lccc-2080.html","READY","Would update."
"D:\github\ron-english-light-cult-2001-3000\items\lccc-2082.html","READY","Would update."
"D:\github\ron-english-light-cult-2001-3000\items\lccc-2084.html","READY","Would update."
"D:\github\ron-english-light-cult-2001-3000\items\lccc-2085.html","READY","Would update."
"D:\github\ron-english-light-cult-2001-3000\items\lccc-2086.html","READY","Would update."
"D:\github\ron-english-light-cult-2001-3000\items\lccc-2087.html","READY","Would update."
"D:\github\ron-english-light-cult-2001-3000\items\lccc-2089.html","READY","Would update."
"D:\github\ron-english-light-cult-2001-3000\items\lccc-2090.html","READY","Would update."
"D:\github\ron-english-light-cult-2001-3000\items\lccc-2091.html","READY","Would update."
"D:\github\ron-english-light-cult-2001-3000\items\lccc-2092.html","READY","Would update."
"D:\github\ron-english-light-cult-2001-3000\items\lccc-2093.html","READY","Would update."
"D:\github\ron-english-light-cult-2001-3000\items\lccc-2094.html","READY","Would update."
"D:\github\ron-english-light-cult-2001-3000\items\lccc-2095.html","READY","Would update."
"D:\github\ron-english-light-cult-2001-3000\items\lccc-2097.html","READY","Would update."
"D:\github\ron-english-light-cult-2001-3000\items\lccc-2098.html","READY","Would update."
"D:\github\ron-english-light-cult-2001-3000\items\lccc-2099.html","READY","Would update."
"D:\github\ron-english-light-cult-2001-3000\items\lccc-2100.html","READY","Would update."
"D:\github\ron-english-light-cult-2001-3000\items\lccc-2101.html","READY","Would update."
"D:\github\ron-english-light-cult-2001-3000\items\lccc-2102.html","READY","Would update."
"D:\github\ron-english-light-cult-2001-3000\items\lccc-2103.html","READY","Would update."
"D:\github\ron-english-light-cult-2001-3000\items\lccc-2104.html","READY","Would update."
"D:\github\ron-english-light-cult-2001-3000\items\lccc-2105.html","READY","Would update."
"D:\github\ron-english-light-cult-2001-3000\items\lccc-2106.html","READY","Would update."
"D:\github\ron-english-light-cult-2001-3000\items\lccc-2107.html","READY","Would update."
"D:\github\ron-english-light-cult-2001-3000\items\lccc-2108.html","READY","Would update."
"D:\github\ron-english-light-cult-2001-3000\items\lccc-2109.html","READY","Would update."
"D:\github\ron-english-light-cult-2001-3000\items\lccc-2110.html","READY","Would update."
"D:\github\ron-english-light-cult-2001-3000\items\lccc-2111.html","READY","Would update."
"D:\github\ron-english-light-cult-2001-3000\items\lccc-2112.html","READY","Would update."
"D:\github\ron-english-light-cult-2001-3000\items\lccc-2113.html","READY","Would update."
"D:\github\ron-english-light-cult-2001-3000\items\lccc-2114.html","READY","Would update."
"D:\github\ron-english-light-cult-2001-3000\items\lccc-2115.html","READY","Would update."
"D:\github\ron-english-light-cult-2001-3000\items\lccc-2118.html","READY","Would update."
"D:\github\ron-english-light-cult-2001-3000\items\lccc-2119.html","READY","Would update."
"D:\github\ron-english-light-cult-2001-3000\items\lccc-2120.html","READY","Would update."
"D:\github\ron-english-light-cult-2001-3000\items\lccc-2121.html","READY","Would update."
"D:\github\ron-english-light-cult-2001-3000\items\lccc-2123.html","READY","Would update."
"D:\github\ron-english-light-cult-2001-3000\items\lccc-2124.html","READY","Would update."
"D:\github\ron-english-light-cult-2001-3000\items\lccc-2125.html","READY","Would update."
"D:\github\ron-english-light-cult-2001-3000\items\lccc-2127.html","READY","Would update."
"D:\github\ron-english-light-cult-2001-3000\items\lccc-2128.html","READY","Would update."
"D:\github\ron-english-light-cult-2001-3000\items\lccc-2129.html","READY","Would update."
"D:\github\ron-english-light-cult-2001-3000\items\lccc-2130.html","READY","Would update."
"D:\github\ron-english-light-cult-2001-3000\items\lccc-2131.html","READY","Would update."
"D:\github\ron-english-light-cult-2001-3000\items\lccc-2132.html","READY","Would update."
"D:\github\ron-english-light-cult-2001-3000\items\lccc-2133.html","READY","Would update."
"D:\github\ron-english-light-cult-2001-3000\items\lccc-2134.html","READY","Would update."
"D:\github\ron-english-light-cult-2001-3000\items\lccc-2135.html","READY","Would update."
"D:\github\ron-english-light-cult-2001-3000\items\lccc-2136.html","READY","Would update."
"D:\github\ron-english-light-cult-2001-3000\items\lccc-2137.html","READY","Would update."
"D:\github\ron-english-light-cult-2001-3000\items\lccc-2138.html","READY","Would update."
"D:\github\ron-english-light-cult-2001-3000\items\lccc-2139.html","READY","Would update."
"D:\github\ron-english-light-cult-2001-3000\items\lccc-2140.html","READY","Would update."
"D:\github\ron-english-light-cult-2001-3000\items\lccc-2141.html","READY","Would update."
"D:\github\ron-english-light-cult-2001-3000\items\lccc-2142.html","READY","Would update."
"D:\github\ron-english-light-cult-2001-3000\items\lccc-2143.html","READY","Would update."
"D:\github\ron-english-light-cult-2001-3000\items\lccc-2144.html","READY","Would update."
"D:\github\ron-english-light-cult-2001-3000\items\lccc-2145.html","READY","Would update."
"D:\github\ron-english-light-cult-2001-3000\items\lccc-2146.html","READY","Would update."
"D:\github\ron-english-light-cult-2001-3000\items\lccc-2147.html","READY","Would update."
"D:\github\ron-english-light-cult-2001-3000\items\lccc-2148.html","READY","Would update."
"D:\github\ron-english-light-cult-2001-3000\items\lccc-2149.html","READY","Would update."
"D:\github\ron-english-light-cult-2001-3000\items\lccc-2151.html","READY","Would update."
"D:\github\ron-english-light-cult-2001-3000\items\lccc-2152.html","READY","Would update."
"D:\github\ron-english-light-cult-2001-3000\items\lccc-2153.html","READY","Would update."
"D:\github\ron-english-light-cult-2001-3000\items\lccc-2154.html","READY","Would update."
"D:\github\ron-english-light-cult-2001-3000\items\lccc-2155.html","READY","Would update."
"D:\github\ron-english-light-cult-2001-3000\items\lccc-2156.html","READY","Would update."
"D:\github\ron-english-light-cult-2001-3000\items\lccc-2158.html","READY","Would update."
"D:\github\ron-english-light-cult-2001-3000\items\lccc-2159.html","READY","Would update."
"D:\github\ron-english-light-cult-2001-3000\items\lccc-2160.html","READY","Would update."
"D:\github\ron-english-light-cult-2001-3000\items\lccc-2161.html","READY","Would update."
"D:\github\ron-english-light-cult-2001-3000\items\lccc-2164.html","READY","Would update."
"D:\github\ron-english-light-cult-2001-3000\items\lccc-2165.html","READY","Would update."
"D:\github\ron-english-light-cult-2001-3000\items\lccc-2166.html","READY","Would update."
"D:\github\ron-english-light-cult-2001-3000\items\lccc-2167.html","READY","Would update."
"D:\github\ron-english-light-cult-2001-3000\items\lccc-2168.html","READY","Would update."
"D:\github\ron-english-light-cult-2001-3000\items\lccc-2169.html","READY","Would update."
"D:\github\ron-english-light-cult-2001-3000\items\lccc-2170.html","READY","Would update."
"D:\github\ron-english-light-cult-2001-3000\items\lccc-2171.html","READY","Would update."
"D:\github\ron-english-light-cult-2001-3000\items\lccc-2172.html","READY","Would update."
"D:\github\ron-english-light-cult-2001-3000\items\lccc-2173.html","READY","Would update."
"D:\github\ron-english-light-cult-2001-3000\items\lccc-2174.html","READY","Would update."
"D:\github\ron-english-light-cult-2001-3000\items\lccc-2175.html","READY","Would update."
"D:\github\ron-english-light-cult-2001-3000\items\lccc-2176.html","READY","Would update."
"D:\github\ron-english-light-cult-2001-3000\items\lccc-2177.html","READY","Would update."
"D:\github\ron-english-light-cult-2001-3000\items\lccc-2178.html","READY","Would update."
"D:\github\ron-english-light-cult-2001-3000\items\lccc-2180.html","READY","Would update."
"D:\github\ron-english-light-cult-2001-3000\items\lccc-2181.html","READY","Would update."
"D:\github\ron-english-light-cult-2001-3000\items\lccc-2182.html","READY","Would update."
"D:\github\ron-english-light-cult-2001-3000\items\lccc-2183.html","READY","Would update."
"D:\github\ron-english-light-cult-2001-3000\items\lccc-2184.html","READY","Would update."
"D:\github\ron-english-light-cult-2001-3000\items\lccc-2185.html","READY","Would update."
"D:\github\ron-english-light-cult-2001-3000\items\lccc-2186.html","READY","Would update."
"D:\github\ron-english-light-cult-2001-3000\items\lccc-2187.html","READY","Would update."
"D:\github\ron-english-light-cult-2001-3000\items\lccc-2188.html","READY","Would update."
"D:\github\ron-english-light-cult-2001-3000\items\lccc-2189.html","READY","Would update."
"D:\github\ron-english-light-cult-2001-3000\items\lccc-2190.html","READY","Would update."
"D:\github\ron-english-light-cult-2001-3000\items\lccc-2191.html","READY","Would update."
"D:\github\ron-english-light-cult-2001-3000\items\lccc-2192.html","READY","Would update."
"D:\github\ron-english-light-cult-2001-3000\items\lccc-2193.html","READY","Would update."
"D:\github\ron-english-light-cult-2001-3000\items\lccc-2194.html","READY","Would update."
"D:\github\ron-english-light-cult-2001-3000\items\lccc-2195.html","READY","Would update."
"D:\github\ron-english-light-cult-2001-3000\items\lccc-2196.html","READY","Would update."
"D:\github\ron-english-light-cult-2001-3000\items\lccc-2198.html","READY","Would update."
"D:\github\ron-english-light-cult-2001-3000\items\lccc-2199.html","READY","Would update."
"D:\github\ron-english-light-cult-2001-3000\items\lccc-2200.html","READY","Would update."
"D:\github\ron-english-light-cult-2001-3000\items\lccc-2201.html","READY","Would update."
"D:\github\ron-english-light-cult-2001-3000\items\lccc-2202.html","READY","Would update."
"D:\github\ron-english-light-cult-2001-3000\items\lccc-2203.html","READY","Would update."
"D:\github\ron-english-light-cult-2001-3000\items\lccc-2204.html","READY","Would update."
"D:\github\ron-english-light-cult-2001-3000\items\lccc-2205.html","READY","Would update."
"D:\github\ron-english-light-cult-2001-3000\items\lccc-2206.html","READY","Would update."
"D:\github\ron-english-light-cult-2001-3000\items\lccc-2207.html","READY","Would update."
"D:\github\ron-english-light-cult-2001-3000\items\lccc-2208.html","READY","Would update."
"D:\github\ron-english-light-cult-2001-3000\items\lccc-2209.html","READY","Would update."
"D:\github\ron-english-light-cult-2001-3000\items\lccc-2210.html","READY","Would update."
"D:\github\ron-english-light-cult-2001-3000\items\lccc-2212.html","READY","Would update."
"D:\github\ron-english-light-cult-2001-3000\items\lccc-2213.html","READY","Would update."
"D:\github\ron-english-light-cult-2001-3000\items\lccc-2214.html","READY","Would update."
"D:\github\ron-english-light-cult-2001-3000\items\lccc-2215.html","READY","Would update."
"D:\github\ron-english-light-cult-2001-3000\items\lccc-2216.html","READY","Would update."
"D:\github\ron-english-light-cult-2001-3000\items\lccc-2217.html","READY","Would update."
"D:\github\ron-english-light-cult-2001-3000\items\lccc-2218.html","READY","Would update."
"D:\github\ron-english-light-cult-2001-3000\items\lccc-2220.html","READY","Would update."
"D:\github\ron-english-light-cult-2001-3000\items\lccc-2221.html","READY","Would update."
"D:\github\ron-english-light-cult-2001-3000\items\lccc-2222.html","READY","Would update."
"D:\github\ron-english-light-cult-2001-3000\items\lccc-2223.html","READY","Would update."
"D:\github\ron-english-light-cult-2001-3000\items\lccc-2224.html","READY","Would update."
"D:\github\ron-english-light-cult-2001-3000\items\lccc-2226.html","READY","Would update."
"D:\github\ron-english-light-cult-2001-3000\items\lccc-2227.html","READY","Would update."
"D:\github\ron-english-light-cult-2001-3000\items\lccc-2228.html","READY","Would update."
"D:\github\ron-english-light-cult-2001-3000\items\lccc-2229.html","READY","Would update."
"D:\github\ron-english-light-cult-2001-3000\items\lccc-2230.html","READY","Would update."
"D:\github\ron-english-light-cult-2001-3000\items\lccc-2231.html","READY","Would update."
"D:\github\ron-english-light-cult-2001-3000\items\lccc-2232.html","READY","Would update."
"D:\github\ron-english-light-cult-2001-3000\items\lccc-2233.html","READY","Would update."
"D:\github\ron-english-light-cult-2001-3000\items\lccc-2234.html","READY","Would update."
"D:\github\ron-english-light-cult-2001-3000\items\lccc-2235.html","READY","Would update."
"D:\github\ron-english-light-cult-2001-3000\items\lccc-2236.html","READY","Would update."
"D:\github\ron-english-light-cult-2001-3000\items\lccc-2237.html","READY","Would update."
"D:\github\ron-english-light-cult-2001-3000\items\lccc-2238.html","READY","Would update."
"D:\github\ron-english-light-cult-2001-3000\items\lccc-2239.html","READY","Would update."
"D:\github\ron-english-light-cult-2001-3000\items\lccc-2240.html","READY","Would update."
"D:\github\ron-english-light-cult-2001-3000\items\lccc-2241.html","READY","Would update."
"D:\github\ron-english-light-cult-2001-3000\items\lccc-2243.html","READY","Would update."
"D:\github\ron-english-light-cult-2001-3000\items\lccc-2244.html","READY","Would update."
"D:\github\ron-english-light-cult-2001-3000\items\lccc-2245.html","READY","Would update."
"D:\github\ron-english-light-cult-2001-3000\items\lccc-2246.html","READY","Would update."
"D:\github\ron-english-light-cult-2001-3000\items\lccc-2247.html","READY","Would update."
"D:\github\ron-english-light-cult-2001-3000\items\lccc-2248.html","READY","Would update."
"D:\github\ron-english-light-cult-2001-3000\items\lccc-2249.html","READY","Would update."
"D:\github\ron-english-light-cult-2001-3000\items\lccc-2250.html","READY","Would update."
"D:\github\ron-english-light-cult-2001-3000\items\lccc-2251.html","READY","Would update."
"D:\github\ron-english-light-cult-2001-3000\items\lccc-2252.html","READY","Would update."
"D:\github\ron-english-light-cult-2001-3000\items\lccc-2253.html","READY","Would update."
"D:\github\ron-english-light-cult-2001-3000\items\lccc-2254.html","READY","Would update."
"D:\github\ron-english-light-cult-2001-3000\items\lccc-2255.html","READY","Would update."
"D:\github\ron-english-light-cult-2001-3000\items\lccc-2256.html","READY","Would update."
"D:\github\ron-english-light-cult-2001-3000\items\lccc-2257.html","READY","Would update."
"D:\github\ron-english-light-cult-2001-3000\items\lccc-2258.html","READY","Would update."
"D:\github\ron-english-light-cult-2001-3000\items\lccc-2259.html","READY","Would update."
"D:\github\ron-english-light-cult-2001-3000\items\lccc-2260.html","READY","Would update."
"D:\github\ron-english-light-cult-2001-3000\items\lccc-2261.html","READY","Would update."
"D:\github\ron-english-light-cult-2001-3000\items\lccc-2262.html","READY","Would update."
"D:\github\ron-english-light-cult-2001-3000\items\lccc-2263.html","READY","Would update."
"D:\github\ron-english-light-cult-2001-3000\items\lccc-2264.html","READY","Would update."
"D:\github\ron-english-light-cult-2001-3000\items\lccc-2265.html","READY","Would update."
"D:\github\ron-english-light-cult-2001-3000\items\lccc-2266.html","READY","Would update."
"D:\github\ron-english-light-cult-2001-3000\items\lccc-2268.html","READY","Would update."
"D:\github\ron-english-light-cult-2001-3000\items\lccc-2269.html","READY","Would update."
"D:\github\ron-english-light-cult-2001-3000\items\lccc-2271.html","READY","Would update."
"D:\github\ron-english-light-cult-2001-3000\items\lccc-2273.html","READY","Would update."
"D:\github\ron-english-light-cult-2001-3000\items\lccc-2274.html","READY","Would update."
"D:\github\ron-english-light-cult-2001-3000\items\lccc-2275.html","READY","Would update."
"D:\github\ron-english-light-cult-2001-3000\items\lccc-2276.html","READY","Would update."
"D:\github\ron-english-light-cult-2001-3000\items\lccc-2277.html","READY","Would update."
"D:\github\ron-english-light-cult-2001-3000\items\lccc-2278.html","READY","Would update."
"D:\github\ron-english-light-cult-2001-3000\items\lccc-2279.html","READY","Would update."
"D:\github\ron-english-light-cult-2001-3000\items\lccc-2280.html","READY","Would update."
"D:\github\ron-english-light-cult-2001-3000\items\lccc-2281.html","READY","Would update."
"D:\github\ron-english-light-cult-2001-3000\items\lccc-2282.html","READY","Would update."
"D:\github\ron-english-light-cult-2001-3000\items\lccc-2284.html","READY","Would update."
"D:\github\ron-english-light-cult-2001-3000\items\lccc-2287.html","READY","Would update."
"D:\github\ron-english-light-cult-2001-3000\items\lccc-2288.html","READY","Would update."
"D:\github\ron-english-light-cult-2001-3000\items\lccc-2289.html","READY","Would update."
"D:\github\ron-english-light-cult-2001-3000\items\lccc-2290.html","READY","Would update."
"D:\github\ron-english-light-cult-2001-3000\items\lccc-2291.html","READY","Would update."
"D:\github\ron-english-light-cult-2001-3000\items\lccc-2292.html","READY","Would update."
"D:\github\ron-english-light-cult-2001-3000\items\lccc-2293.html","READY","Would update."
"D:\github\ron-english-light-cult-2001-3000\items\lccc-2295.html","READY","Would update."
"D:\github\ron-english-light-cult-2001-3000\items\lccc-2297.html","READY","Would update."
"D:\github\ron-english-light-cult-2001-3000\items\lccc-2298.html","READY","Would update."
"D:\github\ron-english-light-cult-2001-3000\items\lccc-2299.html","READY","Would update."
"D:\github\ron-english-light-cult-2001-3000\items\lccc-2300.html","READY","Would update."
"D:\github\ron-english-light-cult-2001-3000\items\lccc-2301.html","READY","Would update."
"D:\github\ron-english-light-cult-2001-3000\items\lccc-2302.html","READY","Would update."
"D:\github\ron-english-light-cult-2001-3000\items\lccc-2303.html","READY","Would update."
"D:\github\ron-english-light-cult-2001-3000\items\lccc-2304.html","READY","Would update."
"D:\github\ron-english-light-cult-2001-3000\items\lccc-2305.html","READY","Would update."
"D:\github\ron-english-light-cult-2001-3000\items\lccc-2306.html","READY","Would update."
"D:\github\ron-english-light-cult-2001-3000\items\lccc-2307.html","READY","Would update."
"D:\github\ron-english-light-cult-2001-3000\items\lccc-2308.html","READY","Would update."
"D:\github\ron-english-light-cult-2001-3000\items\lccc-2309.html","READY","Would update."
"D:\github\ron-english-light-cult-2001-3000\items\lccc-2310.html","READY","Would update."
"D:\github\ron-english-light-cult-2001-3000\items\lccc-2311.html","READY","Would update."
"D:\github\ron-english-light-cult-2001-3000\items\lccc-2312.html","READY","Would update."
"D:\github\ron-english-light-cult-2001-3000\items\lccc-2313.html","READY","Would update."
"D:\github\ron-english-light-cult-2001-3000\items\lccc-2314.html","READY","Would update."
"D:\github\ron-english-light-cult-2001-3000\items\lccc-2316.html","READY","Would update."
"D:\github\ron-english-light-cult-2001-3000\items\lccc-2317.html","READY","Would update."
"D:\github\ron-english-light-cult-2001-3000\items\lccc-2318.html","READY","Would update."
"D:\github\ron-english-light-cult-2001-3000\items\lccc-2319.html","READY","Would update."
"D:\github\ron-english-light-cult-2001-3000\items\lccc-2320.html","READY","Would update."
"D:\github\ron-english-light-cult-2001-3000\items\lccc-2321.html","READY","Would update."
"D:\github\ron-english-light-cult-2001-3000\items\lccc-2322.html","READY","Would update."
"D:\github\ron-english-light-cult-2001-3000\items\lccc-2323.html","READY","Would update."
"D:\github\ron-english-light-cult-2001-3000\items\lccc-2325.html","READY","Would update."
"D:\github\ron-english-light-cult-2001-3000\items\lccc-2326.html","READY","Would update."
"D:\github\ron-english-light-cult-2001-3000\items\lccc-2327.html","READY","Would update."
"D:\github\ron-english-light-cult-2001-3000\items\lccc-2328.html","READY","Would update."
"D:\github\ron-english-light-cult-2001-3000\items\lccc-2329.html","READY","Would update."
"D:\github\ron-english-light-cult-2001-3000\items\lccc-2330.html","READY","Would update."
"D:\github\ron-english-light-cult-2001-3000\items\lccc-2331.html","READY","Would update."
"D:\github\ron-english-light-cult-2001-3000\items\lccc-2332.html","READY","Would update."
"D:\github\ron-english-light-cult-2001-3000\items\lccc-2333.html","READY","Would update."
"D:\github\ron-english-light-cult-2001-3000\items\lccc-2334.html","READY","Would update."
"D:\github\ron-english-light-cult-2001-3000\items\lccc-2335.html","READY","Would update."
"D:\github\ron-english-light-cult-2001-3000\items\lccc-2336.html","READY","Would update."
"D:\github\ron-english-light-cult-2001-3000\items\lccc-2339.html","READY","Would update."
"D:\github\ron-english-light-cult-2001-3000\items\lccc-2340.html","READY","Would update."
"D:\github\ron-english-light-cult-2001-3000\items\lccc-2341.html","READY","Would update."
"D:\github\ron-english-light-cult-2001-3000\items\lccc-2342.html","READY","Would update."
"D:\github\ron-english-light-cult-2001-3000\items\lccc-2343.html","READY","Would update."
"D:\github\ron-english-light-cult-2001-3000\items\lccc-2344.html","READY","Would update."
"D:\github\ron-english-light-cult-2001-3000\items\lccc-2345.html","READY","Would update."
"D:\github\ron-english-light-cult-2001-3000\items\lccc-2346.html","READY","Would update."
"D:\github\ron-english-light-cult-2001-3000\items\lccc-2347.html","READY","Would update."
"D:\github\ron-english-light-cult-2001-3000\items\lccc-2349.html","READY","Would update."
"D:\github\ron-english-light-cult-2001-3000\items\lccc-2350.html","READY","Would update."
"D:\github\ron-english-light-cult-2001-3000\items\lccc-2351.html","READY","Would update."
"D:\github\ron-english-light-cult-2001-3000\items\lccc-2352.html","READY","Would update."
"D:\github\ron-english-light-cult-2001-3000\items\lccc-2353.html","READY","Would update."
"D:\github\ron-english-light-cult-2001-3000\items\lccc-2354.html","READY","Would update."
"D:\github\ron-english-light-cult-2001-3000\items\lccc-2355.html","READY","Would update."
"D:\github\ron-english-light-cult-2001-3000\items\lccc-2356.html","READY","Would update."
"D:\github\ron-english-light-cult-2001-3000\items\lccc-2357.html","READY","Would update."
"D:\github\ron-english-light-cult-2001-3000\items\lccc-2358.html","READY","Would update."
"D:\github\ron-english-light-cult-2001-3000\items\lccc-2360.html","READY","Would update."
"D:\github\ron-english-light-cult-2001-3000\items\lccc-2361.html","READY","Would update."
"D:\github\ron-english-light-cult-2001-3000\items\lccc-2362.html","READY","Would update."
"D:\github\ron-english-light-cult-2001-3000\items\lccc-2363.html","READY","Would update."
"D:\github\ron-english-light-cult-2001-3000\items\lccc-2364.html","READY","Would update."
"D:\github\ron-english-light-cult-2001-3000\items\lccc-2365.html","READY","Would update."
"D:\github\ron-english-light-cult-2001-3000\items\lccc-2367.html","READY","Would update."
"D:\github\ron-english-light-cult-2001-3000\items\lccc-2369.html","READY","Would update."
"D:\github\ron-english-light-cult-2001-3000\items\lccc-2370.html","READY","Would update."
"D:\github\ron-english-light-cult-2001-3000\items\lccc-2371.html","READY","Would update."
"D:\github\ron-english-light-cult-2001-3000\items\lccc-2372.html","READY","Would update."
"D:\github\ron-english-light-cult-2001-3000\items\lccc-2373.html","READY","Would update."
"D:\github\ron-english-light-cult-2001-3000\items\lccc-2374.html","READY","Would update."
"D:\github\ron-english-light-cult-2001-3000\items\lccc-2375.html","READY","Would update."
"D:\github\ron-english-light-cult-2001-3000\items\lccc-2376.html","READY","Would update."
"D:\github\ron-english-light-cult-2001-3000\items\lccc-2377.html","READY","Would update."
"D:\github\ron-english-light-cult-2001-3000\items\lccc-2378.html","READY","Would update."
"D:\github\ron-english-light-cult-2001-3000\items\lccc-2379.html","READY","Would update."
"D:\github\ron-english-light-cult-2001-3000\items\lccc-2380.html","READY","Would update."
"D:\github\ron-english-light-cult-2001-3000\items\lccc-2381.html","READY","Would update."
"D:\github\ron-english-light-cult-2001-3000\items\lccc-2382.html","READY","Would update."
"D:\github\ron-english-light-cult-2001-3000\items\lccc-2383.html","READY","Would update."
"D:\github\ron-english-light-cult-2001-3000\items\lccc-2384.html","READY","Would update."
"D:\github\ron-english-light-cult-2001-3000\items\lccc-2385.html","READY","Would update."
"D:\github\ron-english-light-cult-2001-3000\items\lccc-2386.html","READY","Would update."
"D:\github\ron-english-light-cult-2001-3000\items\lccc-2387.html","READY","Would update."
"D:\github\ron-english-light-cult-2001-3000\items\lccc-2388.html","READY","Would update."
"D:\github\ron-english-light-cult-2001-3000\items\lccc-2389.html","READY","Would update."
"D:\github\ron-english-light-cult-2001-3000\items\lccc-2390.html","READY","Would update."
"D:\github\ron-english-light-cult-2001-3000\items\lccc-2391.html","READY","Would update."
"D:\github\ron-english-light-cult-2001-3000\items\lccc-2392.html","READY","Would update."
"D:\github\ron-english-light-cult-2001-3000\items\lccc-2393.html","READY","Would update."
"D:\github\ron-english-light-cult-2001-3000\items\lccc-2394.html","READY","Would update."
"D:\github\ron-english-light-cult-2001-3000\items\lccc-2395.html","READY","Would update."
"D:\github\ron-english-light-cult-2001-3000\items\lccc-2396.html","READY","Would update."
"D:\github\ron-english-light-cult-2001-3000\items\lccc-2397.html","READY","Would update."
"D:\github\ron-english-light-cult-2001-3000\items\lccc-2398.html","READY","Would update."
"D:\github\ron-english-light-cult-2001-3000\items\lccc-2399.html","READY","Would update."
"D:\github\ron-english-light-cult-2001-3000\items\lccc-2400.html","READY","Would update."
"D:\github\ron-english-light-cult-2001-3000\items\lccc-2401.html","READY","Would update."
"D:\github\ron-english-light-cult-2001-3000\items\lccc-2402.html","READY","Would update."
"D:\github\ron-english-light-cult-2001-3000\items\lccc-2403.html","READY","Would update."
"D:\github\ron-english-light-cult-2001-3000\items\lccc-2404.html","READY","Would update."
"D:\github\ron-english-light-cult-2001-3000\items\lccc-2406.html","READY","Would update."
"D:\github\ron-english-light-cult-2001-3000\items\lccc-2408.html","READY","Would update."
"D:\github\ron-english-light-cult-2001-3000\items\lccc-2409.html","READY","Would update."
"D:\github\ron-english-light-cult-2001-3000\items\lccc-2410.html","READY","Would update."
"D:\github\ron-english-light-cult-2001-3000\items\lccc-2412.html","READY","Would update."
"D:\github\ron-english-light-cult-2001-3000\items\lccc-2413.html","READY","Would update."
"D:\github\ron-english-light-cult-2001-3000\items\lccc-2414.html","READY","Would update."
"D:\github\ron-english-light-cult-2001-3000\items\lccc-2415.html","READY","Would update."
"D:\github\ron-english-light-cult-2001-3000\items\lccc-2417.html","READY","Would update."
"D:\github\ron-english-light-cult-2001-3000\items\lccc-2418.html","READY","Would update."
"D:\github\ron-english-light-cult-2001-3000\items\lccc-2419.html","READY","Would update."
"D:\github\ron-english-light-cult-2001-3000\items\lccc-2420.html","READY","Would update."
"D:\github\ron-english-light-cult-2001-3000\items\lccc-2422.html","READY","Would update."
"D:\github\ron-english-light-cult-2001-3000\items\lccc-2423.html","READY","Would update."
"D:\github\ron-english-light-cult-2001-3000\items\lccc-2424.html","READY","Would update."
"D:\github\ron-english-light-cult-2001-3000\items\lccc-2425.html","READY","Would update."
"D:\github\ron-english-light-cult-2001-3000\items\lccc-2427.html","READY","Would update."
"D:\github\ron-english-light-cult-2001-3000\items\lccc-2428.html","READY","Would update."
"D:\github\ron-english-light-cult-2001-3000\items\lccc-2430.html","READY","Would update."
"D:\github\ron-english-light-cult-2001-3000\items\lccc-2431.html","READY","Would update."
"D:\github\ron-english-light-cult-2001-3000\items\lccc-2433.html","READY","Would update."
"D:\github\ron-english-light-cult-2001-3000\items\lccc-2434.html","READY","Would update."
"D:\github\ron-english-light-cult-2001-3000\items\lccc-2435.html","READY","Would update."
"D:\github\ron-english-light-cult-2001-3000\items\lccc-2436.html","READY","Would update."
"D:\github\ron-english-light-cult-2001-3000\items\lccc-2437.html","READY","Would update."
"D:\github\ron-english-light-cult-2001-3000\items\lccc-2438.html","READY","Would update."
"D:\github\ron-english-light-cult-2001-3000\items\lccc-2439.html","READY","Would update."
"D:\github\ron-english-light-cult-2001-3000\items\lccc-2440.html","READY","Would update."
"D:\github\ron-english-light-cult-2001-3000\items\lccc-2441.html","READY","Would update."
"D:\github\ron-english-light-cult-2001-3000\items\lccc-2442.html","READY","Would update."
"D:\github\ron-english-light-cult-2001-3000\items\lccc-2443.html","READY","Would update."
"D:\github\ron-english-light-cult-2001-3000\items\lccc-2444.html","READY","Would update."
"D:\github\ron-english-light-cult-2001-3000\items\lccc-2445.html","READY","Would update."
"D:\github\ron-english-light-cult-2001-3000\items\lccc-2446.html","READY","Would update."
"D:\github\ron-english-light-cult-2001-3000\items\lccc-2447.html","READY","Would update."
"D:\github\ron-english-light-cult-2001-3000\items\lccc-2449.html","READY","Would update."
"D:\github\ron-english-light-cult-2001-3000\items\lccc-2450.html","READY","Would update."
"D:\github\ron-english-light-cult-2001-3000\items\lccc-2451.html","READY","Would update."
"D:\github\ron-english-light-cult-2001-3000\items\lccc-2452.html","READY","Would update."
"D:\github\ron-english-light-cult-2001-3000\items\lccc-2453.html","READY","Would update."
"D:\github\ron-english-light-cult-2001-3000\items\lccc-2454.html","READY","Would update."
"D:\github\ron-english-light-cult-2001-3000\items\lccc-2455.html","READY","Would update."
"D:\github\ron-english-light-cult-2001-3000\items\lccc-2456.html","READY","Would update."
"D:\github\ron-english-light-cult-2001-3000\items\lccc-2457.html","READY","Would update."
"D:\github\ron-english-light-cult-2001-3000\items\lccc-2458.html","READY","Would update."
"D:\github\ron-english-light-cult-2001-3000\items\lccc-2459.html","READY","Would update."
"D:\github\ron-english-light-cult-2001-3000\items\lccc-2461.html","READY","Would update."
"D:\github\ron-english-light-cult-2001-3000\items\lccc-2462.html","READY","Would update."
"D:\github\ron-english-light-cult-2001-3000\items\lccc-2463.html","READY","Would update."
"D:\github\ron-english-light-cult-2001-3000\items\lccc-2464.html","READY","Would update."
"D:\github\ron-english-light-cult-2001-3000\items\lccc-2465.html","READY","Would update."
"D:\github\ron-english-light-cult-2001-3000\items\lccc-2466.html","READY","Would update."
"D:\github\ron-english-light-cult-2001-3000\items\lccc-2467.html","READY","Would update."
"D:\github\ron-english-light-cult-2001-3000\items\lccc-2468.html","READY","Would update."
"D:\github\ron-english-light-cult-2001-3000\items\lccc-2469.html","READY","Would update."
"D:\github\ron-english-light-cult-2001-3000\items\lccc-2470.html","READY","Would update."
"D:\github\ron-english-light-cult-2001-3000\items\lccc-2471.html","READY","Would update."
"D:\github\ron-english-light-cult-2001-3000\items\lccc-2472.html","READY","Would update."
"D:\github\ron-english-light-cult-2001-3000\items\lccc-2473.html","READY","Would update."
"D:\github\ron-english-light-cult-2001-3000\items\lccc-2474.html","READY","Would update."
"D:\github\ron-english-light-cult-2001-3000\items\lccc-2475.html","READY","Would update."
"D:\github\ron-english-light-cult-2001-3000\items\lccc-2476.html","READY","Would update."
"D:\github\ron-english-light-cult-2001-3000\items\lccc-2477.html","READY","Would update."
"D:\github\ron-english-light-cult-2001-3000\items\lccc-2478.html","READY","Would update."
"D:\github\ron-english-light-cult-2001-3000\items\lccc-2480.html","READY","Would update."
"D:\github\ron-english-light-cult-2001-3000\items\lccc-2481.html","READY","Would update."
"D:\github\ron-english-light-cult-2001-3000\items\lccc-2482.html","READY","Would update."
"D:\github\ron-english-light-cult-2001-3000\items\lccc-2483.html","READY","Would update."
"D:\github\ron-english-light-cult-2001-3000\items\lccc-2485.html","READY","Would update."
"D:\github\ron-english-light-cult-2001-3000\items\lccc-2486.html","READY","Would update."
"D:\github\ron-english-light-cult-2001-3000\items\lccc-2487.html","READY","Would update."
"D:\github\ron-english-light-cult-2001-3000\items\lccc-2488.html","READY","Would update."
"D:\github\ron-english-light-cult-2001-3000\items\lccc-2490.html","READY","Would update."
"D:\github\ron-english-light-cult-2001-3000\items\lccc-2491.html","READY","Would update."
"D:\github\ron-english-light-cult-2001-3000\items\lccc-2492.html","READY","Would update."
"D:\github\ron-english-light-cult-2001-3000\items\lccc-2495.html","READY","Would update."
"D:\github\ron-english-light-cult-2001-3000\items\lccc-2496.html","READY","Would update."
"D:\github\ron-english-light-cult-2001-3000\items\lccc-2497.html","READY","Would update."
"D:\github\ron-english-light-cult-2001-3000\items\lccc-2498.html","READY","Would update."
"D:\github\ron-english-light-cult-2001-3000\items\lccc-2499.html","READY","Would update."
"D:\github\ron-english-light-cult-2001-3000\items\lccc-2500.html","READY","Would update."
"D:\github\ron-english-light-cult-2001-3000\items\lccc-2501.html","READY","Would update."
"D:\github\ron-english-light-cult-2001-3000\items\lccc-2502.html","READY","Would update."
"D:\github\ron-english-light-cult-2001-3000\items\lccc-2503.html","READY","Would update."
"D:\github\ron-english-light-cult-2001-3000\items\lccc-2507.html","READY","Would update."
"D:\github\ron-english-light-cult-2001-3000\items\lccc-2509.html","READY","Would update."
"D:\github\ron-english-light-cult-2001-3000\items\lccc-2510.html","READY","Would update."
"D:\github\ron-english-light-cult-2001-3000\items\lccc-2512.html","READY","Would update."
"D:\github\ron-english-light-cult-2001-3000\items\lccc-2513.html","READY","Would update."
"D:\github\ron-english-light-cult-2001-3000\items\lccc-2514.html","READY","Would update."
"D:\github\ron-english-light-cult-2001-3000\items\lccc-2515.html","READY","Would update."
"D:\github\ron-english-light-cult-2001-3000\items\lccc-2516.html","READY","Would update."
"D:\github\ron-english-light-cult-2001-3000\items\lccc-2517.html","READY","Would update."
"D:\github\ron-english-light-cult-2001-3000\items\lccc-2518.html","READY","Would update."
"D:\github\ron-english-light-cult-2001-3000\items\lccc-2521.html","READY","Would update."
"D:\github\ron-english-light-cult-2001-3000\items\lccc-2522.html","READY","Would update."
"D:\github\ron-english-light-cult-2001-3000\items\lccc-2523.html","READY","Would update."
"D:\github\ron-english-light-cult-2001-3000\items\lccc-2524.html","READY","Would update."
"D:\github\ron-english-light-cult-2001-3000\items\lccc-2525.html","READY","Would update."
"D:\github\ron-english-light-cult-2001-3000\items\lccc-2527.html","READY","Would update."
"D:\github\ron-english-light-cult-2001-3000\items\lccc-2528.html","READY","Would update."
"D:\github\ron-english-light-cult-2001-3000\items\lccc-2529.html","READY","Would update."
"D:\github\ron-english-light-cult-2001-3000\items\lccc-2530.html","READY","Would update."
"D:\github\ron-english-light-cult-2001-3000\items\lccc-2531.html","READY","Would update."
"D:\github\ron-english-light-cult-2001-3000\items\lccc-2532.html","READY","Would update."
"D:\github\ron-english-light-cult-2001-3000\items\lccc-2533.html","READY","Would update."
"D:\github\ron-english-light-cult-2001-3000\items\lccc-2534.html","READY","Would update."
"D:\github\ron-english-light-cult-2001-3000\items\lccc-2536.html","READY","Would update."
"D:\github\ron-english-light-cult-2001-3000\items\lccc-2537.html","READY","Would update."
"D:\github\ron-english-light-cult-2001-3000\items\lccc-2538.html","READY","Would update."
"D:\github\ron-english-light-cult-2001-3000\items\lccc-2539.html","READY","Would update."
"D:\github\ron-english-light-cult-2001-3000\items\lccc-2540.html","READY","Would update."
"D:\github\ron-english-light-cult-2001-3000\items\lccc-2541.html","READY","Would update."
"D:\github\ron-english-light-cult-2001-3000\items\lccc-2542.html","READY","Would update."
"D:\github\ron-english-light-cult-2001-3000\items\lccc-2543.html","READY","Would update."
"D:\github\ron-english-light-cult-2001-3000\items\lccc-2544.html","READY","Would update."
"D:\github\ron-english-light-cult-2001-3000\items\lccc-2545.html","READY","Would update."
"D:\github\ron-english-light-cult-2001-3000\items\lccc-2547.html","READY","Would update."
"D:\github\ron-english-light-cult-2001-3000\items\lccc-2548.html","READY","Would update."
"D:\github\ron-english-light-cult-2001-3000\items\lccc-2549.html","READY","Would update."
"D:\github\ron-english-light-cult-2001-3000\items\lccc-2550.html","READY","Would update."
"D:\github\ron-english-light-cult-2001-3000\items\lccc-2551.html","READY","Would update."
"D:\github\ron-english-light-cult-2001-3000\items\lccc-2552.html","READY","Would update."
"D:\github\ron-english-light-cult-2001-3000\items\lccc-2553.html","READY","Would update."
"D:\github\ron-english-light-cult-2001-3000\items\lccc-2554.html","READY","Would update."
"D:\github\ron-english-light-cult-2001-3000\items\lccc-2555.html","READY","Would update."
"D:\github\ron-english-light-cult-2001-3000\items\lccc-2556.html","READY","Would update."
"D:\github\ron-english-light-cult-2001-3000\items\lccc-2557.html","READY","Would update."
"D:\github\ron-english-light-cult-2001-3000\items\lccc-2558.html","READY","Would update."
"D:\github\ron-english-light-cult-2001-3000\items\lccc-2559.html","READY","Would update."
"D:\github\ron-english-light-cult-2001-3000\items\lccc-2560.html","READY","Would update."
"D:\github\ron-english-light-cult-2001-3000\items\lccc-2562.html","READY","Would update."
"D:\github\ron-english-light-cult-2001-3000\items\lccc-2563.html","READY","Would update."
"D:\github\ron-english-light-cult-2001-3000\items\lccc-2565.html","READY","Would update."
"D:\github\ron-english-light-cult-2001-3000\items\lccc-2566.html","READY","Would update."
"D:\github\ron-english-light-cult-2001-3000\items\lccc-2568.html","READY","Would update."
"D:\github\ron-english-light-cult-2001-3000\items\lccc-2569.html","READY","Would update."
"D:\github\ron-english-light-cult-2001-3000\items\lccc-2570.html","READY","Would update."
"D:\github\ron-english-light-cult-2001-3000\items\lccc-2571.html","READY","Would update."
"D:\github\ron-english-light-cult-2001-3000\items\lccc-2572.html","READY","Would update."
"D:\github\ron-english-light-cult-2001-3000\items\lccc-2573.html","READY","Would update."
"D:\github\ron-english-light-cult-2001-3000\items\lccc-2574.html","READY","Would update."
"D:\github\ron-english-light-cult-2001-3000\items\lccc-2575.html","READY","Would update."
"D:\github\ron-english-light-cult-2001-3000\items\lccc-2577.html","READY","Would update."
"D:\github\ron-english-light-cult-2001-3000\items\lccc-2578.html","READY","Would update."
"D:\github\ron-english-light-cult-2001-3000\items\lccc-2579.html","READY","Would update."
"D:\github\ron-english-light-cult-2001-3000\items\lccc-2580.html","READY","Would update."
"D:\github\ron-english-light-cult-2001-3000\items\lccc-2581.html","READY","Would update."
"D:\github\ron-english-light-cult-2001-3000\items\lccc-2582.html","READY","Would update."
"D:\github\ron-english-light-cult-2001-3000\items\lccc-2583.html","READY","Would update."
"D:\github\ron-english-light-cult-2001-3000\items\lccc-2584.html","READY","Would update."
"D:\github\ron-english-light-cult-2001-3000\items\lccc-2585.html","READY","Would update."
"D:\github\ron-english-light-cult-2001-3000\items\lccc-2586.html","READY","Would update."
"D:\github\ron-english-light-cult-2001-3000\items\lccc-2587.html","READY","Would update."
"D:\github\ron-english-light-cult-2001-3000\items\lccc-2588.html","READY","Would update."
"D:\github\ron-english-light-cult-2001-3000\items\lccc-2589.html","READY","Would update."
"D:\github\ron-english-light-cult-2001-3000\items\lccc-2590.html","READY","Would update."
"D:\github\ron-english-light-cult-2001-3000\items\lccc-2591.html","READY","Would update."
"D:\github\ron-english-light-cult-2001-3000\items\lccc-2592.html","READY","Would update."
"D:\github\ron-english-light-cult-2001-3000\items\lccc-2593.html","READY","Would update."
"D:\github\ron-english-light-cult-2001-3000\items\lccc-2594.html","READY","Would update."
"D:\github\ron-english-light-cult-2001-3000\items\lccc-2595.html","READY","Would update."
"D:\github\ron-english-light-cult-2001-3000\items\lccc-2596.html","READY","Would update."
"D:\github\ron-english-light-cult-2001-3000\items\lccc-2597.html","READY","Would update."
"D:\github\ron-english-light-cult-2001-3000\items\lccc-2598.html","READY","Would update."
"D:\github\ron-english-light-cult-2001-3000\items\lccc-2599.html","READY","Would update."
"D:\github\ron-english-light-cult-2001-3000\items\lccc-2600.html","READY","Would update."
"D:\github\ron-english-light-cult-2001-3000\items\lccc-2601.html","READY","Would update."
"D:\github\ron-english-light-cult-2001-3000\items\lccc-2602.html","READY","Would update."
"D:\github\ron-english-light-cult-2001-3000\items\lccc-2604.html","READY","Would update."
"D:\github\ron-english-light-cult-2001-3000\items\lccc-2605.html","READY","Would update."
"D:\github\ron-english-light-cult-2001-3000\items\lccc-2606.html","READY","Would update."
"D:\github\ron-english-light-cult-2001-3000\items\lccc-2607.html","READY","Would update."
"D:\github\ron-english-light-cult-2001-3000\items\lccc-2608.html","READY","Would update."
"D:\github\ron-english-light-cult-2001-3000\items\lccc-2609.html","READY","Would update."
"D:\github\ron-english-light-cult-2001-3000\items\lccc-2610.html","READY","Would update."
"D:\github\ron-english-light-cult-2001-3000\items\lccc-2611.html","READY","Would update."
"D:\github\ron-english-light-cult-2001-3000\items\lccc-2612.html","READY","Would update."
"D:\github\ron-english-light-cult-2001-3000\items\lccc-2613.html","READY","Would update."
"D:\github\ron-english-light-cult-2001-3000\items\lccc-2614.html","READY","Would update."
"D:\github\ron-english-light-cult-2001-3000\items\lccc-2615.html","READY","Would update."
"D:\github\ron-english-light-cult-2001-3000\items\lccc-2616.html","READY","Would update."
"D:\github\ron-english-light-cult-2001-3000\items\lccc-2617.html","READY","Would update."
"D:\github\ron-english-light-cult-2001-3000\items\lccc-2618.html","READY","Would update."
"D:\github\ron-english-light-cult-2001-3000\items\lccc-2619.html","READY","Would update."
"D:\github\ron-english-light-cult-2001-3000\items\lccc-2620.html","READY","Would update."
"D:\github\ron-english-light-cult-2001-3000\items\lccc-2621.html","READY","Would update."
"D:\github\ron-english-light-cult-2001-3000\items\lccc-2623.html","READY","Would update."
"D:\github\ron-english-light-cult-2001-3000\items\lccc-2625.html","READY","Would update."
"D:\github\ron-english-light-cult-2001-3000\items\lccc-2626.html","READY","Would update."
"D:\github\ron-english-light-cult-2001-3000\items\lccc-2627.html","READY","Would update."
"D:\github\ron-english-light-cult-2001-3000\items\lccc-2628.html","READY","Would update."
"D:\github\ron-english-light-cult-2001-3000\items\lccc-2629.html","READY","Would update."
"D:\github\ron-english-light-cult-2001-3000\items\lccc-2630.html","READY","Would update."
"D:\github\ron-english-light-cult-2001-3000\items\lccc-2632.html","READY","Would update."
"D:\github\ron-english-light-cult-2001-3000\items\lccc-2633.html","READY","Would update."
"D:\github\ron-english-light-cult-2001-3000\items\lccc-2635.html","READY","Would update."
"D:\github\ron-english-light-cult-2001-3000\items\lccc-2636.html","READY","Would update."
"D:\github\ron-english-light-cult-2001-3000\items\lccc-2637.html","READY","Would update."
"D:\github\ron-english-light-cult-2001-3000\items\lccc-2638.html","READY","Would update."
"D:\github\ron-english-light-cult-2001-3000\items\lccc-2640.html","READY","Would update."
"D:\github\ron-english-light-cult-2001-3000\items\lccc-2641.html","READY","Would update."
"D:\github\ron-english-light-cult-2001-3000\items\lccc-2642.html","READY","Would update."
"D:\github\ron-english-light-cult-2001-3000\items\lccc-2643.html","READY","Would update."
"D:\github\ron-english-light-cult-2001-3000\items\lccc-2644.html","READY","Would update."
"D:\github\ron-english-light-cult-2001-3000\items\lccc-2645.html","READY","Would update."
"D:\github\ron-english-light-cult-2001-3000\items\lccc-2646.html","READY","Would update."
"D:\github\ron-english-light-cult-2001-3000\items\lccc-2647.html","READY","Would update."
"D:\github\ron-english-light-cult-2001-3000\items\lccc-2648.html","READY","Would update."
"D:\github\ron-english-light-cult-2001-3000\items\lccc-2649.html","READY","Would update."
"D:\github\ron-english-light-cult-2001-3000\items\lccc-2650.html","READY","Would update."
"D:\github\ron-english-light-cult-2001-3000\items\lccc-2651.html","READY","Would update."
"D:\github\ron-english-light-cult-2001-3000\items\lccc-2652.html","READY","Would update."
"D:\github\ron-english-light-cult-2001-3000\items\lccc-2653.html","READY","Would update."
"D:\github\ron-english-light-cult-2001-3000\items\lccc-2654.html","READY","Would update."
"D:\github\ron-english-light-cult-2001-3000\items\lccc-2655.html","READY","Would update."
"D:\github\ron-english-light-cult-2001-3000\items\lccc-2656.html","READY","Would update."
"D:\github\ron-english-light-cult-2001-3000\items\lccc-2657.html","READY","Would update."
"D:\github\ron-english-light-cult-2001-3000\items\lccc-2658.html","READY","Would update."
"D:\github\ron-english-light-cult-2001-3000\items\lccc-2659.html","READY","Would update."
"D:\github\ron-english-light-cult-2001-3000\items\lccc-2660.html","READY","Would update."
"D:\github\ron-english-light-cult-2001-3000\items\lccc-2661.html","READY","Would update."
"D:\github\ron-english-light-cult-2001-3000\items\lccc-2662.html","READY","Would update."
"D:\github\ron-english-light-cult-2001-3000\items\lccc-2663.html","READY","Would update."
"D:\github\ron-english-light-cult-2001-3000\items\lccc-2664.html","READY","Would update."
"D:\github\ron-english-light-cult-2001-3000\items\lccc-2666.html","READY","Would update."
"D:\github\ron-english-light-cult-2001-3000\items\lccc-2667.html","READY","Would update."
"D:\github\ron-english-light-cult-2001-3000\items\lccc-2669.html","READY","Would update."
"D:\github\ron-english-light-cult-2001-3000\items\lccc-2670.html","READY","Would update."
"D:\github\ron-english-light-cult-2001-3000\items\lccc-2671.html","READY","Would update."
"D:\github\ron-english-light-cult-2001-3000\items\lccc-2673.html","READY","Would update."
"D:\github\ron-english-light-cult-2001-3000\items\lccc-2674.html","READY","Would update."
"D:\github\ron-english-light-cult-2001-3000\items\lccc-2675.html","READY","Would update."
"D:\github\ron-english-light-cult-2001-3000\items\lccc-2676.html","READY","Would update."
"D:\github\ron-english-light-cult-2001-3000\items\lccc-2678.html","READY","Would update."
"D:\github\ron-english-light-cult-2001-3000\items\lccc-2679.html","READY","Would update."
"D:\github\ron-english-light-cult-2001-3000\items\lccc-2680.html","READY","Would update."
"D:\github\ron-english-light-cult-2001-3000\items\lccc-2681.html","READY","Would update."
"D:\github\ron-english-light-cult-2001-3000\items\lccc-2682.html","READY","Would update."
"D:\github\ron-english-light-cult-2001-3000\items\lccc-2683.html","READY","Would update."
"D:\github\ron-english-light-cult-2001-3000\items\lccc-2684.html","READY","Would update."
"D:\github\ron-english-light-cult-2001-3000\items\lccc-2685.html","READY","Would update."
"D:\github\ron-english-light-cult-2001-3000\items\lccc-2686.html","READY","Would update."
"D:\github\ron-english-light-cult-2001-3000\items\lccc-2687.html","READY","Would update."
"D:\github\ron-english-light-cult-2001-3000\items\lccc-2688.html","READY","Would update."
"D:\github\ron-english-light-cult-2001-3000\items\lccc-2689.html","READY","Would update."
"D:\github\ron-english-light-cult-2001-3000\items\lccc-2690.html","READY","Would update."
"D:\github\ron-english-light-cult-2001-3000\items\lccc-2691.html","READY","Would update."
"D:\github\ron-english-light-cult-2001-3000\items\lccc-2692.html","READY","Would update."
"D:\github\ron-english-light-cult-2001-3000\items\lccc-2693.html","READY","Would update."
"D:\github\ron-english-light-cult-2001-3000\items\lccc-2696.html","READY","Would update."
"D:\github\ron-english-light-cult-2001-3000\items\lccc-2697.html","READY","Would update."
"D:\github\ron-english-light-cult-2001-3000\items\lccc-2699.html","READY","Would update."
"D:\github\ron-english-light-cult-2001-3000\items\lccc-2700.html","READY","Would update."
"D:\github\ron-english-light-cult-2001-3000\items\lccc-2701.html","READY","Would update."
"D:\github\ron-english-light-cult-2001-3000\items\lccc-2702.html","READY","Would update."
"D:\github\ron-english-light-cult-2001-3000\items\lccc-2703.html","READY","Would update."
"D:\github\ron-english-light-cult-2001-3000\items\lccc-2704.html","READY","Would update."
"D:\github\ron-english-light-cult-2001-3000\items\lccc-2705.html","READY","Would update."
"D:\github\ron-english-light-cult-2001-3000\items\lccc-2706.html","READY","Would update."
"D:\github\ron-english-light-cult-2001-3000\items\lccc-2707.html","READY","Would update."
"D:\github\ron-english-light-cult-2001-3000\items\lccc-2708.html","READY","Would update."
"D:\github\ron-english-light-cult-2001-3000\items\lccc-2709.html","READY","Would update."
"D:\github\ron-english-light-cult-2001-3000\items\lccc-2710.html","READY","Would update."
"D:\github\ron-english-light-cult-2001-3000\items\lccc-2711.html","READY","Would update."
"D:\github\ron-english-light-cult-2001-3000\items\lccc-2712.html","READY","Would update."
"D:\github\ron-english-light-cult-2001-3000\items\lccc-2713.html","READY","Would update."
"D:\github\ron-english-light-cult-2001-3000\items\lccc-2714.html","READY","Would update."
"D:\github\ron-english-light-cult-2001-3000\items\lccc-2715.html","READY","Would update."
"D:\github\ron-english-light-cult-2001-3000\items\lccc-2716.html","READY","Would update."
"D:\github\ron-english-light-cult-2001-3000\items\lccc-2717.html","READY","Would update."
"D:\github\ron-english-light-cult-2001-3000\items\lccc-2718.html","READY","Would update."
"D:\github\ron-english-light-cult-2001-3000\items\lccc-2721.html","READY","Would update."
"D:\github\ron-english-light-cult-2001-3000\items\lccc-2722.html","READY","Would update."
"D:\github\ron-english-light-cult-2001-3000\items\lccc-2723.html","READY","Would update."
"D:\github\ron-english-light-cult-2001-3000\items\lccc-2724.html","READY","Would update."
"D:\github\ron-english-light-cult-2001-3000\items\lccc-2725.html","READY","Would update."
"D:\github\ron-english-light-cult-2001-3000\items\lccc-2726.html","READY","Would update."
"D:\github\ron-english-light-cult-2001-3000\items\lccc-2727.html","READY","Would update."
"D:\github\ron-english-light-cult-2001-3000\items\lccc-2728.html","READY","Would update."
"D:\github\ron-english-light-cult-2001-3000\items\lccc-2729.html","READY","Would update."
"D:\github\ron-english-light-cult-2001-3000\items\lccc-2730.html","READY","Would update."
"D:\github\ron-english-light-cult-2001-3000\items\lccc-2731.html","READY","Would update."
"D:\github\ron-english-light-cult-2001-3000\items\lccc-2732.html","READY","Would update."
"D:\github\ron-english-light-cult-2001-3000\items\lccc-2733.html","READY","Would update."
"D:\github\ron-english-light-cult-2001-3000\items\lccc-2735.html","READY","Would update."
"D:\github\ron-english-light-cult-2001-3000\items\lccc-2736.html","READY","Would update."
"D:\github\ron-english-light-cult-2001-3000\items\lccc-2737.html","READY","Would update."
"D:\github\ron-english-light-cult-2001-3000\items\lccc-2738.html","READY","Would update."
"D:\github\ron-english-light-cult-2001-3000\items\lccc-2739.html","READY","Would update."
"D:\github\ron-english-light-cult-2001-3000\items\lccc-2741.html","READY","Would update."
"D:\github\ron-english-light-cult-2001-3000\items\lccc-2742.html","READY","Would update."
"D:\github\ron-english-light-cult-2001-3000\items\lccc-2743.html","READY","Would update."
"D:\github\ron-english-light-cult-2001-3000\items\lccc-2744.html","READY","Would update."
"D:\github\ron-english-light-cult-2001-3000\items\lccc-2745.html","READY","Would update."
"D:\github\ron-english-light-cult-2001-3000\items\lccc-2746.html","READY","Would update."
"D:\github\ron-english-light-cult-2001-3000\items\lccc-2747.html","READY","Would update."
"D:\github\ron-english-light-cult-2001-3000\items\lccc-2748.html","READY","Would update."
"D:\github\ron-english-light-cult-2001-3000\items\lccc-2749.html","READY","Would update."
"D:\github\ron-english-light-cult-2001-3000\items\lccc-2750.html","READY","Would update."
"D:\github\ron-english-light-cult-2001-3000\items\lccc-2751.html","READY","Would update."
"D:\github\ron-english-light-cult-2001-3000\items\lccc-2752.html","READY","Would update."
"D:\github\ron-english-light-cult-2001-3000\items\lccc-2753.html","READY","Would update."
"D:\github\ron-english-light-cult-2001-3000\items\lccc-2754.html","READY","Would update."
"D:\github\ron-english-light-cult-2001-3000\items\lccc-2755.html","READY","Would update."
"D:\github\ron-english-light-cult-2001-3000\items\lccc-2756.html","READY","Would update."
"D:\github\ron-english-light-cult-2001-3000\items\lccc-2757.html","READY","Would update."
"D:\github\ron-english-light-cult-2001-3000\items\lccc-2758.html","READY","Would update."
"D:\github\ron-english-light-cult-2001-3000\items\lccc-2759.html","READY","Would update."
"D:\github\ron-english-light-cult-2001-3000\items\lccc-2760.html","READY","Would update."
"D:\github\ron-english-light-cult-2001-3000\items\lccc-2761.html","READY","Would update."
"D:\github\ron-english-light-cult-2001-3000\items\lccc-2762.html","READY","Would update."
"D:\github\ron-english-light-cult-2001-3000\items\lccc-2763.html","READY","Would update."
"D:\github\ron-english-light-cult-2001-3000\items\lccc-2764.html","READY","Would update."
"D:\github\ron-english-light-cult-2001-3000\items\lccc-2765.html","READY","Would update."
"D:\github\ron-english-light-cult-2001-3000\items\lccc-2768.html","READY","Would update."
"D:\github\ron-english-light-cult-2001-3000\items\lccc-2769.html","READY","Would update."
"D:\github\ron-english-light-cult-2001-3000\items\lccc-2772.html","READY","Would update."
"D:\github\ron-english-light-cult-2001-3000\items\lccc-2773.html","READY","Would update."
"D:\github\ron-english-light-cult-2001-3000\items\lccc-2774.html","READY","Would update."
"D:\github\ron-english-light-cult-2001-3000\items\lccc-2775.html","READY","Would update."
"D:\github\ron-english-light-cult-2001-3000\items\lccc-2776.html","READY","Would update."
"D:\github\ron-english-light-cult-2001-3000\items\lccc-2777.html","READY","Would update."
"D:\github\ron-english-light-cult-2001-3000\items\lccc-2778.html","READY","Would update."
"D:\github\ron-english-light-cult-2001-3000\items\lccc-2779.html","READY","Would update."
"D:\github\ron-english-light-cult-2001-3000\items\lccc-2780.html","READY","Would update."
"D:\github\ron-english-light-cult-2001-3000\items\lccc-2781.html","READY","Would update."
"D:\github\ron-english-light-cult-2001-3000\items\lccc-2782.html","READY","Would update."
"D:\github\ron-english-light-cult-2001-3000\items\lccc-2783.html","READY","Would update."
"D:\github\ron-english-light-cult-2001-3000\items\lccc-2784.html","READY","Would update."
"D:\github\ron-english-light-cult-2001-3000\items\lccc-2785.html","READY","Would update."
"D:\github\ron-english-light-cult-2001-3000\items\lccc-2786.html","READY","Would update."
"D:\github\ron-english-light-cult-2001-3000\items\lccc-2787.html","READY","Would update."
"D:\github\ron-english-light-cult-2001-3000\items\lccc-2788.html","READY","Would update."
"D:\github\ron-english-light-cult-2001-3000\items\lccc-2789.html","READY","Would update."
"D:\github\ron-english-light-cult-2001-3000\items\lccc-2790.html","READY","Would update."
"D:\github\ron-english-light-cult-2001-3000\items\lccc-2791.html","READY","Would update."
"D:\github\ron-english-light-cult-2001-3000\items\lccc-2792.html","READY","Would update."
"D:\github\ron-english-light-cult-2001-3000\items\lccc-2794.html","READY","Would update."
"D:\github\ron-english-light-cult-2001-3000\items\lccc-2795.html","READY","Would update."
"D:\github\ron-english-light-cult-2001-3000\items\lccc-2797.html","READY","Would update."
"D:\github\ron-english-light-cult-2001-3000\items\lccc-2798.html","READY","Would update."
"D:\github\ron-english-light-cult-2001-3000\items\lccc-2799.html","READY","Would update."
"D:\github\ron-english-light-cult-2001-3000\items\lccc-2800.html","READY","Would update."
"D:\github\ron-english-light-cult-2001-3000\items\lccc-2801.html","READY","Would update."
"D:\github\ron-english-light-cult-2001-3000\items\lccc-2802.html","READY","Would update."
"D:\github\ron-english-light-cult-2001-3000\items\lccc-2803.html","READY","Would update."
"D:\github\ron-english-light-cult-2001-3000\items\lccc-2804.html","READY","Would update."
"D:\github\ron-english-light-cult-2001-3000\items\lccc-2805.html","READY","Would update."
"D:\github\ron-english-light-cult-2001-3000\items\lccc-2806.html","READY","Would update."
"D:\github\ron-english-light-cult-2001-3000\items\lccc-2807.html","READY","Would update."
"D:\github\ron-english-light-cult-2001-3000\items\lccc-2808.html","READY","Would update."
"D:\github\ron-english-light-cult-2001-3000\items\lccc-2809.html","READY","Would update."
"D:\github\ron-english-light-cult-2001-3000\items\lccc-2811.html","READY","Would update."
"D:\github\ron-english-light-cult-2001-3000\items\lccc-2812.html","READY","Would update."
"D:\github\ron-english-light-cult-2001-3000\items\lccc-2813.html","READY","Would update."
"D:\github\ron-english-light-cult-2001-3000\items\lccc-2814.html","READY","Would update."
"D:\github\ron-english-light-cult-2001-3000\items\lccc-2815.html","READY","Would update."
"D:\github\ron-english-light-cult-2001-3000\items\lccc-2816.html","READY","Would update."
"D:\github\ron-english-light-cult-2001-3000\items\lccc-2817.html","READY","Would update."
"D:\github\ron-english-light-cult-2001-3000\items\lccc-2818.html","READY","Would update."
"D:\github\ron-english-light-cult-2001-3000\items\lccc-2819.html","READY","Would update."
"D:\github\ron-english-light-cult-2001-3000\items\lccc-2820.html","READY","Would update."
"D:\github\ron-english-light-cult-2001-3000\items\lccc-2821.html","READY","Would update."
"D:\github\ron-english-light-cult-2001-3000\items\lccc-2822.html","READY","Would update."
"D:\github\ron-english-light-cult-2001-3000\items\lccc-2823.html","READY","Would update."
"D:\github\ron-english-light-cult-2001-3000\items\lccc-2824.html","READY","Would update."
"D:\github\ron-english-light-cult-2001-3000\items\lccc-2825.html","READY","Would update."
"D:\github\ron-english-light-cult-2001-3000\items\lccc-2826.html","READY","Would update."
"D:\github\ron-english-light-cult-2001-3000\items\lccc-2827.html","READY","Would update."
"D:\github\ron-english-light-cult-2001-3000\items\lccc-2829.html","READY","Would update."
"D:\github\ron-english-light-cult-2001-3000\items\lccc-2830.html","READY","Would update."
"D:\github\ron-english-light-cult-2001-3000\items\lccc-2831.html","READY","Would update."
"D:\github\ron-english-light-cult-2001-3000\items\lccc-2832.html","READY","Would update."
"D:\github\ron-english-light-cult-2001-3000\items\lccc-2833.html","READY","Would update."
"D:\github\ron-english-light-cult-2001-3000\items\lccc-2836.html","READY","Would update."
"D:\github\ron-english-light-cult-2001-3000\items\lccc-2837.html","READY","Would update."
"D:\github\ron-english-light-cult-2001-3000\items\lccc-2838.html","READY","Would update."
"D:\github\ron-english-light-cult-2001-3000\items\lccc-2839.html","READY","Would update."
"D:\github\ron-english-light-cult-2001-3000\items\lccc-2840.html","READY","Would update."
"D:\github\ron-english-light-cult-2001-3000\items\lccc-2841.html","READY","Would update."
"D:\github\ron-english-light-cult-2001-3000\items\lccc-2842.html","READY","Would update."
"D:\github\ron-english-light-cult-2001-3000\items\lccc-2843.html","READY","Would update."
"D:\github\ron-english-light-cult-2001-3000\items\lccc-2844.html","READY","Would update."
"D:\github\ron-english-light-cult-2001-3000\items\lccc-2845.html","READY","Would update."
"D:\github\ron-english-light-cult-2001-3000\items\lccc-2846.html","READY","Would update."
"D:\github\ron-english-light-cult-2001-3000\items\lccc-2847.html","READY","Would update."
"D:\github\ron-english-light-cult-2001-3000\items\lccc-2848.html","READY","Would update."
"D:\github\ron-english-light-cult-2001-3000\items\lccc-2849.html","READY","Would update."
"D:\github\ron-english-light-cult-2001-3000\items\lccc-2850.html","READY","Would update."
"D:\github\ron-english-light-cult-2001-3000\items\lccc-2851.html","READY","Would update."
"D:\github\ron-english-light-cult-2001-3000\items\lccc-2852.html","READY","Would update."
"D:\github\ron-english-light-cult-2001-3000\items\lccc-2853.html","READY","Would update."
"D:\github\ron-english-light-cult-2001-3000\items\lccc-2854.html","READY","Would update."
"D:\github\ron-english-light-cult-2001-3000\items\lccc-2856.html","READY","Would update."
"D:\github\ron-english-light-cult-2001-3000\items\lccc-2857.html","READY","Would update."
"D:\github\ron-english-light-cult-2001-3000\items\lccc-2858.html","READY","Would update."
"D:\github\ron-english-light-cult-2001-3000\items\lccc-2860.html","READY","Would update."
"D:\github\ron-english-light-cult-2001-3000\items\lccc-2861.html","READY","Would update."
"D:\github\ron-english-light-cult-2001-3000\items\lccc-2862.html","READY","Would update."
"D:\github\ron-english-light-cult-2001-3000\items\lccc-2863.html","READY","Would update."
"D:\github\ron-english-light-cult-2001-3000\items\lccc-2864.html","READY","Would update."
"D:\github\ron-english-light-cult-2001-3000\items\lccc-2865.html","READY","Would update."
"D:\github\ron-english-light-cult-2001-3000\items\lccc-2866.html","READY","Would update."
"D:\github\ron-english-light-cult-2001-3000\items\lccc-2867.html","READY","Would update."
"D:\github\ron-english-light-cult-2001-3000\items\lccc-2868.html","READY","Would update."
"D:\github\ron-english-light-cult-2001-3000\items\lccc-2869.html","READY","Would update."
"D:\github\ron-english-light-cult-2001-3000\items\lccc-2870.html","READY","Would update."
"D:\github\ron-english-light-cult-2001-3000\items\lccc-2871.html","READY","Would update."
"D:\github\ron-english-light-cult-2001-3000\items\lccc-2872.html","READY","Would update."
"D:\github\ron-english-light-cult-2001-3000\items\lccc-2873.html","READY","Would update."
"D:\github\ron-english-light-cult-2001-3000\items\lccc-2874.html","READY","Would update."
"D:\github\ron-english-light-cult-2001-3000\items\lccc-2875.html","READY","Would update."
"D:\github\ron-english-light-cult-2001-3000\items\lccc-2876.html","READY","Would update."
"D:\github\ron-english-light-cult-2001-3000\items\lccc-2877.html","READY","Would update."
"D:\github\ron-english-light-cult-2001-3000\items\lccc-2878.html","READY","Would update."
"D:\github\ron-english-light-cult-2001-3000\items\lccc-2879.html","READY","Would update."
"D:\github\ron-english-light-cult-2001-3000\items\lccc-2880.html","READY","Would update."
"D:\github\ron-english-light-cult-2001-3000\items\lccc-2881.html","READY","Would update."
"D:\github\ron-english-light-cult-2001-3000\items\lccc-2882.html","READY","Would update."
"D:\github\ron-english-light-cult-2001-3000\items\lccc-2883.html","READY","Would update."
"D:\github\ron-english-light-cult-2001-3000\items\lccc-2886.html","READY","Would update."
"D:\github\ron-english-light-cult-2001-3000\items\lccc-2887.html","READY","Would update."
"D:\github\ron-english-light-cult-2001-3000\items\lccc-2888.html","READY","Would update."
"D:\github\ron-english-light-cult-2001-3000\items\lccc-2889.html","READY","Would update."
"D:\github\ron-english-light-cult-2001-3000\items\lccc-2890.html","READY","Would update."
"D:\github\ron-english-light-cult-2001-3000\items\lccc-2891.html","READY","Would update."
"D:\github\ron-english-light-cult-2001-3000\items\lccc-2892.html","READY","Would update."
"D:\github\ron-english-light-cult-2001-3000\items\lccc-2894.html","READY","Would update."
"D:\github\ron-english-light-cult-2001-3000\items\lccc-2895.html","READY","Would update."
"D:\github\ron-english-light-cult-2001-3000\items\lccc-2896.html","READY","Would update."
"D:\github\ron-english-light-cult-2001-3000\items\lccc-2897.html","READY","Would update."
"D:\github\ron-english-light-cult-2001-3000\items\lccc-2898.html","READY","Would update."
"D:\github\ron-english-light-cult-2001-3000\items\lccc-2899.html","READY","Would update."
"D:\github\ron-english-light-cult-2001-3000\items\lccc-2900.html","READY","Would update."
"D:\github\ron-english-light-cult-2001-3000\items\lccc-2901.html","READY","Would update."
"D:\github\ron-english-light-cult-2001-3000\items\lccc-2903.html","READY","Would update."
"D:\github\ron-english-light-cult-2001-3000\items\lccc-2904.html","READY","Would update."
"D:\github\ron-english-light-cult-2001-3000\items\lccc-2905.html","READY","Would update."
"D:\github\ron-english-light-cult-2001-3000\items\lccc-2906.html","READY","Would update."
"D:\github\ron-english-light-cult-2001-3000\items\lccc-2907.html","READY","Would update."
"D:\github\ron-english-light-cult-2001-3000\items\lccc-2908.html","READY","Would update."
"D:\github\ron-english-light-cult-2001-3000\items\lccc-2909.html","READY","Would update."
"D:\github\ron-english-light-cult-2001-3000\items\lccc-2910.html","READY","Would update."
"D:\github\ron-english-light-cult-2001-3000\items\lccc-2912.html","READY","Would update."
"D:\github\ron-english-light-cult-2001-3000\items\lccc-2913.html","READY","Would update."
"D:\github\ron-english-light-cult-2001-3000\items\lccc-2914.html","READY","Would update."
"D:\github\ron-english-light-cult-2001-3000\items\lccc-2916.html","READY","Would update."
"D:\github\ron-english-light-cult-2001-3000\items\lccc-2917.html","READY","Would update."
"D:\github\ron-english-light-cult-2001-3000\items\lccc-2919.html","READY","Would update."
"D:\github\ron-english-light-cult-2001-3000\items\lccc-2920.html","READY","Would update."
"D:\github\ron-english-light-cult-2001-3000\items\lccc-2921.html","READY","Would update."
"D:\github\ron-english-light-cult-2001-3000\items\lccc-2922.html","READY","Would update."
"D:\github\ron-english-light-cult-2001-3000\items\lccc-2923.html","READY","Would update."
"D:\github\ron-english-light-cult-2001-3000\items\lccc-2924.html","READY","Would update."
"D:\github\ron-english-light-cult-2001-3000\items\lccc-2925.html","READY","Would update."
"D:\github\ron-english-light-cult-2001-3000\items\lccc-2926.html","READY","Would update."
"D:\github\ron-english-light-cult-2001-3000\items\lccc-2927.html","READY","Would update."
"D:\github\ron-english-light-cult-2001-3000\items\lccc-2928.html","READY","Would update."
"D:\github\ron-english-light-cult-2001-3000\items\lccc-2930.html","READY","Would update."
"D:\github\ron-english-light-cult-2001-3000\items\lccc-2931.html","READY","Would update."
"D:\github\ron-english-light-cult-2001-3000\items\lccc-2932.html","READY","Would update."
"D:\github\ron-english-light-cult-2001-3000\items\lccc-2933.html","READY","Would update."
"D:\github\ron-english-light-cult-2001-3000\items\lccc-2935.html","READY","Would update."
"D:\github\ron-english-light-cult-2001-3000\items\lccc-2936.html","READY","Would update."
"D:\github\ron-english-light-cult-2001-3000\items\lccc-2937.html","READY","Would update."
"D:\github\ron-english-light-cult-2001-3000\items\lccc-2938.html","READY","Would update."
"D:\github\ron-english-light-cult-2001-3000\items\lccc-2939.html","READY","Would update."
"D:\github\ron-english-light-cult-2001-3000\items\lccc-2940.html","READY","Would update."
"D:\github\ron-english-light-cult-2001-3000\items\lccc-2941.html","READY","Would update."
"D:\github\ron-english-light-cult-2001-3000\items\lccc-2942.html","READY","Would update."
"D:\github\ron-english-light-cult-2001-3000\items\lccc-2943.html","READY","Would update."
"D:\github\ron-english-light-cult-2001-3000\items\lccc-2944.html","READY","Would update."
"D:\github\ron-english-light-cult-2001-3000\items\lccc-2945.html","READY","Would update."
"D:\github\ron-english-light-cult-2001-3000\items\lccc-2946.html","READY","Would update."
"D:\github\ron-english-light-cult-2001-3000\items\lccc-2947.html","READY","Would update."
"D:\github\ron-english-light-cult-2001-3000\items\lccc-2948.html","READY","Would update."
"D:\github\ron-english-light-cult-2001-3000\items\lccc-2949.html","READY","Would update."
"D:\github\ron-english-light-cult-2001-3000\items\lccc-2952.html","READY","Would update."
"D:\github\ron-english-light-cult-2001-3000\items\lccc-2953.html","READY","Would update."
"D:\github\ron-english-light-cult-2001-3000\items\lccc-2954.html","READY","Would update."
"D:\github\ron-english-light-cult-2001-3000\items\lccc-2955.html","READY","Would update."
"D:\github\ron-english-light-cult-2001-3000\items\lccc-2956.html","READY","Would update."
"D:\github\ron-english-light-cult-2001-3000\items\lccc-2957.html","READY","Would update."
"D:\github\ron-english-light-cult-2001-3000\items\lccc-2958.html","READY","Would update."
"D:\github\ron-english-light-cult-2001-3000\items\lccc-2960.html","READY","Would update."
"D:\github\ron-english-light-cult-2001-3000\items\lccc-2961.html","READY","Would update."
"D:\github\ron-english-light-cult-2001-3000\items\lccc-2962.html","READY","Would update."
"D:\github\ron-english-light-cult-2001-3000\items\lccc-2963.html","READY","Would update."
"D:\github\ron-english-light-cult-2001-3000\items\lccc-2964.html","READY","Would update."
"D:\github\ron-english-light-cult-2001-3000\items\lccc-2965.html","READY","Would update."
"D:\github\ron-english-light-cult-2001-3000\items\lccc-2966.html","READY","Would update."
"D:\github\ron-english-light-cult-2001-3000\items\lccc-2967.html","READY","Would update."
"D:\github\ron-english-light-cult-2001-3000\items\lccc-2968.html","READY","Would update."
"D:\github\ron-english-light-cult-2001-3000\items\lccc-2969.html","READY","Would update."
"D:\github\ron-english-light-cult-2001-3000\items\lccc-2971.html","READY","Would update."
"D:\github\ron-english-light-cult-2001-3000\items\lccc-2972.html","READY","Would update."
"D:\github\ron-english-light-cult-2001-3000\items\lccc-2973.html","READY","Would update."
"D:\github\ron-english-light-cult-2001-3000\items\lccc-2975.html","READY","Would update."
"D:\github\ron-english-light-cult-2001-3000\items\lccc-2976.html","READY","Would update."
"D:\github\ron-english-light-cult-2001-3000\items\lccc-2977.html","READY","Would update."
"D:\github\ron-english-light-cult-2001-3000\items\lccc-2980.html","READY","Would update."
"D:\github\ron-english-light-cult-2001-3000\items\lccc-2981.html","READY","Would update."
"D:\github\ron-english-light-cult-2001-3000\items\lccc-2982.html","READY","Would update."
"D:\github\ron-english-light-cult-2001-3000\items\lccc-2983.html","READY","Would update."
"D:\github\ron-english-light-cult-2001-3000\items\lccc-2984.html","READY","Would update."
"D:\github\ron-english-light-cult-2001-3000\items\lccc-2985.html","READY","Would update."
"D:\github\ron-english-light-cult-2001-3000\items\lccc-2986.html","READY","Would update."
"D:\github\ron-english-light-cult-2001-3000\items\lccc-2987.html","READY","Would update."
"D:\github\ron-english-light-cult-2001-3000\items\lccc-2988.html","READY","Would update."
"D:\github\ron-english-light-cult-2001-3000\items\lccc-2990.html","READY","Would update."
"D:\github\ron-english-light-cult-2001-3000\items\lccc-2992.html","READY","Would update."
"D:\github\ron-english-light-cult-2001-3000\items\lccc-2993.html","READY","Would update."
"D:\github\ron-english-light-cult-2001-3000\items\lccc-2994.html","READY","Would update."
"D:\github\ron-english-light-cult-2001-3000\items\lccc-2996.html","READY","Would update."
"D:\github\ron-english-light-cult-2001-3000\items\lccc-2997.html","READY","Would update."
"D:\github\ron-english-light-cult-2001-3000\items\lccc-2998.html","READY","Would update."
"D:\github\ron-english-light-cult-2001-3000\items\lccc-3000.html","READY","Would update."
"D:\github\ron-english-light-cult-3001-4000\index.html","SKIP","No changes needed."
"D:\github\ron-english-light-cult-3001-4000\gallery-3001-3100.html","READY","Would update."
"D:\github\ron-english-light-cult-3001-4000\gallery-3101-3200.html","READY","Would update."
"D:\github\ron-english-light-cult-3001-4000\gallery-3201-3300.html","READY","Would update."
"D:\github\ron-english-light-cult-3001-4000\gallery-3301-3400.html","READY","Would update."
"D:\github\ron-english-light-cult-3001-4000\gallery-3401-3500.html","READY","Would update."
"D:\github\ron-english-light-cult-3001-4000\gallery-3501-3600.html","READY","Would update."
"D:\github\ron-english-light-cult-3001-4000\gallery-3601-3700.html","READY","Would update."
"D:\github\ron-english-light-cult-3001-4000\gallery-3701-3800.html","READY","Would update."
"D:\github\ron-english-light-cult-3001-4000\gallery-3801-3900.html","READY","Would update."
"D:\github\ron-english-light-cult-3001-4000\gallery-3901-4000.html","READY","Would update."
"D:\github\ron-english-light-cult-3001-4000\items\lccc-3002.html","READY","Would update."
"D:\github\ron-english-light-cult-3001-4000\items\lccc-3003.html","READY","Would update."
"D:\github\ron-english-light-cult-3001-4000\items\lccc-3004.html","READY","Would update."
"D:\github\ron-english-light-cult-3001-4000\items\lccc-3006.html","READY","Would update."
"D:\github\ron-english-light-cult-3001-4000\items\lccc-3007.html","READY","Would update."
"D:\github\ron-english-light-cult-3001-4000\items\lccc-3008.html","READY","Would update."
"D:\github\ron-english-light-cult-3001-4000\items\lccc-3009.html","READY","Would update."
"D:\github\ron-english-light-cult-3001-4000\items\lccc-3011.html","READY","Would update."
"D:\github\ron-english-light-cult-3001-4000\items\lccc-3012.html","READY","Would update."
"D:\github\ron-english-light-cult-3001-4000\items\lccc-3014.html","READY","Would update."
"D:\github\ron-english-light-cult-3001-4000\items\lccc-3015.html","READY","Would update."
"D:\github\ron-english-light-cult-3001-4000\items\lccc-3016.html","READY","Would update."
"D:\github\ron-english-light-cult-3001-4000\items\lccc-3017.html","READY","Would update."
"D:\github\ron-english-light-cult-3001-4000\items\lccc-3018.html","READY","Would update."
"D:\github\ron-english-light-cult-3001-4000\items\lccc-3019.html","READY","Would update."
"D:\github\ron-english-light-cult-3001-4000\items\lccc-3020.html","READY","Would update."
"D:\github\ron-english-light-cult-3001-4000\items\lccc-3021.html","READY","Would update."
"D:\github\ron-english-light-cult-3001-4000\items\lccc-3022.html","READY","Would update."
"D:\github\ron-english-light-cult-3001-4000\items\lccc-3023.html","READY","Would update."
"D:\github\ron-english-light-cult-3001-4000\items\lccc-3024.html","READY","Would update."
"D:\github\ron-english-light-cult-3001-4000\items\lccc-3025.html","READY","Would update."
"D:\github\ron-english-light-cult-3001-4000\items\lccc-3026.html","READY","Would update."
"D:\github\ron-english-light-cult-3001-4000\items\lccc-3027.html","READY","Would update."
"D:\github\ron-english-light-cult-3001-4000\items\lccc-3028.html","READY","Would update."
"D:\github\ron-english-light-cult-3001-4000\items\lccc-3029.html","READY","Would update."
"D:\github\ron-english-light-cult-3001-4000\items\lccc-3030.html","READY","Would update."
"D:\github\ron-english-light-cult-3001-4000\items\lccc-3031.html","READY","Would update."
"D:\github\ron-english-light-cult-3001-4000\items\lccc-3032.html","READY","Would update."
"D:\github\ron-english-light-cult-3001-4000\items\lccc-3033.html","READY","Would update."
"D:\github\ron-english-light-cult-3001-4000\items\lccc-3034.html","READY","Would update."
"D:\github\ron-english-light-cult-3001-4000\items\lccc-3035.html","READY","Would update."
"D:\github\ron-english-light-cult-3001-4000\items\lccc-3036.html","READY","Would update."
"D:\github\ron-english-light-cult-3001-4000\items\lccc-3037.html","READY","Would update."
"D:\github\ron-english-light-cult-3001-4000\items\lccc-3039.html","READY","Would update."
"D:\github\ron-english-light-cult-3001-4000\items\lccc-3041.html","READY","Would update."
"D:\github\ron-english-light-cult-3001-4000\items\lccc-3042.html","READY","Would update."
"D:\github\ron-english-light-cult-3001-4000\items\lccc-3043.html","READY","Would update."
"D:\github\ron-english-light-cult-3001-4000\items\lccc-3044.html","READY","Would update."
"D:\github\ron-english-light-cult-3001-4000\items\lccc-3045.html","READY","Would update."
"D:\github\ron-english-light-cult-3001-4000\items\lccc-3046.html","READY","Would update."
"D:\github\ron-english-light-cult-3001-4000\items\lccc-3047.html","READY","Would update."
"D:\github\ron-english-light-cult-3001-4000\items\lccc-3048.html","READY","Would update."
"D:\github\ron-english-light-cult-3001-4000\items\lccc-3049.html","READY","Would update."
"D:\github\ron-english-light-cult-3001-4000\items\lccc-3050.html","READY","Would update."
"D:\github\ron-english-light-cult-3001-4000\items\lccc-3051.html","READY","Would update."
"D:\github\ron-english-light-cult-3001-4000\items\lccc-3052.html","READY","Would update."
"D:\github\ron-english-light-cult-3001-4000\items\lccc-3053.html","READY","Would update."
"D:\github\ron-english-light-cult-3001-4000\items\lccc-3054.html","READY","Would update."
"D:\github\ron-english-light-cult-3001-4000\items\lccc-3055.html","READY","Would update."
"D:\github\ron-english-light-cult-3001-4000\items\lccc-3056.html","READY","Would update."
"D:\github\ron-english-light-cult-3001-4000\items\lccc-3057.html","READY","Would update."
"D:\github\ron-english-light-cult-3001-4000\items\lccc-3058.html","READY","Would update."
"D:\github\ron-english-light-cult-3001-4000\items\lccc-3059.html","READY","Would update."
"D:\github\ron-english-light-cult-3001-4000\items\lccc-3060.html","READY","Would update."
"D:\github\ron-english-light-cult-3001-4000\items\lccc-3061.html","READY","Would update."
"D:\github\ron-english-light-cult-3001-4000\items\lccc-3062.html","READY","Would update."
"D:\github\ron-english-light-cult-3001-4000\items\lccc-3063.html","READY","Would update."
"D:\github\ron-english-light-cult-3001-4000\items\lccc-3064.html","READY","Would update."
"D:\github\ron-english-light-cult-3001-4000\items\lccc-3065.html","READY","Would update."
"D:\github\ron-english-light-cult-3001-4000\items\lccc-3066.html","READY","Would update."
"D:\github\ron-english-light-cult-3001-4000\items\lccc-3067.html","READY","Would update."
"D:\github\ron-english-light-cult-3001-4000\items\lccc-3068.html","READY","Would update."
"D:\github\ron-english-light-cult-3001-4000\items\lccc-3070.html","READY","Would update."
"D:\github\ron-english-light-cult-3001-4000\items\lccc-3071.html","READY","Would update."
"D:\github\ron-english-light-cult-3001-4000\items\lccc-3073.html","READY","Would update."
"D:\github\ron-english-light-cult-3001-4000\items\lccc-3074.html","READY","Would update."
"D:\github\ron-english-light-cult-3001-4000\items\lccc-3075.html","READY","Would update."
"D:\github\ron-english-light-cult-3001-4000\items\lccc-3076.html","READY","Would update."
"D:\github\ron-english-light-cult-3001-4000\items\lccc-3077.html","READY","Would update."
"D:\github\ron-english-light-cult-3001-4000\items\lccc-3078.html","READY","Would update."
"D:\github\ron-english-light-cult-3001-4000\items\lccc-3079.html","READY","Would update."
"D:\github\ron-english-light-cult-3001-4000\items\lccc-3081.html","READY","Would update."
"D:\github\ron-english-light-cult-3001-4000\items\lccc-3082.html","READY","Would update."
"D:\github\ron-english-light-cult-3001-4000\items\lccc-3083.html","READY","Would update."
"D:\github\ron-english-light-cult-3001-4000\items\lccc-3084.html","READY","Would update."
"D:\github\ron-english-light-cult-3001-4000\items\lccc-3085.html","READY","Would update."
"D:\github\ron-english-light-cult-3001-4000\items\lccc-3086.html","READY","Would update."
"D:\github\ron-english-light-cult-3001-4000\items\lccc-3087.html","READY","Would update."
"D:\github\ron-english-light-cult-3001-4000\items\lccc-3088.html","READY","Would update."
"D:\github\ron-english-light-cult-3001-4000\items\lccc-3089.html","READY","Would update."
"D:\github\ron-english-light-cult-3001-4000\items\lccc-3091.html","READY","Would update."
"D:\github\ron-english-light-cult-3001-4000\items\lccc-3092.html","READY","Would update."
"D:\github\ron-english-light-cult-3001-4000\items\lccc-3093.html","READY","Would update."
"D:\github\ron-english-light-cult-3001-4000\items\lccc-3094.html","READY","Would update."
"D:\github\ron-english-light-cult-3001-4000\items\lccc-3095.html","READY","Would update."
"D:\github\ron-english-light-cult-3001-4000\items\lccc-3096.html","READY","Would update."
"D:\github\ron-english-light-cult-3001-4000\items\lccc-3097.html","READY","Would update."
"D:\github\ron-english-light-cult-3001-4000\items\lccc-3098.html","READY","Would update."
"D:\github\ron-english-light-cult-3001-4000\items\lccc-3099.html","READY","Would update."
"D:\github\ron-english-light-cult-3001-4000\items\lccc-3100.html","READY","Would update."
"D:\github\ron-english-light-cult-3001-4000\items\lccc-3102.html","READY","Would update."
"D:\github\ron-english-light-cult-3001-4000\items\lccc-3103.html","READY","Would update."
"D:\github\ron-english-light-cult-3001-4000\items\lccc-3104.html","READY","Would update."
"D:\github\ron-english-light-cult-3001-4000\items\lccc-3106.html","READY","Would update."
"D:\github\ron-english-light-cult-3001-4000\items\lccc-3107.html","READY","Would update."
"D:\github\ron-english-light-cult-3001-4000\items\lccc-3108.html","READY","Would update."
"D:\github\ron-english-light-cult-3001-4000\items\lccc-3109.html","READY","Would update."
"D:\github\ron-english-light-cult-3001-4000\items\lccc-3110.html","READY","Would update."
"D:\github\ron-english-light-cult-3001-4000\items\lccc-3111.html","READY","Would update."
"D:\github\ron-english-light-cult-3001-4000\items\lccc-3112.html","READY","Would update."
"D:\github\ron-english-light-cult-3001-4000\items\lccc-3113.html","READY","Would update."
"D:\github\ron-english-light-cult-3001-4000\items\lccc-3114.html","READY","Would update."
"D:\github\ron-english-light-cult-3001-4000\items\lccc-3116.html","READY","Would update."
"D:\github\ron-english-light-cult-3001-4000\items\lccc-3118.html","READY","Would update."
"D:\github\ron-english-light-cult-3001-4000\items\lccc-3119.html","READY","Would update."
"D:\github\ron-english-light-cult-3001-4000\items\lccc-3123.html","READY","Would update."
"D:\github\ron-english-light-cult-3001-4000\items\lccc-3124.html","READY","Would update."
"D:\github\ron-english-light-cult-3001-4000\items\lccc-3125.html","READY","Would update."
"D:\github\ron-english-light-cult-3001-4000\items\lccc-3126.html","READY","Would update."
"D:\github\ron-english-light-cult-3001-4000\items\lccc-3128.html","READY","Would update."
"D:\github\ron-english-light-cult-3001-4000\items\lccc-3129.html","READY","Would update."
"D:\github\ron-english-light-cult-3001-4000\items\lccc-3130.html","READY","Would update."
"D:\github\ron-english-light-cult-3001-4000\items\lccc-3131.html","READY","Would update."
"D:\github\ron-english-light-cult-3001-4000\items\lccc-3132.html","READY","Would update."
"D:\github\ron-english-light-cult-3001-4000\items\lccc-3133.html","READY","Would update."
"D:\github\ron-english-light-cult-3001-4000\items\lccc-3134.html","READY","Would update."
"D:\github\ron-english-light-cult-3001-4000\items\lccc-3135.html","READY","Would update."
"D:\github\ron-english-light-cult-3001-4000\items\lccc-3136.html","READY","Would update."
"D:\github\ron-english-light-cult-3001-4000\items\lccc-3137.html","READY","Would update."
"D:\github\ron-english-light-cult-3001-4000\items\lccc-3138.html","READY","Would update."
"D:\github\ron-english-light-cult-3001-4000\items\lccc-3139.html","READY","Would update."
"D:\github\ron-english-light-cult-3001-4000\items\lccc-3140.html","READY","Would update."
"D:\github\ron-english-light-cult-3001-4000\items\lccc-3141.html","READY","Would update."
"D:\github\ron-english-light-cult-3001-4000\items\lccc-3142.html","READY","Would update."
"D:\github\ron-english-light-cult-3001-4000\items\lccc-3143.html","READY","Would update."
"D:\github\ron-english-light-cult-3001-4000\items\lccc-3145.html","READY","Would update."
"D:\github\ron-english-light-cult-3001-4000\items\lccc-3146.html","READY","Would update."
"D:\github\ron-english-light-cult-3001-4000\items\lccc-3147.html","READY","Would update."
"D:\github\ron-english-light-cult-3001-4000\items\lccc-3149.html","READY","Would update."
"D:\github\ron-english-light-cult-3001-4000\items\lccc-3150.html","READY","Would update."
"D:\github\ron-english-light-cult-3001-4000\items\lccc-3151.html","READY","Would update."
"D:\github\ron-english-light-cult-3001-4000\items\lccc-3152.html","READY","Would update."
"D:\github\ron-english-light-cult-3001-4000\items\lccc-3153.html","READY","Would update."
"D:\github\ron-english-light-cult-3001-4000\items\lccc-3154.html","READY","Would update."
"D:\github\ron-english-light-cult-3001-4000\items\lccc-3155.html","READY","Would update."
"D:\github\ron-english-light-cult-3001-4000\items\lccc-3156.html","READY","Would update."
"D:\github\ron-english-light-cult-3001-4000\items\lccc-3157.html","READY","Would update."
"D:\github\ron-english-light-cult-3001-4000\items\lccc-3158.html","READY","Would update."
"D:\github\ron-english-light-cult-3001-4000\items\lccc-3159.html","READY","Would update."
"D:\github\ron-english-light-cult-3001-4000\items\lccc-3161.html","READY","Would update."
"D:\github\ron-english-light-cult-3001-4000\items\lccc-3162.html","READY","Would update."
"D:\github\ron-english-light-cult-3001-4000\items\lccc-3163.html","READY","Would update."
"D:\github\ron-english-light-cult-3001-4000\items\lccc-3164.html","READY","Would update."
"D:\github\ron-english-light-cult-3001-4000\items\lccc-3165.html","READY","Would update."
"D:\github\ron-english-light-cult-3001-4000\items\lccc-3166.html","READY","Would update."
"D:\github\ron-english-light-cult-3001-4000\items\lccc-3167.html","READY","Would update."
"D:\github\ron-english-light-cult-3001-4000\items\lccc-3168.html","READY","Would update."
"D:\github\ron-english-light-cult-3001-4000\items\lccc-3169.html","READY","Would update."
"D:\github\ron-english-light-cult-3001-4000\items\lccc-3171.html","READY","Would update."
"D:\github\ron-english-light-cult-3001-4000\items\lccc-3172.html","READY","Would update."
"D:\github\ron-english-light-cult-3001-4000\items\lccc-3173.html","READY","Would update."
"D:\github\ron-english-light-cult-3001-4000\items\lccc-3174.html","READY","Would update."
"D:\github\ron-english-light-cult-3001-4000\items\lccc-3175.html","READY","Would update."
"D:\github\ron-english-light-cult-3001-4000\items\lccc-3176.html","READY","Would update."
"D:\github\ron-english-light-cult-3001-4000\items\lccc-3177.html","READY","Would update."
"D:\github\ron-english-light-cult-3001-4000\items\lccc-3178.html","READY","Would update."
"D:\github\ron-english-light-cult-3001-4000\items\lccc-3179.html","READY","Would update."
"D:\github\ron-english-light-cult-3001-4000\items\lccc-3181.html","READY","Would update."
"D:\github\ron-english-light-cult-3001-4000\items\lccc-3182.html","READY","Would update."
"D:\github\ron-english-light-cult-3001-4000\items\lccc-3183.html","READY","Would update."
"D:\github\ron-english-light-cult-3001-4000\items\lccc-3184.html","READY","Would update."
"D:\github\ron-english-light-cult-3001-4000\items\lccc-3186.html","READY","Would update."
"D:\github\ron-english-light-cult-3001-4000\items\lccc-3187.html","READY","Would update."
"D:\github\ron-english-light-cult-3001-4000\items\lccc-3188.html","READY","Would update."
"D:\github\ron-english-light-cult-3001-4000\items\lccc-3190.html","READY","Would update."
"D:\github\ron-english-light-cult-3001-4000\items\lccc-3191.html","READY","Would update."
"D:\github\ron-english-light-cult-3001-4000\items\lccc-3192.html","READY","Would update."
"D:\github\ron-english-light-cult-3001-4000\items\lccc-3193.html","READY","Would update."
"D:\github\ron-english-light-cult-3001-4000\items\lccc-3194.html","READY","Would update."
"D:\github\ron-english-light-cult-3001-4000\items\lccc-3196.html","READY","Would update."
"D:\github\ron-english-light-cult-3001-4000\items\lccc-3197.html","READY","Would update."
"D:\github\ron-english-light-cult-3001-4000\items\lccc-3198.html","READY","Would update."
"D:\github\ron-english-light-cult-3001-4000\items\lccc-3199.html","READY","Would update."
"D:\github\ron-english-light-cult-3001-4000\items\lccc-3201.html","READY","Would update."
"D:\github\ron-english-light-cult-3001-4000\items\lccc-3202.html","READY","Would update."
"D:\github\ron-english-light-cult-3001-4000\items\lccc-3203.html","READY","Would update."
"D:\github\ron-english-light-cult-3001-4000\items\lccc-3204.html","READY","Would update."
"D:\github\ron-english-light-cult-3001-4000\items\lccc-3205.html","READY","Would update."
"D:\github\ron-english-light-cult-3001-4000\items\lccc-3206.html","READY","Would update."
"D:\github\ron-english-light-cult-3001-4000\items\lccc-3207.html","READY","Would update."
"D:\github\ron-english-light-cult-3001-4000\items\lccc-3208.html","READY","Would update."
"D:\github\ron-english-light-cult-3001-4000\items\lccc-3209.html","READY","Would update."
"D:\github\ron-english-light-cult-3001-4000\items\lccc-3210.html","READY","Would update."
"D:\github\ron-english-light-cult-3001-4000\items\lccc-3211.html","READY","Would update."
"D:\github\ron-english-light-cult-3001-4000\items\lccc-3212.html","READY","Would update."
"D:\github\ron-english-light-cult-3001-4000\items\lccc-3213.html","READY","Would update."
"D:\github\ron-english-light-cult-3001-4000\items\lccc-3214.html","READY","Would update."
"D:\github\ron-english-light-cult-3001-4000\items\lccc-3215.html","READY","Would update."
"D:\github\ron-english-light-cult-3001-4000\items\lccc-3216.html","READY","Would update."
"D:\github\ron-english-light-cult-3001-4000\items\lccc-3217.html","READY","Would update."
"D:\github\ron-english-light-cult-3001-4000\items\lccc-3218.html","READY","Would update."
"D:\github\ron-english-light-cult-3001-4000\items\lccc-3219.html","READY","Would update."
"D:\github\ron-english-light-cult-3001-4000\items\lccc-3220.html","READY","Would update."
"D:\github\ron-english-light-cult-3001-4000\items\lccc-3221.html","READY","Would update."
"D:\github\ron-english-light-cult-3001-4000\items\lccc-3222.html","READY","Would update."
"D:\github\ron-english-light-cult-3001-4000\items\lccc-3223.html","READY","Would update."
"D:\github\ron-english-light-cult-3001-4000\items\lccc-3224.html","READY","Would update."
"D:\github\ron-english-light-cult-3001-4000\items\lccc-3225.html","READY","Would update."
"D:\github\ron-english-light-cult-3001-4000\items\lccc-3226.html","READY","Would update."
"D:\github\ron-english-light-cult-3001-4000\items\lccc-3227.html","READY","Would update."
"D:\github\ron-english-light-cult-3001-4000\items\lccc-3229.html","READY","Would update."
"D:\github\ron-english-light-cult-3001-4000\items\lccc-3230.html","READY","Would update."
"D:\github\ron-english-light-cult-3001-4000\items\lccc-3231.html","READY","Would update."
"D:\github\ron-english-light-cult-3001-4000\items\lccc-3232.html","READY","Would update."
"D:\github\ron-english-light-cult-3001-4000\items\lccc-3233.html","READY","Would update."
"D:\github\ron-english-light-cult-3001-4000\items\lccc-3234.html","READY","Would update."
"D:\github\ron-english-light-cult-3001-4000\items\lccc-3235.html","READY","Would update."
"D:\github\ron-english-light-cult-3001-4000\items\lccc-3236.html","READY","Would update."
"D:\github\ron-english-light-cult-3001-4000\items\lccc-3237.html","READY","Would update."
"D:\github\ron-english-light-cult-3001-4000\items\lccc-3238.html","READY","Would update."
"D:\github\ron-english-light-cult-3001-4000\items\lccc-3239.html","READY","Would update."
"D:\github\ron-english-light-cult-3001-4000\items\lccc-3240.html","READY","Would update."
"D:\github\ron-english-light-cult-3001-4000\items\lccc-3241.html","READY","Would update."
"D:\github\ron-english-light-cult-3001-4000\items\lccc-3242.html","READY","Would update."
"D:\github\ron-english-light-cult-3001-4000\items\lccc-3243.html","READY","Would update."
"D:\github\ron-english-light-cult-3001-4000\items\lccc-3244.html","READY","Would update."
"D:\github\ron-english-light-cult-3001-4000\items\lccc-3245.html","READY","Would update."
"D:\github\ron-english-light-cult-3001-4000\items\lccc-3246.html","READY","Would update."
"D:\github\ron-english-light-cult-3001-4000\items\lccc-3247.html","READY","Would update."
"D:\github\ron-english-light-cult-3001-4000\items\lccc-3248.html","READY","Would update."
"D:\github\ron-english-light-cult-3001-4000\items\lccc-3249.html","READY","Would update."
"D:\github\ron-english-light-cult-3001-4000\items\lccc-3250.html","READY","Would update."
"D:\github\ron-english-light-cult-3001-4000\items\lccc-3251.html","READY","Would update."
"D:\github\ron-english-light-cult-3001-4000\items\lccc-3252.html","READY","Would update."
"D:\github\ron-english-light-cult-3001-4000\items\lccc-3253.html","READY","Would update."
"D:\github\ron-english-light-cult-3001-4000\items\lccc-3254.html","READY","Would update."
"D:\github\ron-english-light-cult-3001-4000\items\lccc-3255.html","READY","Would update."
"D:\github\ron-english-light-cult-3001-4000\items\lccc-3256.html","READY","Would update."
"D:\github\ron-english-light-cult-3001-4000\items\lccc-3257.html","READY","Would update."
"D:\github\ron-english-light-cult-3001-4000\items\lccc-3258.html","READY","Would update."
"D:\github\ron-english-light-cult-3001-4000\items\lccc-3259.html","READY","Would update."
"D:\github\ron-english-light-cult-3001-4000\items\lccc-3260.html","READY","Would update."
"D:\github\ron-english-light-cult-3001-4000\items\lccc-3261.html","READY","Would update."
"D:\github\ron-english-light-cult-3001-4000\items\lccc-3262.html","READY","Would update."
"D:\github\ron-english-light-cult-3001-4000\items\lccc-3263.html","READY","Would update."
"D:\github\ron-english-light-cult-3001-4000\items\lccc-3264.html","READY","Would update."
"D:\github\ron-english-light-cult-3001-4000\items\lccc-3265.html","READY","Would update."
"D:\github\ron-english-light-cult-3001-4000\items\lccc-3267.html","READY","Would update."
"D:\github\ron-english-light-cult-3001-4000\items\lccc-3269.html","READY","Would update."
"D:\github\ron-english-light-cult-3001-4000\items\lccc-3270.html","READY","Would update."
"D:\github\ron-english-light-cult-3001-4000\items\lccc-3272.html","READY","Would update."
"D:\github\ron-english-light-cult-3001-4000\items\lccc-3273.html","READY","Would update."
"D:\github\ron-english-light-cult-3001-4000\items\lccc-3274.html","READY","Would update."
"D:\github\ron-english-light-cult-3001-4000\items\lccc-3275.html","READY","Would update."
"D:\github\ron-english-light-cult-3001-4000\items\lccc-3276.html","READY","Would update."
"D:\github\ron-english-light-cult-3001-4000\items\lccc-3277.html","READY","Would update."
"D:\github\ron-english-light-cult-3001-4000\items\lccc-3278.html","READY","Would update."
"D:\github\ron-english-light-cult-3001-4000\items\lccc-3279.html","READY","Would update."
"D:\github\ron-english-light-cult-3001-4000\items\lccc-3280.html","READY","Would update."
"D:\github\ron-english-light-cult-3001-4000\items\lccc-3281.html","READY","Would update."
"D:\github\ron-english-light-cult-3001-4000\items\lccc-3282.html","READY","Would update."
"D:\github\ron-english-light-cult-3001-4000\items\lccc-3283.html","READY","Would update."
"D:\github\ron-english-light-cult-3001-4000\items\lccc-3284.html","READY","Would update."
"D:\github\ron-english-light-cult-3001-4000\items\lccc-3285.html","READY","Would update."
"D:\github\ron-english-light-cult-3001-4000\items\lccc-3286.html","READY","Would update."
"D:\github\ron-english-light-cult-3001-4000\items\lccc-3287.html","READY","Would update."
"D:\github\ron-english-light-cult-3001-4000\items\lccc-3288.html","READY","Would update."
"D:\github\ron-english-light-cult-3001-4000\items\lccc-3289.html","READY","Would update."
"D:\github\ron-english-light-cult-3001-4000\items\lccc-3290.html","READY","Would update."
"D:\github\ron-english-light-cult-3001-4000\items\lccc-3291.html","READY","Would update."
"D:\github\ron-english-light-cult-3001-4000\items\lccc-3292.html","READY","Would update."
"D:\github\ron-english-light-cult-3001-4000\items\lccc-3293.html","READY","Would update."
"D:\github\ron-english-light-cult-3001-4000\items\lccc-3294.html","READY","Would update."
"D:\github\ron-english-light-cult-3001-4000\items\lccc-3295.html","READY","Would update."
"D:\github\ron-english-light-cult-3001-4000\items\lccc-3296.html","READY","Would update."
"D:\github\ron-english-light-cult-3001-4000\items\lccc-3297.html","READY","Would update."
"D:\github\ron-english-light-cult-3001-4000\items\lccc-3298.html","READY","Would update."
"D:\github\ron-english-light-cult-3001-4000\items\lccc-3299.html","READY","Would update."
"D:\github\ron-english-light-cult-3001-4000\items\lccc-3302.html","READY","Would update."
"D:\github\ron-english-light-cult-3001-4000\items\lccc-3303.html","READY","Would update."
"D:\github\ron-english-light-cult-3001-4000\items\lccc-3304.html","READY","Would update."
"D:\github\ron-english-light-cult-3001-4000\items\lccc-3305.html","READY","Would update."
"D:\github\ron-english-light-cult-3001-4000\items\lccc-3306.html","READY","Would update."
"D:\github\ron-english-light-cult-3001-4000\items\lccc-3307.html","READY","Would update."
"D:\github\ron-english-light-cult-3001-4000\items\lccc-3308.html","READY","Would update."
"D:\github\ron-english-light-cult-3001-4000\items\lccc-3310.html","READY","Would update."
"D:\github\ron-english-light-cult-3001-4000\items\lccc-3311.html","READY","Would update."
"D:\github\ron-english-light-cult-3001-4000\items\lccc-3312.html","READY","Would update."
"D:\github\ron-english-light-cult-3001-4000\items\lccc-3313.html","READY","Would update."
"D:\github\ron-english-light-cult-3001-4000\items\lccc-3314.html","READY","Would update."
"D:\github\ron-english-light-cult-3001-4000\items\lccc-3315.html","READY","Would update."
"D:\github\ron-english-light-cult-3001-4000\items\lccc-3316.html","READY","Would update."
"D:\github\ron-english-light-cult-3001-4000\items\lccc-3317.html","READY","Would update."
"D:\github\ron-english-light-cult-3001-4000\items\lccc-3318.html","READY","Would update."
"D:\github\ron-english-light-cult-3001-4000\items\lccc-3319.html","READY","Would update."
"D:\github\ron-english-light-cult-3001-4000\items\lccc-3320.html","READY","Would update."
"D:\github\ron-english-light-cult-3001-4000\items\lccc-3321.html","READY","Would update."
"D:\github\ron-english-light-cult-3001-4000\items\lccc-3323.html","READY","Would update."
"D:\github\ron-english-light-cult-3001-4000\items\lccc-3324.html","READY","Would update."
"D:\github\ron-english-light-cult-3001-4000\items\lccc-3325.html","READY","Would update."
"D:\github\ron-english-light-cult-3001-4000\items\lccc-3326.html","READY","Would update."
"D:\github\ron-english-light-cult-3001-4000\items\lccc-3327.html","READY","Would update."
"D:\github\ron-english-light-cult-3001-4000\items\lccc-3328.html","READY","Would update."
"D:\github\ron-english-light-cult-3001-4000\items\lccc-3329.html","READY","Would update."
"D:\github\ron-english-light-cult-3001-4000\items\lccc-3330.html","READY","Would update."
"D:\github\ron-english-light-cult-3001-4000\items\lccc-3331.html","READY","Would update."
"D:\github\ron-english-light-cult-3001-4000\items\lccc-3332.html","READY","Would update."
"D:\github\ron-english-light-cult-3001-4000\items\lccc-3333.html","READY","Would update."
"D:\github\ron-english-light-cult-3001-4000\items\lccc-3334.html","READY","Would update."
"D:\github\ron-english-light-cult-3001-4000\items\lccc-3335.html","READY","Would update."
"D:\github\ron-english-light-cult-3001-4000\items\lccc-3336.html","READY","Would update."
"D:\github\ron-english-light-cult-3001-4000\items\lccc-3337.html","READY","Would update."
"D:\github\ron-english-light-cult-3001-4000\items\lccc-3338.html","READY","Would update."
"D:\github\ron-english-light-cult-3001-4000\items\lccc-3339.html","READY","Would update."
"D:\github\ron-english-light-cult-3001-4000\items\lccc-3340.html","READY","Would update."
"D:\github\ron-english-light-cult-3001-4000\items\lccc-3341.html","READY","Would update."
"D:\github\ron-english-light-cult-3001-4000\items\lccc-3342.html","READY","Would update."
"D:\github\ron-english-light-cult-3001-4000\items\lccc-3344.html","READY","Would update."
"D:\github\ron-english-light-cult-3001-4000\items\lccc-3346.html","READY","Would update."
"D:\github\ron-english-light-cult-3001-4000\items\lccc-3348.html","READY","Would update."
"D:\github\ron-english-light-cult-3001-4000\items\lccc-3349.html","READY","Would update."
"D:\github\ron-english-light-cult-3001-4000\items\lccc-3350.html","READY","Would update."
"D:\github\ron-english-light-cult-3001-4000\items\lccc-3351.html","READY","Would update."
"D:\github\ron-english-light-cult-3001-4000\items\lccc-3352.html","READY","Would update."
"D:\github\ron-english-light-cult-3001-4000\items\lccc-3353.html","READY","Would update."
"D:\github\ron-english-light-cult-3001-4000\items\lccc-3354.html","READY","Would update."
"D:\github\ron-english-light-cult-3001-4000\items\lccc-3355.html","READY","Would update."
"D:\github\ron-english-light-cult-3001-4000\items\lccc-3356.html","READY","Would update."
"D:\github\ron-english-light-cult-3001-4000\items\lccc-3357.html","READY","Would update."
"D:\github\ron-english-light-cult-3001-4000\items\lccc-3358.html","READY","Would update."
"D:\github\ron-english-light-cult-3001-4000\items\lccc-3360.html","READY","Would update."
"D:\github\ron-english-light-cult-3001-4000\items\lccc-3361.html","READY","Would update."
"D:\github\ron-english-light-cult-3001-4000\items\lccc-3362.html","READY","Would update."
"D:\github\ron-english-light-cult-3001-4000\items\lccc-3363.html","READY","Would update."
"D:\github\ron-english-light-cult-3001-4000\items\lccc-3364.html","READY","Would update."
"D:\github\ron-english-light-cult-3001-4000\items\lccc-3366.html","READY","Would update."
"D:\github\ron-english-light-cult-3001-4000\items\lccc-3367.html","READY","Would update."
"D:\github\ron-english-light-cult-3001-4000\items\lccc-3368.html","READY","Would update."
"D:\github\ron-english-light-cult-3001-4000\items\lccc-3370.html","READY","Would update."
"D:\github\ron-english-light-cult-3001-4000\items\lccc-3371.html","READY","Would update."
"D:\github\ron-english-light-cult-3001-4000\items\lccc-3373.html","READY","Would update."
"D:\github\ron-english-light-cult-3001-4000\items\lccc-3375.html","READY","Would update."
"D:\github\ron-english-light-cult-3001-4000\items\lccc-3376.html","READY","Would update."
"D:\github\ron-english-light-cult-3001-4000\items\lccc-3377.html","READY","Would update."
"D:\github\ron-english-light-cult-3001-4000\items\lccc-3379.html","READY","Would update."
"D:\github\ron-english-light-cult-3001-4000\items\lccc-3381.html","READY","Would update."
"D:\github\ron-english-light-cult-3001-4000\items\lccc-3382.html","READY","Would update."
"D:\github\ron-english-light-cult-3001-4000\items\lccc-3383.html","READY","Would update."
"D:\github\ron-english-light-cult-3001-4000\items\lccc-3385.html","READY","Would update."
"D:\github\ron-english-light-cult-3001-4000\items\lccc-3386.html","READY","Would update."
"D:\github\ron-english-light-cult-3001-4000\items\lccc-3387.html","READY","Would update."
"D:\github\ron-english-light-cult-3001-4000\items\lccc-3388.html","READY","Would update."
"D:\github\ron-english-light-cult-3001-4000\items\lccc-3389.html","READY","Would update."
"D:\github\ron-english-light-cult-3001-4000\items\lccc-3390.html","READY","Would update."
"D:\github\ron-english-light-cult-3001-4000\items\lccc-3391.html","READY","Would update."
"D:\github\ron-english-light-cult-3001-4000\items\lccc-3392.html","READY","Would update."
"D:\github\ron-english-light-cult-3001-4000\items\lccc-3393.html","READY","Would update."
"D:\github\ron-english-light-cult-3001-4000\items\lccc-3394.html","READY","Would update."
"D:\github\ron-english-light-cult-3001-4000\items\lccc-3395.html","READY","Would update."
"D:\github\ron-english-light-cult-3001-4000\items\lccc-3397.html","READY","Would update."
"D:\github\ron-english-light-cult-3001-4000\items\lccc-3398.html","READY","Would update."
"D:\github\ron-english-light-cult-3001-4000\items\lccc-3399.html","READY","Would update."
"D:\github\ron-english-light-cult-3001-4000\items\lccc-3400.html","READY","Would update."
"D:\github\ron-english-light-cult-3001-4000\items\lccc-3401.html","READY","Would update."
"D:\github\ron-english-light-cult-3001-4000\items\lccc-3402.html","READY","Would update."
"D:\github\ron-english-light-cult-3001-4000\items\lccc-3403.html","READY","Would update."
"D:\github\ron-english-light-cult-3001-4000\items\lccc-3404.html","READY","Would update."
"D:\github\ron-english-light-cult-3001-4000\items\lccc-3405.html","READY","Would update."
"D:\github\ron-english-light-cult-3001-4000\items\lccc-3406.html","READY","Would update."
"D:\github\ron-english-light-cult-3001-4000\items\lccc-3407.html","READY","Would update."
"D:\github\ron-english-light-cult-3001-4000\items\lccc-3408.html","READY","Would update."
"D:\github\ron-english-light-cult-3001-4000\items\lccc-3410.html","READY","Would update."
"D:\github\ron-english-light-cult-3001-4000\items\lccc-3411.html","READY","Would update."
"D:\github\ron-english-light-cult-3001-4000\items\lccc-3414.html","READY","Would update."
"D:\github\ron-english-light-cult-3001-4000\items\lccc-3415.html","READY","Would update."
"D:\github\ron-english-light-cult-3001-4000\items\lccc-3416.html","READY","Would update."
"D:\github\ron-english-light-cult-3001-4000\items\lccc-3417.html","READY","Would update."
"D:\github\ron-english-light-cult-3001-4000\items\lccc-3418.html","READY","Would update."
"D:\github\ron-english-light-cult-3001-4000\items\lccc-3419.html","READY","Would update."
"D:\github\ron-english-light-cult-3001-4000\items\lccc-3420.html","READY","Would update."
"D:\github\ron-english-light-cult-3001-4000\items\lccc-3421.html","READY","Would update."
"D:\github\ron-english-light-cult-3001-4000\items\lccc-3423.html","READY","Would update."
"D:\github\ron-english-light-cult-3001-4000\items\lccc-3424.html","READY","Would update."
"D:\github\ron-english-light-cult-3001-4000\items\lccc-3425.html","READY","Would update."
"D:\github\ron-english-light-cult-3001-4000\items\lccc-3426.html","READY","Would update."
"D:\github\ron-english-light-cult-3001-4000\items\lccc-3427.html","READY","Would update."
"D:\github\ron-english-light-cult-3001-4000\items\lccc-3428.html","READY","Would update."
"D:\github\ron-english-light-cult-3001-4000\items\lccc-3429.html","READY","Would update."
"D:\github\ron-english-light-cult-3001-4000\items\lccc-3430.html","READY","Would update."
"D:\github\ron-english-light-cult-3001-4000\items\lccc-3432.html","READY","Would update."
"D:\github\ron-english-light-cult-3001-4000\items\lccc-3433.html","READY","Would update."
"D:\github\ron-english-light-cult-3001-4000\items\lccc-3434.html","READY","Would update."
"D:\github\ron-english-light-cult-3001-4000\items\lccc-3435.html","READY","Would update."
"D:\github\ron-english-light-cult-3001-4000\items\lccc-3436.html","READY","Would update."
"D:\github\ron-english-light-cult-3001-4000\items\lccc-3437.html","READY","Would update."
"D:\github\ron-english-light-cult-3001-4000\items\lccc-3438.html","READY","Would update."
"D:\github\ron-english-light-cult-3001-4000\items\lccc-3439.html","READY","Would update."
"D:\github\ron-english-light-cult-3001-4000\items\lccc-3441.html","READY","Would update."
"D:\github\ron-english-light-cult-3001-4000\items\lccc-3442.html","READY","Would update."
"D:\github\ron-english-light-cult-3001-4000\items\lccc-3443.html","READY","Would update."
"D:\github\ron-english-light-cult-3001-4000\items\lccc-3444.html","READY","Would update."
"D:\github\ron-english-light-cult-3001-4000\items\lccc-3445.html","READY","Would update."
"D:\github\ron-english-light-cult-3001-4000\items\lccc-3446.html","READY","Would update."
"D:\github\ron-english-light-cult-3001-4000\items\lccc-3447.html","READY","Would update."
"D:\github\ron-english-light-cult-3001-4000\items\lccc-3448.html","READY","Would update."
"D:\github\ron-english-light-cult-3001-4000\items\lccc-3449.html","READY","Would update."
"D:\github\ron-english-light-cult-3001-4000\items\lccc-3450.html","READY","Would update."
"D:\github\ron-english-light-cult-3001-4000\items\lccc-3451.html","READY","Would update."
"D:\github\ron-english-light-cult-3001-4000\items\lccc-3452.html","READY","Would update."
"D:\github\ron-english-light-cult-3001-4000\items\lccc-3453.html","READY","Would update."
"D:\github\ron-english-light-cult-3001-4000\items\lccc-3454.html","READY","Would update."
"D:\github\ron-english-light-cult-3001-4000\items\lccc-3456.html","READY","Would update."
"D:\github\ron-english-light-cult-3001-4000\items\lccc-3457.html","READY","Would update."
"D:\github\ron-english-light-cult-3001-4000\items\lccc-3458.html","READY","Would update."
"D:\github\ron-english-light-cult-3001-4000\items\lccc-3459.html","READY","Would update."
"D:\github\ron-english-light-cult-3001-4000\items\lccc-3460.html","READY","Would update."
"D:\github\ron-english-light-cult-3001-4000\items\lccc-3461.html","READY","Would update."
"D:\github\ron-english-light-cult-3001-4000\items\lccc-3462.html","READY","Would update."
"D:\github\ron-english-light-cult-3001-4000\items\lccc-3463.html","READY","Would update."
"D:\github\ron-english-light-cult-3001-4000\items\lccc-3464.html","READY","Would update."
"D:\github\ron-english-light-cult-3001-4000\items\lccc-3465.html","READY","Would update."
"D:\github\ron-english-light-cult-3001-4000\items\lccc-3467.html","READY","Would update."
"D:\github\ron-english-light-cult-3001-4000\items\lccc-3468.html","READY","Would update."
"D:\github\ron-english-light-cult-3001-4000\items\lccc-3469.html","READY","Would update."
"D:\github\ron-english-light-cult-3001-4000\items\lccc-3470.html","READY","Would update."
"D:\github\ron-english-light-cult-3001-4000\items\lccc-3471.html","READY","Would update."
"D:\github\ron-english-light-cult-3001-4000\items\lccc-3472.html","READY","Would update."
"D:\github\ron-english-light-cult-3001-4000\items\lccc-3474.html","READY","Would update."
"D:\github\ron-english-light-cult-3001-4000\items\lccc-3475.html","READY","Would update."
"D:\github\ron-english-light-cult-3001-4000\items\lccc-3476.html","READY","Would update."
"D:\github\ron-english-light-cult-3001-4000\items\lccc-3477.html","READY","Would update."
"D:\github\ron-english-light-cult-3001-4000\items\lccc-3478.html","READY","Would update."
"D:\github\ron-english-light-cult-3001-4000\items\lccc-3479.html","READY","Would update."
"D:\github\ron-english-light-cult-3001-4000\items\lccc-3480.html","READY","Would update."
"D:\github\ron-english-light-cult-3001-4000\items\lccc-3482.html","READY","Would update."
"D:\github\ron-english-light-cult-3001-4000\items\lccc-3483.html","READY","Would update."
"D:\github\ron-english-light-cult-3001-4000\items\lccc-3484.html","READY","Would update."
"D:\github\ron-english-light-cult-3001-4000\items\lccc-3486.html","READY","Would update."
"D:\github\ron-english-light-cult-3001-4000\items\lccc-3487.html","READY","Would update."
"D:\github\ron-english-light-cult-3001-4000\items\lccc-3488.html","READY","Would update."
"D:\github\ron-english-light-cult-3001-4000\items\lccc-3490.html","READY","Would update."
"D:\github\ron-english-light-cult-3001-4000\items\lccc-3491.html","READY","Would update."
"D:\github\ron-english-light-cult-3001-4000\items\lccc-3492.html","READY","Would update."
"D:\github\ron-english-light-cult-3001-4000\items\lccc-3493.html","READY","Would update."
"D:\github\ron-english-light-cult-3001-4000\items\lccc-3494.html","READY","Would update."
"D:\github\ron-english-light-cult-3001-4000\items\lccc-3495.html","READY","Would update."
"D:\github\ron-english-light-cult-3001-4000\items\lccc-3496.html","READY","Would update."
"D:\github\ron-english-light-cult-3001-4000\items\lccc-3497.html","READY","Would update."
"D:\github\ron-english-light-cult-3001-4000\items\lccc-3498.html","READY","Would update."
"D:\github\ron-english-light-cult-3001-4000\items\lccc-3499.html","READY","Would update."
"D:\github\ron-english-light-cult-3001-4000\items\lccc-3500.html","READY","Would update."
"D:\github\ron-english-light-cult-3001-4000\items\lccc-3501.html","READY","Would update."
"D:\github\ron-english-light-cult-3001-4000\items\lccc-3502.html","READY","Would update."
"D:\github\ron-english-light-cult-3001-4000\items\lccc-3504.html","READY","Would update."
"D:\github\ron-english-light-cult-3001-4000\items\lccc-3505.html","READY","Would update."
"D:\github\ron-english-light-cult-3001-4000\items\lccc-3506.html","READY","Would update."
"D:\github\ron-english-light-cult-3001-4000\items\lccc-3507.html","READY","Would update."
"D:\github\ron-english-light-cult-3001-4000\items\lccc-3508.html","READY","Would update."
"D:\github\ron-english-light-cult-3001-4000\items\lccc-3509.html","READY","Would update."
"D:\github\ron-english-light-cult-3001-4000\items\lccc-3510.html","READY","Would update."
"D:\github\ron-english-light-cult-3001-4000\items\lccc-3511.html","READY","Would update."
"D:\github\ron-english-light-cult-3001-4000\items\lccc-3512.html","READY","Would update."
"D:\github\ron-english-light-cult-3001-4000\items\lccc-3513.html","READY","Would update."
"D:\github\ron-english-light-cult-3001-4000\items\lccc-3514.html","READY","Would update."
"D:\github\ron-english-light-cult-3001-4000\items\lccc-3515.html","READY","Would update."
"D:\github\ron-english-light-cult-3001-4000\items\lccc-3516.html","READY","Would update."
"D:\github\ron-english-light-cult-3001-4000\items\lccc-3517.html","READY","Would update."
"D:\github\ron-english-light-cult-3001-4000\items\lccc-3518.html","READY","Would update."
"D:\github\ron-english-light-cult-3001-4000\items\lccc-3519.html","READY","Would update."
"D:\github\ron-english-light-cult-3001-4000\items\lccc-3520.html","READY","Would update."
"D:\github\ron-english-light-cult-3001-4000\items\lccc-3521.html","READY","Would update."
"D:\github\ron-english-light-cult-3001-4000\items\lccc-3522.html","READY","Would update."
"D:\github\ron-english-light-cult-3001-4000\items\lccc-3523.html","READY","Would update."
"D:\github\ron-english-light-cult-3001-4000\items\lccc-3524.html","READY","Would update."
"D:\github\ron-english-light-cult-3001-4000\items\lccc-3525.html","READY","Would update."
"D:\github\ron-english-light-cult-3001-4000\items\lccc-3526.html","READY","Would update."
"D:\github\ron-english-light-cult-3001-4000\items\lccc-3527.html","READY","Would update."
"D:\github\ron-english-light-cult-3001-4000\items\lccc-3530.html","READY","Would update."
"D:\github\ron-english-light-cult-3001-4000\items\lccc-3531.html","READY","Would update."
"D:\github\ron-english-light-cult-3001-4000\items\lccc-3532.html","READY","Would update."
"D:\github\ron-english-light-cult-3001-4000\items\lccc-3533.html","READY","Would update."
"D:\github\ron-english-light-cult-3001-4000\items\lccc-3534.html","READY","Would update."
"D:\github\ron-english-light-cult-3001-4000\items\lccc-3535.html","READY","Would update."
"D:\github\ron-english-light-cult-3001-4000\items\lccc-3536.html","READY","Would update."
"D:\github\ron-english-light-cult-3001-4000\items\lccc-3537.html","READY","Would update."
"D:\github\ron-english-light-cult-3001-4000\items\lccc-3538.html","READY","Would update."
"D:\github\ron-english-light-cult-3001-4000\items\lccc-3539.html","READY","Would update."
"D:\github\ron-english-light-cult-3001-4000\items\lccc-3540.html","READY","Would update."
"D:\github\ron-english-light-cult-3001-4000\items\lccc-3541.html","READY","Would update."
"D:\github\ron-english-light-cult-3001-4000\items\lccc-3542.html","READY","Would update."
"D:\github\ron-english-light-cult-3001-4000\items\lccc-3543.html","READY","Would update."
"D:\github\ron-english-light-cult-3001-4000\items\lccc-3545.html","READY","Would update."
"D:\github\ron-english-light-cult-3001-4000\items\lccc-3546.html","READY","Would update."
"D:\github\ron-english-light-cult-3001-4000\items\lccc-3548.html","READY","Would update."
"D:\github\ron-english-light-cult-3001-4000\items\lccc-3549.html","READY","Would update."
"D:\github\ron-english-light-cult-3001-4000\items\lccc-3550.html","READY","Would update."
"D:\github\ron-english-light-cult-3001-4000\items\lccc-3551.html","READY","Would update."
"D:\github\ron-english-light-cult-3001-4000\items\lccc-3552.html","READY","Would update."
"D:\github\ron-english-light-cult-3001-4000\items\lccc-3553.html","READY","Would update."
"D:\github\ron-english-light-cult-3001-4000\items\lccc-3554.html","READY","Would update."
"D:\github\ron-english-light-cult-3001-4000\items\lccc-3555.html","READY","Would update."
"D:\github\ron-english-light-cult-3001-4000\items\lccc-3557.html","READY","Would update."
"D:\github\ron-english-light-cult-3001-4000\items\lccc-3558.html","READY","Would update."
"D:\github\ron-english-light-cult-3001-4000\items\lccc-3560.html","READY","Would update."
"D:\github\ron-english-light-cult-3001-4000\items\lccc-3562.html","READY","Would update."
"D:\github\ron-english-light-cult-3001-4000\items\lccc-3563.html","READY","Would update."
"D:\github\ron-english-light-cult-3001-4000\items\lccc-3565.html","READY","Would update."
"D:\github\ron-english-light-cult-3001-4000\items\lccc-3566.html","READY","Would update."
"D:\github\ron-english-light-cult-3001-4000\items\lccc-3567.html","READY","Would update."
"D:\github\ron-english-light-cult-3001-4000\items\lccc-3568.html","READY","Would update."
"D:\github\ron-english-light-cult-3001-4000\items\lccc-3569.html","READY","Would update."
"D:\github\ron-english-light-cult-3001-4000\items\lccc-3570.html","READY","Would update."
"D:\github\ron-english-light-cult-3001-4000\items\lccc-3571.html","READY","Would update."
"D:\github\ron-english-light-cult-3001-4000\items\lccc-3572.html","READY","Would update."
"D:\github\ron-english-light-cult-3001-4000\items\lccc-3573.html","READY","Would update."
"D:\github\ron-english-light-cult-3001-4000\items\lccc-3574.html","READY","Would update."
"D:\github\ron-english-light-cult-3001-4000\items\lccc-3575.html","READY","Would update."
"D:\github\ron-english-light-cult-3001-4000\items\lccc-3576.html","READY","Would update."
"D:\github\ron-english-light-cult-3001-4000\items\lccc-3577.html","READY","Would update."
"D:\github\ron-english-light-cult-3001-4000\items\lccc-3578.html","READY","Would update."
"D:\github\ron-english-light-cult-3001-4000\items\lccc-3579.html","READY","Would update."
"D:\github\ron-english-light-cult-3001-4000\items\lccc-3580.html","READY","Would update."
"D:\github\ron-english-light-cult-3001-4000\items\lccc-3581.html","READY","Would update."
"D:\github\ron-english-light-cult-3001-4000\items\lccc-3582.html","READY","Would update."
"D:\github\ron-english-light-cult-3001-4000\items\lccc-3583.html","READY","Would update."
"D:\github\ron-english-light-cult-3001-4000\items\lccc-3584.html","READY","Would update."
"D:\github\ron-english-light-cult-3001-4000\items\lccc-3585.html","READY","Would update."
"D:\github\ron-english-light-cult-3001-4000\items\lccc-3586.html","READY","Would update."
"D:\github\ron-english-light-cult-3001-4000\items\lccc-3587.html","READY","Would update."
"D:\github\ron-english-light-cult-3001-4000\items\lccc-3588.html","READY","Would update."
"D:\github\ron-english-light-cult-3001-4000\items\lccc-3589.html","READY","Would update."
"D:\github\ron-english-light-cult-3001-4000\items\lccc-3590.html","READY","Would update."
"D:\github\ron-english-light-cult-3001-4000\items\lccc-3592.html","READY","Would update."
"D:\github\ron-english-light-cult-3001-4000\items\lccc-3593.html","READY","Would update."
"D:\github\ron-english-light-cult-3001-4000\items\lccc-3594.html","READY","Would update."
"D:\github\ron-english-light-cult-3001-4000\items\lccc-3595.html","READY","Would update."
"D:\github\ron-english-light-cult-3001-4000\items\lccc-3596.html","READY","Would update."
"D:\github\ron-english-light-cult-3001-4000\items\lccc-3597.html","READY","Would update."
"D:\github\ron-english-light-cult-3001-4000\items\lccc-3598.html","READY","Would update."
"D:\github\ron-english-light-cult-3001-4000\items\lccc-3599.html","READY","Would update."
"D:\github\ron-english-light-cult-3001-4000\items\lccc-3600.html","READY","Would update."
"D:\github\ron-english-light-cult-3001-4000\items\lccc-3601.html","READY","Would update."
"D:\github\ron-english-light-cult-3001-4000\items\lccc-3602.html","READY","Would update."
"D:\github\ron-english-light-cult-3001-4000\items\lccc-3603.html","READY","Would update."
"D:\github\ron-english-light-cult-3001-4000\items\lccc-3604.html","READY","Would update."
"D:\github\ron-english-light-cult-3001-4000\items\lccc-3605.html","READY","Would update."
"D:\github\ron-english-light-cult-3001-4000\items\lccc-3606.html","READY","Would update."
"D:\github\ron-english-light-cult-3001-4000\items\lccc-3607.html","READY","Would update."
"D:\github\ron-english-light-cult-3001-4000\items\lccc-3608.html","READY","Would update."
"D:\github\ron-english-light-cult-3001-4000\items\lccc-3609.html","READY","Would update."
"D:\github\ron-english-light-cult-3001-4000\items\lccc-3610.html","READY","Would update."
"D:\github\ron-english-light-cult-3001-4000\items\lccc-3611.html","READY","Would update."
"D:\github\ron-english-light-cult-3001-4000\items\lccc-3612.html","READY","Would update."
"D:\github\ron-english-light-cult-3001-4000\items\lccc-3613.html","READY","Would update."
"D:\github\ron-english-light-cult-3001-4000\items\lccc-3614.html","READY","Would update."
"D:\github\ron-english-light-cult-3001-4000\items\lccc-3615.html","READY","Would update."
"D:\github\ron-english-light-cult-3001-4000\items\lccc-3616.html","READY","Would update."
"D:\github\ron-english-light-cult-3001-4000\items\lccc-3617.html","READY","Would update."
"D:\github\ron-english-light-cult-3001-4000\items\lccc-3618.html","READY","Would update."
"D:\github\ron-english-light-cult-3001-4000\items\lccc-3619.html","READY","Would update."
"D:\github\ron-english-light-cult-3001-4000\items\lccc-3620.html","READY","Would update."
"D:\github\ron-english-light-cult-3001-4000\items\lccc-3621.html","READY","Would update."
"D:\github\ron-english-light-cult-3001-4000\items\lccc-3622.html","READY","Would update."
"D:\github\ron-english-light-cult-3001-4000\items\lccc-3623.html","READY","Would update."
"D:\github\ron-english-light-cult-3001-4000\items\lccc-3624.html","READY","Would update."
"D:\github\ron-english-light-cult-3001-4000\items\lccc-3625.html","READY","Would update."
"D:\github\ron-english-light-cult-3001-4000\items\lccc-3626.html","READY","Would update."
"D:\github\ron-english-light-cult-3001-4000\items\lccc-3627.html","READY","Would update."
"D:\github\ron-english-light-cult-3001-4000\items\lccc-3628.html","READY","Would update."
"D:\github\ron-english-light-cult-3001-4000\items\lccc-3629.html","READY","Would update."
"D:\github\ron-english-light-cult-3001-4000\items\lccc-3630.html","READY","Would update."
"D:\github\ron-english-light-cult-3001-4000\items\lccc-3631.html","READY","Would update."
"D:\github\ron-english-light-cult-3001-4000\items\lccc-3632.html","READY","Would update."
"D:\github\ron-english-light-cult-3001-4000\items\lccc-3633.html","READY","Would update."
"D:\github\ron-english-light-cult-3001-4000\items\lccc-3635.html","READY","Would update."
"D:\github\ron-english-light-cult-3001-4000\items\lccc-3636.html","READY","Would update."
"D:\github\ron-english-light-cult-3001-4000\items\lccc-3637.html","READY","Would update."
"D:\github\ron-english-light-cult-3001-4000\items\lccc-3638.html","READY","Would update."
"D:\github\ron-english-light-cult-3001-4000\items\lccc-3640.html","READY","Would update."
"D:\github\ron-english-light-cult-3001-4000\items\lccc-3641.html","READY","Would update."
"D:\github\ron-english-light-cult-3001-4000\items\lccc-3642.html","READY","Would update."
"D:\github\ron-english-light-cult-3001-4000\items\lccc-3643.html","READY","Would update."
"D:\github\ron-english-light-cult-3001-4000\items\lccc-3644.html","READY","Would update."
"D:\github\ron-english-light-cult-3001-4000\items\lccc-3645.html","READY","Would update."
"D:\github\ron-english-light-cult-3001-4000\items\lccc-3646.html","READY","Would update."
"D:\github\ron-english-light-cult-3001-4000\items\lccc-3647.html","READY","Would update."
"D:\github\ron-english-light-cult-3001-4000\items\lccc-3648.html","READY","Would update."
"D:\github\ron-english-light-cult-3001-4000\items\lccc-3650.html","READY","Would update."
"D:\github\ron-english-light-cult-3001-4000\items\lccc-3651.html","READY","Would update."
"D:\github\ron-english-light-cult-3001-4000\items\lccc-3652.html","READY","Would update."
"D:\github\ron-english-light-cult-3001-4000\items\lccc-3653.html","READY","Would update."
"D:\github\ron-english-light-cult-3001-4000\items\lccc-3654.html","READY","Would update."
"D:\github\ron-english-light-cult-3001-4000\items\lccc-3655.html","READY","Would update."
"D:\github\ron-english-light-cult-3001-4000\items\lccc-3656.html","READY","Would update."
"D:\github\ron-english-light-cult-3001-4000\items\lccc-3657.html","READY","Would update."
"D:\github\ron-english-light-cult-3001-4000\items\lccc-3658.html","READY","Would update."
"D:\github\ron-english-light-cult-3001-4000\items\lccc-3659.html","READY","Would update."
"D:\github\ron-english-light-cult-3001-4000\items\lccc-3660.html","READY","Would update."
"D:\github\ron-english-light-cult-3001-4000\items\lccc-3661.html","READY","Would update."
"D:\github\ron-english-light-cult-3001-4000\items\lccc-3662.html","READY","Would update."
"D:\github\ron-english-light-cult-3001-4000\items\lccc-3663.html","READY","Would update."
"D:\github\ron-english-light-cult-3001-4000\items\lccc-3664.html","READY","Would update."
"D:\github\ron-english-light-cult-3001-4000\items\lccc-3665.html","READY","Would update."
"D:\github\ron-english-light-cult-3001-4000\items\lccc-3666.html","READY","Would update."
"D:\github\ron-english-light-cult-3001-4000\items\lccc-3667.html","READY","Would update."
"D:\github\ron-english-light-cult-3001-4000\items\lccc-3668.html","READY","Would update."
"D:\github\ron-english-light-cult-3001-4000\items\lccc-3669.html","READY","Would update."
"D:\github\ron-english-light-cult-3001-4000\items\lccc-3670.html","READY","Would update."
"D:\github\ron-english-light-cult-3001-4000\items\lccc-3671.html","READY","Would update."
"D:\github\ron-english-light-cult-3001-4000\items\lccc-3672.html","READY","Would update."
"D:\github\ron-english-light-cult-3001-4000\items\lccc-3673.html","READY","Would update."
"D:\github\ron-english-light-cult-3001-4000\items\lccc-3674.html","READY","Would update."
"D:\github\ron-english-light-cult-3001-4000\items\lccc-3675.html","READY","Would update."
"D:\github\ron-english-light-cult-3001-4000\items\lccc-3676.html","READY","Would update."
"D:\github\ron-english-light-cult-3001-4000\items\lccc-3677.html","READY","Would update."
"D:\github\ron-english-light-cult-3001-4000\items\lccc-3678.html","READY","Would update."
"D:\github\ron-english-light-cult-3001-4000\items\lccc-3679.html","READY","Would update."
"D:\github\ron-english-light-cult-3001-4000\items\lccc-3680.html","READY","Would update."
"D:\github\ron-english-light-cult-3001-4000\items\lccc-3681.html","READY","Would update."
"D:\github\ron-english-light-cult-3001-4000\items\lccc-3682.html","READY","Would update."
"D:\github\ron-english-light-cult-3001-4000\items\lccc-3683.html","READY","Would update."
"D:\github\ron-english-light-cult-3001-4000\items\lccc-3684.html","READY","Would update."
"D:\github\ron-english-light-cult-3001-4000\items\lccc-3686.html","READY","Would update."
"D:\github\ron-english-light-cult-3001-4000\items\lccc-3687.html","READY","Would update."
"D:\github\ron-english-light-cult-3001-4000\items\lccc-3689.html","READY","Would update."
"D:\github\ron-english-light-cult-3001-4000\items\lccc-3690.html","READY","Would update."
"D:\github\ron-english-light-cult-3001-4000\items\lccc-3691.html","READY","Would update."
"D:\github\ron-english-light-cult-3001-4000\items\lccc-3692.html","READY","Would update."
"D:\github\ron-english-light-cult-3001-4000\items\lccc-3694.html","READY","Would update."
"D:\github\ron-english-light-cult-3001-4000\items\lccc-3695.html","READY","Would update."
"D:\github\ron-english-light-cult-3001-4000\items\lccc-3696.html","READY","Would update."
"D:\github\ron-english-light-cult-3001-4000\items\lccc-3697.html","READY","Would update."
"D:\github\ron-english-light-cult-3001-4000\items\lccc-3698.html","READY","Would update."
"D:\github\ron-english-light-cult-3001-4000\items\lccc-3700.html","READY","Would update."
"D:\github\ron-english-light-cult-3001-4000\items\lccc-3701.html","READY","Would update."
"D:\github\ron-english-light-cult-3001-4000\items\lccc-3702.html","READY","Would update."
"D:\github\ron-english-light-cult-3001-4000\items\lccc-3703.html","READY","Would update."
"D:\github\ron-english-light-cult-3001-4000\items\lccc-3704.html","READY","Would update."
"D:\github\ron-english-light-cult-3001-4000\items\lccc-3705.html","READY","Would update."
"D:\github\ron-english-light-cult-3001-4000\items\lccc-3706.html","READY","Would update."
"D:\github\ron-english-light-cult-3001-4000\items\lccc-3707.html","READY","Would update."
"D:\github\ron-english-light-cult-3001-4000\items\lccc-3708.html","READY","Would update."
"D:\github\ron-english-light-cult-3001-4000\items\lccc-3709.html","READY","Would update."
"D:\github\ron-english-light-cult-3001-4000\items\lccc-3710.html","READY","Would update."
"D:\github\ron-english-light-cult-3001-4000\items\lccc-3711.html","READY","Would update."
"D:\github\ron-english-light-cult-3001-4000\items\lccc-3712.html","READY","Would update."
"D:\github\ron-english-light-cult-3001-4000\items\lccc-3713.html","READY","Would update."
"D:\github\ron-english-light-cult-3001-4000\items\lccc-3714.html","READY","Would update."
"D:\github\ron-english-light-cult-3001-4000\items\lccc-3715.html","READY","Would update."
"D:\github\ron-english-light-cult-3001-4000\items\lccc-3716.html","READY","Would update."
"D:\github\ron-english-light-cult-3001-4000\items\lccc-3717.html","READY","Would update."
"D:\github\ron-english-light-cult-3001-4000\items\lccc-3718.html","READY","Would update."
"D:\github\ron-english-light-cult-3001-4000\items\lccc-3719.html","READY","Would update."
"D:\github\ron-english-light-cult-3001-4000\items\lccc-3720.html","READY","Would update."
"D:\github\ron-english-light-cult-3001-4000\items\lccc-3721.html","READY","Would update."
"D:\github\ron-english-light-cult-3001-4000\items\lccc-3722.html","READY","Would update."
"D:\github\ron-english-light-cult-3001-4000\items\lccc-3723.html","READY","Would update."
"D:\github\ron-english-light-cult-3001-4000\items\lccc-3724.html","READY","Would update."
"D:\github\ron-english-light-cult-3001-4000\items\lccc-3725.html","READY","Would update."
"D:\github\ron-english-light-cult-3001-4000\items\lccc-3726.html","READY","Would update."
"D:\github\ron-english-light-cult-3001-4000\items\lccc-3727.html","READY","Would update."
"D:\github\ron-english-light-cult-3001-4000\items\lccc-3728.html","READY","Would update."
"D:\github\ron-english-light-cult-3001-4000\items\lccc-3730.html","READY","Would update."
"D:\github\ron-english-light-cult-3001-4000\items\lccc-3731.html","READY","Would update."
"D:\github\ron-english-light-cult-3001-4000\items\lccc-3732.html","READY","Would update."
"D:\github\ron-english-light-cult-3001-4000\items\lccc-3734.html","READY","Would update."
"D:\github\ron-english-light-cult-3001-4000\items\lccc-3735.html","READY","Would update."
"D:\github\ron-english-light-cult-3001-4000\items\lccc-3736.html","READY","Would update."
"D:\github\ron-english-light-cult-3001-4000\items\lccc-3737.html","READY","Would update."
"D:\github\ron-english-light-cult-3001-4000\items\lccc-3738.html","READY","Would update."
"D:\github\ron-english-light-cult-3001-4000\items\lccc-3739.html","READY","Would update."
"D:\github\ron-english-light-cult-3001-4000\items\lccc-3740.html","READY","Would update."
"D:\github\ron-english-light-cult-3001-4000\items\lccc-3741.html","READY","Would update."
"D:\github\ron-english-light-cult-3001-4000\items\lccc-3742.html","READY","Would update."
"D:\github\ron-english-light-cult-3001-4000\items\lccc-3743.html","READY","Would update."
"D:\github\ron-english-light-cult-3001-4000\items\lccc-3744.html","READY","Would update."
"D:\github\ron-english-light-cult-3001-4000\items\lccc-3746.html","READY","Would update."
"D:\github\ron-english-light-cult-3001-4000\items\lccc-3747.html","READY","Would update."
"D:\github\ron-english-light-cult-3001-4000\items\lccc-3748.html","READY","Would update."
"D:\github\ron-english-light-cult-3001-4000\items\lccc-3749.html","READY","Would update."
"D:\github\ron-english-light-cult-3001-4000\items\lccc-3750.html","READY","Would update."
"D:\github\ron-english-light-cult-3001-4000\items\lccc-3751.html","READY","Would update."
"D:\github\ron-english-light-cult-3001-4000\items\lccc-3752.html","READY","Would update."
"D:\github\ron-english-light-cult-3001-4000\items\lccc-3754.html","READY","Would update."
"D:\github\ron-english-light-cult-3001-4000\items\lccc-3755.html","READY","Would update."
"D:\github\ron-english-light-cult-3001-4000\items\lccc-3757.html","READY","Would update."
"D:\github\ron-english-light-cult-3001-4000\items\lccc-3758.html","READY","Would update."
"D:\github\ron-english-light-cult-3001-4000\items\lccc-3759.html","READY","Would update."
"D:\github\ron-english-light-cult-3001-4000\items\lccc-3760.html","READY","Would update."
"D:\github\ron-english-light-cult-3001-4000\items\lccc-3761.html","READY","Would update."
"D:\github\ron-english-light-cult-3001-4000\items\lccc-3762.html","READY","Would update."
"D:\github\ron-english-light-cult-3001-4000\items\lccc-3763.html","READY","Would update."
"D:\github\ron-english-light-cult-3001-4000\items\lccc-3764.html","READY","Would update."
"D:\github\ron-english-light-cult-3001-4000\items\lccc-3765.html","READY","Would update."
"D:\github\ron-english-light-cult-3001-4000\items\lccc-3766.html","READY","Would update."
"D:\github\ron-english-light-cult-3001-4000\items\lccc-3767.html","READY","Would update."
"D:\github\ron-english-light-cult-3001-4000\items\lccc-3770.html","READY","Would update."
"D:\github\ron-english-light-cult-3001-4000\items\lccc-3771.html","READY","Would update."
"D:\github\ron-english-light-cult-3001-4000\items\lccc-3772.html","READY","Would update."
"D:\github\ron-english-light-cult-3001-4000\items\lccc-3773.html","READY","Would update."
"D:\github\ron-english-light-cult-3001-4000\items\lccc-3774.html","READY","Would update."
"D:\github\ron-english-light-cult-3001-4000\items\lccc-3775.html","READY","Would update."
"D:\github\ron-english-light-cult-3001-4000\items\lccc-3776.html","READY","Would update."
"D:\github\ron-english-light-cult-3001-4000\items\lccc-3778.html","READY","Would update."
"D:\github\ron-english-light-cult-3001-4000\items\lccc-3780.html","READY","Would update."
"D:\github\ron-english-light-cult-3001-4000\items\lccc-3781.html","READY","Would update."
"D:\github\ron-english-light-cult-3001-4000\items\lccc-3782.html","READY","Would update."
"D:\github\ron-english-light-cult-3001-4000\items\lccc-3783.html","READY","Would update."
"D:\github\ron-english-light-cult-3001-4000\items\lccc-3784.html","READY","Would update."
"D:\github\ron-english-light-cult-3001-4000\items\lccc-3785.html","READY","Would update."
"D:\github\ron-english-light-cult-3001-4000\items\lccc-3786.html","READY","Would update."
"D:\github\ron-english-light-cult-3001-4000\items\lccc-3787.html","READY","Would update."
"D:\github\ron-english-light-cult-3001-4000\items\lccc-3788.html","READY","Would update."
"D:\github\ron-english-light-cult-3001-4000\items\lccc-3789.html","READY","Would update."
"D:\github\ron-english-light-cult-3001-4000\items\lccc-3790.html","READY","Would update."
"D:\github\ron-english-light-cult-3001-4000\items\lccc-3792.html","READY","Would update."
"D:\github\ron-english-light-cult-3001-4000\items\lccc-3793.html","READY","Would update."
"D:\github\ron-english-light-cult-3001-4000\items\lccc-3794.html","READY","Would update."
"D:\github\ron-english-light-cult-3001-4000\items\lccc-3795.html","READY","Would update."
"D:\github\ron-english-light-cult-3001-4000\items\lccc-3797.html","READY","Would update."
"D:\github\ron-english-light-cult-3001-4000\items\lccc-3798.html","READY","Would update."
"D:\github\ron-english-light-cult-3001-4000\items\lccc-3799.html","READY","Would update."
"D:\github\ron-english-light-cult-3001-4000\items\lccc-3800.html","READY","Would update."
"D:\github\ron-english-light-cult-3001-4000\items\lccc-3801.html","READY","Would update."
"D:\github\ron-english-light-cult-3001-4000\items\lccc-3802.html","READY","Would update."
"D:\github\ron-english-light-cult-3001-4000\items\lccc-3803.html","READY","Would update."
"D:\github\ron-english-light-cult-3001-4000\items\lccc-3804.html","READY","Would update."
"D:\github\ron-english-light-cult-3001-4000\items\lccc-3805.html","READY","Would update."
"D:\github\ron-english-light-cult-3001-4000\items\lccc-3806.html","READY","Would update."
"D:\github\ron-english-light-cult-3001-4000\items\lccc-3807.html","READY","Would update."
"D:\github\ron-english-light-cult-3001-4000\items\lccc-3808.html","READY","Would update."
"D:\github\ron-english-light-cult-3001-4000\items\lccc-3809.html","READY","Would update."
"D:\github\ron-english-light-cult-3001-4000\items\lccc-3810.html","READY","Would update."
"D:\github\ron-english-light-cult-3001-4000\items\lccc-3811.html","READY","Would update."
"D:\github\ron-english-light-cult-3001-4000\items\lccc-3812.html","READY","Would update."
"D:\github\ron-english-light-cult-3001-4000\items\lccc-3813.html","READY","Would update."
"D:\github\ron-english-light-cult-3001-4000\items\lccc-3814.html","READY","Would update."
"D:\github\ron-english-light-cult-3001-4000\items\lccc-3815.html","READY","Would update."
"D:\github\ron-english-light-cult-3001-4000\items\lccc-3816.html","READY","Would update."
"D:\github\ron-english-light-cult-3001-4000\items\lccc-3817.html","READY","Would update."
"D:\github\ron-english-light-cult-3001-4000\items\lccc-3818.html","READY","Would update."
"D:\github\ron-english-light-cult-3001-4000\items\lccc-3819.html","READY","Would update."
"D:\github\ron-english-light-cult-3001-4000\items\lccc-3821.html","READY","Would update."
"D:\github\ron-english-light-cult-3001-4000\items\lccc-3822.html","READY","Would update."
"D:\github\ron-english-light-cult-3001-4000\items\lccc-3823.html","READY","Would update."
"D:\github\ron-english-light-cult-3001-4000\items\lccc-3824.html","READY","Would update."
"D:\github\ron-english-light-cult-3001-4000\items\lccc-3826.html","READY","Would update."
"D:\github\ron-english-light-cult-3001-4000\items\lccc-3827.html","READY","Would update."
"D:\github\ron-english-light-cult-3001-4000\items\lccc-3828.html","READY","Would update."
"D:\github\ron-english-light-cult-3001-4000\items\lccc-3829.html","READY","Would update."
"D:\github\ron-english-light-cult-3001-4000\items\lccc-3830.html","READY","Would update."
"D:\github\ron-english-light-cult-3001-4000\items\lccc-3831.html","READY","Would update."
"D:\github\ron-english-light-cult-3001-4000\items\lccc-3832.html","READY","Would update."
"D:\github\ron-english-light-cult-3001-4000\items\lccc-3833.html","READY","Would update."
"D:\github\ron-english-light-cult-3001-4000\items\lccc-3834.html","READY","Would update."
"D:\github\ron-english-light-cult-3001-4000\items\lccc-3836.html","READY","Would update."
"D:\github\ron-english-light-cult-3001-4000\items\lccc-3837.html","READY","Would update."
"D:\github\ron-english-light-cult-3001-4000\items\lccc-3838.html","READY","Would update."
"D:\github\ron-english-light-cult-3001-4000\items\lccc-3839.html","READY","Would update."
"D:\github\ron-english-light-cult-3001-4000\items\lccc-3840.html","READY","Would update."
"D:\github\ron-english-light-cult-3001-4000\items\lccc-3841.html","READY","Would update."
"D:\github\ron-english-light-cult-3001-4000\items\lccc-3842.html","READY","Would update."
"D:\github\ron-english-light-cult-3001-4000\items\lccc-3843.html","READY","Would update."
"D:\github\ron-english-light-cult-3001-4000\items\lccc-3844.html","READY","Would update."
"D:\github\ron-english-light-cult-3001-4000\items\lccc-3845.html","READY","Would update."
"D:\github\ron-english-light-cult-3001-4000\items\lccc-3846.html","READY","Would update."
"D:\github\ron-english-light-cult-3001-4000\items\lccc-3847.html","READY","Would update."
"D:\github\ron-english-light-cult-3001-4000\items\lccc-3848.html","READY","Would update."
"D:\github\ron-english-light-cult-3001-4000\items\lccc-3849.html","READY","Would update."
"D:\github\ron-english-light-cult-3001-4000\items\lccc-3850.html","READY","Would update."
"D:\github\ron-english-light-cult-3001-4000\items\lccc-3851.html","READY","Would update."
"D:\github\ron-english-light-cult-3001-4000\items\lccc-3852.html","READY","Would update."
"D:\github\ron-english-light-cult-3001-4000\items\lccc-3853.html","READY","Would update."
"D:\github\ron-english-light-cult-3001-4000\items\lccc-3854.html","READY","Would update."
"D:\github\ron-english-light-cult-3001-4000\items\lccc-3855.html","READY","Would update."
"D:\github\ron-english-light-cult-3001-4000\items\lccc-3856.html","READY","Would update."
"D:\github\ron-english-light-cult-3001-4000\items\lccc-3857.html","READY","Would update."
"D:\github\ron-english-light-cult-3001-4000\items\lccc-3858.html","READY","Would update."
"D:\github\ron-english-light-cult-3001-4000\items\lccc-3859.html","READY","Would update."
"D:\github\ron-english-light-cult-3001-4000\items\lccc-3860.html","READY","Would update."
"D:\github\ron-english-light-cult-3001-4000\items\lccc-3861.html","READY","Would update."
"D:\github\ron-english-light-cult-3001-4000\items\lccc-3862.html","READY","Would update."
"D:\github\ron-english-light-cult-3001-4000\items\lccc-3863.html","READY","Would update."
"D:\github\ron-english-light-cult-3001-4000\items\lccc-3864.html","READY","Would update."
"D:\github\ron-english-light-cult-3001-4000\items\lccc-3865.html","READY","Would update."
"D:\github\ron-english-light-cult-3001-4000\items\lccc-3866.html","READY","Would update."
"D:\github\ron-english-light-cult-3001-4000\items\lccc-3867.html","READY","Would update."
"D:\github\ron-english-light-cult-3001-4000\items\lccc-3868.html","READY","Would update."
"D:\github\ron-english-light-cult-3001-4000\items\lccc-3869.html","READY","Would update."
"D:\github\ron-english-light-cult-3001-4000\items\lccc-3870.html","READY","Would update."
"D:\github\ron-english-light-cult-3001-4000\items\lccc-3871.html","READY","Would update."
"D:\github\ron-english-light-cult-3001-4000\items\lccc-3872.html","READY","Would update."
"D:\github\ron-english-light-cult-3001-4000\items\lccc-3873.html","READY","Would update."
"D:\github\ron-english-light-cult-3001-4000\items\lccc-3874.html","READY","Would update."
"D:\github\ron-english-light-cult-3001-4000\items\lccc-3876.html","READY","Would update."
"D:\github\ron-english-light-cult-3001-4000\items\lccc-3878.html","READY","Would update."
"D:\github\ron-english-light-cult-3001-4000\items\lccc-3879.html","READY","Would update."
"D:\github\ron-english-light-cult-3001-4000\items\lccc-3880.html","READY","Would update."
"D:\github\ron-english-light-cult-3001-4000\items\lccc-3881.html","READY","Would update."
"D:\github\ron-english-light-cult-3001-4000\items\lccc-3882.html","READY","Would update."
"D:\github\ron-english-light-cult-3001-4000\items\lccc-3883.html","READY","Would update."
"D:\github\ron-english-light-cult-3001-4000\items\lccc-3884.html","READY","Would update."
"D:\github\ron-english-light-cult-3001-4000\items\lccc-3885.html","READY","Would update."
"D:\github\ron-english-light-cult-3001-4000\items\lccc-3886.html","READY","Would update."
"D:\github\ron-english-light-cult-3001-4000\items\lccc-3887.html","READY","Would update."
"D:\github\ron-english-light-cult-3001-4000\items\lccc-3888.html","READY","Would update."
"D:\github\ron-english-light-cult-3001-4000\items\lccc-3889.html","READY","Would update."
"D:\github\ron-english-light-cult-3001-4000\items\lccc-3890.html","READY","Would update."
"D:\github\ron-english-light-cult-3001-4000\items\lccc-3891.html","READY","Would update."
"D:\github\ron-english-light-cult-3001-4000\items\lccc-3892.html","READY","Would update."
"D:\github\ron-english-light-cult-3001-4000\items\lccc-3893.html","READY","Would update."
"D:\github\ron-english-light-cult-3001-4000\items\lccc-3894.html","READY","Would update."
"D:\github\ron-english-light-cult-3001-4000\items\lccc-3895.html","READY","Would update."
"D:\github\ron-english-light-cult-3001-4000\items\lccc-3896.html","READY","Would update."
"D:\github\ron-english-light-cult-3001-4000\items\lccc-3897.html","READY","Would update."
"D:\github\ron-english-light-cult-3001-4000\items\lccc-3898.html","READY","Would update."
"D:\github\ron-english-light-cult-3001-4000\items\lccc-3899.html","READY","Would update."
"D:\github\ron-english-light-cult-3001-4000\items\lccc-3901.html","READY","Would update."
"D:\github\ron-english-light-cult-3001-4000\items\lccc-3902.html","READY","Would update."
"D:\github\ron-english-light-cult-3001-4000\items\lccc-3903.html","READY","Would update."
"D:\github\ron-english-light-cult-3001-4000\items\lccc-3904.html","READY","Would update."
"D:\github\ron-english-light-cult-3001-4000\items\lccc-3905.html","READY","Would update."
"D:\github\ron-english-light-cult-3001-4000\items\lccc-3906.html","READY","Would update."
"D:\github\ron-english-light-cult-3001-4000\items\lccc-3908.html","READY","Would update."
"D:\github\ron-english-light-cult-3001-4000\items\lccc-3909.html","READY","Would update."
"D:\github\ron-english-light-cult-3001-4000\items\lccc-3910.html","READY","Would update."
"D:\github\ron-english-light-cult-3001-4000\items\lccc-3911.html","READY","Would update."
"D:\github\ron-english-light-cult-3001-4000\items\lccc-3912.html","READY","Would update."
"D:\github\ron-english-light-cult-3001-4000\items\lccc-3913.html","READY","Would update."
"D:\github\ron-english-light-cult-3001-4000\items\lccc-3914.html","READY","Would update."
"D:\github\ron-english-light-cult-3001-4000\items\lccc-3915.html","READY","Would update."
"D:\github\ron-english-light-cult-3001-4000\items\lccc-3916.html","READY","Would update."
"D:\github\ron-english-light-cult-3001-4000\items\lccc-3917.html","READY","Would update."
"D:\github\ron-english-light-cult-3001-4000\items\lccc-3918.html","READY","Would update."
"D:\github\ron-english-light-cult-3001-4000\items\lccc-3921.html","READY","Would update."
"D:\github\ron-english-light-cult-3001-4000\items\lccc-3922.html","READY","Would update."
"D:\github\ron-english-light-cult-3001-4000\items\lccc-3923.html","READY","Would update."
"D:\github\ron-english-light-cult-3001-4000\items\lccc-3924.html","READY","Would update."
"D:\github\ron-english-light-cult-3001-4000\items\lccc-3926.html","READY","Would update."
"D:\github\ron-english-light-cult-3001-4000\items\lccc-3927.html","READY","Would update."
"D:\github\ron-english-light-cult-3001-4000\items\lccc-3928.html","READY","Would update."
"D:\github\ron-english-light-cult-3001-4000\items\lccc-3929.html","READY","Would update."
"D:\github\ron-english-light-cult-3001-4000\items\lccc-3930.html","READY","Would update."
"D:\github\ron-english-light-cult-3001-4000\items\lccc-3931.html","READY","Would update."
"D:\github\ron-english-light-cult-3001-4000\items\lccc-3932.html","READY","Would update."
"D:\github\ron-english-light-cult-3001-4000\items\lccc-3934.html","READY","Would update."
"D:\github\ron-english-light-cult-3001-4000\items\lccc-3935.html","READY","Would update."
"D:\github\ron-english-light-cult-3001-4000\items\lccc-3936.html","READY","Would update."
"D:\github\ron-english-light-cult-3001-4000\items\lccc-3937.html","READY","Would update."
"D:\github\ron-english-light-cult-3001-4000\items\lccc-3938.html","READY","Would update."
"D:\github\ron-english-light-cult-3001-4000\items\lccc-3939.html","READY","Would update."
"D:\github\ron-english-light-cult-3001-4000\items\lccc-3940.html","READY","Would update."
"D:\github\ron-english-light-cult-3001-4000\items\lccc-3941.html","READY","Would update."
"D:\github\ron-english-light-cult-3001-4000\items\lccc-3942.html","READY","Would update."
"D:\github\ron-english-light-cult-3001-4000\items\lccc-3944.html","READY","Would update."
"D:\github\ron-english-light-cult-3001-4000\items\lccc-3945.html","READY","Would update."
"D:\github\ron-english-light-cult-3001-4000\items\lccc-3946.html","READY","Would update."
"D:\github\ron-english-light-cult-3001-4000\items\lccc-3947.html","READY","Would update."
"D:\github\ron-english-light-cult-3001-4000\items\lccc-3948.html","READY","Would update."
"D:\github\ron-english-light-cult-3001-4000\items\lccc-3951.html","READY","Would update."
"D:\github\ron-english-light-cult-3001-4000\items\lccc-3953.html","READY","Would update."
"D:\github\ron-english-light-cult-3001-4000\items\lccc-3954.html","READY","Would update."
"D:\github\ron-english-light-cult-3001-4000\items\lccc-3955.html","READY","Would update."
"D:\github\ron-english-light-cult-3001-4000\items\lccc-3956.html","READY","Would update."
"D:\github\ron-english-light-cult-3001-4000\items\lccc-3957.html","READY","Would update."
"D:\github\ron-english-light-cult-3001-4000\items\lccc-3958.html","READY","Would update."
"D:\github\ron-english-light-cult-3001-4000\items\lccc-3959.html","READY","Would update."
"D:\github\ron-english-light-cult-3001-4000\items\lccc-3960.html","READY","Would update."
"D:\github\ron-english-light-cult-3001-4000\items\lccc-3961.html","READY","Would update."
"D:\github\ron-english-light-cult-3001-4000\items\lccc-3962.html","READY","Would update."
"D:\github\ron-english-light-cult-3001-4000\items\lccc-3963.html","READY","Would update."
"D:\github\ron-english-light-cult-3001-4000\items\lccc-3964.html","READY","Would update."
"D:\github\ron-english-light-cult-3001-4000\items\lccc-3965.html","READY","Would update."
"D:\github\ron-english-light-cult-3001-4000\items\lccc-3967.html","READY","Would update."
"D:\github\ron-english-light-cult-3001-4000\items\lccc-3968.html","READY","Would update."
"D:\github\ron-english-light-cult-3001-4000\items\lccc-3969.html","READY","Would update."
"D:\github\ron-english-light-cult-3001-4000\items\lccc-3970.html","READY","Would update."
"D:\github\ron-english-light-cult-3001-4000\items\lccc-3971.html","READY","Would update."
"D:\github\ron-english-light-cult-3001-4000\items\lccc-3972.html","READY","Would update."
"D:\github\ron-english-light-cult-3001-4000\items\lccc-3973.html","READY","Would update."
"D:\github\ron-english-light-cult-3001-4000\items\lccc-3974.html","READY","Would update."
"D:\github\ron-english-light-cult-3001-4000\items\lccc-3975.html","READY","Would update."
"D:\github\ron-english-light-cult-3001-4000\items\lccc-3976.html","READY","Would update."
"D:\github\ron-english-light-cult-3001-4000\items\lccc-3977.html","READY","Would update."
"D:\github\ron-english-light-cult-3001-4000\items\lccc-3978.html","READY","Would update."
"D:\github\ron-english-light-cult-3001-4000\items\lccc-3979.html","READY","Would update."
"D:\github\ron-english-light-cult-3001-4000\items\lccc-3980.html","READY","Would update."
"D:\github\ron-english-light-cult-3001-4000\items\lccc-3981.html","READY","Would update."
"D:\github\ron-english-light-cult-3001-4000\items\lccc-3982.html","READY","Would update."
"D:\github\ron-english-light-cult-3001-4000\items\lccc-3983.html","READY","Would update."
"D:\github\ron-english-light-cult-3001-4000\items\lccc-3984.html","READY","Would update."
"D:\github\ron-english-light-cult-3001-4000\items\lccc-3985.html","READY","Would update."
"D:\github\ron-english-light-cult-3001-4000\items\lccc-3986.html","READY","Would update."
"D:\github\ron-english-light-cult-3001-4000\items\lccc-3987.html","READY","Would update."
"D:\github\ron-english-light-cult-3001-4000\items\lccc-3988.html","READY","Would update."
"D:\github\ron-english-light-cult-3001-4000\items\lccc-3989.html","READY","Would update."
"D:\github\ron-english-light-cult-3001-4000\items\lccc-3990.html","READY","Would update."
"D:\github\ron-english-light-cult-3001-4000\items\lccc-3991.html","READY","Would update."
"D:\github\ron-english-light-cult-3001-4000\items\lccc-3992.html","READY","Would update."
"D:\github\ron-english-light-cult-3001-4000\items\lccc-3993.html","READY","Would update."
"D:\github\ron-english-light-cult-3001-4000\items\lccc-3994.html","READY","Would update."
"D:\github\ron-english-light-cult-3001-4000\items\lccc-3996.html","READY","Would update."
"D:\github\ron-english-light-cult-3001-4000\items\lccc-3997.html","READY","Would update."
"D:\github\ron-english-light-cult-3001-4000\items\lccc-3998.html","READY","Would update."
"D:\github\ron-english-light-cult-3001-4000\items\lccc-3999.html","READY","Would update."
"D:\github\ron-english-light-cult-3001-4000\items\lccc-4000.html","READY","Would update."
"D:\github\ron-english-light-cult-4001-5000\index.html","SKIP","No changes needed."
"D:\github\ron-english-light-cult-4001-5000\gallery-4001-4100.html","READY","Would update."
"D:\github\ron-english-light-cult-4001-5000\gallery-4101-4200.html","READY","Would update."
"D:\github\ron-english-light-cult-4001-5000\gallery-4201-4300.html","READY","Would update."
"D:\github\ron-english-light-cult-4001-5000\gallery-4301-4400.html","READY","Would update."
"D:\github\ron-english-light-cult-4001-5000\gallery-4401-4500.html","READY","Would update."
"D:\github\ron-english-light-cult-4001-5000\gallery-4501-4600.html","READY","Would update."
"D:\github\ron-english-light-cult-4001-5000\gallery-4601-4700.html","READY","Would update."
"D:\github\ron-english-light-cult-4001-5000\gallery-4701-4800.html","READY","Would update."
"D:\github\ron-english-light-cult-4001-5000\gallery-4801-4900.html","READY","Would update."
"D:\github\ron-english-light-cult-4001-5000\gallery-4901-5000.html","READY","Would update."
"D:\github\ron-english-light-cult-4001-5000\items\lccc-4002.html","READY","Would update."
"D:\github\ron-english-light-cult-4001-5000\items\lccc-4003.html","READY","Would update."
"D:\github\ron-english-light-cult-4001-5000\items\lccc-4004.html","READY","Would update."
"D:\github\ron-english-light-cult-4001-5000\items\lccc-4006.html","READY","Would update."
"D:\github\ron-english-light-cult-4001-5000\items\lccc-4007.html","READY","Would update."
"D:\github\ron-english-light-cult-4001-5000\items\lccc-4008.html","READY","Would update."
"D:\github\ron-english-light-cult-4001-5000\items\lccc-4009.html","READY","Would update."
"D:\github\ron-english-light-cult-4001-5000\items\lccc-4010.html","READY","Would update."
"D:\github\ron-english-light-cult-4001-5000\items\lccc-4011.html","READY","Would update."
"D:\github\ron-english-light-cult-4001-5000\items\lccc-4012.html","READY","Would update."
"D:\github\ron-english-light-cult-4001-5000\items\lccc-4013.html","READY","Would update."
"D:\github\ron-english-light-cult-4001-5000\items\lccc-4014.html","READY","Would update."
"D:\github\ron-english-light-cult-4001-5000\items\lccc-4016.html","READY","Would update."
"D:\github\ron-english-light-cult-4001-5000\items\lccc-4017.html","READY","Would update."
"D:\github\ron-english-light-cult-4001-5000\items\lccc-4019.html","READY","Would update."
"D:\github\ron-english-light-cult-4001-5000\items\lccc-4020.html","READY","Would update."
"D:\github\ron-english-light-cult-4001-5000\items\lccc-4021.html","READY","Would update."
"D:\github\ron-english-light-cult-4001-5000\items\lccc-4022.html","READY","Would update."
"D:\github\ron-english-light-cult-4001-5000\items\lccc-4023.html","READY","Would update."
"D:\github\ron-english-light-cult-4001-5000\items\lccc-4024.html","READY","Would update."
"D:\github\ron-english-light-cult-4001-5000\items\lccc-4025.html","READY","Would update."
"D:\github\ron-english-light-cult-4001-5000\items\lccc-4026.html","READY","Would update."
"D:\github\ron-english-light-cult-4001-5000\items\lccc-4027.html","READY","Would update."
"D:\github\ron-english-light-cult-4001-5000\items\lccc-4029.html","READY","Would update."
"D:\github\ron-english-light-cult-4001-5000\items\lccc-4030.html","READY","Would update."
"D:\github\ron-english-light-cult-4001-5000\items\lccc-4031.html","READY","Would update."
"D:\github\ron-english-light-cult-4001-5000\items\lccc-4034.html","READY","Would update."
"D:\github\ron-english-light-cult-4001-5000\items\lccc-4035.html","READY","Would update."
"D:\github\ron-english-light-cult-4001-5000\items\lccc-4036.html","READY","Would update."
"D:\github\ron-english-light-cult-4001-5000\items\lccc-4037.html","READY","Would update."
"D:\github\ron-english-light-cult-4001-5000\items\lccc-4038.html","READY","Would update."
"D:\github\ron-english-light-cult-4001-5000\items\lccc-4039.html","READY","Would update."
"D:\github\ron-english-light-cult-4001-5000\items\lccc-4040.html","READY","Would update."
"D:\github\ron-english-light-cult-4001-5000\items\lccc-4041.html","READY","Would update."
"D:\github\ron-english-light-cult-4001-5000\items\lccc-4042.html","READY","Would update."
"D:\github\ron-english-light-cult-4001-5000\items\lccc-4044.html","READY","Would update."
"D:\github\ron-english-light-cult-4001-5000\items\lccc-4045.html","READY","Would update."
"D:\github\ron-english-light-cult-4001-5000\items\lccc-4046.html","READY","Would update."
"D:\github\ron-english-light-cult-4001-5000\items\lccc-4047.html","READY","Would update."
"D:\github\ron-english-light-cult-4001-5000\items\lccc-4048.html","READY","Would update."
"D:\github\ron-english-light-cult-4001-5000\items\lccc-4049.html","READY","Would update."
"D:\github\ron-english-light-cult-4001-5000\items\lccc-4050.html","READY","Would update."
"D:\github\ron-english-light-cult-4001-5000\items\lccc-4051.html","READY","Would update."
"D:\github\ron-english-light-cult-4001-5000\items\lccc-4052.html","READY","Would update."
"D:\github\ron-english-light-cult-4001-5000\items\lccc-4053.html","READY","Would update."
"D:\github\ron-english-light-cult-4001-5000\items\lccc-4055.html","READY","Would update."
"D:\github\ron-english-light-cult-4001-5000\items\lccc-4056.html","READY","Would update."
"D:\github\ron-english-light-cult-4001-5000\items\lccc-4057.html","READY","Would update."
"D:\github\ron-english-light-cult-4001-5000\items\lccc-4058.html","READY","Would update."
"D:\github\ron-english-light-cult-4001-5000\items\lccc-4060.html","READY","Would update."
"D:\github\ron-english-light-cult-4001-5000\items\lccc-4061.html","READY","Would update."
"D:\github\ron-english-light-cult-4001-5000\items\lccc-4062.html","READY","Would update."
"D:\github\ron-english-light-cult-4001-5000\items\lccc-4063.html","READY","Would update."
"D:\github\ron-english-light-cult-4001-5000\items\lccc-4064.html","READY","Would update."
"D:\github\ron-english-light-cult-4001-5000\items\lccc-4065.html","READY","Would update."
"D:\github\ron-english-light-cult-4001-5000\items\lccc-4066.html","READY","Would update."
"D:\github\ron-english-light-cult-4001-5000\items\lccc-4067.html","READY","Would update."
"D:\github\ron-english-light-cult-4001-5000\items\lccc-4068.html","READY","Would update."
"D:\github\ron-english-light-cult-4001-5000\items\lccc-4069.html","READY","Would update."
"D:\github\ron-english-light-cult-4001-5000\items\lccc-4070.html","READY","Would update."
"D:\github\ron-english-light-cult-4001-5000\items\lccc-4073.html","READY","Would update."
"D:\github\ron-english-light-cult-4001-5000\items\lccc-4074.html","READY","Would update."
"D:\github\ron-english-light-cult-4001-5000\items\lccc-4075.html","READY","Would update."
"D:\github\ron-english-light-cult-4001-5000\items\lccc-4076.html","READY","Would update."
"D:\github\ron-english-light-cult-4001-5000\items\lccc-4077.html","READY","Would update."
"D:\github\ron-english-light-cult-4001-5000\items\lccc-4078.html","READY","Would update."
"D:\github\ron-english-light-cult-4001-5000\items\lccc-4079.html","READY","Would update."
"D:\github\ron-english-light-cult-4001-5000\items\lccc-4080.html","READY","Would update."
"D:\github\ron-english-light-cult-4001-5000\items\lccc-4081.html","READY","Would update."
"D:\github\ron-english-light-cult-4001-5000\items\lccc-4082.html","READY","Would update."
"D:\github\ron-english-light-cult-4001-5000\items\lccc-4083.html","READY","Would update."
"D:\github\ron-english-light-cult-4001-5000\items\lccc-4084.html","READY","Would update."
"D:\github\ron-english-light-cult-4001-5000\items\lccc-4085.html","READY","Would update."
"D:\github\ron-english-light-cult-4001-5000\items\lccc-4086.html","READY","Would update."
"D:\github\ron-english-light-cult-4001-5000\items\lccc-4087.html","READY","Would update."
"D:\github\ron-english-light-cult-4001-5000\items\lccc-4088.html","READY","Would update."
"D:\github\ron-english-light-cult-4001-5000\items\lccc-4089.html","READY","Would update."
"D:\github\ron-english-light-cult-4001-5000\items\lccc-4090.html","READY","Would update."
"D:\github\ron-english-light-cult-4001-5000\items\lccc-4091.html","READY","Would update."
"D:\github\ron-english-light-cult-4001-5000\items\lccc-4092.html","READY","Would update."
"D:\github\ron-english-light-cult-4001-5000\items\lccc-4093.html","READY","Would update."
"D:\github\ron-english-light-cult-4001-5000\items\lccc-4094.html","READY","Would update."
"D:\github\ron-english-light-cult-4001-5000\items\lccc-4095.html","READY","Would update."
"D:\github\ron-english-light-cult-4001-5000\items\lccc-4096.html","READY","Would update."
"D:\github\ron-english-light-cult-4001-5000\items\lccc-4098.html","READY","Would update."
"D:\github\ron-english-light-cult-4001-5000\items\lccc-4099.html","READY","Would update."
"D:\github\ron-english-light-cult-4001-5000\items\lccc-4100.html","READY","Would update."
"D:\github\ron-english-light-cult-4001-5000\items\lccc-4101.html","READY","Would update."
"D:\github\ron-english-light-cult-4001-5000\items\lccc-4102.html","READY","Would update."
"D:\github\ron-english-light-cult-4001-5000\items\lccc-4105.html","READY","Would update."
"D:\github\ron-english-light-cult-4001-5000\items\lccc-4106.html","READY","Would update."
"D:\github\ron-english-light-cult-4001-5000\items\lccc-4107.html","READY","Would update."
"D:\github\ron-english-light-cult-4001-5000\items\lccc-4108.html","READY","Would update."
"D:\github\ron-english-light-cult-4001-5000\items\lccc-4109.html","READY","Would update."
"D:\github\ron-english-light-cult-4001-5000\items\lccc-4110.html","READY","Would update."
"D:\github\ron-english-light-cult-4001-5000\items\lccc-4111.html","READY","Would update."
"D:\github\ron-english-light-cult-4001-5000\items\lccc-4113.html","READY","Would update."
"D:\github\ron-english-light-cult-4001-5000\items\lccc-4114.html","READY","Would update."
"D:\github\ron-english-light-cult-4001-5000\items\lccc-4115.html","READY","Would update."
"D:\github\ron-english-light-cult-4001-5000\items\lccc-4116.html","READY","Would update."
"D:\github\ron-english-light-cult-4001-5000\items\lccc-4117.html","READY","Would update."
"D:\github\ron-english-light-cult-4001-5000\items\lccc-4118.html","READY","Would update."
"D:\github\ron-english-light-cult-4001-5000\items\lccc-4119.html","READY","Would update."
"D:\github\ron-english-light-cult-4001-5000\items\lccc-4120.html","READY","Would update."
"D:\github\ron-english-light-cult-4001-5000\items\lccc-4121.html","READY","Would update."
"D:\github\ron-english-light-cult-4001-5000\items\lccc-4123.html","READY","Would update."
"D:\github\ron-english-light-cult-4001-5000\items\lccc-4125.html","READY","Would update."
"D:\github\ron-english-light-cult-4001-5000\items\lccc-4126.html","READY","Would update."
"D:\github\ron-english-light-cult-4001-5000\items\lccc-4127.html","READY","Would update."
"D:\github\ron-english-light-cult-4001-5000\items\lccc-4128.html","READY","Would update."
"D:\github\ron-english-light-cult-4001-5000\items\lccc-4129.html","READY","Would update."
"D:\github\ron-english-light-cult-4001-5000\items\lccc-4130.html","READY","Would update."
"D:\github\ron-english-light-cult-4001-5000\items\lccc-4131.html","READY","Would update."
"D:\github\ron-english-light-cult-4001-5000\items\lccc-4133.html","READY","Would update."
"D:\github\ron-english-light-cult-4001-5000\items\lccc-4134.html","READY","Would update."
"D:\github\ron-english-light-cult-4001-5000\items\lccc-4136.html","READY","Would update."
"D:\github\ron-english-light-cult-4001-5000\items\lccc-4137.html","READY","Would update."
"D:\github\ron-english-light-cult-4001-5000\items\lccc-4138.html","READY","Would update."
"D:\github\ron-english-light-cult-4001-5000\items\lccc-4139.html","READY","Would update."
"D:\github\ron-english-light-cult-4001-5000\items\lccc-4140.html","READY","Would update."
"D:\github\ron-english-light-cult-4001-5000\items\lccc-4141.html","READY","Would update."
"D:\github\ron-english-light-cult-4001-5000\items\lccc-4142.html","READY","Would update."
"D:\github\ron-english-light-cult-4001-5000\items\lccc-4144.html","READY","Would update."
"D:\github\ron-english-light-cult-4001-5000\items\lccc-4145.html","READY","Would update."
"D:\github\ron-english-light-cult-4001-5000\items\lccc-4146.html","READY","Would update."
"D:\github\ron-english-light-cult-4001-5000\items\lccc-4147.html","READY","Would update."
"D:\github\ron-english-light-cult-4001-5000\items\lccc-4148.html","READY","Would update."
"D:\github\ron-english-light-cult-4001-5000\items\lccc-4149.html","READY","Would update."
"D:\github\ron-english-light-cult-4001-5000\items\lccc-4150.html","READY","Would update."
"D:\github\ron-english-light-cult-4001-5000\items\lccc-4151.html","READY","Would update."
"D:\github\ron-english-light-cult-4001-5000\items\lccc-4152.html","READY","Would update."
"D:\github\ron-english-light-cult-4001-5000\items\lccc-4154.html","READY","Would update."
"D:\github\ron-english-light-cult-4001-5000\items\lccc-4156.html","READY","Would update."
"D:\github\ron-english-light-cult-4001-5000\items\lccc-4158.html","READY","Would update."
"D:\github\ron-english-light-cult-4001-5000\items\lccc-4159.html","READY","Would update."
"D:\github\ron-english-light-cult-4001-5000\items\lccc-4160.html","READY","Would update."
"D:\github\ron-english-light-cult-4001-5000\items\lccc-4161.html","READY","Would update."
"D:\github\ron-english-light-cult-4001-5000\items\lccc-4162.html","READY","Would update."
"D:\github\ron-english-light-cult-4001-5000\items\lccc-4163.html","READY","Would update."
"D:\github\ron-english-light-cult-4001-5000\items\lccc-4164.html","READY","Would update."
"D:\github\ron-english-light-cult-4001-5000\items\lccc-4165.html","READY","Would update."
"D:\github\ron-english-light-cult-4001-5000\items\lccc-4166.html","READY","Would update."
"D:\github\ron-english-light-cult-4001-5000\items\lccc-4167.html","READY","Would update."
"D:\github\ron-english-light-cult-4001-5000\items\lccc-4168.html","READY","Would update."
"D:\github\ron-english-light-cult-4001-5000\items\lccc-4169.html","READY","Would update."
"D:\github\ron-english-light-cult-4001-5000\items\lccc-4170.html","READY","Would update."
"D:\github\ron-english-light-cult-4001-5000\items\lccc-4171.html","READY","Would update."
"D:\github\ron-english-light-cult-4001-5000\items\lccc-4172.html","READY","Would update."
"D:\github\ron-english-light-cult-4001-5000\items\lccc-4173.html","READY","Would update."
"D:\github\ron-english-light-cult-4001-5000\items\lccc-4174.html","READY","Would update."
"D:\github\ron-english-light-cult-4001-5000\items\lccc-4175.html","READY","Would update."
"D:\github\ron-english-light-cult-4001-5000\items\lccc-4176.html","READY","Would update."
"D:\github\ron-english-light-cult-4001-5000\items\lccc-4177.html","READY","Would update."
"D:\github\ron-english-light-cult-4001-5000\items\lccc-4178.html","READY","Would update."
"D:\github\ron-english-light-cult-4001-5000\items\lccc-4179.html","READY","Would update."
"D:\github\ron-english-light-cult-4001-5000\items\lccc-4180.html","READY","Would update."
"D:\github\ron-english-light-cult-4001-5000\items\lccc-4181.html","READY","Would update."
"D:\github\ron-english-light-cult-4001-5000\items\lccc-4182.html","READY","Would update."
"D:\github\ron-english-light-cult-4001-5000\items\lccc-4183.html","READY","Would update."
"D:\github\ron-english-light-cult-4001-5000\items\lccc-4184.html","READY","Would update."
"D:\github\ron-english-light-cult-4001-5000\items\lccc-4185.html","READY","Would update."
"D:\github\ron-english-light-cult-4001-5000\items\lccc-4186.html","READY","Would update."
"D:\github\ron-english-light-cult-4001-5000\items\lccc-4187.html","READY","Would update."
"D:\github\ron-english-light-cult-4001-5000\items\lccc-4188.html","READY","Would update."
"D:\github\ron-english-light-cult-4001-5000\items\lccc-4189.html","READY","Would update."
"D:\github\ron-english-light-cult-4001-5000\items\lccc-4190.html","READY","Would update."
"D:\github\ron-english-light-cult-4001-5000\items\lccc-4191.html","READY","Would update."
"D:\github\ron-english-light-cult-4001-5000\items\lccc-4192.html","READY","Would update."
"D:\github\ron-english-light-cult-4001-5000\items\lccc-4194.html","READY","Would update."
"D:\github\ron-english-light-cult-4001-5000\items\lccc-4195.html","READY","Would update."
"D:\github\ron-english-light-cult-4001-5000\items\lccc-4196.html","READY","Would update."
"D:\github\ron-english-light-cult-4001-5000\items\lccc-4197.html","READY","Would update."
"D:\github\ron-english-light-cult-4001-5000\items\lccc-4198.html","READY","Would update."
"D:\github\ron-english-light-cult-4001-5000\items\lccc-4199.html","READY","Would update."
"D:\github\ron-english-light-cult-4001-5000\items\lccc-4201.html","READY","Would update."
"D:\github\ron-english-light-cult-4001-5000\items\lccc-4202.html","READY","Would update."
"D:\github\ron-english-light-cult-4001-5000\items\lccc-4203.html","READY","Would update."
"D:\github\ron-english-light-cult-4001-5000\items\lccc-4204.html","READY","Would update."
"D:\github\ron-english-light-cult-4001-5000\items\lccc-4205.html","READY","Would update."
"D:\github\ron-english-light-cult-4001-5000\items\lccc-4206.html","READY","Would update."
"D:\github\ron-english-light-cult-4001-5000\items\lccc-4207.html","READY","Would update."
"D:\github\ron-english-light-cult-4001-5000\items\lccc-4208.html","READY","Would update."
"D:\github\ron-english-light-cult-4001-5000\items\lccc-4209.html","READY","Would update."
"D:\github\ron-english-light-cult-4001-5000\items\lccc-4210.html","READY","Would update."
"D:\github\ron-english-light-cult-4001-5000\items\lccc-4212.html","READY","Would update."
"D:\github\ron-english-light-cult-4001-5000\items\lccc-4213.html","READY","Would update."
"D:\github\ron-english-light-cult-4001-5000\items\lccc-4214.html","READY","Would update."
"D:\github\ron-english-light-cult-4001-5000\items\lccc-4215.html","READY","Would update."
"D:\github\ron-english-light-cult-4001-5000\items\lccc-4217.html","READY","Would update."
"D:\github\ron-english-light-cult-4001-5000\items\lccc-4218.html","READY","Would update."
"D:\github\ron-english-light-cult-4001-5000\items\lccc-4219.html","READY","Would update."
"D:\github\ron-english-light-cult-4001-5000\items\lccc-4220.html","READY","Would update."
"D:\github\ron-english-light-cult-4001-5000\items\lccc-4221.html","READY","Would update."
"D:\github\ron-english-light-cult-4001-5000\items\lccc-4222.html","READY","Would update."
"D:\github\ron-english-light-cult-4001-5000\items\lccc-4223.html","READY","Would update."
"D:\github\ron-english-light-cult-4001-5000\items\lccc-4224.html","READY","Would update."
"D:\github\ron-english-light-cult-4001-5000\items\lccc-4225.html","READY","Would update."
"D:\github\ron-english-light-cult-4001-5000\items\lccc-4226.html","READY","Would update."
"D:\github\ron-english-light-cult-4001-5000\items\lccc-4227.html","READY","Would update."
"D:\github\ron-english-light-cult-4001-5000\items\lccc-4228.html","READY","Would update."
"D:\github\ron-english-light-cult-4001-5000\items\lccc-4230.html","READY","Would update."
"D:\github\ron-english-light-cult-4001-5000\items\lccc-4231.html","READY","Would update."
"D:\github\ron-english-light-cult-4001-5000\items\lccc-4233.html","READY","Would update."
"D:\github\ron-english-light-cult-4001-5000\items\lccc-4234.html","READY","Would update."
"D:\github\ron-english-light-cult-4001-5000\items\lccc-4235.html","READY","Would update."
"D:\github\ron-english-light-cult-4001-5000\items\lccc-4237.html","READY","Would update."
"D:\github\ron-english-light-cult-4001-5000\items\lccc-4238.html","READY","Would update."
"D:\github\ron-english-light-cult-4001-5000\items\lccc-4239.html","READY","Would update."
"D:\github\ron-english-light-cult-4001-5000\items\lccc-4240.html","READY","Would update."
"D:\github\ron-english-light-cult-4001-5000\items\lccc-4241.html","READY","Would update."
"D:\github\ron-english-light-cult-4001-5000\items\lccc-4242.html","READY","Would update."
"D:\github\ron-english-light-cult-4001-5000\items\lccc-4243.html","READY","Would update."
"D:\github\ron-english-light-cult-4001-5000\items\lccc-4244.html","READY","Would update."
"D:\github\ron-english-light-cult-4001-5000\items\lccc-4245.html","READY","Would update."
"D:\github\ron-english-light-cult-4001-5000\items\lccc-4246.html","READY","Would update."
"D:\github\ron-english-light-cult-4001-5000\items\lccc-4247.html","READY","Would update."
"D:\github\ron-english-light-cult-4001-5000\items\lccc-4249.html","READY","Would update."
"D:\github\ron-english-light-cult-4001-5000\items\lccc-4250.html","READY","Would update."
"D:\github\ron-english-light-cult-4001-5000\items\lccc-4251.html","READY","Would update."
"D:\github\ron-english-light-cult-4001-5000\items\lccc-4252.html","READY","Would update."
"D:\github\ron-english-light-cult-4001-5000\items\lccc-4253.html","READY","Would update."
"D:\github\ron-english-light-cult-4001-5000\items\lccc-4254.html","READY","Would update."
"D:\github\ron-english-light-cult-4001-5000\items\lccc-4255.html","READY","Would update."
"D:\github\ron-english-light-cult-4001-5000\items\lccc-4256.html","READY","Would update."
"D:\github\ron-english-light-cult-4001-5000\items\lccc-4257.html","READY","Would update."
"D:\github\ron-english-light-cult-4001-5000\items\lccc-4258.html","READY","Would update."
"D:\github\ron-english-light-cult-4001-5000\items\lccc-4259.html","READY","Would update."
"D:\github\ron-english-light-cult-4001-5000\items\lccc-4260.html","READY","Would update."
"D:\github\ron-english-light-cult-4001-5000\items\lccc-4261.html","READY","Would update."
"D:\github\ron-english-light-cult-4001-5000\items\lccc-4262.html","READY","Would update."
"D:\github\ron-english-light-cult-4001-5000\items\lccc-4263.html","READY","Would update."
"D:\github\ron-english-light-cult-4001-5000\items\lccc-4264.html","READY","Would update."
"D:\github\ron-english-light-cult-4001-5000\items\lccc-4265.html","READY","Would update."
"D:\github\ron-english-light-cult-4001-5000\items\lccc-4266.html","READY","Would update."
"D:\github\ron-english-light-cult-4001-5000\items\lccc-4267.html","READY","Would update."
"D:\github\ron-english-light-cult-4001-5000\items\lccc-4268.html","READY","Would update."
"D:\github\ron-english-light-cult-4001-5000\items\lccc-4269.html","READY","Would update."
"D:\github\ron-english-light-cult-4001-5000\items\lccc-4270.html","READY","Would update."
"D:\github\ron-english-light-cult-4001-5000\items\lccc-4271.html","READY","Would update."
"D:\github\ron-english-light-cult-4001-5000\items\lccc-4273.html","READY","Would update."
"D:\github\ron-english-light-cult-4001-5000\items\lccc-4274.html","READY","Would update."
"D:\github\ron-english-light-cult-4001-5000\items\lccc-4275.html","READY","Would update."
"D:\github\ron-english-light-cult-4001-5000\items\lccc-4276.html","READY","Would update."
"D:\github\ron-english-light-cult-4001-5000\items\lccc-4277.html","READY","Would update."
"D:\github\ron-english-light-cult-4001-5000\items\lccc-4278.html","READY","Would update."
"D:\github\ron-english-light-cult-4001-5000\items\lccc-4279.html","READY","Would update."
"D:\github\ron-english-light-cult-4001-5000\items\lccc-4280.html","READY","Would update."
"D:\github\ron-english-light-cult-4001-5000\items\lccc-4281.html","READY","Would update."
"D:\github\ron-english-light-cult-4001-5000\items\lccc-4282.html","READY","Would update."
"D:\github\ron-english-light-cult-4001-5000\items\lccc-4283.html","READY","Would update."
"D:\github\ron-english-light-cult-4001-5000\items\lccc-4284.html","READY","Would update."
"D:\github\ron-english-light-cult-4001-5000\items\lccc-4287.html","READY","Would update."
"D:\github\ron-english-light-cult-4001-5000\items\lccc-4288.html","READY","Would update."
"D:\github\ron-english-light-cult-4001-5000\items\lccc-4289.html","READY","Would update."
"D:\github\ron-english-light-cult-4001-5000\items\lccc-4291.html","READY","Would update."
"D:\github\ron-english-light-cult-4001-5000\items\lccc-4292.html","READY","Would update."
"D:\github\ron-english-light-cult-4001-5000\items\lccc-4293.html","READY","Would update."
"D:\github\ron-english-light-cult-4001-5000\items\lccc-4294.html","READY","Would update."
"D:\github\ron-english-light-cult-4001-5000\items\lccc-4295.html","READY","Would update."
"D:\github\ron-english-light-cult-4001-5000\items\lccc-4296.html","READY","Would update."
"D:\github\ron-english-light-cult-4001-5000\items\lccc-4297.html","READY","Would update."
"D:\github\ron-english-light-cult-4001-5000\items\lccc-4298.html","READY","Would update."
"D:\github\ron-english-light-cult-4001-5000\items\lccc-4299.html","READY","Would update."
"D:\github\ron-english-light-cult-4001-5000\items\lccc-4302.html","READY","Would update."
"D:\github\ron-english-light-cult-4001-5000\items\lccc-4303.html","READY","Would update."
"D:\github\ron-english-light-cult-4001-5000\items\lccc-4304.html","READY","Would update."
"D:\github\ron-english-light-cult-4001-5000\items\lccc-4305.html","READY","Would update."
"D:\github\ron-english-light-cult-4001-5000\items\lccc-4306.html","READY","Would update."
"D:\github\ron-english-light-cult-4001-5000\items\lccc-4307.html","READY","Would update."
"D:\github\ron-english-light-cult-4001-5000\items\lccc-4308.html","READY","Would update."
"D:\github\ron-english-light-cult-4001-5000\items\lccc-4309.html","READY","Would update."
"D:\github\ron-english-light-cult-4001-5000\items\lccc-4310.html","READY","Would update."
"D:\github\ron-english-light-cult-4001-5000\items\lccc-4311.html","READY","Would update."
"D:\github\ron-english-light-cult-4001-5000\items\lccc-4312.html","READY","Would update."
"D:\github\ron-english-light-cult-4001-5000\items\lccc-4313.html","READY","Would update."
"D:\github\ron-english-light-cult-4001-5000\items\lccc-4315.html","READY","Would update."
"D:\github\ron-english-light-cult-4001-5000\items\lccc-4316.html","READY","Would update."
"D:\github\ron-english-light-cult-4001-5000\items\lccc-4317.html","READY","Would update."
"D:\github\ron-english-light-cult-4001-5000\items\lccc-4318.html","READY","Would update."
"D:\github\ron-english-light-cult-4001-5000\items\lccc-4319.html","READY","Would update."
"D:\github\ron-english-light-cult-4001-5000\items\lccc-4320.html","READY","Would update."
"D:\github\ron-english-light-cult-4001-5000\items\lccc-4321.html","READY","Would update."
"D:\github\ron-english-light-cult-4001-5000\items\lccc-4322.html","READY","Would update."
"D:\github\ron-english-light-cult-4001-5000\items\lccc-4323.html","READY","Would update."
"D:\github\ron-english-light-cult-4001-5000\items\lccc-4324.html","READY","Would update."
"D:\github\ron-english-light-cult-4001-5000\items\lccc-4325.html","READY","Would update."
"D:\github\ron-english-light-cult-4001-5000\items\lccc-4327.html","READY","Would update."
"D:\github\ron-english-light-cult-4001-5000\items\lccc-4328.html","READY","Would update."
"D:\github\ron-english-light-cult-4001-5000\items\lccc-4329.html","READY","Would update."
"D:\github\ron-english-light-cult-4001-5000\items\lccc-4330.html","READY","Would update."
"D:\github\ron-english-light-cult-4001-5000\items\lccc-4331.html","READY","Would update."
"D:\github\ron-english-light-cult-4001-5000\items\lccc-4333.html","READY","Would update."
"D:\github\ron-english-light-cult-4001-5000\items\lccc-4334.html","READY","Would update."
"D:\github\ron-english-light-cult-4001-5000\items\lccc-4335.html","READY","Would update."
"D:\github\ron-english-light-cult-4001-5000\items\lccc-4336.html","READY","Would update."
"D:\github\ron-english-light-cult-4001-5000\items\lccc-4337.html","READY","Would update."
"D:\github\ron-english-light-cult-4001-5000\items\lccc-4338.html","READY","Would update."
"D:\github\ron-english-light-cult-4001-5000\items\lccc-4340.html","READY","Would update."
"D:\github\ron-english-light-cult-4001-5000\items\lccc-4341.html","READY","Would update."
"D:\github\ron-english-light-cult-4001-5000\items\lccc-4342.html","READY","Would update."
"D:\github\ron-english-light-cult-4001-5000\items\lccc-4343.html","READY","Would update."
"D:\github\ron-english-light-cult-4001-5000\items\lccc-4344.html","READY","Would update."
"D:\github\ron-english-light-cult-4001-5000\items\lccc-4345.html","READY","Would update."
"D:\github\ron-english-light-cult-4001-5000\items\lccc-4346.html","READY","Would update."
"D:\github\ron-english-light-cult-4001-5000\items\lccc-4347.html","READY","Would update."
"D:\github\ron-english-light-cult-4001-5000\items\lccc-4348.html","READY","Would update."
"D:\github\ron-english-light-cult-4001-5000\items\lccc-4349.html","READY","Would update."
"D:\github\ron-english-light-cult-4001-5000\items\lccc-4350.html","READY","Would update."
"D:\github\ron-english-light-cult-4001-5000\items\lccc-4351.html","READY","Would update."
"D:\github\ron-english-light-cult-4001-5000\items\lccc-4352.html","READY","Would update."
"D:\github\ron-english-light-cult-4001-5000\items\lccc-4354.html","READY","Would update."
"D:\github\ron-english-light-cult-4001-5000\items\lccc-4355.html","READY","Would update."
"D:\github\ron-english-light-cult-4001-5000\items\lccc-4356.html","READY","Would update."
"D:\github\ron-english-light-cult-4001-5000\items\lccc-4357.html","READY","Would update."
"D:\github\ron-english-light-cult-4001-5000\items\lccc-4358.html","READY","Would update."
"D:\github\ron-english-light-cult-4001-5000\items\lccc-4360.html","READY","Would update."
"D:\github\ron-english-light-cult-4001-5000\items\lccc-4361.html","READY","Would update."
"D:\github\ron-english-light-cult-4001-5000\items\lccc-4362.html","READY","Would update."
"D:\github\ron-english-light-cult-4001-5000\items\lccc-4363.html","READY","Would update."
"D:\github\ron-english-light-cult-4001-5000\items\lccc-4365.html","READY","Would update."
"D:\github\ron-english-light-cult-4001-5000\items\lccc-4366.html","READY","Would update."
"D:\github\ron-english-light-cult-4001-5000\items\lccc-4367.html","READY","Would update."
"D:\github\ron-english-light-cult-4001-5000\items\lccc-4368.html","READY","Would update."
"D:\github\ron-english-light-cult-4001-5000\items\lccc-4369.html","READY","Would update."
"D:\github\ron-english-light-cult-4001-5000\items\lccc-4370.html","READY","Would update."
"D:\github\ron-english-light-cult-4001-5000\items\lccc-4371.html","READY","Would update."
"D:\github\ron-english-light-cult-4001-5000\items\lccc-4372.html","READY","Would update."
"D:\github\ron-english-light-cult-4001-5000\items\lccc-4373.html","READY","Would update."
"D:\github\ron-english-light-cult-4001-5000\items\lccc-4374.html","READY","Would update."
"D:\github\ron-english-light-cult-4001-5000\items\lccc-4375.html","READY","Would update."
"D:\github\ron-english-light-cult-4001-5000\items\lccc-4376.html","READY","Would update."
"D:\github\ron-english-light-cult-4001-5000\items\lccc-4377.html","READY","Would update."
"D:\github\ron-english-light-cult-4001-5000\items\lccc-4378.html","READY","Would update."
"D:\github\ron-english-light-cult-4001-5000\items\lccc-4379.html","READY","Would update."
"D:\github\ron-english-light-cult-4001-5000\items\lccc-4380.html","READY","Would update."
"D:\github\ron-english-light-cult-4001-5000\items\lccc-4381.html","READY","Would update."
"D:\github\ron-english-light-cult-4001-5000\items\lccc-4382.html","READY","Would update."
"D:\github\ron-english-light-cult-4001-5000\items\lccc-4383.html","READY","Would update."
"D:\github\ron-english-light-cult-4001-5000\items\lccc-4384.html","READY","Would update."
"D:\github\ron-english-light-cult-4001-5000\items\lccc-4385.html","READY","Would update."
"D:\github\ron-english-light-cult-4001-5000\items\lccc-4386.html","READY","Would update."
"D:\github\ron-english-light-cult-4001-5000\items\lccc-4387.html","READY","Would update."
"D:\github\ron-english-light-cult-4001-5000\items\lccc-4388.html","READY","Would update."
"D:\github\ron-english-light-cult-4001-5000\items\lccc-4390.html","READY","Would update."
"D:\github\ron-english-light-cult-4001-5000\items\lccc-4391.html","READY","Would update."
"D:\github\ron-english-light-cult-4001-5000\items\lccc-4393.html","READY","Would update."
"D:\github\ron-english-light-cult-4001-5000\items\lccc-4394.html","READY","Would update."
"D:\github\ron-english-light-cult-4001-5000\items\lccc-4395.html","READY","Would update."
"D:\github\ron-english-light-cult-4001-5000\items\lccc-4396.html","READY","Would update."
"D:\github\ron-english-light-cult-4001-5000\items\lccc-4397.html","READY","Would update."
"D:\github\ron-english-light-cult-4001-5000\items\lccc-4398.html","READY","Would update."
"D:\github\ron-english-light-cult-4001-5000\items\lccc-4399.html","READY","Would update."
"D:\github\ron-english-light-cult-4001-5000\items\lccc-4400.html","READY","Would update."
"D:\github\ron-english-light-cult-4001-5000\items\lccc-4401.html","READY","Would update."
"D:\github\ron-english-light-cult-4001-5000\items\lccc-4402.html","READY","Would update."
"D:\github\ron-english-light-cult-4001-5000\items\lccc-4403.html","READY","Would update."
"D:\github\ron-english-light-cult-4001-5000\items\lccc-4404.html","READY","Would update."
"D:\github\ron-english-light-cult-4001-5000\items\lccc-4405.html","READY","Would update."
"D:\github\ron-english-light-cult-4001-5000\items\lccc-4406.html","READY","Would update."
"D:\github\ron-english-light-cult-4001-5000\items\lccc-4407.html","READY","Would update."
"D:\github\ron-english-light-cult-4001-5000\items\lccc-4408.html","READY","Would update."
"D:\github\ron-english-light-cult-4001-5000\items\lccc-4409.html","READY","Would update."
"D:\github\ron-english-light-cult-4001-5000\items\lccc-4410.html","READY","Would update."
"D:\github\ron-english-light-cult-4001-5000\items\lccc-4411.html","READY","Would update."
"D:\github\ron-english-light-cult-4001-5000\items\lccc-4412.html","READY","Would update."
"D:\github\ron-english-light-cult-4001-5000\items\lccc-4414.html","READY","Would update."
"D:\github\ron-english-light-cult-4001-5000\items\lccc-4415.html","READY","Would update."
"D:\github\ron-english-light-cult-4001-5000\items\lccc-4417.html","READY","Would update."
"D:\github\ron-english-light-cult-4001-5000\items\lccc-4418.html","READY","Would update."
"D:\github\ron-english-light-cult-4001-5000\items\lccc-4419.html","READY","Would update."
"D:\github\ron-english-light-cult-4001-5000\items\lccc-4420.html","READY","Would update."
"D:\github\ron-english-light-cult-4001-5000\items\lccc-4421.html","READY","Would update."
"D:\github\ron-english-light-cult-4001-5000\items\lccc-4422.html","READY","Would update."
"D:\github\ron-english-light-cult-4001-5000\items\lccc-4423.html","READY","Would update."
"D:\github\ron-english-light-cult-4001-5000\items\lccc-4424.html","READY","Would update."
"D:\github\ron-english-light-cult-4001-5000\items\lccc-4425.html","READY","Would update."
"D:\github\ron-english-light-cult-4001-5000\items\lccc-4426.html","READY","Would update."
"D:\github\ron-english-light-cult-4001-5000\items\lccc-4427.html","READY","Would update."
"D:\github\ron-english-light-cult-4001-5000\items\lccc-4429.html","READY","Would update."
"D:\github\ron-english-light-cult-4001-5000\items\lccc-4431.html","READY","Would update."
"D:\github\ron-english-light-cult-4001-5000\items\lccc-4432.html","READY","Would update."
"D:\github\ron-english-light-cult-4001-5000\items\lccc-4433.html","READY","Would update."
"D:\github\ron-english-light-cult-4001-5000\items\lccc-4434.html","READY","Would update."
"D:\github\ron-english-light-cult-4001-5000\items\lccc-4436.html","READY","Would update."
"D:\github\ron-english-light-cult-4001-5000\items\lccc-4437.html","READY","Would update."
"D:\github\ron-english-light-cult-4001-5000\items\lccc-4438.html","READY","Would update."
"D:\github\ron-english-light-cult-4001-5000\items\lccc-4439.html","READY","Would update."
"D:\github\ron-english-light-cult-4001-5000\items\lccc-4440.html","READY","Would update."
"D:\github\ron-english-light-cult-4001-5000\items\lccc-4441.html","READY","Would update."
"D:\github\ron-english-light-cult-4001-5000\items\lccc-4442.html","READY","Would update."
"D:\github\ron-english-light-cult-4001-5000\items\lccc-4443.html","READY","Would update."
"D:\github\ron-english-light-cult-4001-5000\items\lccc-4444.html","READY","Would update."
"D:\github\ron-english-light-cult-4001-5000\items\lccc-4445.html","READY","Would update."
"D:\github\ron-english-light-cult-4001-5000\items\lccc-4446.html","READY","Would update."
"D:\github\ron-english-light-cult-4001-5000\items\lccc-4447.html","READY","Would update."
"D:\github\ron-english-light-cult-4001-5000\items\lccc-4450.html","READY","Would update."
"D:\github\ron-english-light-cult-4001-5000\items\lccc-4451.html","READY","Would update."
"D:\github\ron-english-light-cult-4001-5000\items\lccc-4452.html","READY","Would update."
"D:\github\ron-english-light-cult-4001-5000\items\lccc-4453.html","READY","Would update."
"D:\github\ron-english-light-cult-4001-5000\items\lccc-4454.html","READY","Would update."
"D:\github\ron-english-light-cult-4001-5000\items\lccc-4456.html","READY","Would update."
"D:\github\ron-english-light-cult-4001-5000\items\lccc-4457.html","READY","Would update."
"D:\github\ron-english-light-cult-4001-5000\items\lccc-4458.html","READY","Would update."
"D:\github\ron-english-light-cult-4001-5000\items\lccc-4459.html","READY","Would update."
"D:\github\ron-english-light-cult-4001-5000\items\lccc-4460.html","READY","Would update."
"D:\github\ron-english-light-cult-4001-5000\items\lccc-4461.html","READY","Would update."
"D:\github\ron-english-light-cult-4001-5000\items\lccc-4462.html","READY","Would update."
"D:\github\ron-english-light-cult-4001-5000\items\lccc-4463.html","READY","Would update."
"D:\github\ron-english-light-cult-4001-5000\items\lccc-4464.html","READY","Would update."
"D:\github\ron-english-light-cult-4001-5000\items\lccc-4465.html","READY","Would update."
"D:\github\ron-english-light-cult-4001-5000\items\lccc-4466.html","READY","Would update."
"D:\github\ron-english-light-cult-4001-5000\items\lccc-4467.html","READY","Would update."
"D:\github\ron-english-light-cult-4001-5000\items\lccc-4468.html","READY","Would update."
"D:\github\ron-english-light-cult-4001-5000\items\lccc-4469.html","READY","Would update."
"D:\github\ron-english-light-cult-4001-5000\items\lccc-4470.html","READY","Would update."
"D:\github\ron-english-light-cult-4001-5000\items\lccc-4471.html","READY","Would update."
"D:\github\ron-english-light-cult-4001-5000\items\lccc-4472.html","READY","Would update."
"D:\github\ron-english-light-cult-4001-5000\items\lccc-4473.html","READY","Would update."
"D:\github\ron-english-light-cult-4001-5000\items\lccc-4475.html","READY","Would update."
"D:\github\ron-english-light-cult-4001-5000\items\lccc-4476.html","READY","Would update."
"D:\github\ron-english-light-cult-4001-5000\items\lccc-4477.html","READY","Would update."
"D:\github\ron-english-light-cult-4001-5000\items\lccc-4478.html","READY","Would update."
"D:\github\ron-english-light-cult-4001-5000\items\lccc-4481.html","READY","Would update."
"D:\github\ron-english-light-cult-4001-5000\items\lccc-4482.html","READY","Would update."
"D:\github\ron-english-light-cult-4001-5000\items\lccc-4483.html","READY","Would update."
"D:\github\ron-english-light-cult-4001-5000\items\lccc-4486.html","READY","Would update."
"D:\github\ron-english-light-cult-4001-5000\items\lccc-4488.html","READY","Would update."
"D:\github\ron-english-light-cult-4001-5000\items\lccc-4490.html","READY","Would update."
"D:\github\ron-english-light-cult-4001-5000\items\lccc-4491.html","READY","Would update."
"D:\github\ron-english-light-cult-4001-5000\items\lccc-4492.html","READY","Would update."
"D:\github\ron-english-light-cult-4001-5000\items\lccc-4493.html","READY","Would update."
"D:\github\ron-english-light-cult-4001-5000\items\lccc-4494.html","READY","Would update."
"D:\github\ron-english-light-cult-4001-5000\items\lccc-4495.html","READY","Would update."
"D:\github\ron-english-light-cult-4001-5000\items\lccc-4496.html","READY","Would update."
"D:\github\ron-english-light-cult-4001-5000\items\lccc-4497.html","READY","Would update."
"D:\github\ron-english-light-cult-4001-5000\items\lccc-4498.html","READY","Would update."
"D:\github\ron-english-light-cult-4001-5000\items\lccc-4501.html","READY","Would update."
"D:\github\ron-english-light-cult-4001-5000\items\lccc-4502.html","READY","Would update."
"D:\github\ron-english-light-cult-4001-5000\items\lccc-4503.html","READY","Would update."
"D:\github\ron-english-light-cult-4001-5000\items\lccc-4504.html","READY","Would update."
"D:\github\ron-english-light-cult-4001-5000\items\lccc-4505.html","READY","Would update."
"D:\github\ron-english-light-cult-4001-5000\items\lccc-4506.html","READY","Would update."
"D:\github\ron-english-light-cult-4001-5000\items\lccc-4507.html","READY","Would update."
"D:\github\ron-english-light-cult-4001-5000\items\lccc-4508.html","READY","Would update."
"D:\github\ron-english-light-cult-4001-5000\items\lccc-4509.html","READY","Would update."
"D:\github\ron-english-light-cult-4001-5000\items\lccc-4510.html","READY","Would update."
"D:\github\ron-english-light-cult-4001-5000\items\lccc-4511.html","READY","Would update."
"D:\github\ron-english-light-cult-4001-5000\items\lccc-4512.html","READY","Would update."
"D:\github\ron-english-light-cult-4001-5000\items\lccc-4514.html","READY","Would update."
"D:\github\ron-english-light-cult-4001-5000\items\lccc-4515.html","READY","Would update."
"D:\github\ron-english-light-cult-4001-5000\items\lccc-4517.html","READY","Would update."
"D:\github\ron-english-light-cult-4001-5000\items\lccc-4519.html","READY","Would update."
"D:\github\ron-english-light-cult-4001-5000\items\lccc-4520.html","READY","Would update."
"D:\github\ron-english-light-cult-4001-5000\items\lccc-4522.html","READY","Would update."
"D:\github\ron-english-light-cult-4001-5000\items\lccc-4523.html","READY","Would update."
"D:\github\ron-english-light-cult-4001-5000\items\lccc-4524.html","READY","Would update."
"D:\github\ron-english-light-cult-4001-5000\items\lccc-4525.html","READY","Would update."
"D:\github\ron-english-light-cult-4001-5000\items\lccc-4527.html","READY","Would update."
"D:\github\ron-english-light-cult-4001-5000\items\lccc-4528.html","READY","Would update."
"D:\github\ron-english-light-cult-4001-5000\items\lccc-4529.html","READY","Would update."
"D:\github\ron-english-light-cult-4001-5000\items\lccc-4530.html","READY","Would update."
"D:\github\ron-english-light-cult-4001-5000\items\lccc-4531.html","READY","Would update."
"D:\github\ron-english-light-cult-4001-5000\items\lccc-4532.html","READY","Would update."
"D:\github\ron-english-light-cult-4001-5000\items\lccc-4533.html","READY","Would update."
"D:\github\ron-english-light-cult-4001-5000\items\lccc-4535.html","READY","Would update."
"D:\github\ron-english-light-cult-4001-5000\items\lccc-4536.html","READY","Would update."
"D:\github\ron-english-light-cult-4001-5000\items\lccc-4537.html","READY","Would update."
"D:\github\ron-english-light-cult-4001-5000\items\lccc-4538.html","READY","Would update."
"D:\github\ron-english-light-cult-4001-5000\items\lccc-4539.html","READY","Would update."
"D:\github\ron-english-light-cult-4001-5000\items\lccc-4540.html","READY","Would update."
"D:\github\ron-english-light-cult-4001-5000\items\lccc-4541.html","READY","Would update."
"D:\github\ron-english-light-cult-4001-5000\items\lccc-4542.html","READY","Would update."
"D:\github\ron-english-light-cult-4001-5000\items\lccc-4543.html","READY","Would update."
"D:\github\ron-english-light-cult-4001-5000\items\lccc-4544.html","READY","Would update."
"D:\github\ron-english-light-cult-4001-5000\items\lccc-4546.html","READY","Would update."
"D:\github\ron-english-light-cult-4001-5000\items\lccc-4547.html","READY","Would update."
"D:\github\ron-english-light-cult-4001-5000\items\lccc-4548.html","READY","Would update."
"D:\github\ron-english-light-cult-4001-5000\items\lccc-4550.html","READY","Would update."
"D:\github\ron-english-light-cult-4001-5000\items\lccc-4552.html","READY","Would update."
"D:\github\ron-english-light-cult-4001-5000\items\lccc-4554.html","READY","Would update."
"D:\github\ron-english-light-cult-4001-5000\items\lccc-4555.html","READY","Would update."
"D:\github\ron-english-light-cult-4001-5000\items\lccc-4556.html","READY","Would update."
"D:\github\ron-english-light-cult-4001-5000\items\lccc-4558.html","READY","Would update."
"D:\github\ron-english-light-cult-4001-5000\items\lccc-4559.html","READY","Would update."
"D:\github\ron-english-light-cult-4001-5000\items\lccc-4560.html","READY","Would update."
"D:\github\ron-english-light-cult-4001-5000\items\lccc-4561.html","READY","Would update."
"D:\github\ron-english-light-cult-4001-5000\items\lccc-4562.html","READY","Would update."
"D:\github\ron-english-light-cult-4001-5000\items\lccc-4563.html","READY","Would update."
"D:\github\ron-english-light-cult-4001-5000\items\lccc-4564.html","READY","Would update."
"D:\github\ron-english-light-cult-4001-5000\items\lccc-4566.html","READY","Would update."
"D:\github\ron-english-light-cult-4001-5000\items\lccc-4567.html","READY","Would update."
"D:\github\ron-english-light-cult-4001-5000\items\lccc-4568.html","READY","Would update."
"D:\github\ron-english-light-cult-4001-5000\items\lccc-4570.html","READY","Would update."
"D:\github\ron-english-light-cult-4001-5000\items\lccc-4571.html","READY","Would update."
"D:\github\ron-english-light-cult-4001-5000\items\lccc-4572.html","READY","Would update."
"D:\github\ron-english-light-cult-4001-5000\items\lccc-4573.html","READY","Would update."
"D:\github\ron-english-light-cult-4001-5000\items\lccc-4574.html","READY","Would update."
"D:\github\ron-english-light-cult-4001-5000\items\lccc-4576.html","READY","Would update."
"D:\github\ron-english-light-cult-4001-5000\items\lccc-4577.html","READY","Would update."
"D:\github\ron-english-light-cult-4001-5000\items\lccc-4578.html","READY","Would update."
"D:\github\ron-english-light-cult-4001-5000\items\lccc-4579.html","READY","Would update."
"D:\github\ron-english-light-cult-4001-5000\items\lccc-4580.html","READY","Would update."
"D:\github\ron-english-light-cult-4001-5000\items\lccc-4581.html","READY","Would update."
"D:\github\ron-english-light-cult-4001-5000\items\lccc-4582.html","READY","Would update."
"D:\github\ron-english-light-cult-4001-5000\items\lccc-4583.html","READY","Would update."
"D:\github\ron-english-light-cult-4001-5000\items\lccc-4584.html","READY","Would update."
"D:\github\ron-english-light-cult-4001-5000\items\lccc-4585.html","READY","Would update."
"D:\github\ron-english-light-cult-4001-5000\items\lccc-4586.html","READY","Would update."
"D:\github\ron-english-light-cult-4001-5000\items\lccc-4587.html","READY","Would update."
"D:\github\ron-english-light-cult-4001-5000\items\lccc-4588.html","READY","Would update."
"D:\github\ron-english-light-cult-4001-5000\items\lccc-4589.html","READY","Would update."
"D:\github\ron-english-light-cult-4001-5000\items\lccc-4590.html","READY","Would update."
"D:\github\ron-english-light-cult-4001-5000\items\lccc-4591.html","READY","Would update."
"D:\github\ron-english-light-cult-4001-5000\items\lccc-4592.html","READY","Would update."
"D:\github\ron-english-light-cult-4001-5000\items\lccc-4593.html","READY","Would update."
"D:\github\ron-english-light-cult-4001-5000\items\lccc-4594.html","READY","Would update."
"D:\github\ron-english-light-cult-4001-5000\items\lccc-4595.html","READY","Would update."
"D:\github\ron-english-light-cult-4001-5000\items\lccc-4596.html","READY","Would update."
"D:\github\ron-english-light-cult-4001-5000\items\lccc-4597.html","READY","Would update."
"D:\github\ron-english-light-cult-4001-5000\items\lccc-4598.html","READY","Would update."
"D:\github\ron-english-light-cult-4001-5000\items\lccc-4599.html","READY","Would update."
"D:\github\ron-english-light-cult-4001-5000\items\lccc-4600.html","READY","Would update."
"D:\github\ron-english-light-cult-4001-5000\items\lccc-4601.html","READY","Would update."
"D:\github\ron-english-light-cult-4001-5000\items\lccc-4602.html","READY","Would update."
"D:\github\ron-english-light-cult-4001-5000\items\lccc-4606.html","READY","Would update."
"D:\github\ron-english-light-cult-4001-5000\items\lccc-4608.html","READY","Would update."
"D:\github\ron-english-light-cult-4001-5000\items\lccc-4609.html","READY","Would update."
"D:\github\ron-english-light-cult-4001-5000\items\lccc-4610.html","READY","Would update."
"D:\github\ron-english-light-cult-4001-5000\items\lccc-4611.html","READY","Would update."
"D:\github\ron-english-light-cult-4001-5000\items\lccc-4612.html","READY","Would update."
"D:\github\ron-english-light-cult-4001-5000\items\lccc-4613.html","READY","Would update."
"D:\github\ron-english-light-cult-4001-5000\items\lccc-4615.html","READY","Would update."
"D:\github\ron-english-light-cult-4001-5000\items\lccc-4617.html","READY","Would update."
"D:\github\ron-english-light-cult-4001-5000\items\lccc-4618.html","READY","Would update."
"D:\github\ron-english-light-cult-4001-5000\items\lccc-4619.html","READY","Would update."
"D:\github\ron-english-light-cult-4001-5000\items\lccc-4620.html","READY","Would update."
"D:\github\ron-english-light-cult-4001-5000\items\lccc-4621.html","READY","Would update."
"D:\github\ron-english-light-cult-4001-5000\items\lccc-4622.html","READY","Would update."
"D:\github\ron-english-light-cult-4001-5000\items\lccc-4623.html","READY","Would update."
"D:\github\ron-english-light-cult-4001-5000\items\lccc-4624.html","READY","Would update."
"D:\github\ron-english-light-cult-4001-5000\items\lccc-4625.html","READY","Would update."
"D:\github\ron-english-light-cult-4001-5000\items\lccc-4626.html","READY","Would update."
"D:\github\ron-english-light-cult-4001-5000\items\lccc-4627.html","READY","Would update."
"D:\github\ron-english-light-cult-4001-5000\items\lccc-4628.html","READY","Would update."
"D:\github\ron-english-light-cult-4001-5000\items\lccc-4629.html","READY","Would update."
"D:\github\ron-english-light-cult-4001-5000\items\lccc-4632.html","READY","Would update."
"D:\github\ron-english-light-cult-4001-5000\items\lccc-4634.html","READY","Would update."
"D:\github\ron-english-light-cult-4001-5000\items\lccc-4635.html","READY","Would update."
"D:\github\ron-english-light-cult-4001-5000\items\lccc-4637.html","READY","Would update."
"D:\github\ron-english-light-cult-4001-5000\items\lccc-4638.html","READY","Would update."
"D:\github\ron-english-light-cult-4001-5000\items\lccc-4639.html","READY","Would update."
"D:\github\ron-english-light-cult-4001-5000\items\lccc-4640.html","READY","Would update."
"D:\github\ron-english-light-cult-4001-5000\items\lccc-4641.html","READY","Would update."
"D:\github\ron-english-light-cult-4001-5000\items\lccc-4642.html","READY","Would update."
"D:\github\ron-english-light-cult-4001-5000\items\lccc-4644.html","READY","Would update."
"D:\github\ron-english-light-cult-4001-5000\items\lccc-4645.html","READY","Would update."
"D:\github\ron-english-light-cult-4001-5000\items\lccc-4646.html","READY","Would update."
"D:\github\ron-english-light-cult-4001-5000\items\lccc-4647.html","READY","Would update."
"D:\github\ron-english-light-cult-4001-5000\items\lccc-4648.html","READY","Would update."
"D:\github\ron-english-light-cult-4001-5000\items\lccc-4649.html","READY","Would update."
"D:\github\ron-english-light-cult-4001-5000\items\lccc-4650.html","READY","Would update."
"D:\github\ron-english-light-cult-4001-5000\items\lccc-4651.html","READY","Would update."
"D:\github\ron-english-light-cult-4001-5000\items\lccc-4652.html","READY","Would update."
"D:\github\ron-english-light-cult-4001-5000\items\lccc-4653.html","READY","Would update."
"D:\github\ron-english-light-cult-4001-5000\items\lccc-4654.html","READY","Would update."
"D:\github\ron-english-light-cult-4001-5000\items\lccc-4655.html","READY","Would update."
"D:\github\ron-english-light-cult-4001-5000\items\lccc-4656.html","READY","Would update."
"D:\github\ron-english-light-cult-4001-5000\items\lccc-4657.html","READY","Would update."
"D:\github\ron-english-light-cult-4001-5000\items\lccc-4658.html","READY","Would update."
"D:\github\ron-english-light-cult-4001-5000\items\lccc-4659.html","READY","Would update."
"D:\github\ron-english-light-cult-4001-5000\items\lccc-4661.html","READY","Would update."
"D:\github\ron-english-light-cult-4001-5000\items\lccc-4663.html","READY","Would update."
"D:\github\ron-english-light-cult-4001-5000\items\lccc-4664.html","READY","Would update."
"D:\github\ron-english-light-cult-4001-5000\items\lccc-4665.html","READY","Would update."
"D:\github\ron-english-light-cult-4001-5000\items\lccc-4666.html","READY","Would update."
"D:\github\ron-english-light-cult-4001-5000\items\lccc-4667.html","READY","Would update."
"D:\github\ron-english-light-cult-4001-5000\items\lccc-4668.html","READY","Would update."
"D:\github\ron-english-light-cult-4001-5000\items\lccc-4669.html","READY","Would update."
"D:\github\ron-english-light-cult-4001-5000\items\lccc-4670.html","READY","Would update."
"D:\github\ron-english-light-cult-4001-5000\items\lccc-4671.html","READY","Would update."
"D:\github\ron-english-light-cult-4001-5000\items\lccc-4673.html","READY","Would update."
"D:\github\ron-english-light-cult-4001-5000\items\lccc-4674.html","READY","Would update."
"D:\github\ron-english-light-cult-4001-5000\items\lccc-4675.html","READY","Would update."
"D:\github\ron-english-light-cult-4001-5000\items\lccc-4676.html","READY","Would update."
"D:\github\ron-english-light-cult-4001-5000\items\lccc-4678.html","READY","Would update."
"D:\github\ron-english-light-cult-4001-5000\items\lccc-4679.html","READY","Would update."
"D:\github\ron-english-light-cult-4001-5000\items\lccc-4680.html","READY","Would update."
"D:\github\ron-english-light-cult-4001-5000\items\lccc-4681.html","READY","Would update."
"D:\github\ron-english-light-cult-4001-5000\items\lccc-4682.html","READY","Would update."
"D:\github\ron-english-light-cult-4001-5000\items\lccc-4683.html","READY","Would update."
"D:\github\ron-english-light-cult-4001-5000\items\lccc-4684.html","READY","Would update."
"D:\github\ron-english-light-cult-4001-5000\items\lccc-4685.html","READY","Would update."
"D:\github\ron-english-light-cult-4001-5000\items\lccc-4687.html","READY","Would update."
"D:\github\ron-english-light-cult-4001-5000\items\lccc-4688.html","READY","Would update."
"D:\github\ron-english-light-cult-4001-5000\items\lccc-4689.html","READY","Would update."
"D:\github\ron-english-light-cult-4001-5000\items\lccc-4691.html","READY","Would update."
"D:\github\ron-english-light-cult-4001-5000\items\lccc-4693.html","READY","Would update."
"D:\github\ron-english-light-cult-4001-5000\items\lccc-4695.html","READY","Would update."
"D:\github\ron-english-light-cult-4001-5000\items\lccc-4696.html","READY","Would update."
"D:\github\ron-english-light-cult-4001-5000\items\lccc-4698.html","READY","Would update."
"D:\github\ron-english-light-cult-4001-5000\items\lccc-4699.html","READY","Would update."
"D:\github\ron-english-light-cult-4001-5000\items\lccc-4700.html","READY","Would update."
"D:\github\ron-english-light-cult-4001-5000\items\lccc-4701.html","READY","Would update."
"D:\github\ron-english-light-cult-4001-5000\items\lccc-4702.html","READY","Would update."
"D:\github\ron-english-light-cult-4001-5000\items\lccc-4703.html","READY","Would update."
"D:\github\ron-english-light-cult-4001-5000\items\lccc-4704.html","READY","Would update."
"D:\github\ron-english-light-cult-4001-5000\items\lccc-4705.html","READY","Would update."
"D:\github\ron-english-light-cult-4001-5000\items\lccc-4706.html","READY","Would update."
"D:\github\ron-english-light-cult-4001-5000\items\lccc-4707.html","READY","Would update."
"D:\github\ron-english-light-cult-4001-5000\items\lccc-4708.html","READY","Would update."
"D:\github\ron-english-light-cult-4001-5000\items\lccc-4709.html","READY","Would update."
"D:\github\ron-english-light-cult-4001-5000\items\lccc-4710.html","READY","Would update."
"D:\github\ron-english-light-cult-4001-5000\items\lccc-4711.html","READY","Would update."
"D:\github\ron-english-light-cult-4001-5000\items\lccc-4712.html","READY","Would update."
"D:\github\ron-english-light-cult-4001-5000\items\lccc-4713.html","READY","Would update."
"D:\github\ron-english-light-cult-4001-5000\items\lccc-4714.html","READY","Would update."
"D:\github\ron-english-light-cult-4001-5000\items\lccc-4715.html","READY","Would update."
"D:\github\ron-english-light-cult-4001-5000\items\lccc-4716.html","READY","Would update."
"D:\github\ron-english-light-cult-4001-5000\items\lccc-4717.html","READY","Would update."
"D:\github\ron-english-light-cult-4001-5000\items\lccc-4719.html","READY","Would update."
"D:\github\ron-english-light-cult-4001-5000\items\lccc-4720.html","READY","Would update."
"D:\github\ron-english-light-cult-4001-5000\items\lccc-4721.html","READY","Would update."
"D:\github\ron-english-light-cult-4001-5000\items\lccc-4722.html","READY","Would update."
"D:\github\ron-english-light-cult-4001-5000\items\lccc-4723.html","READY","Would update."
"D:\github\ron-english-light-cult-4001-5000\items\lccc-4724.html","READY","Would update."
"D:\github\ron-english-light-cult-4001-5000\items\lccc-4725.html","READY","Would update."
"D:\github\ron-english-light-cult-4001-5000\items\lccc-4727.html","READY","Would update."
"D:\github\ron-english-light-cult-4001-5000\items\lccc-4728.html","READY","Would update."
"D:\github\ron-english-light-cult-4001-5000\items\lccc-4729.html","READY","Would update."
"D:\github\ron-english-light-cult-4001-5000\items\lccc-4732.html","READY","Would update."
"D:\github\ron-english-light-cult-4001-5000\items\lccc-4733.html","READY","Would update."
"D:\github\ron-english-light-cult-4001-5000\items\lccc-4734.html","READY","Would update."
"D:\github\ron-english-light-cult-4001-5000\items\lccc-4735.html","READY","Would update."
"D:\github\ron-english-light-cult-4001-5000\items\lccc-4739.html","READY","Would update."
"D:\github\ron-english-light-cult-4001-5000\items\lccc-4740.html","READY","Would update."
"D:\github\ron-english-light-cult-4001-5000\items\lccc-4741.html","READY","Would update."
"D:\github\ron-english-light-cult-4001-5000\items\lccc-4742.html","READY","Would update."
"D:\github\ron-english-light-cult-4001-5000\items\lccc-4743.html","READY","Would update."
"D:\github\ron-english-light-cult-4001-5000\items\lccc-4744.html","READY","Would update."
"D:\github\ron-english-light-cult-4001-5000\items\lccc-4745.html","READY","Would update."
"D:\github\ron-english-light-cult-4001-5000\items\lccc-4746.html","READY","Would update."
"D:\github\ron-english-light-cult-4001-5000\items\lccc-4747.html","READY","Would update."
"D:\github\ron-english-light-cult-4001-5000\items\lccc-4748.html","READY","Would update."
"D:\github\ron-english-light-cult-4001-5000\items\lccc-4749.html","READY","Would update."
"D:\github\ron-english-light-cult-4001-5000\items\lccc-4750.html","READY","Would update."
"D:\github\ron-english-light-cult-4001-5000\items\lccc-4751.html","READY","Would update."
"D:\github\ron-english-light-cult-4001-5000\items\lccc-4752.html","READY","Would update."
"D:\github\ron-english-light-cult-4001-5000\items\lccc-4753.html","READY","Would update."
"D:\github\ron-english-light-cult-4001-5000\items\lccc-4754.html","READY","Would update."
"D:\github\ron-english-light-cult-4001-5000\items\lccc-4755.html","READY","Would update."
"D:\github\ron-english-light-cult-4001-5000\items\lccc-4756.html","READY","Would update."
"D:\github\ron-english-light-cult-4001-5000\items\lccc-4758.html","READY","Would update."
"D:\github\ron-english-light-cult-4001-5000\items\lccc-4759.html","READY","Would update."
"D:\github\ron-english-light-cult-4001-5000\items\lccc-4760.html","READY","Would update."
"D:\github\ron-english-light-cult-4001-5000\items\lccc-4761.html","READY","Would update."
"D:\github\ron-english-light-cult-4001-5000\items\lccc-4762.html","READY","Would update."
"D:\github\ron-english-light-cult-4001-5000\items\lccc-4763.html","READY","Would update."
"D:\github\ron-english-light-cult-4001-5000\items\lccc-4764.html","READY","Would update."
"D:\github\ron-english-light-cult-4001-5000\items\lccc-4765.html","READY","Would update."
"D:\github\ron-english-light-cult-4001-5000\items\lccc-4766.html","READY","Would update."
"D:\github\ron-english-light-cult-4001-5000\items\lccc-4767.html","READY","Would update."
"D:\github\ron-english-light-cult-4001-5000\items\lccc-4768.html","READY","Would update."
"D:\github\ron-english-light-cult-4001-5000\items\lccc-4769.html","READY","Would update."
"D:\github\ron-english-light-cult-4001-5000\items\lccc-4771.html","READY","Would update."
"D:\github\ron-english-light-cult-4001-5000\items\lccc-4772.html","READY","Would update."
"D:\github\ron-english-light-cult-4001-5000\items\lccc-4773.html","READY","Would update."
"D:\github\ron-english-light-cult-4001-5000\items\lccc-4774.html","READY","Would update."
"D:\github\ron-english-light-cult-4001-5000\items\lccc-4775.html","READY","Would update."
"D:\github\ron-english-light-cult-4001-5000\items\lccc-4776.html","READY","Would update."
"D:\github\ron-english-light-cult-4001-5000\items\lccc-4777.html","READY","Would update."
"D:\github\ron-english-light-cult-4001-5000\items\lccc-4778.html","READY","Would update."
"D:\github\ron-english-light-cult-4001-5000\items\lccc-4779.html","READY","Would update."
"D:\github\ron-english-light-cult-4001-5000\items\lccc-4780.html","READY","Would update."
"D:\github\ron-english-light-cult-4001-5000\items\lccc-4781.html","READY","Would update."
"D:\github\ron-english-light-cult-4001-5000\items\lccc-4782.html","READY","Would update."
"D:\github\ron-english-light-cult-4001-5000\items\lccc-4783.html","READY","Would update."
"D:\github\ron-english-light-cult-4001-5000\items\lccc-4784.html","READY","Would update."
"D:\github\ron-english-light-cult-4001-5000\items\lccc-4786.html","READY","Would update."
"D:\github\ron-english-light-cult-4001-5000\items\lccc-4787.html","READY","Would update."
"D:\github\ron-english-light-cult-4001-5000\items\lccc-4788.html","READY","Would update."
"D:\github\ron-english-light-cult-4001-5000\items\lccc-4790.html","READY","Would update."
"D:\github\ron-english-light-cult-4001-5000\items\lccc-4791.html","READY","Would update."
"D:\github\ron-english-light-cult-4001-5000\items\lccc-4792.html","READY","Would update."
"D:\github\ron-english-light-cult-4001-5000\items\lccc-4793.html","READY","Would update."
"D:\github\ron-english-light-cult-4001-5000\items\lccc-4794.html","READY","Would update."
"D:\github\ron-english-light-cult-4001-5000\items\lccc-4795.html","READY","Would update."
"D:\github\ron-english-light-cult-4001-5000\items\lccc-4796.html","READY","Would update."
"D:\github\ron-english-light-cult-4001-5000\items\lccc-4797.html","READY","Would update."
"D:\github\ron-english-light-cult-4001-5000\items\lccc-4798.html","READY","Would update."
"D:\github\ron-english-light-cult-4001-5000\items\lccc-4799.html","READY","Would update."
"D:\github\ron-english-light-cult-4001-5000\items\lccc-4800.html","READY","Would update."
"D:\github\ron-english-light-cult-4001-5000\items\lccc-4801.html","READY","Would update."
"D:\github\ron-english-light-cult-4001-5000\items\lccc-4802.html","READY","Would update."
"D:\github\ron-english-light-cult-4001-5000\items\lccc-4803.html","READY","Would update."
"D:\github\ron-english-light-cult-4001-5000\items\lccc-4804.html","READY","Would update."
"D:\github\ron-english-light-cult-4001-5000\items\lccc-4805.html","READY","Would update."
"D:\github\ron-english-light-cult-4001-5000\items\lccc-4806.html","READY","Would update."
"D:\github\ron-english-light-cult-4001-5000\items\lccc-4807.html","READY","Would update."
"D:\github\ron-english-light-cult-4001-5000\items\lccc-4808.html","READY","Would update."
"D:\github\ron-english-light-cult-4001-5000\items\lccc-4809.html","READY","Would update."
"D:\github\ron-english-light-cult-4001-5000\items\lccc-4810.html","READY","Would update."
"D:\github\ron-english-light-cult-4001-5000\items\lccc-4811.html","READY","Would update."
"D:\github\ron-english-light-cult-4001-5000\items\lccc-4812.html","READY","Would update."
"D:\github\ron-english-light-cult-4001-5000\items\lccc-4813.html","READY","Would update."
"D:\github\ron-english-light-cult-4001-5000\items\lccc-4814.html","READY","Would update."
"D:\github\ron-english-light-cult-4001-5000\items\lccc-4815.html","READY","Would update."
"D:\github\ron-english-light-cult-4001-5000\items\lccc-4816.html","READY","Would update."
"D:\github\ron-english-light-cult-4001-5000\items\lccc-4817.html","READY","Would update."
"D:\github\ron-english-light-cult-4001-5000\items\lccc-4818.html","READY","Would update."
"D:\github\ron-english-light-cult-4001-5000\items\lccc-4820.html","READY","Would update."
"D:\github\ron-english-light-cult-4001-5000\items\lccc-4821.html","READY","Would update."
"D:\github\ron-english-light-cult-4001-5000\items\lccc-4822.html","READY","Would update."
"D:\github\ron-english-light-cult-4001-5000\items\lccc-4823.html","READY","Would update."
"D:\github\ron-english-light-cult-4001-5000\items\lccc-4824.html","READY","Would update."
"D:\github\ron-english-light-cult-4001-5000\items\lccc-4825.html","READY","Would update."
"D:\github\ron-english-light-cult-4001-5000\items\lccc-4826.html","READY","Would update."
"D:\github\ron-english-light-cult-4001-5000\items\lccc-4827.html","READY","Would update."
"D:\github\ron-english-light-cult-4001-5000\items\lccc-4828.html","READY","Would update."
"D:\github\ron-english-light-cult-4001-5000\items\lccc-4829.html","READY","Would update."
"D:\github\ron-english-light-cult-4001-5000\items\lccc-4830.html","READY","Would update."
"D:\github\ron-english-light-cult-4001-5000\items\lccc-4831.html","READY","Would update."
"D:\github\ron-english-light-cult-4001-5000\items\lccc-4832.html","READY","Would update."
"D:\github\ron-english-light-cult-4001-5000\items\lccc-4833.html","READY","Would update."
"D:\github\ron-english-light-cult-4001-5000\items\lccc-4836.html","READY","Would update."
"D:\github\ron-english-light-cult-4001-5000\items\lccc-4838.html","READY","Would update."
"D:\github\ron-english-light-cult-4001-5000\items\lccc-4839.html","READY","Would update."
"D:\github\ron-english-light-cult-4001-5000\items\lccc-4840.html","READY","Would update."
"D:\github\ron-english-light-cult-4001-5000\items\lccc-4841.html","READY","Would update."
"D:\github\ron-english-light-cult-4001-5000\items\lccc-4842.html","READY","Would update."
"D:\github\ron-english-light-cult-4001-5000\items\lccc-4843.html","READY","Would update."
"D:\github\ron-english-light-cult-4001-5000\items\lccc-4844.html","READY","Would update."
"D:\github\ron-english-light-cult-4001-5000\items\lccc-4845.html","READY","Would update."
"D:\github\ron-english-light-cult-4001-5000\items\lccc-4846.html","READY","Would update."
"D:\github\ron-english-light-cult-4001-5000\items\lccc-4847.html","READY","Would update."
"D:\github\ron-english-light-cult-4001-5000\items\lccc-4848.html","READY","Would update."
"D:\github\ron-english-light-cult-4001-5000\items\lccc-4849.html","READY","Would update."
"D:\github\ron-english-light-cult-4001-5000\items\lccc-4850.html","READY","Would update."
"D:\github\ron-english-light-cult-4001-5000\items\lccc-4851.html","READY","Would update."
"D:\github\ron-english-light-cult-4001-5000\items\lccc-4852.html","READY","Would update."
"D:\github\ron-english-light-cult-4001-5000\items\lccc-4853.html","READY","Would update."
"D:\github\ron-english-light-cult-4001-5000\items\lccc-4854.html","READY","Would update."
"D:\github\ron-english-light-cult-4001-5000\items\lccc-4855.html","READY","Would update."
"D:\github\ron-english-light-cult-4001-5000\items\lccc-4856.html","READY","Would update."
"D:\github\ron-english-light-cult-4001-5000\items\lccc-4857.html","READY","Would update."
"D:\github\ron-english-light-cult-4001-5000\items\lccc-4858.html","READY","Would update."
"D:\github\ron-english-light-cult-4001-5000\items\lccc-4859.html","READY","Would update."
"D:\github\ron-english-light-cult-4001-5000\items\lccc-4860.html","READY","Would update."
"D:\github\ron-english-light-cult-4001-5000\items\lccc-4861.html","READY","Would update."
"D:\github\ron-english-light-cult-4001-5000\items\lccc-4862.html","READY","Would update."
"D:\github\ron-english-light-cult-4001-5000\items\lccc-4863.html","READY","Would update."
"D:\github\ron-english-light-cult-4001-5000\items\lccc-4864.html","READY","Would update."
"D:\github\ron-english-light-cult-4001-5000\items\lccc-4865.html","READY","Would update."
"D:\github\ron-english-light-cult-4001-5000\items\lccc-4866.html","READY","Would update."
"D:\github\ron-english-light-cult-4001-5000\items\lccc-4867.html","READY","Would update."
"D:\github\ron-english-light-cult-4001-5000\items\lccc-4869.html","READY","Would update."
"D:\github\ron-english-light-cult-4001-5000\items\lccc-4870.html","READY","Would update."
"D:\github\ron-english-light-cult-4001-5000\items\lccc-4871.html","READY","Would update."
"D:\github\ron-english-light-cult-4001-5000\items\lccc-4872.html","READY","Would update."
"D:\github\ron-english-light-cult-4001-5000\items\lccc-4875.html","READY","Would update."
"D:\github\ron-english-light-cult-4001-5000\items\lccc-4876.html","READY","Would update."
"D:\github\ron-english-light-cult-4001-5000\items\lccc-4877.html","READY","Would update."
"D:\github\ron-english-light-cult-4001-5000\items\lccc-4878.html","READY","Would update."
"D:\github\ron-english-light-cult-4001-5000\items\lccc-4879.html","READY","Would update."
"D:\github\ron-english-light-cult-4001-5000\items\lccc-4880.html","READY","Would update."
"D:\github\ron-english-light-cult-4001-5000\items\lccc-4881.html","READY","Would update."
"D:\github\ron-english-light-cult-4001-5000\items\lccc-4882.html","READY","Would update."
"D:\github\ron-english-light-cult-4001-5000\items\lccc-4883.html","READY","Would update."
"D:\github\ron-english-light-cult-4001-5000\items\lccc-4884.html","READY","Would update."
"D:\github\ron-english-light-cult-4001-5000\items\lccc-4885.html","READY","Would update."
"D:\github\ron-english-light-cult-4001-5000\items\lccc-4886.html","READY","Would update."
"D:\github\ron-english-light-cult-4001-5000\items\lccc-4887.html","READY","Would update."
"D:\github\ron-english-light-cult-4001-5000\items\lccc-4888.html","READY","Would update."
"D:\github\ron-english-light-cult-4001-5000\items\lccc-4889.html","READY","Would update."
"D:\github\ron-english-light-cult-4001-5000\items\lccc-4890.html","READY","Would update."
"D:\github\ron-english-light-cult-4001-5000\items\lccc-4891.html","READY","Would update."
"D:\github\ron-english-light-cult-4001-5000\items\lccc-4892.html","READY","Would update."
"D:\github\ron-english-light-cult-4001-5000\items\lccc-4893.html","READY","Would update."
"D:\github\ron-english-light-cult-4001-5000\items\lccc-4895.html","READY","Would update."
"D:\github\ron-english-light-cult-4001-5000\items\lccc-4896.html","READY","Would update."
"D:\github\ron-english-light-cult-4001-5000\items\lccc-4897.html","READY","Would update."
"D:\github\ron-english-light-cult-4001-5000\items\lccc-4898.html","READY","Would update."
"D:\github\ron-english-light-cult-4001-5000\items\lccc-4899.html","READY","Would update."
"D:\github\ron-english-light-cult-4001-5000\items\lccc-4900.html","READY","Would update."
"D:\github\ron-english-light-cult-4001-5000\items\lccc-4901.html","READY","Would update."
"D:\github\ron-english-light-cult-4001-5000\items\lccc-4902.html","READY","Would update."
"D:\github\ron-english-light-cult-4001-5000\items\lccc-4904.html","READY","Would update."
"D:\github\ron-english-light-cult-4001-5000\items\lccc-4906.html","READY","Would update."
"D:\github\ron-english-light-cult-4001-5000\items\lccc-4907.html","READY","Would update."
"D:\github\ron-english-light-cult-4001-5000\items\lccc-4908.html","READY","Would update."
"D:\github\ron-english-light-cult-4001-5000\items\lccc-4909.html","READY","Would update."
"D:\github\ron-english-light-cult-4001-5000\items\lccc-4911.html","READY","Would update."
"D:\github\ron-english-light-cult-4001-5000\items\lccc-4912.html","READY","Would update."
"D:\github\ron-english-light-cult-4001-5000\items\lccc-4913.html","READY","Would update."
"D:\github\ron-english-light-cult-4001-5000\items\lccc-4914.html","READY","Would update."
"D:\github\ron-english-light-cult-4001-5000\items\lccc-4915.html","READY","Would update."
"D:\github\ron-english-light-cult-4001-5000\items\lccc-4916.html","READY","Would update."
"D:\github\ron-english-light-cult-4001-5000\items\lccc-4917.html","READY","Would update."
"D:\github\ron-english-light-cult-4001-5000\items\lccc-4918.html","READY","Would update."
"D:\github\ron-english-light-cult-4001-5000\items\lccc-4919.html","READY","Would update."
"D:\github\ron-english-light-cult-4001-5000\items\lccc-4921.html","READY","Would update."
"D:\github\ron-english-light-cult-4001-5000\items\lccc-4922.html","READY","Would update."
"D:\github\ron-english-light-cult-4001-5000\items\lccc-4923.html","READY","Would update."
"D:\github\ron-english-light-cult-4001-5000\items\lccc-4924.html","READY","Would update."
"D:\github\ron-english-light-cult-4001-5000\items\lccc-4925.html","READY","Would update."
"D:\github\ron-english-light-cult-4001-5000\items\lccc-4926.html","READY","Would update."
"D:\github\ron-english-light-cult-4001-5000\items\lccc-4927.html","READY","Would update."
"D:\github\ron-english-light-cult-4001-5000\items\lccc-4928.html","READY","Would update."
"D:\github\ron-english-light-cult-4001-5000\items\lccc-4929.html","READY","Would update."
"D:\github\ron-english-light-cult-4001-5000\items\lccc-4930.html","READY","Would update."
"D:\github\ron-english-light-cult-4001-5000\items\lccc-4931.html","READY","Would update."
"D:\github\ron-english-light-cult-4001-5000\items\lccc-4932.html","READY","Would update."
"D:\github\ron-english-light-cult-4001-5000\items\lccc-4933.html","READY","Would update."
"D:\github\ron-english-light-cult-4001-5000\items\lccc-4934.html","READY","Would update."
"D:\github\ron-english-light-cult-4001-5000\items\lccc-4936.html","READY","Would update."
"D:\github\ron-english-light-cult-4001-5000\items\lccc-4937.html","READY","Would update."
"D:\github\ron-english-light-cult-4001-5000\items\lccc-4938.html","READY","Would update."
"D:\github\ron-english-light-cult-4001-5000\items\lccc-4939.html","READY","Would update."
"D:\github\ron-english-light-cult-4001-5000\items\lccc-4940.html","READY","Would update."
"D:\github\ron-english-light-cult-4001-5000\items\lccc-4941.html","READY","Would update."
"D:\github\ron-english-light-cult-4001-5000\items\lccc-4942.html","READY","Would update."
"D:\github\ron-english-light-cult-4001-5000\items\lccc-4943.html","READY","Would update."
"D:\github\ron-english-light-cult-4001-5000\items\lccc-4944.html","READY","Would update."
"D:\github\ron-english-light-cult-4001-5000\items\lccc-4945.html","READY","Would update."
"D:\github\ron-english-light-cult-4001-5000\items\lccc-4946.html","READY","Would update."
"D:\github\ron-english-light-cult-4001-5000\items\lccc-4947.html","READY","Would update."
"D:\github\ron-english-light-cult-4001-5000\items\lccc-4949.html","READY","Would update."
"D:\github\ron-english-light-cult-4001-5000\items\lccc-4950.html","READY","Would update."
"D:\github\ron-english-light-cult-4001-5000\items\lccc-4952.html","READY","Would update."
"D:\github\ron-english-light-cult-4001-5000\items\lccc-4953.html","READY","Would update."
"D:\github\ron-english-light-cult-4001-5000\items\lccc-4954.html","READY","Would update."
"D:\github\ron-english-light-cult-4001-5000\items\lccc-4955.html","READY","Would update."
"D:\github\ron-english-light-cult-4001-5000\items\lccc-4956.html","READY","Would update."
"D:\github\ron-english-light-cult-4001-5000\items\lccc-4957.html","READY","Would update."
"D:\github\ron-english-light-cult-4001-5000\items\lccc-4958.html","READY","Would update."
"D:\github\ron-english-light-cult-4001-5000\items\lccc-4959.html","READY","Would update."
"D:\github\ron-english-light-cult-4001-5000\items\lccc-4960.html","READY","Would update."
"D:\github\ron-english-light-cult-4001-5000\items\lccc-4961.html","READY","Would update."
"D:\github\ron-english-light-cult-4001-5000\items\lccc-4962.html","READY","Would update."
"D:\github\ron-english-light-cult-4001-5000\items\lccc-4963.html","READY","Would update."
"D:\github\ron-english-light-cult-4001-5000\items\lccc-4964.html","READY","Would update."
"D:\github\ron-english-light-cult-4001-5000\items\lccc-4965.html","READY","Would update."
"D:\github\ron-english-light-cult-4001-5000\items\lccc-4966.html","READY","Would update."
"D:\github\ron-english-light-cult-4001-5000\items\lccc-4967.html","READY","Would update."
"D:\github\ron-english-light-cult-4001-5000\items\lccc-4969.html","READY","Would update."
"D:\github\ron-english-light-cult-4001-5000\items\lccc-4971.html","READY","Would update."
"D:\github\ron-english-light-cult-4001-5000\items\lccc-4972.html","READY","Would update."
"D:\github\ron-english-light-cult-4001-5000\items\lccc-4973.html","READY","Would update."
"D:\github\ron-english-light-cult-4001-5000\items\lccc-4974.html","READY","Would update."
"D:\github\ron-english-light-cult-4001-5000\items\lccc-4975.html","READY","Would update."
"D:\github\ron-english-light-cult-4001-5000\items\lccc-4976.html","READY","Would update."
"D:\github\ron-english-light-cult-4001-5000\items\lccc-4977.html","READY","Would update."
"D:\github\ron-english-light-cult-4001-5000\items\lccc-4978.html","READY","Would update."
"D:\github\ron-english-light-cult-4001-5000\items\lccc-4979.html","READY","Would update."
"D:\github\ron-english-light-cult-4001-5000\items\lccc-4981.html","READY","Would update."
"D:\github\ron-english-light-cult-4001-5000\items\lccc-4982.html","READY","Would update."
"D:\github\ron-english-light-cult-4001-5000\items\lccc-4983.html","READY","Would update."
"D:\github\ron-english-light-cult-4001-5000\items\lccc-4984.html","READY","Would update."
"D:\github\ron-english-light-cult-4001-5000\items\lccc-4985.html","READY","Would update."
"D:\github\ron-english-light-cult-4001-5000\items\lccc-4986.html","READY","Would update."
"D:\github\ron-english-light-cult-4001-5000\items\lccc-4987.html","READY","Would update."
"D:\github\ron-english-light-cult-4001-5000\items\lccc-4988.html","READY","Would update."
"D:\github\ron-english-light-cult-4001-5000\items\lccc-4989.html","READY","Would update."
"D:\github\ron-english-light-cult-4001-5000\items\lccc-4991.html","READY","Would update."
"D:\github\ron-english-light-cult-4001-5000\items\lccc-4992.html","READY","Would update."
"D:\github\ron-english-light-cult-4001-5000\items\lccc-4993.html","READY","Would update."
"D:\github\ron-english-light-cult-4001-5000\items\lccc-4995.html","READY","Would update."
"D:\github\ron-english-light-cult-4001-5000\items\lccc-4996.html","READY","Would update."
"D:\github\ron-english-light-cult-4001-5000\items\lccc-4997.html","READY","Would update."
"D:\github\ron-english-light-cult-4001-5000\items\lccc-4999.html","READY","Would update."
"D:\github\ron-english-light-cult-4001-5000\items\lccc-5000.html","READY","Would update."
"D:\github\ron-english-light-cult-5001-6000\index.html","SKIP","No changes needed."
"D:\github\ron-english-light-cult-5001-6000\gallery-5001-5100.html","READY","Would update."
"D:\github\ron-english-light-cult-5001-6000\gallery-5101-5200.html","READY","Would update."
"D:\github\ron-english-light-cult-5001-6000\gallery-5201-5300.html","READY","Would update."
"D:\github\ron-english-light-cult-5001-6000\gallery-5301-5400.html","READY","Would update."
"D:\github\ron-english-light-cult-5001-6000\gallery-5401-5500.html","READY","Would update."
"D:\github\ron-english-light-cult-5001-6000\gallery-5501-5600.html","READY","Would update."
"D:\github\ron-english-light-cult-5001-6000\gallery-5601-5700.html","READY","Would update."
"D:\github\ron-english-light-cult-5001-6000\gallery-5701-5800.html","READY","Would update."
"D:\github\ron-english-light-cult-5001-6000\gallery-5801-5900.html","READY","Would update."
"D:\github\ron-english-light-cult-5001-6000\gallery-5901-6000.html","READY","Would update."
"D:\github\ron-english-light-cult-5001-6000\items\lccc-5001.html","READY","Would update."
"D:\github\ron-english-light-cult-5001-6000\items\lccc-5002.html","READY","Would update."
"D:\github\ron-english-light-cult-5001-6000\items\lccc-5003.html","READY","Would update."
"D:\github\ron-english-light-cult-5001-6000\items\lccc-5004.html","READY","Would update."
"D:\github\ron-english-light-cult-5001-6000\items\lccc-5005.html","READY","Would update."
"D:\github\ron-english-light-cult-5001-6000\items\lccc-5006.html","READY","Would update."
"D:\github\ron-english-light-cult-5001-6000\items\lccc-5009.html","READY","Would update."
"D:\github\ron-english-light-cult-5001-6000\items\lccc-5010.html","READY","Would update."
"D:\github\ron-english-light-cult-5001-6000\items\lccc-5012.html","READY","Would update."
"D:\github\ron-english-light-cult-5001-6000\items\lccc-5013.html","READY","Would update."
"D:\github\ron-english-light-cult-5001-6000\items\lccc-5014.html","READY","Would update."
"D:\github\ron-english-light-cult-5001-6000\items\lccc-5015.html","READY","Would update."
"D:\github\ron-english-light-cult-5001-6000\items\lccc-5016.html","READY","Would update."
"D:\github\ron-english-light-cult-5001-6000\items\lccc-5017.html","READY","Would update."
"D:\github\ron-english-light-cult-5001-6000\items\lccc-5018.html","READY","Would update."
"D:\github\ron-english-light-cult-5001-6000\items\lccc-5019.html","READY","Would update."
"D:\github\ron-english-light-cult-5001-6000\items\lccc-5021.html","READY","Would update."
"D:\github\ron-english-light-cult-5001-6000\items\lccc-5023.html","READY","Would update."
"D:\github\ron-english-light-cult-5001-6000\items\lccc-5024.html","READY","Would update."
"D:\github\ron-english-light-cult-5001-6000\items\lccc-5025.html","READY","Would update."
"D:\github\ron-english-light-cult-5001-6000\items\lccc-5026.html","READY","Would update."
"D:\github\ron-english-light-cult-5001-6000\items\lccc-5027.html","READY","Would update."
"D:\github\ron-english-light-cult-5001-6000\items\lccc-5028.html","READY","Would update."
"D:\github\ron-english-light-cult-5001-6000\items\lccc-5029.html","READY","Would update."
"D:\github\ron-english-light-cult-5001-6000\items\lccc-5030.html","READY","Would update."
"D:\github\ron-english-light-cult-5001-6000\items\lccc-5031.html","READY","Would update."
"D:\github\ron-english-light-cult-5001-6000\items\lccc-5032.html","READY","Would update."
"D:\github\ron-english-light-cult-5001-6000\items\lccc-5033.html","READY","Would update."
"D:\github\ron-english-light-cult-5001-6000\items\lccc-5034.html","READY","Would update."
"D:\github\ron-english-light-cult-5001-6000\items\lccc-5035.html","READY","Would update."
"D:\github\ron-english-light-cult-5001-6000\items\lccc-5036.html","READY","Would update."
"D:\github\ron-english-light-cult-5001-6000\items\lccc-5038.html","READY","Would update."
"D:\github\ron-english-light-cult-5001-6000\items\lccc-5039.html","READY","Would update."
"D:\github\ron-english-light-cult-5001-6000\items\lccc-5040.html","READY","Would update."
"D:\github\ron-english-light-cult-5001-6000\items\lccc-5042.html","READY","Would update."
"D:\github\ron-english-light-cult-5001-6000\items\lccc-5044.html","READY","Would update."
"D:\github\ron-english-light-cult-5001-6000\items\lccc-5046.html","READY","Would update."
"D:\github\ron-english-light-cult-5001-6000\items\lccc-5047.html","READY","Would update."
"D:\github\ron-english-light-cult-5001-6000\items\lccc-5048.html","READY","Would update."
"D:\github\ron-english-light-cult-5001-6000\items\lccc-5049.html","READY","Would update."
"D:\github\ron-english-light-cult-5001-6000\items\lccc-5050.html","READY","Would update."
"D:\github\ron-english-light-cult-5001-6000\items\lccc-5051.html","READY","Would update."
"D:\github\ron-english-light-cult-5001-6000\items\lccc-5052.html","READY","Would update."
"D:\github\ron-english-light-cult-5001-6000\items\lccc-5053.html","READY","Would update."
"D:\github\ron-english-light-cult-5001-6000\items\lccc-5054.html","READY","Would update."
"D:\github\ron-english-light-cult-5001-6000\items\lccc-5055.html","READY","Would update."
"D:\github\ron-english-light-cult-5001-6000\items\lccc-5056.html","READY","Would update."
"D:\github\ron-english-light-cult-5001-6000\items\lccc-5057.html","READY","Would update."
"D:\github\ron-english-light-cult-5001-6000\items\lccc-5058.html","READY","Would update."
"D:\github\ron-english-light-cult-5001-6000\items\lccc-5059.html","READY","Would update."
"D:\github\ron-english-light-cult-5001-6000\items\lccc-5060.html","READY","Would update."
"D:\github\ron-english-light-cult-5001-6000\items\lccc-5061.html","READY","Would update."
"D:\github\ron-english-light-cult-5001-6000\items\lccc-5062.html","READY","Would update."
"D:\github\ron-english-light-cult-5001-6000\items\lccc-5063.html","READY","Would update."
"D:\github\ron-english-light-cult-5001-6000\items\lccc-5064.html","READY","Would update."
"D:\github\ron-english-light-cult-5001-6000\items\lccc-5065.html","READY","Would update."
"D:\github\ron-english-light-cult-5001-6000\items\lccc-5066.html","READY","Would update."
"D:\github\ron-english-light-cult-5001-6000\items\lccc-5067.html","READY","Would update."
"D:\github\ron-english-light-cult-5001-6000\items\lccc-5068.html","READY","Would update."
"D:\github\ron-english-light-cult-5001-6000\items\lccc-5069.html","READY","Would update."
"D:\github\ron-english-light-cult-5001-6000\items\lccc-5070.html","READY","Would update."
"D:\github\ron-english-light-cult-5001-6000\items\lccc-5071.html","READY","Would update."
"D:\github\ron-english-light-cult-5001-6000\items\lccc-5072.html","READY","Would update."
"D:\github\ron-english-light-cult-5001-6000\items\lccc-5073.html","READY","Would update."
"D:\github\ron-english-light-cult-5001-6000\items\lccc-5074.html","READY","Would update."
"D:\github\ron-english-light-cult-5001-6000\items\lccc-5075.html","READY","Would update."
"D:\github\ron-english-light-cult-5001-6000\items\lccc-5076.html","READY","Would update."
"D:\github\ron-english-light-cult-5001-6000\items\lccc-5077.html","READY","Would update."
"D:\github\ron-english-light-cult-5001-6000\items\lccc-5080.html","READY","Would update."
"D:\github\ron-english-light-cult-5001-6000\items\lccc-5081.html","READY","Would update."
"D:\github\ron-english-light-cult-5001-6000\items\lccc-5082.html","READY","Would update."
"D:\github\ron-english-light-cult-5001-6000\items\lccc-5083.html","READY","Would update."
"D:\github\ron-english-light-cult-5001-6000\items\lccc-5084.html","READY","Would update."
"D:\github\ron-english-light-cult-5001-6000\items\lccc-5085.html","READY","Would update."
"D:\github\ron-english-light-cult-5001-6000\items\lccc-5086.html","READY","Would update."
"D:\github\ron-english-light-cult-5001-6000\items\lccc-5087.html","READY","Would update."
"D:\github\ron-english-light-cult-5001-6000\items\lccc-5088.html","READY","Would update."
"D:\github\ron-english-light-cult-5001-6000\items\lccc-5089.html","READY","Would update."
"D:\github\ron-english-light-cult-5001-6000\items\lccc-5090.html","READY","Would update."
"D:\github\ron-english-light-cult-5001-6000\items\lccc-5091.html","READY","Would update."
"D:\github\ron-english-light-cult-5001-6000\items\lccc-5092.html","READY","Would update."
"D:\github\ron-english-light-cult-5001-6000\items\lccc-5093.html","READY","Would update."
"D:\github\ron-english-light-cult-5001-6000\items\lccc-5094.html","READY","Would update."
"D:\github\ron-english-light-cult-5001-6000\items\lccc-5095.html","READY","Would update."
"D:\github\ron-english-light-cult-5001-6000\items\lccc-5096.html","READY","Would update."
"D:\github\ron-english-light-cult-5001-6000\items\lccc-5097.html","READY","Would update."
"D:\github\ron-english-light-cult-5001-6000\items\lccc-5098.html","READY","Would update."
"D:\github\ron-english-light-cult-5001-6000\items\lccc-5099.html","READY","Would update."
"D:\github\ron-english-light-cult-5001-6000\items\lccc-5100.html","READY","Would update."
"D:\github\ron-english-light-cult-5001-6000\items\lccc-5101.html","READY","Would update."
"D:\github\ron-english-light-cult-5001-6000\items\lccc-5102.html","READY","Would update."
"D:\github\ron-english-light-cult-5001-6000\items\lccc-5103.html","READY","Would update."
"D:\github\ron-english-light-cult-5001-6000\items\lccc-5104.html","READY","Would update."
"D:\github\ron-english-light-cult-5001-6000\items\lccc-5106.html","READY","Would update."
"D:\github\ron-english-light-cult-5001-6000\items\lccc-5107.html","READY","Would update."
"D:\github\ron-english-light-cult-5001-6000\items\lccc-5108.html","READY","Would update."
"D:\github\ron-english-light-cult-5001-6000\items\lccc-5109.html","READY","Would update."
"D:\github\ron-english-light-cult-5001-6000\items\lccc-5110.html","READY","Would update."
"D:\github\ron-english-light-cult-5001-6000\items\lccc-5111.html","READY","Would update."
"D:\github\ron-english-light-cult-5001-6000\items\lccc-5112.html","READY","Would update."
"D:\github\ron-english-light-cult-5001-6000\items\lccc-5113.html","READY","Would update."
"D:\github\ron-english-light-cult-5001-6000\items\lccc-5114.html","READY","Would update."
"D:\github\ron-english-light-cult-5001-6000\items\lccc-5115.html","READY","Would update."
"D:\github\ron-english-light-cult-5001-6000\items\lccc-5116.html","READY","Would update."
"D:\github\ron-english-light-cult-5001-6000\items\lccc-5117.html","READY","Would update."
"D:\github\ron-english-light-cult-5001-6000\items\lccc-5118.html","READY","Would update."
"D:\github\ron-english-light-cult-5001-6000\items\lccc-5119.html","READY","Would update."
"D:\github\ron-english-light-cult-5001-6000\items\lccc-5120.html","READY","Would update."
"D:\github\ron-english-light-cult-5001-6000\items\lccc-5122.html","READY","Would update."
"D:\github\ron-english-light-cult-5001-6000\items\lccc-5124.html","READY","Would update."
"D:\github\ron-english-light-cult-5001-6000\items\lccc-5125.html","READY","Would update."
"D:\github\ron-english-light-cult-5001-6000\items\lccc-5127.html","READY","Would update."
"D:\github\ron-english-light-cult-5001-6000\items\lccc-5128.html","READY","Would update."
"D:\github\ron-english-light-cult-5001-6000\items\lccc-5130.html","READY","Would update."
"D:\github\ron-english-light-cult-5001-6000\items\lccc-5131.html","READY","Would update."
"D:\github\ron-english-light-cult-5001-6000\items\lccc-5132.html","READY","Would update."
"D:\github\ron-english-light-cult-5001-6000\items\lccc-5133.html","READY","Would update."
"D:\github\ron-english-light-cult-5001-6000\items\lccc-5134.html","READY","Would update."
"D:\github\ron-english-light-cult-5001-6000\items\lccc-5135.html","READY","Would update."
"D:\github\ron-english-light-cult-5001-6000\items\lccc-5137.html","READY","Would update."
"D:\github\ron-english-light-cult-5001-6000\items\lccc-5138.html","READY","Would update."
"D:\github\ron-english-light-cult-5001-6000\items\lccc-5140.html","READY","Would update."
"D:\github\ron-english-light-cult-5001-6000\items\lccc-5141.html","READY","Would update."
"D:\github\ron-english-light-cult-5001-6000\items\lccc-5142.html","READY","Would update."
"D:\github\ron-english-light-cult-5001-6000\items\lccc-5143.html","READY","Would update."
"D:\github\ron-english-light-cult-5001-6000\items\lccc-5144.html","READY","Would update."
"D:\github\ron-english-light-cult-5001-6000\items\lccc-5145.html","READY","Would update."
"D:\github\ron-english-light-cult-5001-6000\items\lccc-5146.html","READY","Would update."
"D:\github\ron-english-light-cult-5001-6000\items\lccc-5148.html","READY","Would update."
"D:\github\ron-english-light-cult-5001-6000\items\lccc-5149.html","READY","Would update."
"D:\github\ron-english-light-cult-5001-6000\items\lccc-5150.html","READY","Would update."
"D:\github\ron-english-light-cult-5001-6000\items\lccc-5152.html","READY","Would update."
"D:\github\ron-english-light-cult-5001-6000\items\lccc-5153.html","READY","Would update."
"D:\github\ron-english-light-cult-5001-6000\items\lccc-5154.html","READY","Would update."
"D:\github\ron-english-light-cult-5001-6000\items\lccc-5155.html","READY","Would update."
"D:\github\ron-english-light-cult-5001-6000\items\lccc-5156.html","READY","Would update."
"D:\github\ron-english-light-cult-5001-6000\items\lccc-5157.html","READY","Would update."
"D:\github\ron-english-light-cult-5001-6000\items\lccc-5158.html","READY","Would update."
"D:\github\ron-english-light-cult-5001-6000\items\lccc-5160.html","READY","Would update."
"D:\github\ron-english-light-cult-5001-6000\items\lccc-5161.html","READY","Would update."
"D:\github\ron-english-light-cult-5001-6000\items\lccc-5162.html","READY","Would update."
"D:\github\ron-english-light-cult-5001-6000\items\lccc-5163.html","READY","Would update."
"D:\github\ron-english-light-cult-5001-6000\items\lccc-5164.html","READY","Would update."
"D:\github\ron-english-light-cult-5001-6000\items\lccc-5166.html","READY","Would update."
"D:\github\ron-english-light-cult-5001-6000\items\lccc-5168.html","READY","Would update."
"D:\github\ron-english-light-cult-5001-6000\items\lccc-5169.html","READY","Would update."
"D:\github\ron-english-light-cult-5001-6000\items\lccc-5170.html","READY","Would update."
"D:\github\ron-english-light-cult-5001-6000\items\lccc-5171.html","READY","Would update."
"D:\github\ron-english-light-cult-5001-6000\items\lccc-5173.html","READY","Would update."
"D:\github\ron-english-light-cult-5001-6000\items\lccc-5174.html","READY","Would update."
"D:\github\ron-english-light-cult-5001-6000\items\lccc-5175.html","READY","Would update."
"D:\github\ron-english-light-cult-5001-6000\items\lccc-5177.html","READY","Would update."
"D:\github\ron-english-light-cult-5001-6000\items\lccc-5178.html","READY","Would update."
"D:\github\ron-english-light-cult-5001-6000\items\lccc-5179.html","READY","Would update."
"D:\github\ron-english-light-cult-5001-6000\items\lccc-5180.html","READY","Would update."
"D:\github\ron-english-light-cult-5001-6000\items\lccc-5182.html","READY","Would update."
"D:\github\ron-english-light-cult-5001-6000\items\lccc-5183.html","READY","Would update."
"D:\github\ron-english-light-cult-5001-6000\items\lccc-5184.html","READY","Would update."
"D:\github\ron-english-light-cult-5001-6000\items\lccc-5185.html","READY","Would update."
"D:\github\ron-english-light-cult-5001-6000\items\lccc-5186.html","READY","Would update."
"D:\github\ron-english-light-cult-5001-6000\items\lccc-5187.html","READY","Would update."
"D:\github\ron-english-light-cult-5001-6000\items\lccc-5188.html","READY","Would update."
"D:\github\ron-english-light-cult-5001-6000\items\lccc-5189.html","READY","Would update."
"D:\github\ron-english-light-cult-5001-6000\items\lccc-5190.html","READY","Would update."
"D:\github\ron-english-light-cult-5001-6000\items\lccc-5191.html","READY","Would update."
"D:\github\ron-english-light-cult-5001-6000\items\lccc-5192.html","READY","Would update."
"D:\github\ron-english-light-cult-5001-6000\items\lccc-5193.html","READY","Would update."
"D:\github\ron-english-light-cult-5001-6000\items\lccc-5194.html","READY","Would update."
"D:\github\ron-english-light-cult-5001-6000\items\lccc-5195.html","READY","Would update."
"D:\github\ron-english-light-cult-5001-6000\items\lccc-5196.html","READY","Would update."
"D:\github\ron-english-light-cult-5001-6000\items\lccc-5197.html","READY","Would update."
"D:\github\ron-english-light-cult-5001-6000\items\lccc-5198.html","READY","Would update."
"D:\github\ron-english-light-cult-5001-6000\items\lccc-5199.html","READY","Would update."
"D:\github\ron-english-light-cult-5001-6000\items\lccc-5200.html","READY","Would update."
"D:\github\ron-english-light-cult-5001-6000\items\lccc-5201.html","READY","Would update."
"D:\github\ron-english-light-cult-5001-6000\items\lccc-5202.html","READY","Would update."
"D:\github\ron-english-light-cult-5001-6000\items\lccc-5203.html","READY","Would update."
"D:\github\ron-english-light-cult-5001-6000\items\lccc-5204.html","READY","Would update."
"D:\github\ron-english-light-cult-5001-6000\items\lccc-5205.html","READY","Would update."
"D:\github\ron-english-light-cult-5001-6000\items\lccc-5207.html","READY","Would update."
"D:\github\ron-english-light-cult-5001-6000\items\lccc-5208.html","READY","Would update."
"D:\github\ron-english-light-cult-5001-6000\items\lccc-5209.html","READY","Would update."
"D:\github\ron-english-light-cult-5001-6000\items\lccc-5210.html","READY","Would update."
"D:\github\ron-english-light-cult-5001-6000\items\lccc-5211.html","READY","Would update."
"D:\github\ron-english-light-cult-5001-6000\items\lccc-5212.html","READY","Would update."
"D:\github\ron-english-light-cult-5001-6000\items\lccc-5213.html","READY","Would update."
"D:\github\ron-english-light-cult-5001-6000\items\lccc-5214.html","READY","Would update."
"D:\github\ron-english-light-cult-5001-6000\items\lccc-5215.html","READY","Would update."
"D:\github\ron-english-light-cult-5001-6000\items\lccc-5216.html","READY","Would update."
"D:\github\ron-english-light-cult-5001-6000\items\lccc-5217.html","READY","Would update."
"D:\github\ron-english-light-cult-5001-6000\items\lccc-5218.html","READY","Would update."
"D:\github\ron-english-light-cult-5001-6000\items\lccc-5219.html","READY","Would update."
"D:\github\ron-english-light-cult-5001-6000\items\lccc-5220.html","READY","Would update."
"D:\github\ron-english-light-cult-5001-6000\items\lccc-5221.html","READY","Would update."
"D:\github\ron-english-light-cult-5001-6000\items\lccc-5222.html","READY","Would update."
"D:\github\ron-english-light-cult-5001-6000\items\lccc-5223.html","READY","Would update."
"D:\github\ron-english-light-cult-5001-6000\items\lccc-5224.html","READY","Would update."
"D:\github\ron-english-light-cult-5001-6000\items\lccc-5226.html","READY","Would update."
"D:\github\ron-english-light-cult-5001-6000\items\lccc-5227.html","READY","Would update."
"D:\github\ron-english-light-cult-5001-6000\items\lccc-5228.html","READY","Would update."
"D:\github\ron-english-light-cult-5001-6000\items\lccc-5230.html","READY","Would update."
"D:\github\ron-english-light-cult-5001-6000\items\lccc-5231.html","READY","Would update."
"D:\github\ron-english-light-cult-5001-6000\items\lccc-5232.html","READY","Would update."
"D:\github\ron-english-light-cult-5001-6000\items\lccc-5233.html","READY","Would update."
"D:\github\ron-english-light-cult-5001-6000\items\lccc-5234.html","READY","Would update."
"D:\github\ron-english-light-cult-5001-6000\items\lccc-5235.html","READY","Would update."
"D:\github\ron-english-light-cult-5001-6000\items\lccc-5236.html","READY","Would update."
"D:\github\ron-english-light-cult-5001-6000\items\lccc-5237.html","READY","Would update."
"D:\github\ron-english-light-cult-5001-6000\items\lccc-5238.html","READY","Would update."
"D:\github\ron-english-light-cult-5001-6000\items\lccc-5239.html","READY","Would update."
"D:\github\ron-english-light-cult-5001-6000\items\lccc-5240.html","READY","Would update."
"D:\github\ron-english-light-cult-5001-6000\items\lccc-5241.html","READY","Would update."
"D:\github\ron-english-light-cult-5001-6000\items\lccc-5242.html","READY","Would update."
"D:\github\ron-english-light-cult-5001-6000\items\lccc-5243.html","READY","Would update."
"D:\github\ron-english-light-cult-5001-6000\items\lccc-5244.html","READY","Would update."
"D:\github\ron-english-light-cult-5001-6000\items\lccc-5246.html","READY","Would update."
"D:\github\ron-english-light-cult-5001-6000\items\lccc-5247.html","READY","Would update."
"D:\github\ron-english-light-cult-5001-6000\items\lccc-5249.html","READY","Would update."
"D:\github\ron-english-light-cult-5001-6000\items\lccc-5250.html","READY","Would update."
"D:\github\ron-english-light-cult-5001-6000\items\lccc-5251.html","READY","Would update."
"D:\github\ron-english-light-cult-5001-6000\items\lccc-5252.html","READY","Would update."
"D:\github\ron-english-light-cult-5001-6000\items\lccc-5254.html","READY","Would update."
"D:\github\ron-english-light-cult-5001-6000\items\lccc-5255.html","READY","Would update."
"D:\github\ron-english-light-cult-5001-6000\items\lccc-5256.html","READY","Would update."
"D:\github\ron-english-light-cult-5001-6000\items\lccc-5257.html","READY","Would update."
"D:\github\ron-english-light-cult-5001-6000\items\lccc-5258.html","READY","Would update."
"D:\github\ron-english-light-cult-5001-6000\items\lccc-5259.html","READY","Would update."
"D:\github\ron-english-light-cult-5001-6000\items\lccc-5260.html","READY","Would update."
"D:\github\ron-english-light-cult-5001-6000\items\lccc-5261.html","READY","Would update."
"D:\github\ron-english-light-cult-5001-6000\items\lccc-5262.html","READY","Would update."
"D:\github\ron-english-light-cult-5001-6000\items\lccc-5263.html","READY","Would update."
"D:\github\ron-english-light-cult-5001-6000\items\lccc-5264.html","READY","Would update."
"D:\github\ron-english-light-cult-5001-6000\items\lccc-5265.html","READY","Would update."
"D:\github\ron-english-light-cult-5001-6000\items\lccc-5266.html","READY","Would update."
"D:\github\ron-english-light-cult-5001-6000\items\lccc-5267.html","READY","Would update."
"D:\github\ron-english-light-cult-5001-6000\items\lccc-5268.html","READY","Would update."
"D:\github\ron-english-light-cult-5001-6000\items\lccc-5269.html","READY","Would update."
"D:\github\ron-english-light-cult-5001-6000\items\lccc-5270.html","READY","Would update."
"D:\github\ron-english-light-cult-5001-6000\items\lccc-5271.html","READY","Would update."
"D:\github\ron-english-light-cult-5001-6000\items\lccc-5272.html","READY","Would update."
"D:\github\ron-english-light-cult-5001-6000\items\lccc-5273.html","READY","Would update."
"D:\github\ron-english-light-cult-5001-6000\items\lccc-5274.html","READY","Would update."
"D:\github\ron-english-light-cult-5001-6000\items\lccc-5275.html","READY","Would update."
"D:\github\ron-english-light-cult-5001-6000\items\lccc-5276.html","READY","Would update."
"D:\github\ron-english-light-cult-5001-6000\items\lccc-5277.html","READY","Would update."
"D:\github\ron-english-light-cult-5001-6000\items\lccc-5278.html","READY","Would update."
"D:\github\ron-english-light-cult-5001-6000\items\lccc-5279.html","READY","Would update."
"D:\github\ron-english-light-cult-5001-6000\items\lccc-5280.html","READY","Would update."
"D:\github\ron-english-light-cult-5001-6000\items\lccc-5281.html","READY","Would update."
"D:\github\ron-english-light-cult-5001-6000\items\lccc-5282.html","READY","Would update."
"D:\github\ron-english-light-cult-5001-6000\items\lccc-5283.html","READY","Would update."
"D:\github\ron-english-light-cult-5001-6000\items\lccc-5284.html","READY","Would update."
"D:\github\ron-english-light-cult-5001-6000\items\lccc-5285.html","READY","Would update."
"D:\github\ron-english-light-cult-5001-6000\items\lccc-5286.html","READY","Would update."
"D:\github\ron-english-light-cult-5001-6000\items\lccc-5287.html","READY","Would update."
"D:\github\ron-english-light-cult-5001-6000\items\lccc-5289.html","READY","Would update."
"D:\github\ron-english-light-cult-5001-6000\items\lccc-5290.html","READY","Would update."
"D:\github\ron-english-light-cult-5001-6000\items\lccc-5291.html","READY","Would update."
"D:\github\ron-english-light-cult-5001-6000\items\lccc-5292.html","READY","Would update."
"D:\github\ron-english-light-cult-5001-6000\items\lccc-5293.html","READY","Would update."
"D:\github\ron-english-light-cult-5001-6000\items\lccc-5294.html","READY","Would update."
"D:\github\ron-english-light-cult-5001-6000\items\lccc-5295.html","READY","Would update."
"D:\github\ron-english-light-cult-5001-6000\items\lccc-5296.html","READY","Would update."
"D:\github\ron-english-light-cult-5001-6000\items\lccc-5297.html","READY","Would update."
"D:\github\ron-english-light-cult-5001-6000\items\lccc-5298.html","READY","Would update."
"D:\github\ron-english-light-cult-5001-6000\items\lccc-5299.html","READY","Would update."
"D:\github\ron-english-light-cult-5001-6000\items\lccc-5300.html","READY","Would update."
"D:\github\ron-english-light-cult-5001-6000\items\lccc-5301.html","READY","Would update."
"D:\github\ron-english-light-cult-5001-6000\items\lccc-5302.html","READY","Would update."
"D:\github\ron-english-light-cult-5001-6000\items\lccc-5303.html","READY","Would update."
"D:\github\ron-english-light-cult-5001-6000\items\lccc-5304.html","READY","Would update."
"D:\github\ron-english-light-cult-5001-6000\items\lccc-5306.html","READY","Would update."
"D:\github\ron-english-light-cult-5001-6000\items\lccc-5307.html","READY","Would update."
"D:\github\ron-english-light-cult-5001-6000\items\lccc-5308.html","READY","Would update."
"D:\github\ron-english-light-cult-5001-6000\items\lccc-5309.html","READY","Would update."
"D:\github\ron-english-light-cult-5001-6000\items\lccc-5310.html","READY","Would update."
"D:\github\ron-english-light-cult-5001-6000\items\lccc-5311.html","READY","Would update."
"D:\github\ron-english-light-cult-5001-6000\items\lccc-5312.html","READY","Would update."
"D:\github\ron-english-light-cult-5001-6000\items\lccc-5313.html","READY","Would update."
"D:\github\ron-english-light-cult-5001-6000\items\lccc-5314.html","READY","Would update."
"D:\github\ron-english-light-cult-5001-6000\items\lccc-5315.html","READY","Would update."
"D:\github\ron-english-light-cult-5001-6000\items\lccc-5316.html","READY","Would update."
"D:\github\ron-english-light-cult-5001-6000\items\lccc-5317.html","READY","Would update."
"D:\github\ron-english-light-cult-5001-6000\items\lccc-5318.html","READY","Would update."
"D:\github\ron-english-light-cult-5001-6000\items\lccc-5319.html","READY","Would update."
"D:\github\ron-english-light-cult-5001-6000\items\lccc-5321.html","READY","Would update."
"D:\github\ron-english-light-cult-5001-6000\items\lccc-5322.html","READY","Would update."
"D:\github\ron-english-light-cult-5001-6000\items\lccc-5323.html","READY","Would update."
"D:\github\ron-english-light-cult-5001-6000\items\lccc-5324.html","READY","Would update."
"D:\github\ron-english-light-cult-5001-6000\items\lccc-5325.html","READY","Would update."
"D:\github\ron-english-light-cult-5001-6000\items\lccc-5326.html","READY","Would update."
"D:\github\ron-english-light-cult-5001-6000\items\lccc-5329.html","READY","Would update."
"D:\github\ron-english-light-cult-5001-6000\items\lccc-5330.html","READY","Would update."
"D:\github\ron-english-light-cult-5001-6000\items\lccc-5331.html","READY","Would update."
"D:\github\ron-english-light-cult-5001-6000\items\lccc-5332.html","READY","Would update."
"D:\github\ron-english-light-cult-5001-6000\items\lccc-5333.html","READY","Would update."
"D:\github\ron-english-light-cult-5001-6000\items\lccc-5334.html","READY","Would update."
"D:\github\ron-english-light-cult-5001-6000\items\lccc-5335.html","READY","Would update."
"D:\github\ron-english-light-cult-5001-6000\items\lccc-5336.html","READY","Would update."
"D:\github\ron-english-light-cult-5001-6000\items\lccc-5337.html","READY","Would update."
"D:\github\ron-english-light-cult-5001-6000\items\lccc-5338.html","READY","Would update."
"D:\github\ron-english-light-cult-5001-6000\items\lccc-5339.html","READY","Would update."
"D:\github\ron-english-light-cult-5001-6000\items\lccc-5340.html","READY","Would update."
"D:\github\ron-english-light-cult-5001-6000\items\lccc-5341.html","READY","Would update."
"D:\github\ron-english-light-cult-5001-6000\items\lccc-5342.html","READY","Would update."
"D:\github\ron-english-light-cult-5001-6000\items\lccc-5343.html","READY","Would update."
"D:\github\ron-english-light-cult-5001-6000\items\lccc-5344.html","READY","Would update."
"D:\github\ron-english-light-cult-5001-6000\items\lccc-5345.html","READY","Would update."
"D:\github\ron-english-light-cult-5001-6000\items\lccc-5346.html","READY","Would update."
"D:\github\ron-english-light-cult-5001-6000\items\lccc-5347.html","READY","Would update."
"D:\github\ron-english-light-cult-5001-6000\items\lccc-5348.html","READY","Would update."
"D:\github\ron-english-light-cult-5001-6000\items\lccc-5349.html","READY","Would update."
"D:\github\ron-english-light-cult-5001-6000\items\lccc-5350.html","READY","Would update."
"D:\github\ron-english-light-cult-5001-6000\items\lccc-5351.html","READY","Would update."
"D:\github\ron-english-light-cult-5001-6000\items\lccc-5352.html","READY","Would update."
"D:\github\ron-english-light-cult-5001-6000\items\lccc-5353.html","READY","Would update."
"D:\github\ron-english-light-cult-5001-6000\items\lccc-5354.html","READY","Would update."
"D:\github\ron-english-light-cult-5001-6000\items\lccc-5355.html","READY","Would update."
"D:\github\ron-english-light-cult-5001-6000\items\lccc-5356.html","READY","Would update."
"D:\github\ron-english-light-cult-5001-6000\items\lccc-5357.html","READY","Would update."
"D:\github\ron-english-light-cult-5001-6000\items\lccc-5358.html","READY","Would update."
"D:\github\ron-english-light-cult-5001-6000\items\lccc-5359.html","READY","Would update."
"D:\github\ron-english-light-cult-5001-6000\items\lccc-5361.html","READY","Would update."
"D:\github\ron-english-light-cult-5001-6000\items\lccc-5362.html","READY","Would update."
"D:\github\ron-english-light-cult-5001-6000\items\lccc-5363.html","READY","Would update."
"D:\github\ron-english-light-cult-5001-6000\items\lccc-5364.html","READY","Would update."
"D:\github\ron-english-light-cult-5001-6000\items\lccc-5365.html","READY","Would update."
"D:\github\ron-english-light-cult-5001-6000\items\lccc-5366.html","READY","Would update."
"D:\github\ron-english-light-cult-5001-6000\items\lccc-5367.html","READY","Would update."
"D:\github\ron-english-light-cult-5001-6000\items\lccc-5368.html","READY","Would update."
"D:\github\ron-english-light-cult-5001-6000\items\lccc-5369.html","READY","Would update."
"D:\github\ron-english-light-cult-5001-6000\items\lccc-5370.html","READY","Would update."
"D:\github\ron-english-light-cult-5001-6000\items\lccc-5371.html","READY","Would update."
"D:\github\ron-english-light-cult-5001-6000\items\lccc-5372.html","READY","Would update."
"D:\github\ron-english-light-cult-5001-6000\items\lccc-5373.html","READY","Would update."
"D:\github\ron-english-light-cult-5001-6000\items\lccc-5374.html","READY","Would update."
"D:\github\ron-english-light-cult-5001-6000\items\lccc-5375.html","READY","Would update."
"D:\github\ron-english-light-cult-5001-6000\items\lccc-5377.html","READY","Would update."
"D:\github\ron-english-light-cult-5001-6000\items\lccc-5378.html","READY","Would update."
"D:\github\ron-english-light-cult-5001-6000\items\lccc-5379.html","READY","Would update."
"D:\github\ron-english-light-cult-5001-6000\items\lccc-5380.html","READY","Would update."
"D:\github\ron-english-light-cult-5001-6000\items\lccc-5381.html","READY","Would update."
"D:\github\ron-english-light-cult-5001-6000\items\lccc-5382.html","READY","Would update."
"D:\github\ron-english-light-cult-5001-6000\items\lccc-5384.html","READY","Would update."
"D:\github\ron-english-light-cult-5001-6000\items\lccc-5385.html","READY","Would update."
"D:\github\ron-english-light-cult-5001-6000\items\lccc-5386.html","READY","Would update."
"D:\github\ron-english-light-cult-5001-6000\items\lccc-5387.html","READY","Would update."
"D:\github\ron-english-light-cult-5001-6000\items\lccc-5388.html","READY","Would update."
"D:\github\ron-english-light-cult-5001-6000\items\lccc-5389.html","READY","Would update."
"D:\github\ron-english-light-cult-5001-6000\items\lccc-5390.html","READY","Would update."
"D:\github\ron-english-light-cult-5001-6000\items\lccc-5391.html","READY","Would update."
"D:\github\ron-english-light-cult-5001-6000\items\lccc-5392.html","READY","Would update."
"D:\github\ron-english-light-cult-5001-6000\items\lccc-5393.html","READY","Would update."
"D:\github\ron-english-light-cult-5001-6000\items\lccc-5394.html","READY","Would update."
"D:\github\ron-english-light-cult-5001-6000\items\lccc-5395.html","READY","Would update."
"D:\github\ron-english-light-cult-5001-6000\items\lccc-5396.html","READY","Would update."
"D:\github\ron-english-light-cult-5001-6000\items\lccc-5397.html","READY","Would update."
"D:\github\ron-english-light-cult-5001-6000\items\lccc-5398.html","READY","Would update."
"D:\github\ron-english-light-cult-5001-6000\items\lccc-5399.html","READY","Would update."
"D:\github\ron-english-light-cult-5001-6000\items\lccc-5400.html","READY","Would update."
"D:\github\ron-english-light-cult-5001-6000\items\lccc-5401.html","READY","Would update."
"D:\github\ron-english-light-cult-5001-6000\items\lccc-5402.html","READY","Would update."
"D:\github\ron-english-light-cult-5001-6000\items\lccc-5403.html","READY","Would update."
"D:\github\ron-english-light-cult-5001-6000\items\lccc-5404.html","READY","Would update."
"D:\github\ron-english-light-cult-5001-6000\items\lccc-5405.html","READY","Would update."
"D:\github\ron-english-light-cult-5001-6000\items\lccc-5406.html","READY","Would update."
"D:\github\ron-english-light-cult-5001-6000\items\lccc-5407.html","READY","Would update."
"D:\github\ron-english-light-cult-5001-6000\items\lccc-5408.html","READY","Would update."
"D:\github\ron-english-light-cult-5001-6000\items\lccc-5410.html","READY","Would update."
"D:\github\ron-english-light-cult-5001-6000\items\lccc-5411.html","READY","Would update."
"D:\github\ron-english-light-cult-5001-6000\items\lccc-5412.html","READY","Would update."
"D:\github\ron-english-light-cult-5001-6000\items\lccc-5413.html","READY","Would update."
"D:\github\ron-english-light-cult-5001-6000\items\lccc-5414.html","READY","Would update."
"D:\github\ron-english-light-cult-5001-6000\items\lccc-5415.html","READY","Would update."
"D:\github\ron-english-light-cult-5001-6000\items\lccc-5417.html","READY","Would update."
"D:\github\ron-english-light-cult-5001-6000\items\lccc-5418.html","READY","Would update."
"D:\github\ron-english-light-cult-5001-6000\items\lccc-5419.html","READY","Would update."
"D:\github\ron-english-light-cult-5001-6000\items\lccc-5420.html","READY","Would update."
"D:\github\ron-english-light-cult-5001-6000\items\lccc-5421.html","READY","Would update."
"D:\github\ron-english-light-cult-5001-6000\items\lccc-5422.html","READY","Would update."
"D:\github\ron-english-light-cult-5001-6000\items\lccc-5424.html","READY","Would update."
"D:\github\ron-english-light-cult-5001-6000\items\lccc-5425.html","READY","Would update."
"D:\github\ron-english-light-cult-5001-6000\items\lccc-5426.html","READY","Would update."
"D:\github\ron-english-light-cult-5001-6000\items\lccc-5427.html","READY","Would update."
"D:\github\ron-english-light-cult-5001-6000\items\lccc-5428.html","READY","Would update."
"D:\github\ron-english-light-cult-5001-6000\items\lccc-5429.html","READY","Would update."
"D:\github\ron-english-light-cult-5001-6000\items\lccc-5430.html","READY","Would update."
"D:\github\ron-english-light-cult-5001-6000\items\lccc-5431.html","READY","Would update."
"D:\github\ron-english-light-cult-5001-6000\items\lccc-5432.html","READY","Would update."
"D:\github\ron-english-light-cult-5001-6000\items\lccc-5433.html","READY","Would update."
"D:\github\ron-english-light-cult-5001-6000\items\lccc-5434.html","READY","Would update."
"D:\github\ron-english-light-cult-5001-6000\items\lccc-5435.html","READY","Would update."
"D:\github\ron-english-light-cult-5001-6000\items\lccc-5436.html","READY","Would update."
"D:\github\ron-english-light-cult-5001-6000\items\lccc-5437.html","READY","Would update."
"D:\github\ron-english-light-cult-5001-6000\items\lccc-5438.html","READY","Would update."
"D:\github\ron-english-light-cult-5001-6000\items\lccc-5439.html","READY","Would update."
"D:\github\ron-english-light-cult-5001-6000\items\lccc-5440.html","READY","Would update."
"D:\github\ron-english-light-cult-5001-6000\items\lccc-5441.html","READY","Would update."
"D:\github\ron-english-light-cult-5001-6000\items\lccc-5442.html","READY","Would update."
"D:\github\ron-english-light-cult-5001-6000\items\lccc-5444.html","READY","Would update."
"D:\github\ron-english-light-cult-5001-6000\items\lccc-5445.html","READY","Would update."
"D:\github\ron-english-light-cult-5001-6000\items\lccc-5446.html","READY","Would update."
"D:\github\ron-english-light-cult-5001-6000\items\lccc-5447.html","READY","Would update."
"D:\github\ron-english-light-cult-5001-6000\items\lccc-5448.html","READY","Would update."
"D:\github\ron-english-light-cult-5001-6000\items\lccc-5450.html","READY","Would update."
"D:\github\ron-english-light-cult-5001-6000\items\lccc-5451.html","READY","Would update."
"D:\github\ron-english-light-cult-5001-6000\items\lccc-5452.html","READY","Would update."
"D:\github\ron-english-light-cult-5001-6000\items\lccc-5453.html","READY","Would update."
"D:\github\ron-english-light-cult-5001-6000\items\lccc-5454.html","READY","Would update."
"D:\github\ron-english-light-cult-5001-6000\items\lccc-5455.html","READY","Would update."
"D:\github\ron-english-light-cult-5001-6000\items\lccc-5456.html","READY","Would update."
"D:\github\ron-english-light-cult-5001-6000\items\lccc-5457.html","READY","Would update."
"D:\github\ron-english-light-cult-5001-6000\items\lccc-5458.html","READY","Would update."
"D:\github\ron-english-light-cult-5001-6000\items\lccc-5459.html","READY","Would update."
"D:\github\ron-english-light-cult-5001-6000\items\lccc-5460.html","READY","Would update."
"D:\github\ron-english-light-cult-5001-6000\items\lccc-5461.html","READY","Would update."
"D:\github\ron-english-light-cult-5001-6000\items\lccc-5462.html","READY","Would update."
"D:\github\ron-english-light-cult-5001-6000\items\lccc-5463.html","READY","Would update."
"D:\github\ron-english-light-cult-5001-6000\items\lccc-5464.html","READY","Would update."
"D:\github\ron-english-light-cult-5001-6000\items\lccc-5465.html","READY","Would update."
"D:\github\ron-english-light-cult-5001-6000\items\lccc-5468.html","READY","Would update."
"D:\github\ron-english-light-cult-5001-6000\items\lccc-5469.html","READY","Would update."
"D:\github\ron-english-light-cult-5001-6000\items\lccc-5470.html","READY","Would update."
"D:\github\ron-english-light-cult-5001-6000\items\lccc-5471.html","READY","Would update."
"D:\github\ron-english-light-cult-5001-6000\items\lccc-5472.html","READY","Would update."
"D:\github\ron-english-light-cult-5001-6000\items\lccc-5474.html","READY","Would update."
"D:\github\ron-english-light-cult-5001-6000\items\lccc-5475.html","READY","Would update."
"D:\github\ron-english-light-cult-5001-6000\items\lccc-5476.html","READY","Would update."
"D:\github\ron-english-light-cult-5001-6000\items\lccc-5477.html","READY","Would update."
"D:\github\ron-english-light-cult-5001-6000\items\lccc-5478.html","READY","Would update."
"D:\github\ron-english-light-cult-5001-6000\items\lccc-5479.html","READY","Would update."
"D:\github\ron-english-light-cult-5001-6000\items\lccc-5480.html","READY","Would update."
"D:\github\ron-english-light-cult-5001-6000\items\lccc-5481.html","READY","Would update."
"D:\github\ron-english-light-cult-5001-6000\items\lccc-5482.html","READY","Would update."
"D:\github\ron-english-light-cult-5001-6000\items\lccc-5483.html","READY","Would update."
"D:\github\ron-english-light-cult-5001-6000\items\lccc-5484.html","READY","Would update."
"D:\github\ron-english-light-cult-5001-6000\items\lccc-5485.html","READY","Would update."
"D:\github\ron-english-light-cult-5001-6000\items\lccc-5486.html","READY","Would update."
"D:\github\ron-english-light-cult-5001-6000\items\lccc-5487.html","READY","Would update."
"D:\github\ron-english-light-cult-5001-6000\items\lccc-5488.html","READY","Would update."
"D:\github\ron-english-light-cult-5001-6000\items\lccc-5489.html","READY","Would update."
"D:\github\ron-english-light-cult-5001-6000\items\lccc-5491.html","READY","Would update."
"D:\github\ron-english-light-cult-5001-6000\items\lccc-5492.html","READY","Would update."
"D:\github\ron-english-light-cult-5001-6000\items\lccc-5493.html","READY","Would update."
"D:\github\ron-english-light-cult-5001-6000\items\lccc-5494.html","READY","Would update."
"D:\github\ron-english-light-cult-5001-6000\items\lccc-5496.html","READY","Would update."
"D:\github\ron-english-light-cult-5001-6000\items\lccc-5497.html","READY","Would update."
"D:\github\ron-english-light-cult-5001-6000\items\lccc-5498.html","READY","Would update."
"D:\github\ron-english-light-cult-5001-6000\items\lccc-5499.html","READY","Would update."
"D:\github\ron-english-light-cult-5001-6000\items\lccc-5500.html","READY","Would update."
"D:\github\ron-english-light-cult-5001-6000\items\lccc-5501.html","READY","Would update."
"D:\github\ron-english-light-cult-5001-6000\items\lccc-5502.html","READY","Would update."
"D:\github\ron-english-light-cult-5001-6000\items\lccc-5503.html","READY","Would update."
"D:\github\ron-english-light-cult-5001-6000\items\lccc-5504.html","READY","Would update."
"D:\github\ron-english-light-cult-5001-6000\items\lccc-5505.html","READY","Would update."
"D:\github\ron-english-light-cult-5001-6000\items\lccc-5506.html","READY","Would update."
"D:\github\ron-english-light-cult-5001-6000\items\lccc-5508.html","READY","Would update."
"D:\github\ron-english-light-cult-5001-6000\items\lccc-5509.html","READY","Would update."
"D:\github\ron-english-light-cult-5001-6000\items\lccc-5510.html","READY","Would update."
"D:\github\ron-english-light-cult-5001-6000\items\lccc-5511.html","READY","Would update."
"D:\github\ron-english-light-cult-5001-6000\items\lccc-5512.html","READY","Would update."
"D:\github\ron-english-light-cult-5001-6000\items\lccc-5513.html","READY","Would update."
"D:\github\ron-english-light-cult-5001-6000\items\lccc-5514.html","READY","Would update."
"D:\github\ron-english-light-cult-5001-6000\items\lccc-5515.html","READY","Would update."
"D:\github\ron-english-light-cult-5001-6000\items\lccc-5516.html","READY","Would update."
"D:\github\ron-english-light-cult-5001-6000\items\lccc-5517.html","READY","Would update."
"D:\github\ron-english-light-cult-5001-6000\items\lccc-5518.html","READY","Would update."
"D:\github\ron-english-light-cult-5001-6000\items\lccc-5519.html","READY","Would update."
"D:\github\ron-english-light-cult-5001-6000\items\lccc-5520.html","READY","Would update."
"D:\github\ron-english-light-cult-5001-6000\items\lccc-5521.html","READY","Would update."
"D:\github\ron-english-light-cult-5001-6000\items\lccc-5522.html","READY","Would update."
"D:\github\ron-english-light-cult-5001-6000\items\lccc-5523.html","READY","Would update."
"D:\github\ron-english-light-cult-5001-6000\items\lccc-5524.html","READY","Would update."
"D:\github\ron-english-light-cult-5001-6000\items\lccc-5525.html","READY","Would update."
"D:\github\ron-english-light-cult-5001-6000\items\lccc-5526.html","READY","Would update."
"D:\github\ron-english-light-cult-5001-6000\items\lccc-5527.html","READY","Would update."
"D:\github\ron-english-light-cult-5001-6000\items\lccc-5528.html","READY","Would update."
"D:\github\ron-english-light-cult-5001-6000\items\lccc-5529.html","READY","Would update."
"D:\github\ron-english-light-cult-5001-6000\items\lccc-5530.html","READY","Would update."
"D:\github\ron-english-light-cult-5001-6000\items\lccc-5532.html","READY","Would update."
"D:\github\ron-english-light-cult-5001-6000\items\lccc-5533.html","READY","Would update."
"D:\github\ron-english-light-cult-5001-6000\items\lccc-5534.html","READY","Would update."
"D:\github\ron-english-light-cult-5001-6000\items\lccc-5535.html","READY","Would update."
"D:\github\ron-english-light-cult-5001-6000\items\lccc-5536.html","READY","Would update."
"D:\github\ron-english-light-cult-5001-6000\items\lccc-5537.html","READY","Would update."
"D:\github\ron-english-light-cult-5001-6000\items\lccc-5538.html","READY","Would update."
"D:\github\ron-english-light-cult-5001-6000\items\lccc-5541.html","READY","Would update."
"D:\github\ron-english-light-cult-5001-6000\items\lccc-5542.html","READY","Would update."
"D:\github\ron-english-light-cult-5001-6000\items\lccc-5543.html","READY","Would update."
"D:\github\ron-english-light-cult-5001-6000\items\lccc-5544.html","READY","Would update."
"D:\github\ron-english-light-cult-5001-6000\items\lccc-5545.html","READY","Would update."
"D:\github\ron-english-light-cult-5001-6000\items\lccc-5546.html","READY","Would update."
"D:\github\ron-english-light-cult-5001-6000\items\lccc-5547.html","READY","Would update."
"D:\github\ron-english-light-cult-5001-6000\items\lccc-5549.html","READY","Would update."
"D:\github\ron-english-light-cult-5001-6000\items\lccc-5550.html","READY","Would update."
"D:\github\ron-english-light-cult-5001-6000\items\lccc-5551.html","READY","Would update."
"D:\github\ron-english-light-cult-5001-6000\items\lccc-5552.html","READY","Would update."
"D:\github\ron-english-light-cult-5001-6000\items\lccc-5553.html","READY","Would update."
"D:\github\ron-english-light-cult-5001-6000\items\lccc-5554.html","READY","Would update."
"D:\github\ron-english-light-cult-5001-6000\items\lccc-5555.html","READY","Would update."
"D:\github\ron-english-light-cult-5001-6000\items\lccc-5556.html","READY","Would update."
"D:\github\ron-english-light-cult-5001-6000\items\lccc-5557.html","READY","Would update."
"D:\github\ron-english-light-cult-5001-6000\items\lccc-5558.html","READY","Would update."
"D:\github\ron-english-light-cult-5001-6000\items\lccc-5560.html","READY","Would update."
"D:\github\ron-english-light-cult-5001-6000\items\lccc-5562.html","READY","Would update."
"D:\github\ron-english-light-cult-5001-6000\items\lccc-5563.html","READY","Would update."
"D:\github\ron-english-light-cult-5001-6000\items\lccc-5564.html","READY","Would update."
"D:\github\ron-english-light-cult-5001-6000\items\lccc-5566.html","READY","Would update."
"D:\github\ron-english-light-cult-5001-6000\items\lccc-5567.html","READY","Would update."
"D:\github\ron-english-light-cult-5001-6000\items\lccc-5568.html","READY","Would update."
"D:\github\ron-english-light-cult-5001-6000\items\lccc-5569.html","READY","Would update."
"D:\github\ron-english-light-cult-5001-6000\items\lccc-5570.html","READY","Would update."
"D:\github\ron-english-light-cult-5001-6000\items\lccc-5572.html","READY","Would update."
"D:\github\ron-english-light-cult-5001-6000\items\lccc-5573.html","READY","Would update."
"D:\github\ron-english-light-cult-5001-6000\items\lccc-5574.html","READY","Would update."
"D:\github\ron-english-light-cult-5001-6000\items\lccc-5575.html","READY","Would update."
"D:\github\ron-english-light-cult-5001-6000\items\lccc-5576.html","READY","Would update."
"D:\github\ron-english-light-cult-5001-6000\items\lccc-5577.html","READY","Would update."
"D:\github\ron-english-light-cult-5001-6000\items\lccc-5578.html","READY","Would update."
"D:\github\ron-english-light-cult-5001-6000\items\lccc-5579.html","READY","Would update."
"D:\github\ron-english-light-cult-5001-6000\items\lccc-5580.html","READY","Would update."
"D:\github\ron-english-light-cult-5001-6000\items\lccc-5581.html","READY","Would update."
"D:\github\ron-english-light-cult-5001-6000\items\lccc-5582.html","READY","Would update."
"D:\github\ron-english-light-cult-5001-6000\items\lccc-5583.html","READY","Would update."
"D:\github\ron-english-light-cult-5001-6000\items\lccc-5584.html","READY","Would update."
"D:\github\ron-english-light-cult-5001-6000\items\lccc-5586.html","READY","Would update."
"D:\github\ron-english-light-cult-5001-6000\items\lccc-5587.html","READY","Would update."
"D:\github\ron-english-light-cult-5001-6000\items\lccc-5589.html","READY","Would update."
"D:\github\ron-english-light-cult-5001-6000\items\lccc-5590.html","READY","Would update."
"D:\github\ron-english-light-cult-5001-6000\items\lccc-5591.html","READY","Would update."
"D:\github\ron-english-light-cult-5001-6000\items\lccc-5592.html","READY","Would update."
"D:\github\ron-english-light-cult-5001-6000\items\lccc-5593.html","READY","Would update."
"D:\github\ron-english-light-cult-5001-6000\items\lccc-5594.html","READY","Would update."
"D:\github\ron-english-light-cult-5001-6000\items\lccc-5595.html","READY","Would update."
"D:\github\ron-english-light-cult-5001-6000\items\lccc-5596.html","READY","Would update."
"D:\github\ron-english-light-cult-5001-6000\items\lccc-5597.html","READY","Would update."
"D:\github\ron-english-light-cult-5001-6000\items\lccc-5598.html","READY","Would update."
"D:\github\ron-english-light-cult-5001-6000\items\lccc-5599.html","READY","Would update."
"D:\github\ron-english-light-cult-5001-6000\items\lccc-5600.html","READY","Would update."
"D:\github\ron-english-light-cult-5001-6000\items\lccc-5602.html","READY","Would update."
"D:\github\ron-english-light-cult-5001-6000\items\lccc-5603.html","READY","Would update."
"D:\github\ron-english-light-cult-5001-6000\items\lccc-5604.html","READY","Would update."
"D:\github\ron-english-light-cult-5001-6000\items\lccc-5605.html","READY","Would update."
"D:\github\ron-english-light-cult-5001-6000\items\lccc-5606.html","READY","Would update."
"D:\github\ron-english-light-cult-5001-6000\items\lccc-5608.html","READY","Would update."
"D:\github\ron-english-light-cult-5001-6000\items\lccc-5609.html","READY","Would update."
"D:\github\ron-english-light-cult-5001-6000\items\lccc-5611.html","READY","Would update."
"D:\github\ron-english-light-cult-5001-6000\items\lccc-5612.html","READY","Would update."
"D:\github\ron-english-light-cult-5001-6000\items\lccc-5613.html","READY","Would update."
"D:\github\ron-english-light-cult-5001-6000\items\lccc-5614.html","READY","Would update."
"D:\github\ron-english-light-cult-5001-6000\items\lccc-5615.html","READY","Would update."
"D:\github\ron-english-light-cult-5001-6000\items\lccc-5617.html","READY","Would update."
"D:\github\ron-english-light-cult-5001-6000\items\lccc-5618.html","READY","Would update."
"D:\github\ron-english-light-cult-5001-6000\items\lccc-5621.html","READY","Would update."
"D:\github\ron-english-light-cult-5001-6000\items\lccc-5622.html","READY","Would update."
"D:\github\ron-english-light-cult-5001-6000\items\lccc-5623.html","READY","Would update."
"D:\github\ron-english-light-cult-5001-6000\items\lccc-5625.html","READY","Would update."
"D:\github\ron-english-light-cult-5001-6000\items\lccc-5626.html","READY","Would update."
"D:\github\ron-english-light-cult-5001-6000\items\lccc-5627.html","READY","Would update."
"D:\github\ron-english-light-cult-5001-6000\items\lccc-5628.html","READY","Would update."
"D:\github\ron-english-light-cult-5001-6000\items\lccc-5629.html","READY","Would update."
"D:\github\ron-english-light-cult-5001-6000\items\lccc-5630.html","READY","Would update."
"D:\github\ron-english-light-cult-5001-6000\items\lccc-5631.html","READY","Would update."
"D:\github\ron-english-light-cult-5001-6000\items\lccc-5633.html","READY","Would update."
"D:\github\ron-english-light-cult-5001-6000\items\lccc-5634.html","READY","Would update."
"D:\github\ron-english-light-cult-5001-6000\items\lccc-5635.html","READY","Would update."
"D:\github\ron-english-light-cult-5001-6000\items\lccc-5636.html","READY","Would update."
"D:\github\ron-english-light-cult-5001-6000\items\lccc-5637.html","READY","Would update."
"D:\github\ron-english-light-cult-5001-6000\items\lccc-5638.html","READY","Would update."
"D:\github\ron-english-light-cult-5001-6000\items\lccc-5640.html","READY","Would update."
"D:\github\ron-english-light-cult-5001-6000\items\lccc-5642.html","READY","Would update."
"D:\github\ron-english-light-cult-5001-6000\items\lccc-5644.html","READY","Would update."
"D:\github\ron-english-light-cult-5001-6000\items\lccc-5645.html","READY","Would update."
"D:\github\ron-english-light-cult-5001-6000\items\lccc-5646.html","READY","Would update."
"D:\github\ron-english-light-cult-5001-6000\items\lccc-5648.html","READY","Would update."
"D:\github\ron-english-light-cult-5001-6000\items\lccc-5649.html","READY","Would update."
"D:\github\ron-english-light-cult-5001-6000\items\lccc-5650.html","READY","Would update."
"D:\github\ron-english-light-cult-5001-6000\items\lccc-5651.html","READY","Would update."
"D:\github\ron-english-light-cult-5001-6000\items\lccc-5652.html","READY","Would update."
"D:\github\ron-english-light-cult-5001-6000\items\lccc-5653.html","READY","Would update."
"D:\github\ron-english-light-cult-5001-6000\items\lccc-5654.html","READY","Would update."
"D:\github\ron-english-light-cult-5001-6000\items\lccc-5655.html","READY","Would update."
"D:\github\ron-english-light-cult-5001-6000\items\lccc-5657.html","READY","Would update."
"D:\github\ron-english-light-cult-5001-6000\items\lccc-5658.html","READY","Would update."
"D:\github\ron-english-light-cult-5001-6000\items\lccc-5659.html","READY","Would update."
"D:\github\ron-english-light-cult-5001-6000\items\lccc-5660.html","READY","Would update."
"D:\github\ron-english-light-cult-5001-6000\items\lccc-5661.html","READY","Would update."
"D:\github\ron-english-light-cult-5001-6000\items\lccc-5662.html","READY","Would update."
"D:\github\ron-english-light-cult-5001-6000\items\lccc-5663.html","READY","Would update."
"D:\github\ron-english-light-cult-5001-6000\items\lccc-5664.html","READY","Would update."
"D:\github\ron-english-light-cult-5001-6000\items\lccc-5665.html","READY","Would update."
"D:\github\ron-english-light-cult-5001-6000\items\lccc-5666.html","READY","Would update."
"D:\github\ron-english-light-cult-5001-6000\items\lccc-5669.html","READY","Would update."
"D:\github\ron-english-light-cult-5001-6000\items\lccc-5670.html","READY","Would update."
"D:\github\ron-english-light-cult-5001-6000\items\lccc-5671.html","READY","Would update."
"D:\github\ron-english-light-cult-5001-6000\items\lccc-5672.html","READY","Would update."
"D:\github\ron-english-light-cult-5001-6000\items\lccc-5673.html","READY","Would update."
"D:\github\ron-english-light-cult-5001-6000\items\lccc-5674.html","READY","Would update."
"D:\github\ron-english-light-cult-5001-6000\items\lccc-5678.html","READY","Would update."
"D:\github\ron-english-light-cult-5001-6000\items\lccc-5679.html","READY","Would update."
"D:\github\ron-english-light-cult-5001-6000\items\lccc-5680.html","READY","Would update."
"D:\github\ron-english-light-cult-5001-6000\items\lccc-5682.html","READY","Would update."
"D:\github\ron-english-light-cult-5001-6000\items\lccc-5683.html","READY","Would update."
"D:\github\ron-english-light-cult-5001-6000\items\lccc-5684.html","READY","Would update."
"D:\github\ron-english-light-cult-5001-6000\items\lccc-5685.html","READY","Would update."
"D:\github\ron-english-light-cult-5001-6000\items\lccc-5686.html","READY","Would update."
"D:\github\ron-english-light-cult-5001-6000\items\lccc-5687.html","READY","Would update."
"D:\github\ron-english-light-cult-5001-6000\items\lccc-5688.html","READY","Would update."
"D:\github\ron-english-light-cult-5001-6000\items\lccc-5689.html","READY","Would update."
"D:\github\ron-english-light-cult-5001-6000\items\lccc-5690.html","READY","Would update."
"D:\github\ron-english-light-cult-5001-6000\items\lccc-5691.html","READY","Would update."
"D:\github\ron-english-light-cult-5001-6000\items\lccc-5692.html","READY","Would update."
"D:\github\ron-english-light-cult-5001-6000\items\lccc-5693.html","READY","Would update."
"D:\github\ron-english-light-cult-5001-6000\items\lccc-5694.html","READY","Would update."
"D:\github\ron-english-light-cult-5001-6000\items\lccc-5695.html","READY","Would update."
"D:\github\ron-english-light-cult-5001-6000\items\lccc-5696.html","READY","Would update."
"D:\github\ron-english-light-cult-5001-6000\items\lccc-5697.html","READY","Would update."
"D:\github\ron-english-light-cult-5001-6000\items\lccc-5700.html","READY","Would update."
"D:\github\ron-english-light-cult-5001-6000\items\lccc-5701.html","READY","Would update."
"D:\github\ron-english-light-cult-5001-6000\items\lccc-5703.html","READY","Would update."
"D:\github\ron-english-light-cult-5001-6000\items\lccc-5704.html","READY","Would update."
"D:\github\ron-english-light-cult-5001-6000\items\lccc-5705.html","READY","Would update."
"D:\github\ron-english-light-cult-5001-6000\items\lccc-5707.html","READY","Would update."
"D:\github\ron-english-light-cult-5001-6000\items\lccc-5708.html","READY","Would update."
"D:\github\ron-english-light-cult-5001-6000\items\lccc-5709.html","READY","Would update."
"D:\github\ron-english-light-cult-5001-6000\items\lccc-5710.html","READY","Would update."
"D:\github\ron-english-light-cult-5001-6000\items\lccc-5711.html","READY","Would update."
"D:\github\ron-english-light-cult-5001-6000\items\lccc-5712.html","READY","Would update."
"D:\github\ron-english-light-cult-5001-6000\items\lccc-5713.html","READY","Would update."
"D:\github\ron-english-light-cult-5001-6000\items\lccc-5714.html","READY","Would update."
"D:\github\ron-english-light-cult-5001-6000\items\lccc-5715.html","READY","Would update."
"D:\github\ron-english-light-cult-5001-6000\items\lccc-5716.html","READY","Would update."
"D:\github\ron-english-light-cult-5001-6000\items\lccc-5717.html","READY","Would update."
"D:\github\ron-english-light-cult-5001-6000\items\lccc-5718.html","READY","Would update."
"D:\github\ron-english-light-cult-5001-6000\items\lccc-5719.html","READY","Would update."
"D:\github\ron-english-light-cult-5001-6000\items\lccc-5720.html","READY","Would update."
"D:\github\ron-english-light-cult-5001-6000\items\lccc-5721.html","READY","Would update."
"D:\github\ron-english-light-cult-5001-6000\items\lccc-5722.html","READY","Would update."
"D:\github\ron-english-light-cult-5001-6000\items\lccc-5723.html","READY","Would update."
"D:\github\ron-english-light-cult-5001-6000\items\lccc-5724.html","READY","Would update."
"D:\github\ron-english-light-cult-5001-6000\items\lccc-5725.html","READY","Would update."
"D:\github\ron-english-light-cult-5001-6000\items\lccc-5726.html","READY","Would update."
"D:\github\ron-english-light-cult-5001-6000\items\lccc-5727.html","READY","Would update."
"D:\github\ron-english-light-cult-5001-6000\items\lccc-5728.html","READY","Would update."
"D:\github\ron-english-light-cult-5001-6000\items\lccc-5729.html","READY","Would update."
"D:\github\ron-english-light-cult-5001-6000\items\lccc-5730.html","READY","Would update."
"D:\github\ron-english-light-cult-5001-6000\items\lccc-5731.html","READY","Would update."
"D:\github\ron-english-light-cult-5001-6000\items\lccc-5733.html","READY","Would update."
"D:\github\ron-english-light-cult-5001-6000\items\lccc-5734.html","READY","Would update."
"D:\github\ron-english-light-cult-5001-6000\items\lccc-5735.html","READY","Would update."
"D:\github\ron-english-light-cult-5001-6000\items\lccc-5736.html","READY","Would update."
"D:\github\ron-english-light-cult-5001-6000\items\lccc-5737.html","READY","Would update."
"D:\github\ron-english-light-cult-5001-6000\items\lccc-5738.html","READY","Would update."
"D:\github\ron-english-light-cult-5001-6000\items\lccc-5739.html","READY","Would update."
"D:\github\ron-english-light-cult-5001-6000\items\lccc-5740.html","READY","Would update."
"D:\github\ron-english-light-cult-5001-6000\items\lccc-5741.html","READY","Would update."
"D:\github\ron-english-light-cult-5001-6000\items\lccc-5742.html","READY","Would update."
"D:\github\ron-english-light-cult-5001-6000\items\lccc-5743.html","READY","Would update."
"D:\github\ron-english-light-cult-5001-6000\items\lccc-5744.html","READY","Would update."
"D:\github\ron-english-light-cult-5001-6000\items\lccc-5745.html","READY","Would update."
"D:\github\ron-english-light-cult-5001-6000\items\lccc-5747.html","READY","Would update."
"D:\github\ron-english-light-cult-5001-6000\items\lccc-5748.html","READY","Would update."
"D:\github\ron-english-light-cult-5001-6000\items\lccc-5749.html","READY","Would update."
"D:\github\ron-english-light-cult-5001-6000\items\lccc-5750.html","READY","Would update."
"D:\github\ron-english-light-cult-5001-6000\items\lccc-5752.html","READY","Would update."
"D:\github\ron-english-light-cult-5001-6000\items\lccc-5753.html","READY","Would update."
"D:\github\ron-english-light-cult-5001-6000\items\lccc-5754.html","READY","Would update."
"D:\github\ron-english-light-cult-5001-6000\items\lccc-5755.html","READY","Would update."
"D:\github\ron-english-light-cult-5001-6000\items\lccc-5756.html","READY","Would update."
"D:\github\ron-english-light-cult-5001-6000\items\lccc-5757.html","READY","Would update."
"D:\github\ron-english-light-cult-5001-6000\items\lccc-5759.html","READY","Would update."
"D:\github\ron-english-light-cult-5001-6000\items\lccc-5760.html","READY","Would update."
"D:\github\ron-english-light-cult-5001-6000\items\lccc-5761.html","READY","Would update."
"D:\github\ron-english-light-cult-5001-6000\items\lccc-5763.html","READY","Would update."
"D:\github\ron-english-light-cult-5001-6000\items\lccc-5764.html","READY","Would update."
"D:\github\ron-english-light-cult-5001-6000\items\lccc-5765.html","READY","Would update."
"D:\github\ron-english-light-cult-5001-6000\items\lccc-5766.html","READY","Would update."
"D:\github\ron-english-light-cult-5001-6000\items\lccc-5769.html","READY","Would update."
"D:\github\ron-english-light-cult-5001-6000\items\lccc-5770.html","READY","Would update."
"D:\github\ron-english-light-cult-5001-6000\items\lccc-5771.html","READY","Would update."
"D:\github\ron-english-light-cult-5001-6000\items\lccc-5772.html","READY","Would update."
"D:\github\ron-english-light-cult-5001-6000\items\lccc-5773.html","READY","Would update."
"D:\github\ron-english-light-cult-5001-6000\items\lccc-5774.html","READY","Would update."
"D:\github\ron-english-light-cult-5001-6000\items\lccc-5775.html","READY","Would update."
"D:\github\ron-english-light-cult-5001-6000\items\lccc-5776.html","READY","Would update."
"D:\github\ron-english-light-cult-5001-6000\items\lccc-5778.html","READY","Would update."
"D:\github\ron-english-light-cult-5001-6000\items\lccc-5779.html","READY","Would update."
"D:\github\ron-english-light-cult-5001-6000\items\lccc-5780.html","READY","Would update."
"D:\github\ron-english-light-cult-5001-6000\items\lccc-5781.html","READY","Would update."
"D:\github\ron-english-light-cult-5001-6000\items\lccc-5782.html","READY","Would update."
"D:\github\ron-english-light-cult-5001-6000\items\lccc-5784.html","READY","Would update."
"D:\github\ron-english-light-cult-5001-6000\items\lccc-5785.html","READY","Would update."
"D:\github\ron-english-light-cult-5001-6000\items\lccc-5787.html","READY","Would update."
"D:\github\ron-english-light-cult-5001-6000\items\lccc-5788.html","READY","Would update."
"D:\github\ron-english-light-cult-5001-6000\items\lccc-5789.html","READY","Would update."
"D:\github\ron-english-light-cult-5001-6000\items\lccc-5790.html","READY","Would update."
"D:\github\ron-english-light-cult-5001-6000\items\lccc-5791.html","READY","Would update."
"D:\github\ron-english-light-cult-5001-6000\items\lccc-5793.html","READY","Would update."
"D:\github\ron-english-light-cult-5001-6000\items\lccc-5794.html","READY","Would update."
"D:\github\ron-english-light-cult-5001-6000\items\lccc-5795.html","READY","Would update."
"D:\github\ron-english-light-cult-5001-6000\items\lccc-5796.html","READY","Would update."
"D:\github\ron-english-light-cult-5001-6000\items\lccc-5797.html","READY","Would update."
"D:\github\ron-english-light-cult-5001-6000\items\lccc-5798.html","READY","Would update."
"D:\github\ron-english-light-cult-5001-6000\items\lccc-5799.html","READY","Would update."
"D:\github\ron-english-light-cult-5001-6000\items\lccc-5800.html","READY","Would update."
"D:\github\ron-english-light-cult-5001-6000\items\lccc-5801.html","READY","Would update."
"D:\github\ron-english-light-cult-5001-6000\items\lccc-5802.html","READY","Would update."
"D:\github\ron-english-light-cult-5001-6000\items\lccc-5803.html","READY","Would update."
"D:\github\ron-english-light-cult-5001-6000\items\lccc-5804.html","READY","Would update."
"D:\github\ron-english-light-cult-5001-6000\items\lccc-5805.html","READY","Would update."
"D:\github\ron-english-light-cult-5001-6000\items\lccc-5806.html","READY","Would update."
"D:\github\ron-english-light-cult-5001-6000\items\lccc-5807.html","READY","Would update."
"D:\github\ron-english-light-cult-5001-6000\items\lccc-5808.html","READY","Would update."
"D:\github\ron-english-light-cult-5001-6000\items\lccc-5809.html","READY","Would update."
"D:\github\ron-english-light-cult-5001-6000\items\lccc-5810.html","READY","Would update."
"D:\github\ron-english-light-cult-5001-6000\items\lccc-5811.html","READY","Would update."
"D:\github\ron-english-light-cult-5001-6000\items\lccc-5812.html","READY","Would update."
"D:\github\ron-english-light-cult-5001-6000\items\lccc-5813.html","READY","Would update."
"D:\github\ron-english-light-cult-5001-6000\items\lccc-5814.html","READY","Would update."
"D:\github\ron-english-light-cult-5001-6000\items\lccc-5816.html","READY","Would update."
"D:\github\ron-english-light-cult-5001-6000\items\lccc-5817.html","READY","Would update."
"D:\github\ron-english-light-cult-5001-6000\items\lccc-5818.html","READY","Would update."
"D:\github\ron-english-light-cult-5001-6000\items\lccc-5819.html","READY","Would update."
"D:\github\ron-english-light-cult-5001-6000\items\lccc-5820.html","READY","Would update."
"D:\github\ron-english-light-cult-5001-6000\items\lccc-5821.html","READY","Would update."
"D:\github\ron-english-light-cult-5001-6000\items\lccc-5822.html","READY","Would update."
"D:\github\ron-english-light-cult-5001-6000\items\lccc-5823.html","READY","Would update."
"D:\github\ron-english-light-cult-5001-6000\items\lccc-5824.html","READY","Would update."
"D:\github\ron-english-light-cult-5001-6000\items\lccc-5825.html","READY","Would update."
"D:\github\ron-english-light-cult-5001-6000\items\lccc-5827.html","READY","Would update."
"D:\github\ron-english-light-cult-5001-6000\items\lccc-5828.html","READY","Would update."
"D:\github\ron-english-light-cult-5001-6000\items\lccc-5829.html","READY","Would update."
"D:\github\ron-english-light-cult-5001-6000\items\lccc-5830.html","READY","Would update."
"D:\github\ron-english-light-cult-5001-6000\items\lccc-5831.html","READY","Would update."
"D:\github\ron-english-light-cult-5001-6000\items\lccc-5832.html","READY","Would update."
"D:\github\ron-english-light-cult-5001-6000\items\lccc-5833.html","READY","Would update."
"D:\github\ron-english-light-cult-5001-6000\items\lccc-5834.html","READY","Would update."
"D:\github\ron-english-light-cult-5001-6000\items\lccc-5835.html","READY","Would update."
"D:\github\ron-english-light-cult-5001-6000\items\lccc-5836.html","READY","Would update."
"D:\github\ron-english-light-cult-5001-6000\items\lccc-5837.html","READY","Would update."
"D:\github\ron-english-light-cult-5001-6000\items\lccc-5838.html","READY","Would update."
"D:\github\ron-english-light-cult-5001-6000\items\lccc-5839.html","READY","Would update."
"D:\github\ron-english-light-cult-5001-6000\items\lccc-5841.html","READY","Would update."
"D:\github\ron-english-light-cult-5001-6000\items\lccc-5842.html","READY","Would update."
"D:\github\ron-english-light-cult-5001-6000\items\lccc-5843.html","READY","Would update."
"D:\github\ron-english-light-cult-5001-6000\items\lccc-5844.html","READY","Would update."
"D:\github\ron-english-light-cult-5001-6000\items\lccc-5845.html","READY","Would update."
"D:\github\ron-english-light-cult-5001-6000\items\lccc-5846.html","READY","Would update."
"D:\github\ron-english-light-cult-5001-6000\items\lccc-5847.html","READY","Would update."
"D:\github\ron-english-light-cult-5001-6000\items\lccc-5848.html","READY","Would update."
"D:\github\ron-english-light-cult-5001-6000\items\lccc-5849.html","READY","Would update."
"D:\github\ron-english-light-cult-5001-6000\items\lccc-5850.html","READY","Would update."
"D:\github\ron-english-light-cult-5001-6000\items\lccc-5851.html","READY","Would update."
"D:\github\ron-english-light-cult-5001-6000\items\lccc-5852.html","READY","Would update."
"D:\github\ron-english-light-cult-5001-6000\items\lccc-5853.html","READY","Would update."
"D:\github\ron-english-light-cult-5001-6000\items\lccc-5854.html","READY","Would update."
"D:\github\ron-english-light-cult-5001-6000\items\lccc-5855.html","READY","Would update."
"D:\github\ron-english-light-cult-5001-6000\items\lccc-5856.html","READY","Would update."
"D:\github\ron-english-light-cult-5001-6000\items\lccc-5857.html","READY","Would update."
"D:\github\ron-english-light-cult-5001-6000\items\lccc-5858.html","READY","Would update."
"D:\github\ron-english-light-cult-5001-6000\items\lccc-5860.html","READY","Would update."
"D:\github\ron-english-light-cult-5001-6000\items\lccc-5861.html","READY","Would update."
"D:\github\ron-english-light-cult-5001-6000\items\lccc-5862.html","READY","Would update."
"D:\github\ron-english-light-cult-5001-6000\items\lccc-5863.html","READY","Would update."
"D:\github\ron-english-light-cult-5001-6000\items\lccc-5864.html","READY","Would update."
"D:\github\ron-english-light-cult-5001-6000\items\lccc-5866.html","READY","Would update."
"D:\github\ron-english-light-cult-5001-6000\items\lccc-5868.html","READY","Would update."
"D:\github\ron-english-light-cult-5001-6000\items\lccc-5869.html","READY","Would update."
"D:\github\ron-english-light-cult-5001-6000\items\lccc-5870.html","READY","Would update."
"D:\github\ron-english-light-cult-5001-6000\items\lccc-5871.html","READY","Would update."
"D:\github\ron-english-light-cult-5001-6000\items\lccc-5872.html","READY","Would update."
"D:\github\ron-english-light-cult-5001-6000\items\lccc-5873.html","READY","Would update."
"D:\github\ron-english-light-cult-5001-6000\items\lccc-5874.html","READY","Would update."
"D:\github\ron-english-light-cult-5001-6000\items\lccc-5876.html","READY","Would update."
"D:\github\ron-english-light-cult-5001-6000\items\lccc-5877.html","READY","Would update."
"D:\github\ron-english-light-cult-5001-6000\items\lccc-5878.html","READY","Would update."
"D:\github\ron-english-light-cult-5001-6000\items\lccc-5879.html","READY","Would update."
"D:\github\ron-english-light-cult-5001-6000\items\lccc-5880.html","READY","Would update."
"D:\github\ron-english-light-cult-5001-6000\items\lccc-5881.html","READY","Would update."
"D:\github\ron-english-light-cult-5001-6000\items\lccc-5882.html","READY","Would update."
"D:\github\ron-english-light-cult-5001-6000\items\lccc-5884.html","READY","Would update."
"D:\github\ron-english-light-cult-5001-6000\items\lccc-5886.html","READY","Would update."
"D:\github\ron-english-light-cult-5001-6000\items\lccc-5887.html","READY","Would update."
"D:\github\ron-english-light-cult-5001-6000\items\lccc-5888.html","READY","Would update."
"D:\github\ron-english-light-cult-5001-6000\items\lccc-5889.html","READY","Would update."
"D:\github\ron-english-light-cult-5001-6000\items\lccc-5890.html","READY","Would update."
"D:\github\ron-english-light-cult-5001-6000\items\lccc-5891.html","READY","Would update."
"D:\github\ron-english-light-cult-5001-6000\items\lccc-5892.html","READY","Would update."
"D:\github\ron-english-light-cult-5001-6000\items\lccc-5893.html","READY","Would update."
"D:\github\ron-english-light-cult-5001-6000\items\lccc-5894.html","READY","Would update."
"D:\github\ron-english-light-cult-5001-6000\items\lccc-5895.html","READY","Would update."
"D:\github\ron-english-light-cult-5001-6000\items\lccc-5898.html","READY","Would update."
"D:\github\ron-english-light-cult-5001-6000\items\lccc-5901.html","READY","Would update."
"D:\github\ron-english-light-cult-5001-6000\items\lccc-5902.html","READY","Would update."
"D:\github\ron-english-light-cult-5001-6000\items\lccc-5903.html","READY","Would update."
"D:\github\ron-english-light-cult-5001-6000\items\lccc-5904.html","READY","Would update."
"D:\github\ron-english-light-cult-5001-6000\items\lccc-5905.html","READY","Would update."
"D:\github\ron-english-light-cult-5001-6000\items\lccc-5906.html","READY","Would update."
"D:\github\ron-english-light-cult-5001-6000\items\lccc-5907.html","READY","Would update."
"D:\github\ron-english-light-cult-5001-6000\items\lccc-5908.html","READY","Would update."
"D:\github\ron-english-light-cult-5001-6000\items\lccc-5909.html","READY","Would update."
"D:\github\ron-english-light-cult-5001-6000\items\lccc-5910.html","READY","Would update."
"D:\github\ron-english-light-cult-5001-6000\items\lccc-5911.html","READY","Would update."
"D:\github\ron-english-light-cult-5001-6000\items\lccc-5912.html","READY","Would update."
"D:\github\ron-english-light-cult-5001-6000\items\lccc-5913.html","READY","Would update."
"D:\github\ron-english-light-cult-5001-6000\items\lccc-5915.html","READY","Would update."
"D:\github\ron-english-light-cult-5001-6000\items\lccc-5916.html","READY","Would update."
"D:\github\ron-english-light-cult-5001-6000\items\lccc-5917.html","READY","Would update."
"D:\github\ron-english-light-cult-5001-6000\items\lccc-5918.html","READY","Would update."
"D:\github\ron-english-light-cult-5001-6000\items\lccc-5919.html","READY","Would update."
"D:\github\ron-english-light-cult-5001-6000\items\lccc-5920.html","READY","Would update."
"D:\github\ron-english-light-cult-5001-6000\items\lccc-5921.html","READY","Would update."
"D:\github\ron-english-light-cult-5001-6000\items\lccc-5923.html","READY","Would update."
"D:\github\ron-english-light-cult-5001-6000\items\lccc-5924.html","READY","Would update."
"D:\github\ron-english-light-cult-5001-6000\items\lccc-5925.html","READY","Would update."
"D:\github\ron-english-light-cult-5001-6000\items\lccc-5926.html","READY","Would update."
"D:\github\ron-english-light-cult-5001-6000\items\lccc-5927.html","READY","Would update."
"D:\github\ron-english-light-cult-5001-6000\items\lccc-5928.html","READY","Would update."
"D:\github\ron-english-light-cult-5001-6000\items\lccc-5929.html","READY","Would update."
"D:\github\ron-english-light-cult-5001-6000\items\lccc-5930.html","READY","Would update."
"D:\github\ron-english-light-cult-5001-6000\items\lccc-5931.html","READY","Would update."
"D:\github\ron-english-light-cult-5001-6000\items\lccc-5932.html","READY","Would update."
"D:\github\ron-english-light-cult-5001-6000\items\lccc-5933.html","READY","Would update."
"D:\github\ron-english-light-cult-5001-6000\items\lccc-5934.html","READY","Would update."
"D:\github\ron-english-light-cult-5001-6000\items\lccc-5935.html","READY","Would update."
"D:\github\ron-english-light-cult-5001-6000\items\lccc-5936.html","READY","Would update."
"D:\github\ron-english-light-cult-5001-6000\items\lccc-5937.html","READY","Would update."
"D:\github\ron-english-light-cult-5001-6000\items\lccc-5938.html","READY","Would update."
"D:\github\ron-english-light-cult-5001-6000\items\lccc-5940.html","READY","Would update."
"D:\github\ron-english-light-cult-5001-6000\items\lccc-5941.html","READY","Would update."
"D:\github\ron-english-light-cult-5001-6000\items\lccc-5942.html","READY","Would update."
"D:\github\ron-english-light-cult-5001-6000\items\lccc-5943.html","READY","Would update."
"D:\github\ron-english-light-cult-5001-6000\items\lccc-5944.html","READY","Would update."
"D:\github\ron-english-light-cult-5001-6000\items\lccc-5945.html","READY","Would update."
"D:\github\ron-english-light-cult-5001-6000\items\lccc-5946.html","READY","Would update."
"D:\github\ron-english-light-cult-5001-6000\items\lccc-5947.html","READY","Would update."
"D:\github\ron-english-light-cult-5001-6000\items\lccc-5949.html","READY","Would update."
"D:\github\ron-english-light-cult-5001-6000\items\lccc-5952.html","READY","Would update."
"D:\github\ron-english-light-cult-5001-6000\items\lccc-5953.html","READY","Would update."
"D:\github\ron-english-light-cult-5001-6000\items\lccc-5954.html","READY","Would update."
"D:\github\ron-english-light-cult-5001-6000\items\lccc-5955.html","READY","Would update."
"D:\github\ron-english-light-cult-5001-6000\items\lccc-5956.html","READY","Would update."
"D:\github\ron-english-light-cult-5001-6000\items\lccc-5957.html","READY","Would update."
"D:\github\ron-english-light-cult-5001-6000\items\lccc-5958.html","READY","Would update."
"D:\github\ron-english-light-cult-5001-6000\items\lccc-5959.html","READY","Would update."
"D:\github\ron-english-light-cult-5001-6000\items\lccc-5960.html","READY","Would update."
"D:\github\ron-english-light-cult-5001-6000\items\lccc-5961.html","READY","Would update."
"D:\github\ron-english-light-cult-5001-6000\items\lccc-5962.html","READY","Would update."
"D:\github\ron-english-light-cult-5001-6000\items\lccc-5963.html","READY","Would update."
"D:\github\ron-english-light-cult-5001-6000\items\lccc-5964.html","READY","Would update."
"D:\github\ron-english-light-cult-5001-6000\items\lccc-5965.html","READY","Would update."
"D:\github\ron-english-light-cult-5001-6000\items\lccc-5966.html","READY","Would update."
"D:\github\ron-english-light-cult-5001-6000\items\lccc-5967.html","READY","Would update."
"D:\github\ron-english-light-cult-5001-6000\items\lccc-5968.html","READY","Would update."
"D:\github\ron-english-light-cult-5001-6000\items\lccc-5969.html","READY","Would update."
"D:\github\ron-english-light-cult-5001-6000\items\lccc-5970.html","READY","Would update."
"D:\github\ron-english-light-cult-5001-6000\items\lccc-5971.html","READY","Would update."
"D:\github\ron-english-light-cult-5001-6000\items\lccc-5972.html","READY","Would update."
"D:\github\ron-english-light-cult-5001-6000\items\lccc-5973.html","READY","Would update."
"D:\github\ron-english-light-cult-5001-6000\items\lccc-5974.html","READY","Would update."
"D:\github\ron-english-light-cult-5001-6000\items\lccc-5975.html","READY","Would update."
"D:\github\ron-english-light-cult-5001-6000\items\lccc-5976.html","READY","Would update."
"D:\github\ron-english-light-cult-5001-6000\items\lccc-5977.html","READY","Would update."
"D:\github\ron-english-light-cult-5001-6000\items\lccc-5978.html","READY","Would update."
"D:\github\ron-english-light-cult-5001-6000\items\lccc-5979.html","READY","Would update."
"D:\github\ron-english-light-cult-5001-6000\items\lccc-5980.html","READY","Would update."
"D:\github\ron-english-light-cult-5001-6000\items\lccc-5981.html","READY","Would update."
"D:\github\ron-english-light-cult-5001-6000\items\lccc-5982.html","READY","Would update."
"D:\github\ron-english-light-cult-5001-6000\items\lccc-5983.html","READY","Would update."
"D:\github\ron-english-light-cult-5001-6000\items\lccc-5985.html","READY","Would update."
"D:\github\ron-english-light-cult-5001-6000\items\lccc-5986.html","READY","Would update."
"D:\github\ron-english-light-cult-5001-6000\items\lccc-5987.html","READY","Would update."
"D:\github\ron-english-light-cult-5001-6000\items\lccc-5988.html","READY","Would update."
"D:\github\ron-english-light-cult-5001-6000\items\lccc-5989.html","READY","Would update."
"D:\github\ron-english-light-cult-5001-6000\items\lccc-5990.html","READY","Would update."
"D:\github\ron-english-light-cult-5001-6000\items\lccc-5991.html","READY","Would update."
"D:\github\ron-english-light-cult-5001-6000\items\lccc-5993.html","READY","Would update."
"D:\github\ron-english-light-cult-5001-6000\items\lccc-5994.html","READY","Would update."
"D:\github\ron-english-light-cult-5001-6000\items\lccc-5995.html","READY","Would update."
"D:\github\ron-english-light-cult-5001-6000\items\lccc-5996.html","READY","Would update."
"D:\github\ron-english-light-cult-5001-6000\items\lccc-5997.html","READY","Would update."
"D:\github\ron-english-light-cult-5001-6000\items\lccc-5998.html","READY","Would update."
"D:\github\ron-english-light-cult-5001-6000\items\lccc-5999.html","READY","Would update."
"D:\github\ron-english-light-cult-5001-6000\items\lccc-6000.html","READY","Would update."
"D:\github\ron-english-light-cult-6001-7000\index.html","SKIP","No changes needed."
"D:\github\ron-english-light-cult-6001-7000\gallery-6001-6100.html","READY","Would update."
"D:\github\ron-english-light-cult-6001-7000\gallery-6101-6200.html","READY","Would update."
"D:\github\ron-english-light-cult-6001-7000\gallery-6201-6300.html","READY","Would update."
"D:\github\ron-english-light-cult-6001-7000\gallery-6301-6400.html","READY","Would update."
"D:\github\ron-english-light-cult-6001-7000\gallery-6401-6500.html","READY","Would update."
"D:\github\ron-english-light-cult-6001-7000\gallery-6501-6600.html","READY","Would update."
"D:\github\ron-english-light-cult-6001-7000\gallery-6601-6700.html","READY","Would update."
"D:\github\ron-english-light-cult-6001-7000\gallery-6701-6800.html","READY","Would update."
"D:\github\ron-english-light-cult-6001-7000\gallery-6801-6900.html","READY","Would update."
"D:\github\ron-english-light-cult-6001-7000\gallery-6901-7000.html","READY","Would update."
"D:\github\ron-english-light-cult-6001-7000\items\lccc-6001.html","READY","Would update."
"D:\github\ron-english-light-cult-6001-7000\items\lccc-6002.html","READY","Would update."
"D:\github\ron-english-light-cult-6001-7000\items\lccc-6003.html","READY","Would update."
"D:\github\ron-english-light-cult-6001-7000\items\lccc-6004.html","READY","Would update."
"D:\github\ron-english-light-cult-6001-7000\items\lccc-6005.html","READY","Would update."
"D:\github\ron-english-light-cult-6001-7000\items\lccc-6006.html","READY","Would update."
"D:\github\ron-english-light-cult-6001-7000\items\lccc-6007.html","READY","Would update."
"D:\github\ron-english-light-cult-6001-7000\items\lccc-6008.html","READY","Would update."
"D:\github\ron-english-light-cult-6001-7000\items\lccc-6009.html","READY","Would update."
"D:\github\ron-english-light-cult-6001-7000\items\lccc-6011.html","READY","Would update."
"D:\github\ron-english-light-cult-6001-7000\items\lccc-6012.html","READY","Would update."
"D:\github\ron-english-light-cult-6001-7000\items\lccc-6013.html","READY","Would update."
"D:\github\ron-english-light-cult-6001-7000\items\lccc-6015.html","READY","Would update."
"D:\github\ron-english-light-cult-6001-7000\items\lccc-6016.html","READY","Would update."
"D:\github\ron-english-light-cult-6001-7000\items\lccc-6017.html","READY","Would update."
"D:\github\ron-english-light-cult-6001-7000\items\lccc-6018.html","READY","Would update."
"D:\github\ron-english-light-cult-6001-7000\items\lccc-6019.html","READY","Would update."
"D:\github\ron-english-light-cult-6001-7000\items\lccc-6020.html","READY","Would update."
"D:\github\ron-english-light-cult-6001-7000\items\lccc-6021.html","READY","Would update."
"D:\github\ron-english-light-cult-6001-7000\items\lccc-6022.html","READY","Would update."
"D:\github\ron-english-light-cult-6001-7000\items\lccc-6023.html","READY","Would update."
"D:\github\ron-english-light-cult-6001-7000\items\lccc-6024.html","READY","Would update."
"D:\github\ron-english-light-cult-6001-7000\items\lccc-6025.html","READY","Would update."
"D:\github\ron-english-light-cult-6001-7000\items\lccc-6027.html","READY","Would update."
"D:\github\ron-english-light-cult-6001-7000\items\lccc-6028.html","READY","Would update."
"D:\github\ron-english-light-cult-6001-7000\items\lccc-6029.html","READY","Would update."
"D:\github\ron-english-light-cult-6001-7000\items\lccc-6030.html","READY","Would update."
"D:\github\ron-english-light-cult-6001-7000\items\lccc-6031.html","READY","Would update."
"D:\github\ron-english-light-cult-6001-7000\items\lccc-6033.html","READY","Would update."
"D:\github\ron-english-light-cult-6001-7000\items\lccc-6034.html","READY","Would update."
"D:\github\ron-english-light-cult-6001-7000\items\lccc-6035.html","READY","Would update."
"D:\github\ron-english-light-cult-6001-7000\items\lccc-6036.html","READY","Would update."
"D:\github\ron-english-light-cult-6001-7000\items\lccc-6037.html","READY","Would update."
"D:\github\ron-english-light-cult-6001-7000\items\lccc-6038.html","READY","Would update."
"D:\github\ron-english-light-cult-6001-7000\items\lccc-6039.html","READY","Would update."
"D:\github\ron-english-light-cult-6001-7000\items\lccc-6040.html","READY","Would update."
"D:\github\ron-english-light-cult-6001-7000\items\lccc-6041.html","READY","Would update."
"D:\github\ron-english-light-cult-6001-7000\items\lccc-6042.html","READY","Would update."
"D:\github\ron-english-light-cult-6001-7000\items\lccc-6043.html","READY","Would update."
"D:\github\ron-english-light-cult-6001-7000\items\lccc-6044.html","READY","Would update."
"D:\github\ron-english-light-cult-6001-7000\items\lccc-6045.html","READY","Would update."
"D:\github\ron-english-light-cult-6001-7000\items\lccc-6046.html","READY","Would update."
"D:\github\ron-english-light-cult-6001-7000\items\lccc-6047.html","READY","Would update."
"D:\github\ron-english-light-cult-6001-7000\items\lccc-6048.html","READY","Would update."
"D:\github\ron-english-light-cult-6001-7000\items\lccc-6049.html","READY","Would update."
"D:\github\ron-english-light-cult-6001-7000\items\lccc-6050.html","READY","Would update."
"D:\github\ron-english-light-cult-6001-7000\items\lccc-6051.html","READY","Would update."
"D:\github\ron-english-light-cult-6001-7000\items\lccc-6053.html","READY","Would update."
"D:\github\ron-english-light-cult-6001-7000\items\lccc-6054.html","READY","Would update."
"D:\github\ron-english-light-cult-6001-7000\items\lccc-6056.html","READY","Would update."
"D:\github\ron-english-light-cult-6001-7000\items\lccc-6057.html","READY","Would update."
"D:\github\ron-english-light-cult-6001-7000\items\lccc-6059.html","READY","Would update."
"D:\github\ron-english-light-cult-6001-7000\items\lccc-6060.html","READY","Would update."
"D:\github\ron-english-light-cult-6001-7000\items\lccc-6061.html","READY","Would update."
"D:\github\ron-english-light-cult-6001-7000\items\lccc-6064.html","READY","Would update."
"D:\github\ron-english-light-cult-6001-7000\items\lccc-6065.html","READY","Would update."
"D:\github\ron-english-light-cult-6001-7000\items\lccc-6066.html","READY","Would update."
"D:\github\ron-english-light-cult-6001-7000\items\lccc-6067.html","READY","Would update."
"D:\github\ron-english-light-cult-6001-7000\items\lccc-6068.html","READY","Would update."
"D:\github\ron-english-light-cult-6001-7000\items\lccc-6069.html","READY","Would update."
"D:\github\ron-english-light-cult-6001-7000\items\lccc-6070.html","READY","Would update."
"D:\github\ron-english-light-cult-6001-7000\items\lccc-6071.html","READY","Would update."
"D:\github\ron-english-light-cult-6001-7000\items\lccc-6072.html","READY","Would update."
"D:\github\ron-english-light-cult-6001-7000\items\lccc-6073.html","READY","Would update."
"D:\github\ron-english-light-cult-6001-7000\items\lccc-6074.html","READY","Would update."
"D:\github\ron-english-light-cult-6001-7000\items\lccc-6075.html","READY","Would update."
"D:\github\ron-english-light-cult-6001-7000\items\lccc-6076.html","READY","Would update."
"D:\github\ron-english-light-cult-6001-7000\items\lccc-6077.html","READY","Would update."
"D:\github\ron-english-light-cult-6001-7000\items\lccc-6078.html","READY","Would update."
"D:\github\ron-english-light-cult-6001-7000\items\lccc-6079.html","READY","Would update."
"D:\github\ron-english-light-cult-6001-7000\items\lccc-6080.html","READY","Would update."
"D:\github\ron-english-light-cult-6001-7000\items\lccc-6082.html","READY","Would update."
"D:\github\ron-english-light-cult-6001-7000\items\lccc-6083.html","READY","Would update."
"D:\github\ron-english-light-cult-6001-7000\items\lccc-6084.html","READY","Would update."
"D:\github\ron-english-light-cult-6001-7000\items\lccc-6085.html","READY","Would update."
"D:\github\ron-english-light-cult-6001-7000\items\lccc-6086.html","READY","Would update."
"D:\github\ron-english-light-cult-6001-7000\items\lccc-6087.html","READY","Would update."
"D:\github\ron-english-light-cult-6001-7000\items\lccc-6088.html","READY","Would update."
"D:\github\ron-english-light-cult-6001-7000\items\lccc-6089.html","READY","Would update."
"D:\github\ron-english-light-cult-6001-7000\items\lccc-6090.html","READY","Would update."
"D:\github\ron-english-light-cult-6001-7000\items\lccc-6091.html","READY","Would update."
"D:\github\ron-english-light-cult-6001-7000\items\lccc-6092.html","READY","Would update."
"D:\github\ron-english-light-cult-6001-7000\items\lccc-6093.html","READY","Would update."
"D:\github\ron-english-light-cult-6001-7000\items\lccc-6094.html","READY","Would update."
"D:\github\ron-english-light-cult-6001-7000\items\lccc-6095.html","READY","Would update."
"D:\github\ron-english-light-cult-6001-7000\items\lccc-6096.html","READY","Would update."
"D:\github\ron-english-light-cult-6001-7000\items\lccc-6097.html","READY","Would update."
"D:\github\ron-english-light-cult-6001-7000\items\lccc-6098.html","READY","Would update."
"D:\github\ron-english-light-cult-6001-7000\items\lccc-6100.html","READY","Would update."
"D:\github\ron-english-light-cult-6001-7000\items\lccc-6101.html","READY","Would update."
"D:\github\ron-english-light-cult-6001-7000\items\lccc-6102.html","READY","Would update."
"D:\github\ron-english-light-cult-6001-7000\items\lccc-6103.html","READY","Would update."
"D:\github\ron-english-light-cult-6001-7000\items\lccc-6104.html","READY","Would update."
"D:\github\ron-english-light-cult-6001-7000\items\lccc-6105.html","READY","Would update."
"D:\github\ron-english-light-cult-6001-7000\items\lccc-6106.html","READY","Would update."
"D:\github\ron-english-light-cult-6001-7000\items\lccc-6107.html","READY","Would update."
"D:\github\ron-english-light-cult-6001-7000\items\lccc-6108.html","READY","Would update."
"D:\github\ron-english-light-cult-6001-7000\items\lccc-6109.html","READY","Would update."
"D:\github\ron-english-light-cult-6001-7000\items\lccc-6110.html","READY","Would update."
"D:\github\ron-english-light-cult-6001-7000\items\lccc-6111.html","READY","Would update."
"D:\github\ron-english-light-cult-6001-7000\items\lccc-6112.html","READY","Would update."
"D:\github\ron-english-light-cult-6001-7000\items\lccc-6113.html","READY","Would update."
"D:\github\ron-english-light-cult-6001-7000\items\lccc-6114.html","READY","Would update."
"D:\github\ron-english-light-cult-6001-7000\items\lccc-6115.html","READY","Would update."
"D:\github\ron-english-light-cult-6001-7000\items\lccc-6116.html","READY","Would update."
"D:\github\ron-english-light-cult-6001-7000\items\lccc-6117.html","READY","Would update."
"D:\github\ron-english-light-cult-6001-7000\items\lccc-6118.html","READY","Would update."
"D:\github\ron-english-light-cult-6001-7000\items\lccc-6120.html","READY","Would update."
"D:\github\ron-english-light-cult-6001-7000\items\lccc-6121.html","READY","Would update."
"D:\github\ron-english-light-cult-6001-7000\items\lccc-6122.html","READY","Would update."
"D:\github\ron-english-light-cult-6001-7000\items\lccc-6124.html","READY","Would update."
"D:\github\ron-english-light-cult-6001-7000\items\lccc-6125.html","READY","Would update."
"D:\github\ron-english-light-cult-6001-7000\items\lccc-6128.html","READY","Would update."
"D:\github\ron-english-light-cult-6001-7000\items\lccc-6129.html","READY","Would update."
"D:\github\ron-english-light-cult-6001-7000\items\lccc-6130.html","READY","Would update."
"D:\github\ron-english-light-cult-6001-7000\items\lccc-6131.html","READY","Would update."
"D:\github\ron-english-light-cult-6001-7000\items\lccc-6132.html","READY","Would update."
"D:\github\ron-english-light-cult-6001-7000\items\lccc-6133.html","READY","Would update."
"D:\github\ron-english-light-cult-6001-7000\items\lccc-6134.html","READY","Would update."
"D:\github\ron-english-light-cult-6001-7000\items\lccc-6135.html","READY","Would update."
"D:\github\ron-english-light-cult-6001-7000\items\lccc-6136.html","READY","Would update."
"D:\github\ron-english-light-cult-6001-7000\items\lccc-6137.html","READY","Would update."
"D:\github\ron-english-light-cult-6001-7000\items\lccc-6138.html","READY","Would update."
"D:\github\ron-english-light-cult-6001-7000\items\lccc-6139.html","READY","Would update."
"D:\github\ron-english-light-cult-6001-7000\items\lccc-6140.html","READY","Would update."
"D:\github\ron-english-light-cult-6001-7000\items\lccc-6141.html","READY","Would update."
"D:\github\ron-english-light-cult-6001-7000\items\lccc-6142.html","READY","Would update."
"D:\github\ron-english-light-cult-6001-7000\items\lccc-6143.html","READY","Would update."
"D:\github\ron-english-light-cult-6001-7000\items\lccc-6144.html","READY","Would update."
"D:\github\ron-english-light-cult-6001-7000\items\lccc-6145.html","READY","Would update."
"D:\github\ron-english-light-cult-6001-7000\items\lccc-6146.html","READY","Would update."
"D:\github\ron-english-light-cult-6001-7000\items\lccc-6147.html","READY","Would update."
"D:\github\ron-english-light-cult-6001-7000\items\lccc-6148.html","READY","Would update."
"D:\github\ron-english-light-cult-6001-7000\items\lccc-6149.html","READY","Would update."
"D:\github\ron-english-light-cult-6001-7000\items\lccc-6150.html","READY","Would update."
"D:\github\ron-english-light-cult-6001-7000\items\lccc-6151.html","READY","Would update."
"D:\github\ron-english-light-cult-6001-7000\items\lccc-6152.html","READY","Would update."
"D:\github\ron-english-light-cult-6001-7000\items\lccc-6154.html","READY","Would update."
"D:\github\ron-english-light-cult-6001-7000\items\lccc-6155.html","READY","Would update."
"D:\github\ron-english-light-cult-6001-7000\items\lccc-6156.html","READY","Would update."
"D:\github\ron-english-light-cult-6001-7000\items\lccc-6157.html","READY","Would update."
"D:\github\ron-english-light-cult-6001-7000\items\lccc-6158.html","READY","Would update."
"D:\github\ron-english-light-cult-6001-7000\items\lccc-6159.html","READY","Would update."
"D:\github\ron-english-light-cult-6001-7000\items\lccc-6160.html","READY","Would update."
"D:\github\ron-english-light-cult-6001-7000\items\lccc-6161.html","READY","Would update."
"D:\github\ron-english-light-cult-6001-7000\items\lccc-6162.html","READY","Would update."
"D:\github\ron-english-light-cult-6001-7000\items\lccc-6163.html","READY","Would update."
"D:\github\ron-english-light-cult-6001-7000\items\lccc-6164.html","READY","Would update."
"D:\github\ron-english-light-cult-6001-7000\items\lccc-6166.html","READY","Would update."
"D:\github\ron-english-light-cult-6001-7000\items\lccc-6167.html","READY","Would update."
"D:\github\ron-english-light-cult-6001-7000\items\lccc-6168.html","READY","Would update."
"D:\github\ron-english-light-cult-6001-7000\items\lccc-6169.html","READY","Would update."
"D:\github\ron-english-light-cult-6001-7000\items\lccc-6170.html","READY","Would update."
"D:\github\ron-english-light-cult-6001-7000\items\lccc-6172.html","READY","Would update."
"D:\github\ron-english-light-cult-6001-7000\items\lccc-6173.html","READY","Would update."
"D:\github\ron-english-light-cult-6001-7000\items\lccc-6174.html","READY","Would update."
"D:\github\ron-english-light-cult-6001-7000\items\lccc-6175.html","READY","Would update."
"D:\github\ron-english-light-cult-6001-7000\items\lccc-6176.html","READY","Would update."
"D:\github\ron-english-light-cult-6001-7000\items\lccc-6177.html","READY","Would update."
"D:\github\ron-english-light-cult-6001-7000\items\lccc-6178.html","READY","Would update."
"D:\github\ron-english-light-cult-6001-7000\items\lccc-6179.html","READY","Would update."
"D:\github\ron-english-light-cult-6001-7000\items\lccc-6180.html","READY","Would update."
"D:\github\ron-english-light-cult-6001-7000\items\lccc-6181.html","READY","Would update."
"D:\github\ron-english-light-cult-6001-7000\items\lccc-6182.html","READY","Would update."
"D:\github\ron-english-light-cult-6001-7000\items\lccc-6183.html","READY","Would update."
"D:\github\ron-english-light-cult-6001-7000\items\lccc-6184.html","READY","Would update."
"D:\github\ron-english-light-cult-6001-7000\items\lccc-6185.html","READY","Would update."
"D:\github\ron-english-light-cult-6001-7000\items\lccc-6186.html","READY","Would update."
"D:\github\ron-english-light-cult-6001-7000\items\lccc-6187.html","READY","Would update."
"D:\github\ron-english-light-cult-6001-7000\items\lccc-6188.html","READY","Would update."
"D:\github\ron-english-light-cult-6001-7000\items\lccc-6189.html","READY","Would update."
"D:\github\ron-english-light-cult-6001-7000\items\lccc-6190.html","READY","Would update."
"D:\github\ron-english-light-cult-6001-7000\items\lccc-6192.html","READY","Would update."
"D:\github\ron-english-light-cult-6001-7000\items\lccc-6193.html","READY","Would update."
"D:\github\ron-english-light-cult-6001-7000\items\lccc-6194.html","READY","Would update."
"D:\github\ron-english-light-cult-6001-7000\items\lccc-6195.html","READY","Would update."
"D:\github\ron-english-light-cult-6001-7000\items\lccc-6196.html","READY","Would update."
"D:\github\ron-english-light-cult-6001-7000\items\lccc-6197.html","READY","Would update."
"D:\github\ron-english-light-cult-6001-7000\items\lccc-6199.html","READY","Would update."
"D:\github\ron-english-light-cult-6001-7000\items\lccc-6200.html","READY","Would update."
"D:\github\ron-english-light-cult-6001-7000\items\lccc-6201.html","READY","Would update."
"D:\github\ron-english-light-cult-6001-7000\items\lccc-6202.html","READY","Would update."
"D:\github\ron-english-light-cult-6001-7000\items\lccc-6203.html","READY","Would update."
"D:\github\ron-english-light-cult-6001-7000\items\lccc-6204.html","READY","Would update."
"D:\github\ron-english-light-cult-6001-7000\items\lccc-6205.html","READY","Would update."
"D:\github\ron-english-light-cult-6001-7000\items\lccc-6206.html","READY","Would update."
"D:\github\ron-english-light-cult-6001-7000\items\lccc-6207.html","READY","Would update."
"D:\github\ron-english-light-cult-6001-7000\items\lccc-6208.html","READY","Would update."
"D:\github\ron-english-light-cult-6001-7000\items\lccc-6209.html","READY","Would update."
"D:\github\ron-english-light-cult-6001-7000\items\lccc-6210.html","READY","Would update."
"D:\github\ron-english-light-cult-6001-7000\items\lccc-6211.html","READY","Would update."
"D:\github\ron-english-light-cult-6001-7000\items\lccc-6212.html","READY","Would update."
"D:\github\ron-english-light-cult-6001-7000\items\lccc-6213.html","READY","Would update."
"D:\github\ron-english-light-cult-6001-7000\items\lccc-6214.html","READY","Would update."
"D:\github\ron-english-light-cult-6001-7000\items\lccc-6215.html","READY","Would update."
"D:\github\ron-english-light-cult-6001-7000\items\lccc-6216.html","READY","Would update."
"D:\github\ron-english-light-cult-6001-7000\items\lccc-6217.html","READY","Would update."
"D:\github\ron-english-light-cult-6001-7000\items\lccc-6218.html","READY","Would update."
"D:\github\ron-english-light-cult-6001-7000\items\lccc-6219.html","READY","Would update."
"D:\github\ron-english-light-cult-6001-7000\items\lccc-6220.html","READY","Would update."
"D:\github\ron-english-light-cult-6001-7000\items\lccc-6221.html","READY","Would update."
"D:\github\ron-english-light-cult-6001-7000\items\lccc-6222.html","READY","Would update."
"D:\github\ron-english-light-cult-6001-7000\items\lccc-6223.html","READY","Would update."
"D:\github\ron-english-light-cult-6001-7000\items\lccc-6224.html","READY","Would update."
"D:\github\ron-english-light-cult-6001-7000\items\lccc-6225.html","READY","Would update."
"D:\github\ron-english-light-cult-6001-7000\items\lccc-6226.html","READY","Would update."
"D:\github\ron-english-light-cult-6001-7000\items\lccc-6227.html","READY","Would update."
"D:\github\ron-english-light-cult-6001-7000\items\lccc-6228.html","READY","Would update."
"D:\github\ron-english-light-cult-6001-7000\items\lccc-6229.html","READY","Would update."
"D:\github\ron-english-light-cult-6001-7000\items\lccc-6230.html","READY","Would update."
"D:\github\ron-english-light-cult-6001-7000\items\lccc-6231.html","READY","Would update."
"D:\github\ron-english-light-cult-6001-7000\items\lccc-6232.html","READY","Would update."
"D:\github\ron-english-light-cult-6001-7000\items\lccc-6233.html","READY","Would update."
"D:\github\ron-english-light-cult-6001-7000\items\lccc-6234.html","READY","Would update."
"D:\github\ron-english-light-cult-6001-7000\items\lccc-6235.html","READY","Would update."
"D:\github\ron-english-light-cult-6001-7000\items\lccc-6236.html","READY","Would update."
"D:\github\ron-english-light-cult-6001-7000\items\lccc-6237.html","READY","Would update."
"D:\github\ron-english-light-cult-6001-7000\items\lccc-6238.html","READY","Would update."
"D:\github\ron-english-light-cult-6001-7000\items\lccc-6239.html","READY","Would update."
"D:\github\ron-english-light-cult-6001-7000\items\lccc-6240.html","READY","Would update."
"D:\github\ron-english-light-cult-6001-7000\items\lccc-6241.html","READY","Would update."
"D:\github\ron-english-light-cult-6001-7000\items\lccc-6242.html","READY","Would update."
"D:\github\ron-english-light-cult-6001-7000\items\lccc-6243.html","READY","Would update."
"D:\github\ron-english-light-cult-6001-7000\items\lccc-6244.html","READY","Would update."
"D:\github\ron-english-light-cult-6001-7000\items\lccc-6245.html","READY","Would update."
"D:\github\ron-english-light-cult-6001-7000\items\lccc-6246.html","READY","Would update."
"D:\github\ron-english-light-cult-6001-7000\items\lccc-6247.html","READY","Would update."
"D:\github\ron-english-light-cult-6001-7000\items\lccc-6248.html","READY","Would update."
"D:\github\ron-english-light-cult-6001-7000\items\lccc-6249.html","READY","Would update."
"D:\github\ron-english-light-cult-6001-7000\items\lccc-6250.html","READY","Would update."
"D:\github\ron-english-light-cult-6001-7000\items\lccc-6251.html","READY","Would update."
"D:\github\ron-english-light-cult-6001-7000\items\lccc-6253.html","READY","Would update."
"D:\github\ron-english-light-cult-6001-7000\items\lccc-6254.html","READY","Would update."
"D:\github\ron-english-light-cult-6001-7000\items\lccc-6255.html","READY","Would update."
"D:\github\ron-english-light-cult-6001-7000\items\lccc-6256.html","READY","Would update."
"D:\github\ron-english-light-cult-6001-7000\items\lccc-6257.html","READY","Would update."
"D:\github\ron-english-light-cult-6001-7000\items\lccc-6258.html","READY","Would update."
"D:\github\ron-english-light-cult-6001-7000\items\lccc-6261.html","READY","Would update."
"D:\github\ron-english-light-cult-6001-7000\items\lccc-6263.html","READY","Would update."
"D:\github\ron-english-light-cult-6001-7000\items\lccc-6265.html","READY","Would update."
"D:\github\ron-english-light-cult-6001-7000\items\lccc-6266.html","READY","Would update."
"D:\github\ron-english-light-cult-6001-7000\items\lccc-6267.html","READY","Would update."
"D:\github\ron-english-light-cult-6001-7000\items\lccc-6270.html","READY","Would update."
"D:\github\ron-english-light-cult-6001-7000\items\lccc-6271.html","READY","Would update."
"D:\github\ron-english-light-cult-6001-7000\items\lccc-6272.html","READY","Would update."
"D:\github\ron-english-light-cult-6001-7000\items\lccc-6273.html","READY","Would update."
"D:\github\ron-english-light-cult-6001-7000\items\lccc-6274.html","READY","Would update."
"D:\github\ron-english-light-cult-6001-7000\items\lccc-6275.html","READY","Would update."
"D:\github\ron-english-light-cult-6001-7000\items\lccc-6276.html","READY","Would update."
"D:\github\ron-english-light-cult-6001-7000\items\lccc-6278.html","READY","Would update."
"D:\github\ron-english-light-cult-6001-7000\items\lccc-6279.html","READY","Would update."
"D:\github\ron-english-light-cult-6001-7000\items\lccc-6280.html","READY","Would update."
"D:\github\ron-english-light-cult-6001-7000\items\lccc-6281.html","READY","Would update."
"D:\github\ron-english-light-cult-6001-7000\items\lccc-6282.html","READY","Would update."
"D:\github\ron-english-light-cult-6001-7000\items\lccc-6283.html","READY","Would update."
"D:\github\ron-english-light-cult-6001-7000\items\lccc-6284.html","READY","Would update."
"D:\github\ron-english-light-cult-6001-7000\items\lccc-6285.html","READY","Would update."
"D:\github\ron-english-light-cult-6001-7000\items\lccc-6287.html","READY","Would update."
"D:\github\ron-english-light-cult-6001-7000\items\lccc-6289.html","READY","Would update."
"D:\github\ron-english-light-cult-6001-7000\items\lccc-6290.html","READY","Would update."
"D:\github\ron-english-light-cult-6001-7000\items\lccc-6292.html","READY","Would update."
"D:\github\ron-english-light-cult-6001-7000\items\lccc-6293.html","READY","Would update."
"D:\github\ron-english-light-cult-6001-7000\items\lccc-6296.html","READY","Would update."
"D:\github\ron-english-light-cult-6001-7000\items\lccc-6297.html","READY","Would update."
"D:\github\ron-english-light-cult-6001-7000\items\lccc-6298.html","READY","Would update."
"D:\github\ron-english-light-cult-6001-7000\items\lccc-6299.html","READY","Would update."
"D:\github\ron-english-light-cult-6001-7000\items\lccc-6300.html","READY","Would update."
"D:\github\ron-english-light-cult-6001-7000\items\lccc-6301.html","READY","Would update."
"D:\github\ron-english-light-cult-6001-7000\items\lccc-6302.html","READY","Would update."
"D:\github\ron-english-light-cult-6001-7000\items\lccc-6303.html","READY","Would update."
"D:\github\ron-english-light-cult-6001-7000\items\lccc-6304.html","READY","Would update."
"D:\github\ron-english-light-cult-6001-7000\items\lccc-6306.html","READY","Would update."
"D:\github\ron-english-light-cult-6001-7000\items\lccc-6307.html","READY","Would update."
"D:\github\ron-english-light-cult-6001-7000\items\lccc-6308.html","READY","Would update."
"D:\github\ron-english-light-cult-6001-7000\items\lccc-6309.html","READY","Would update."
"D:\github\ron-english-light-cult-6001-7000\items\lccc-6310.html","READY","Would update."
"D:\github\ron-english-light-cult-6001-7000\items\lccc-6311.html","READY","Would update."
"D:\github\ron-english-light-cult-6001-7000\items\lccc-6312.html","READY","Would update."
"D:\github\ron-english-light-cult-6001-7000\items\lccc-6313.html","READY","Would update."
"D:\github\ron-english-light-cult-6001-7000\items\lccc-6318.html","READY","Would update."
"D:\github\ron-english-light-cult-6001-7000\items\lccc-6319.html","READY","Would update."
"D:\github\ron-english-light-cult-6001-7000\items\lccc-6320.html","READY","Would update."
"D:\github\ron-english-light-cult-6001-7000\items\lccc-6321.html","READY","Would update."
"D:\github\ron-english-light-cult-6001-7000\items\lccc-6322.html","READY","Would update."
"D:\github\ron-english-light-cult-6001-7000\items\lccc-6323.html","READY","Would update."
"D:\github\ron-english-light-cult-6001-7000\items\lccc-6324.html","READY","Would update."
"D:\github\ron-english-light-cult-6001-7000\items\lccc-6325.html","READY","Would update."
"D:\github\ron-english-light-cult-6001-7000\items\lccc-6326.html","READY","Would update."
"D:\github\ron-english-light-cult-6001-7000\items\lccc-6327.html","READY","Would update."
"D:\github\ron-english-light-cult-6001-7000\items\lccc-6328.html","READY","Would update."
"D:\github\ron-english-light-cult-6001-7000\items\lccc-6329.html","READY","Would update."
"D:\github\ron-english-light-cult-6001-7000\items\lccc-6331.html","READY","Would update."
"D:\github\ron-english-light-cult-6001-7000\items\lccc-6333.html","READY","Would update."
"D:\github\ron-english-light-cult-6001-7000\items\lccc-6334.html","READY","Would update."
"D:\github\ron-english-light-cult-6001-7000\items\lccc-6335.html","READY","Would update."
"D:\github\ron-english-light-cult-6001-7000\items\lccc-6336.html","READY","Would update."
"D:\github\ron-english-light-cult-6001-7000\items\lccc-6337.html","READY","Would update."
"D:\github\ron-english-light-cult-6001-7000\items\lccc-6338.html","READY","Would update."
"D:\github\ron-english-light-cult-6001-7000\items\lccc-6340.html","READY","Would update."
"D:\github\ron-english-light-cult-6001-7000\items\lccc-6343.html","READY","Would update."
"D:\github\ron-english-light-cult-6001-7000\items\lccc-6344.html","READY","Would update."
"D:\github\ron-english-light-cult-6001-7000\items\lccc-6345.html","READY","Would update."
"D:\github\ron-english-light-cult-6001-7000\items\lccc-6346.html","READY","Would update."
"D:\github\ron-english-light-cult-6001-7000\items\lccc-6347.html","READY","Would update."
"D:\github\ron-english-light-cult-6001-7000\items\lccc-6348.html","READY","Would update."
"D:\github\ron-english-light-cult-6001-7000\items\lccc-6349.html","READY","Would update."
"D:\github\ron-english-light-cult-6001-7000\items\lccc-6350.html","READY","Would update."
"D:\github\ron-english-light-cult-6001-7000\items\lccc-6352.html","READY","Would update."
"D:\github\ron-english-light-cult-6001-7000\items\lccc-6354.html","READY","Would update."
"D:\github\ron-english-light-cult-6001-7000\items\lccc-6355.html","READY","Would update."
"D:\github\ron-english-light-cult-6001-7000\items\lccc-6356.html","READY","Would update."
"D:\github\ron-english-light-cult-6001-7000\items\lccc-6358.html","READY","Would update."
"D:\github\ron-english-light-cult-6001-7000\items\lccc-6360.html","READY","Would update."
"D:\github\ron-english-light-cult-6001-7000\items\lccc-6362.html","READY","Would update."
"D:\github\ron-english-light-cult-6001-7000\items\lccc-6363.html","READY","Would update."
"D:\github\ron-english-light-cult-6001-7000\items\lccc-6364.html","READY","Would update."
"D:\github\ron-english-light-cult-6001-7000\items\lccc-6367.html","READY","Would update."
"D:\github\ron-english-light-cult-6001-7000\items\lccc-6368.html","READY","Would update."
"D:\github\ron-english-light-cult-6001-7000\items\lccc-6370.html","READY","Would update."
"D:\github\ron-english-light-cult-6001-7000\items\lccc-6371.html","READY","Would update."
"D:\github\ron-english-light-cult-6001-7000\items\lccc-6373.html","READY","Would update."
"D:\github\ron-english-light-cult-6001-7000\items\lccc-6374.html","READY","Would update."
"D:\github\ron-english-light-cult-6001-7000\items\lccc-6375.html","READY","Would update."
"D:\github\ron-english-light-cult-6001-7000\items\lccc-6376.html","READY","Would update."
"D:\github\ron-english-light-cult-6001-7000\items\lccc-6377.html","READY","Would update."
"D:\github\ron-english-light-cult-6001-7000\items\lccc-6378.html","READY","Would update."
"D:\github\ron-english-light-cult-6001-7000\items\lccc-6379.html","READY","Would update."
"D:\github\ron-english-light-cult-6001-7000\items\lccc-6380.html","READY","Would update."
"D:\github\ron-english-light-cult-6001-7000\items\lccc-6381.html","READY","Would update."
"D:\github\ron-english-light-cult-6001-7000\items\lccc-6382.html","READY","Would update."
"D:\github\ron-english-light-cult-6001-7000\items\lccc-6383.html","READY","Would update."
"D:\github\ron-english-light-cult-6001-7000\items\lccc-6384.html","READY","Would update."
"D:\github\ron-english-light-cult-6001-7000\items\lccc-6386.html","READY","Would update."
"D:\github\ron-english-light-cult-6001-7000\items\lccc-6387.html","READY","Would update."
"D:\github\ron-english-light-cult-6001-7000\items\lccc-6388.html","READY","Would update."
"D:\github\ron-english-light-cult-6001-7000\items\lccc-6389.html","READY","Would update."
"D:\github\ron-english-light-cult-6001-7000\items\lccc-6392.html","READY","Would update."
"D:\github\ron-english-light-cult-6001-7000\items\lccc-6393.html","READY","Would update."
"D:\github\ron-english-light-cult-6001-7000\items\lccc-6394.html","READY","Would update."
"D:\github\ron-english-light-cult-6001-7000\items\lccc-6395.html","READY","Would update."
"D:\github\ron-english-light-cult-6001-7000\items\lccc-6396.html","READY","Would update."
"D:\github\ron-english-light-cult-6001-7000\items\lccc-6397.html","READY","Would update."
"D:\github\ron-english-light-cult-6001-7000\items\lccc-6399.html","READY","Would update."
"D:\github\ron-english-light-cult-6001-7000\items\lccc-6400.html","READY","Would update."
"D:\github\ron-english-light-cult-6001-7000\items\lccc-6401.html","READY","Would update."
"D:\github\ron-english-light-cult-6001-7000\items\lccc-6402.html","READY","Would update."
"D:\github\ron-english-light-cult-6001-7000\items\lccc-6403.html","READY","Would update."
"D:\github\ron-english-light-cult-6001-7000\items\lccc-6404.html","READY","Would update."
"D:\github\ron-english-light-cult-6001-7000\items\lccc-6405.html","READY","Would update."
"D:\github\ron-english-light-cult-6001-7000\items\lccc-6407.html","READY","Would update."
"D:\github\ron-english-light-cult-6001-7000\items\lccc-6408.html","READY","Would update."
"D:\github\ron-english-light-cult-6001-7000\items\lccc-6409.html","READY","Would update."
"D:\github\ron-english-light-cult-6001-7000\items\lccc-6410.html","READY","Would update."
"D:\github\ron-english-light-cult-6001-7000\items\lccc-6411.html","READY","Would update."
"D:\github\ron-english-light-cult-6001-7000\items\lccc-6412.html","READY","Would update."
"D:\github\ron-english-light-cult-6001-7000\items\lccc-6413.html","READY","Would update."
"D:\github\ron-english-light-cult-6001-7000\items\lccc-6414.html","READY","Would update."
"D:\github\ron-english-light-cult-6001-7000\items\lccc-6415.html","READY","Would update."
"D:\github\ron-english-light-cult-6001-7000\items\lccc-6417.html","READY","Would update."
"D:\github\ron-english-light-cult-6001-7000\items\lccc-6418.html","READY","Would update."
"D:\github\ron-english-light-cult-6001-7000\items\lccc-6419.html","READY","Would update."
"D:\github\ron-english-light-cult-6001-7000\items\lccc-6420.html","READY","Would update."
"D:\github\ron-english-light-cult-6001-7000\items\lccc-6422.html","READY","Would update."
"D:\github\ron-english-light-cult-6001-7000\items\lccc-6423.html","READY","Would update."
"D:\github\ron-english-light-cult-6001-7000\items\lccc-6424.html","READY","Would update."
"D:\github\ron-english-light-cult-6001-7000\items\lccc-6425.html","READY","Would update."
"D:\github\ron-english-light-cult-6001-7000\items\lccc-6426.html","READY","Would update."
"D:\github\ron-english-light-cult-6001-7000\items\lccc-6427.html","READY","Would update."
"D:\github\ron-english-light-cult-6001-7000\items\lccc-6428.html","READY","Would update."
"D:\github\ron-english-light-cult-6001-7000\items\lccc-6429.html","READY","Would update."
"D:\github\ron-english-light-cult-6001-7000\items\lccc-6430.html","READY","Would update."
"D:\github\ron-english-light-cult-6001-7000\items\lccc-6431.html","READY","Would update."
"D:\github\ron-english-light-cult-6001-7000\items\lccc-6432.html","READY","Would update."
"D:\github\ron-english-light-cult-6001-7000\items\lccc-6435.html","READY","Would update."
"D:\github\ron-english-light-cult-6001-7000\items\lccc-6436.html","READY","Would update."
"D:\github\ron-english-light-cult-6001-7000\items\lccc-6439.html","READY","Would update."
"D:\github\ron-english-light-cult-6001-7000\items\lccc-6440.html","READY","Would update."
"D:\github\ron-english-light-cult-6001-7000\items\lccc-6441.html","READY","Would update."
"D:\github\ron-english-light-cult-6001-7000\items\lccc-6442.html","READY","Would update."
"D:\github\ron-english-light-cult-6001-7000\items\lccc-6443.html","READY","Would update."
"D:\github\ron-english-light-cult-6001-7000\items\lccc-6444.html","READY","Would update."
"D:\github\ron-english-light-cult-6001-7000\items\lccc-6445.html","READY","Would update."
"D:\github\ron-english-light-cult-6001-7000\items\lccc-6446.html","READY","Would update."
"D:\github\ron-english-light-cult-6001-7000\items\lccc-6447.html","READY","Would update."
"D:\github\ron-english-light-cult-6001-7000\items\lccc-6448.html","READY","Would update."
"D:\github\ron-english-light-cult-6001-7000\items\lccc-6449.html","READY","Would update."
"D:\github\ron-english-light-cult-6001-7000\items\lccc-6450.html","READY","Would update."
"D:\github\ron-english-light-cult-6001-7000\items\lccc-6451.html","READY","Would update."
"D:\github\ron-english-light-cult-6001-7000\items\lccc-6452.html","READY","Would update."
"D:\github\ron-english-light-cult-6001-7000\items\lccc-6453.html","READY","Would update."
"D:\github\ron-english-light-cult-6001-7000\items\lccc-6454.html","READY","Would update."
"D:\github\ron-english-light-cult-6001-7000\items\lccc-6455.html","READY","Would update."
"D:\github\ron-english-light-cult-6001-7000\items\lccc-6456.html","READY","Would update."
"D:\github\ron-english-light-cult-6001-7000\items\lccc-6457.html","READY","Would update."
"D:\github\ron-english-light-cult-6001-7000\items\lccc-6458.html","READY","Would update."
"D:\github\ron-english-light-cult-6001-7000\items\lccc-6459.html","READY","Would update."
"D:\github\ron-english-light-cult-6001-7000\items\lccc-6460.html","READY","Would update."
"D:\github\ron-english-light-cult-6001-7000\items\lccc-6461.html","READY","Would update."
"D:\github\ron-english-light-cult-6001-7000\items\lccc-6462.html","READY","Would update."
"D:\github\ron-english-light-cult-6001-7000\items\lccc-6463.html","READY","Would update."
"D:\github\ron-english-light-cult-6001-7000\items\lccc-6464.html","READY","Would update."
"D:\github\ron-english-light-cult-6001-7000\items\lccc-6465.html","READY","Would update."
"D:\github\ron-english-light-cult-6001-7000\items\lccc-6467.html","READY","Would update."
"D:\github\ron-english-light-cult-6001-7000\items\lccc-6468.html","READY","Would update."
"D:\github\ron-english-light-cult-6001-7000\items\lccc-6470.html","READY","Would update."
"D:\github\ron-english-light-cult-6001-7000\items\lccc-6471.html","READY","Would update."
"D:\github\ron-english-light-cult-6001-7000\items\lccc-6472.html","READY","Would update."
"D:\github\ron-english-light-cult-6001-7000\items\lccc-6473.html","READY","Would update."
"D:\github\ron-english-light-cult-6001-7000\items\lccc-6474.html","READY","Would update."
"D:\github\ron-english-light-cult-6001-7000\items\lccc-6475.html","READY","Would update."
"D:\github\ron-english-light-cult-6001-7000\items\lccc-6476.html","READY","Would update."
"D:\github\ron-english-light-cult-6001-7000\items\lccc-6477.html","READY","Would update."
"D:\github\ron-english-light-cult-6001-7000\items\lccc-6478.html","READY","Would update."
"D:\github\ron-english-light-cult-6001-7000\items\lccc-6479.html","READY","Would update."
"D:\github\ron-english-light-cult-6001-7000\items\lccc-6480.html","READY","Would update."
"D:\github\ron-english-light-cult-6001-7000\items\lccc-6481.html","READY","Would update."
"D:\github\ron-english-light-cult-6001-7000\items\lccc-6482.html","READY","Would update."
"D:\github\ron-english-light-cult-6001-7000\items\lccc-6483.html","READY","Would update."
"D:\github\ron-english-light-cult-6001-7000\items\lccc-6484.html","READY","Would update."
"D:\github\ron-english-light-cult-6001-7000\items\lccc-6485.html","READY","Would update."
"D:\github\ron-english-light-cult-6001-7000\items\lccc-6486.html","READY","Would update."
"D:\github\ron-english-light-cult-6001-7000\items\lccc-6487.html","READY","Would update."
"D:\github\ron-english-light-cult-6001-7000\items\lccc-6488.html","READY","Would update."
"D:\github\ron-english-light-cult-6001-7000\items\lccc-6489.html","READY","Would update."
"D:\github\ron-english-light-cult-6001-7000\items\lccc-6490.html","READY","Would update."
"D:\github\ron-english-light-cult-6001-7000\items\lccc-6491.html","READY","Would update."
"D:\github\ron-english-light-cult-6001-7000\items\lccc-6492.html","READY","Would update."
"D:\github\ron-english-light-cult-6001-7000\items\lccc-6493.html","READY","Would update."
"D:\github\ron-english-light-cult-6001-7000\items\lccc-6494.html","READY","Would update."
"D:\github\ron-english-light-cult-6001-7000\items\lccc-6495.html","READY","Would update."
"D:\github\ron-english-light-cult-6001-7000\items\lccc-6497.html","READY","Would update."
"D:\github\ron-english-light-cult-6001-7000\items\lccc-6498.html","READY","Would update."
"D:\github\ron-english-light-cult-6001-7000\items\lccc-6499.html","READY","Would update."
"D:\github\ron-english-light-cult-6001-7000\items\lccc-6500.html","READY","Would update."
"D:\github\ron-english-light-cult-6001-7000\items\lccc-6501.html","READY","Would update."
"D:\github\ron-english-light-cult-6001-7000\items\lccc-6502.html","READY","Would update."
"D:\github\ron-english-light-cult-6001-7000\items\lccc-6503.html","READY","Would update."
"D:\github\ron-english-light-cult-6001-7000\items\lccc-6504.html","READY","Would update."
"D:\github\ron-english-light-cult-6001-7000\items\lccc-6505.html","READY","Would update."
"D:\github\ron-english-light-cult-6001-7000\items\lccc-6506.html","READY","Would update."
"D:\github\ron-english-light-cult-6001-7000\items\lccc-6507.html","READY","Would update."
"D:\github\ron-english-light-cult-6001-7000\items\lccc-6508.html","READY","Would update."
"D:\github\ron-english-light-cult-6001-7000\items\lccc-6509.html","READY","Would update."
"D:\github\ron-english-light-cult-6001-7000\items\lccc-6510.html","READY","Would update."
"D:\github\ron-english-light-cult-6001-7000\items\lccc-6511.html","READY","Would update."
"D:\github\ron-english-light-cult-6001-7000\items\lccc-6512.html","READY","Would update."
"D:\github\ron-english-light-cult-6001-7000\items\lccc-6513.html","READY","Would update."
"D:\github\ron-english-light-cult-6001-7000\items\lccc-6514.html","READY","Would update."
"D:\github\ron-english-light-cult-6001-7000\items\lccc-6517.html","READY","Would update."
"D:\github\ron-english-light-cult-6001-7000\items\lccc-6518.html","READY","Would update."
"D:\github\ron-english-light-cult-6001-7000\items\lccc-6519.html","READY","Would update."
"D:\github\ron-english-light-cult-6001-7000\items\lccc-6520.html","READY","Would update."
"D:\github\ron-english-light-cult-6001-7000\items\lccc-6521.html","READY","Would update."
"D:\github\ron-english-light-cult-6001-7000\items\lccc-6522.html","READY","Would update."
"D:\github\ron-english-light-cult-6001-7000\items\lccc-6523.html","READY","Would update."
"D:\github\ron-english-light-cult-6001-7000\items\lccc-6524.html","READY","Would update."
"D:\github\ron-english-light-cult-6001-7000\items\lccc-6525.html","READY","Would update."
"D:\github\ron-english-light-cult-6001-7000\items\lccc-6526.html","READY","Would update."
"D:\github\ron-english-light-cult-6001-7000\items\lccc-6527.html","READY","Would update."
"D:\github\ron-english-light-cult-6001-7000\items\lccc-6528.html","READY","Would update."
"D:\github\ron-english-light-cult-6001-7000\items\lccc-6529.html","READY","Would update."
"D:\github\ron-english-light-cult-6001-7000\items\lccc-6530.html","READY","Would update."
"D:\github\ron-english-light-cult-6001-7000\items\lccc-6531.html","READY","Would update."
"D:\github\ron-english-light-cult-6001-7000\items\lccc-6532.html","READY","Would update."
"D:\github\ron-english-light-cult-6001-7000\items\lccc-6534.html","READY","Would update."
"D:\github\ron-english-light-cult-6001-7000\items\lccc-6535.html","READY","Would update."
"D:\github\ron-english-light-cult-6001-7000\items\lccc-6536.html","READY","Would update."
"D:\github\ron-english-light-cult-6001-7000\items\lccc-6538.html","READY","Would update."
"D:\github\ron-english-light-cult-6001-7000\items\lccc-6539.html","READY","Would update."
"D:\github\ron-english-light-cult-6001-7000\items\lccc-6540.html","READY","Would update."
"D:\github\ron-english-light-cult-6001-7000\items\lccc-6541.html","READY","Would update."
"D:\github\ron-english-light-cult-6001-7000\items\lccc-6542.html","READY","Would update."
"D:\github\ron-english-light-cult-6001-7000\items\lccc-6543.html","READY","Would update."
"D:\github\ron-english-light-cult-6001-7000\items\lccc-6545.html","READY","Would update."
"D:\github\ron-english-light-cult-6001-7000\items\lccc-6546.html","READY","Would update."
"D:\github\ron-english-light-cult-6001-7000\items\lccc-6547.html","READY","Would update."
"D:\github\ron-english-light-cult-6001-7000\items\lccc-6548.html","READY","Would update."
"D:\github\ron-english-light-cult-6001-7000\items\lccc-6549.html","READY","Would update."
"D:\github\ron-english-light-cult-6001-7000\items\lccc-6550.html","READY","Would update."
"D:\github\ron-english-light-cult-6001-7000\items\lccc-6551.html","READY","Would update."
"D:\github\ron-english-light-cult-6001-7000\items\lccc-6552.html","READY","Would update."
"D:\github\ron-english-light-cult-6001-7000\items\lccc-6553.html","READY","Would update."
"D:\github\ron-english-light-cult-6001-7000\items\lccc-6554.html","READY","Would update."
"D:\github\ron-english-light-cult-6001-7000\items\lccc-6555.html","READY","Would update."
"D:\github\ron-english-light-cult-6001-7000\items\lccc-6556.html","READY","Would update."
"D:\github\ron-english-light-cult-6001-7000\items\lccc-6557.html","READY","Would update."
"D:\github\ron-english-light-cult-6001-7000\items\lccc-6558.html","READY","Would update."
"D:\github\ron-english-light-cult-6001-7000\items\lccc-6559.html","READY","Would update."
"D:\github\ron-english-light-cult-6001-7000\items\lccc-6561.html","READY","Would update."
"D:\github\ron-english-light-cult-6001-7000\items\lccc-6562.html","READY","Would update."
"D:\github\ron-english-light-cult-6001-7000\items\lccc-6563.html","READY","Would update."
"D:\github\ron-english-light-cult-6001-7000\items\lccc-6564.html","READY","Would update."
"D:\github\ron-english-light-cult-6001-7000\items\lccc-6565.html","READY","Would update."
"D:\github\ron-english-light-cult-6001-7000\items\lccc-6566.html","READY","Would update."
"D:\github\ron-english-light-cult-6001-7000\items\lccc-6567.html","READY","Would update."
"D:\github\ron-english-light-cult-6001-7000\items\lccc-6568.html","READY","Would update."
"D:\github\ron-english-light-cult-6001-7000\items\lccc-6569.html","READY","Would update."
"D:\github\ron-english-light-cult-6001-7000\items\lccc-6570.html","READY","Would update."
"D:\github\ron-english-light-cult-6001-7000\items\lccc-6571.html","READY","Would update."
"D:\github\ron-english-light-cult-6001-7000\items\lccc-6572.html","READY","Would update."
"D:\github\ron-english-light-cult-6001-7000\items\lccc-6573.html","READY","Would update."
"D:\github\ron-english-light-cult-6001-7000\items\lccc-6574.html","READY","Would update."
"D:\github\ron-english-light-cult-6001-7000\items\lccc-6575.html","READY","Would update."
"D:\github\ron-english-light-cult-6001-7000\items\lccc-6576.html","READY","Would update."
"D:\github\ron-english-light-cult-6001-7000\items\lccc-6577.html","READY","Would update."
"D:\github\ron-english-light-cult-6001-7000\items\lccc-6579.html","READY","Would update."
"D:\github\ron-english-light-cult-6001-7000\items\lccc-6580.html","READY","Would update."
"D:\github\ron-english-light-cult-6001-7000\items\lccc-6581.html","READY","Would update."
"D:\github\ron-english-light-cult-6001-7000\items\lccc-6582.html","READY","Would update."
"D:\github\ron-english-light-cult-6001-7000\items\lccc-6583.html","READY","Would update."
"D:\github\ron-english-light-cult-6001-7000\items\lccc-6584.html","READY","Would update."
"D:\github\ron-english-light-cult-6001-7000\items\lccc-6585.html","READY","Would update."
"D:\github\ron-english-light-cult-6001-7000\items\lccc-6587.html","READY","Would update."
"D:\github\ron-english-light-cult-6001-7000\items\lccc-6588.html","READY","Would update."
"D:\github\ron-english-light-cult-6001-7000\items\lccc-6589.html","READY","Would update."
"D:\github\ron-english-light-cult-6001-7000\items\lccc-6590.html","READY","Would update."
"D:\github\ron-english-light-cult-6001-7000\items\lccc-6591.html","READY","Would update."
"D:\github\ron-english-light-cult-6001-7000\items\lccc-6592.html","READY","Would update."
"D:\github\ron-english-light-cult-6001-7000\items\lccc-6593.html","READY","Would update."
"D:\github\ron-english-light-cult-6001-7000\items\lccc-6594.html","READY","Would update."
"D:\github\ron-english-light-cult-6001-7000\items\lccc-6595.html","READY","Would update."
"D:\github\ron-english-light-cult-6001-7000\items\lccc-6596.html","READY","Would update."
"D:\github\ron-english-light-cult-6001-7000\items\lccc-6597.html","READY","Would update."
"D:\github\ron-english-light-cult-6001-7000\items\lccc-6598.html","READY","Would update."
"D:\github\ron-english-light-cult-6001-7000\items\lccc-6599.html","READY","Would update."
"D:\github\ron-english-light-cult-6001-7000\items\lccc-6600.html","READY","Would update."
"D:\github\ron-english-light-cult-6001-7000\items\lccc-6601.html","READY","Would update."
"D:\github\ron-english-light-cult-6001-7000\items\lccc-6602.html","READY","Would update."
"D:\github\ron-english-light-cult-6001-7000\items\lccc-6603.html","READY","Would update."
"D:\github\ron-english-light-cult-6001-7000\items\lccc-6604.html","READY","Would update."
"D:\github\ron-english-light-cult-6001-7000\items\lccc-6605.html","READY","Would update."
"D:\github\ron-english-light-cult-6001-7000\items\lccc-6606.html","READY","Would update."
"D:\github\ron-english-light-cult-6001-7000\items\lccc-6607.html","READY","Would update."
"D:\github\ron-english-light-cult-6001-7000\items\lccc-6608.html","READY","Would update."
"D:\github\ron-english-light-cult-6001-7000\items\lccc-6609.html","READY","Would update."
"D:\github\ron-english-light-cult-6001-7000\items\lccc-6610.html","READY","Would update."
"D:\github\ron-english-light-cult-6001-7000\items\lccc-6611.html","READY","Would update."
"D:\github\ron-english-light-cult-6001-7000\items\lccc-6612.html","READY","Would update."
"D:\github\ron-english-light-cult-6001-7000\items\lccc-6613.html","READY","Would update."
"D:\github\ron-english-light-cult-6001-7000\items\lccc-6614.html","READY","Would update."
"D:\github\ron-english-light-cult-6001-7000\items\lccc-6615.html","READY","Would update."
"D:\github\ron-english-light-cult-6001-7000\items\lccc-6616.html","READY","Would update."
"D:\github\ron-english-light-cult-6001-7000\items\lccc-6617.html","READY","Would update."
"D:\github\ron-english-light-cult-6001-7000\items\lccc-6618.html","READY","Would update."
"D:\github\ron-english-light-cult-6001-7000\items\lccc-6620.html","READY","Would update."
"D:\github\ron-english-light-cult-6001-7000\items\lccc-6621.html","READY","Would update."
"D:\github\ron-english-light-cult-6001-7000\items\lccc-6622.html","READY","Would update."
"D:\github\ron-english-light-cult-6001-7000\items\lccc-6623.html","READY","Would update."
"D:\github\ron-english-light-cult-6001-7000\items\lccc-6625.html","READY","Would update."
"D:\github\ron-english-light-cult-6001-7000\items\lccc-6626.html","READY","Would update."
"D:\github\ron-english-light-cult-6001-7000\items\lccc-6628.html","READY","Would update."
"D:\github\ron-english-light-cult-6001-7000\items\lccc-6630.html","READY","Would update."
"D:\github\ron-english-light-cult-6001-7000\items\lccc-6631.html","READY","Would update."
"D:\github\ron-english-light-cult-6001-7000\items\lccc-6632.html","READY","Would update."
"D:\github\ron-english-light-cult-6001-7000\items\lccc-6633.html","READY","Would update."
"D:\github\ron-english-light-cult-6001-7000\items\lccc-6634.html","READY","Would update."
"D:\github\ron-english-light-cult-6001-7000\items\lccc-6635.html","READY","Would update."
"D:\github\ron-english-light-cult-6001-7000\items\lccc-6636.html","READY","Would update."
"D:\github\ron-english-light-cult-6001-7000\items\lccc-6637.html","READY","Would update."
"D:\github\ron-english-light-cult-6001-7000\items\lccc-6638.html","READY","Would update."
"D:\github\ron-english-light-cult-6001-7000\items\lccc-6639.html","READY","Would update."
"D:\github\ron-english-light-cult-6001-7000\items\lccc-6640.html","READY","Would update."
"D:\github\ron-english-light-cult-6001-7000\items\lccc-6642.html","READY","Would update."
"D:\github\ron-english-light-cult-6001-7000\items\lccc-6643.html","READY","Would update."
"D:\github\ron-english-light-cult-6001-7000\items\lccc-6644.html","READY","Would update."
"D:\github\ron-english-light-cult-6001-7000\items\lccc-6645.html","READY","Would update."
"D:\github\ron-english-light-cult-6001-7000\items\lccc-6646.html","READY","Would update."
"D:\github\ron-english-light-cult-6001-7000\items\lccc-6647.html","READY","Would update."
"D:\github\ron-english-light-cult-6001-7000\items\lccc-6648.html","READY","Would update."
"D:\github\ron-english-light-cult-6001-7000\items\lccc-6649.html","READY","Would update."
"D:\github\ron-english-light-cult-6001-7000\items\lccc-6651.html","READY","Would update."
"D:\github\ron-english-light-cult-6001-7000\items\lccc-6652.html","READY","Would update."
"D:\github\ron-english-light-cult-6001-7000\items\lccc-6653.html","READY","Would update."
"D:\github\ron-english-light-cult-6001-7000\items\lccc-6654.html","READY","Would update."
"D:\github\ron-english-light-cult-6001-7000\items\lccc-6655.html","READY","Would update."
"D:\github\ron-english-light-cult-6001-7000\items\lccc-6656.html","READY","Would update."
"D:\github\ron-english-light-cult-6001-7000\items\lccc-6657.html","READY","Would update."
"D:\github\ron-english-light-cult-6001-7000\items\lccc-6658.html","READY","Would update."
"D:\github\ron-english-light-cult-6001-7000\items\lccc-6660.html","READY","Would update."
"D:\github\ron-english-light-cult-6001-7000\items\lccc-6661.html","READY","Would update."
"D:\github\ron-english-light-cult-6001-7000\items\lccc-6662.html","READY","Would update."
"D:\github\ron-english-light-cult-6001-7000\items\lccc-6663.html","READY","Would update."
"D:\github\ron-english-light-cult-6001-7000\items\lccc-6664.html","READY","Would update."
"D:\github\ron-english-light-cult-6001-7000\items\lccc-6665.html","READY","Would update."
"D:\github\ron-english-light-cult-6001-7000\items\lccc-6667.html","READY","Would update."
"D:\github\ron-english-light-cult-6001-7000\items\lccc-6668.html","READY","Would update."
"D:\github\ron-english-light-cult-6001-7000\items\lccc-6669.html","READY","Would update."
"D:\github\ron-english-light-cult-6001-7000\items\lccc-6670.html","READY","Would update."
"D:\github\ron-english-light-cult-6001-7000\items\lccc-6671.html","READY","Would update."
"D:\github\ron-english-light-cult-6001-7000\items\lccc-6672.html","READY","Would update."
"D:\github\ron-english-light-cult-6001-7000\items\lccc-6673.html","READY","Would update."
"D:\github\ron-english-light-cult-6001-7000\items\lccc-6674.html","READY","Would update."
"D:\github\ron-english-light-cult-6001-7000\items\lccc-6676.html","READY","Would update."
"D:\github\ron-english-light-cult-6001-7000\items\lccc-6677.html","READY","Would update."
"D:\github\ron-english-light-cult-6001-7000\items\lccc-6678.html","READY","Would update."
"D:\github\ron-english-light-cult-6001-7000\items\lccc-6679.html","READY","Would update."
"D:\github\ron-english-light-cult-6001-7000\items\lccc-6680.html","READY","Would update."
"D:\github\ron-english-light-cult-6001-7000\items\lccc-6681.html","READY","Would update."
"D:\github\ron-english-light-cult-6001-7000\items\lccc-6682.html","READY","Would update."
"D:\github\ron-english-light-cult-6001-7000\items\lccc-6683.html","READY","Would update."
"D:\github\ron-english-light-cult-6001-7000\items\lccc-6684.html","READY","Would update."
"D:\github\ron-english-light-cult-6001-7000\items\lccc-6685.html","READY","Would update."
"D:\github\ron-english-light-cult-6001-7000\items\lccc-6686.html","READY","Would update."
"D:\github\ron-english-light-cult-6001-7000\items\lccc-6687.html","READY","Would update."
"D:\github\ron-english-light-cult-6001-7000\items\lccc-6688.html","READY","Would update."
"D:\github\ron-english-light-cult-6001-7000\items\lccc-6689.html","READY","Would update."
"D:\github\ron-english-light-cult-6001-7000\items\lccc-6690.html","READY","Would update."
"D:\github\ron-english-light-cult-6001-7000\items\lccc-6691.html","READY","Would update."
"D:\github\ron-english-light-cult-6001-7000\items\lccc-6692.html","READY","Would update."
"D:\github\ron-english-light-cult-6001-7000\items\lccc-6693.html","READY","Would update."
"D:\github\ron-english-light-cult-6001-7000\items\lccc-6694.html","READY","Would update."
"D:\github\ron-english-light-cult-6001-7000\items\lccc-6695.html","READY","Would update."
"D:\github\ron-english-light-cult-6001-7000\items\lccc-6696.html","READY","Would update."
"D:\github\ron-english-light-cult-6001-7000\items\lccc-6698.html","READY","Would update."
"D:\github\ron-english-light-cult-6001-7000\items\lccc-6700.html","READY","Would update."
"D:\github\ron-english-light-cult-6001-7000\items\lccc-6701.html","READY","Would update."
"D:\github\ron-english-light-cult-6001-7000\items\lccc-6702.html","READY","Would update."
"D:\github\ron-english-light-cult-6001-7000\items\lccc-6703.html","READY","Would update."
"D:\github\ron-english-light-cult-6001-7000\items\lccc-6704.html","READY","Would update."
"D:\github\ron-english-light-cult-6001-7000\items\lccc-6705.html","READY","Would update."
"D:\github\ron-english-light-cult-6001-7000\items\lccc-6707.html","READY","Would update."
"D:\github\ron-english-light-cult-6001-7000\items\lccc-6708.html","READY","Would update."
"D:\github\ron-english-light-cult-6001-7000\items\lccc-6709.html","READY","Would update."
"D:\github\ron-english-light-cult-6001-7000\items\lccc-6710.html","READY","Would update."
"D:\github\ron-english-light-cult-6001-7000\items\lccc-6711.html","READY","Would update."
"D:\github\ron-english-light-cult-6001-7000\items\lccc-6712.html","READY","Would update."
"D:\github\ron-english-light-cult-6001-7000\items\lccc-6714.html","READY","Would update."
"D:\github\ron-english-light-cult-6001-7000\items\lccc-6716.html","READY","Would update."
"D:\github\ron-english-light-cult-6001-7000\items\lccc-6718.html","READY","Would update."
"D:\github\ron-english-light-cult-6001-7000\items\lccc-6719.html","READY","Would update."
"D:\github\ron-english-light-cult-6001-7000\items\lccc-6720.html","READY","Would update."
"D:\github\ron-english-light-cult-6001-7000\items\lccc-6721.html","READY","Would update."
"D:\github\ron-english-light-cult-6001-7000\items\lccc-6723.html","READY","Would update."
"D:\github\ron-english-light-cult-6001-7000\items\lccc-6724.html","READY","Would update."
"D:\github\ron-english-light-cult-6001-7000\items\lccc-6725.html","READY","Would update."
"D:\github\ron-english-light-cult-6001-7000\items\lccc-6726.html","READY","Would update."
"D:\github\ron-english-light-cult-6001-7000\items\lccc-6729.html","READY","Would update."
"D:\github\ron-english-light-cult-6001-7000\items\lccc-6730.html","READY","Would update."
"D:\github\ron-english-light-cult-6001-7000\items\lccc-6731.html","READY","Would update."
"D:\github\ron-english-light-cult-6001-7000\items\lccc-6732.html","READY","Would update."
"D:\github\ron-english-light-cult-6001-7000\items\lccc-6733.html","READY","Would update."
"D:\github\ron-english-light-cult-6001-7000\items\lccc-6734.html","READY","Would update."
"D:\github\ron-english-light-cult-6001-7000\items\lccc-6735.html","READY","Would update."
"D:\github\ron-english-light-cult-6001-7000\items\lccc-6736.html","READY","Would update."
"D:\github\ron-english-light-cult-6001-7000\items\lccc-6739.html","READY","Would update."
"D:\github\ron-english-light-cult-6001-7000\items\lccc-6740.html","READY","Would update."
"D:\github\ron-english-light-cult-6001-7000\items\lccc-6741.html","READY","Would update."
"D:\github\ron-english-light-cult-6001-7000\items\lccc-6742.html","READY","Would update."
"D:\github\ron-english-light-cult-6001-7000\items\lccc-6743.html","READY","Would update."
"D:\github\ron-english-light-cult-6001-7000\items\lccc-6744.html","READY","Would update."
"D:\github\ron-english-light-cult-6001-7000\items\lccc-6745.html","READY","Would update."
"D:\github\ron-english-light-cult-6001-7000\items\lccc-6746.html","READY","Would update."
"D:\github\ron-english-light-cult-6001-7000\items\lccc-6747.html","READY","Would update."
"D:\github\ron-english-light-cult-6001-7000\items\lccc-6748.html","READY","Would update."
"D:\github\ron-english-light-cult-6001-7000\items\lccc-6749.html","READY","Would update."
"D:\github\ron-english-light-cult-6001-7000\items\lccc-6750.html","READY","Would update."
"D:\github\ron-english-light-cult-6001-7000\items\lccc-6751.html","READY","Would update."
"D:\github\ron-english-light-cult-6001-7000\items\lccc-6752.html","READY","Would update."
"D:\github\ron-english-light-cult-6001-7000\items\lccc-6753.html","READY","Would update."
"D:\github\ron-english-light-cult-6001-7000\items\lccc-6754.html","READY","Would update."
"D:\github\ron-english-light-cult-6001-7000\items\lccc-6755.html","READY","Would update."
"D:\github\ron-english-light-cult-6001-7000\items\lccc-6756.html","READY","Would update."
"D:\github\ron-english-light-cult-6001-7000\items\lccc-6757.html","READY","Would update."
"D:\github\ron-english-light-cult-6001-7000\items\lccc-6758.html","READY","Would update."
"D:\github\ron-english-light-cult-6001-7000\items\lccc-6759.html","READY","Would update."
"D:\github\ron-english-light-cult-6001-7000\items\lccc-6761.html","READY","Would update."
"D:\github\ron-english-light-cult-6001-7000\items\lccc-6762.html","READY","Would update."
"D:\github\ron-english-light-cult-6001-7000\items\lccc-6763.html","READY","Would update."
"D:\github\ron-english-light-cult-6001-7000\items\lccc-6764.html","READY","Would update."
"D:\github\ron-english-light-cult-6001-7000\items\lccc-6765.html","READY","Would update."
"D:\github\ron-english-light-cult-6001-7000\items\lccc-6766.html","READY","Would update."
"D:\github\ron-english-light-cult-6001-7000\items\lccc-6767.html","READY","Would update."
"D:\github\ron-english-light-cult-6001-7000\items\lccc-6768.html","READY","Would update."
"D:\github\ron-english-light-cult-6001-7000\items\lccc-6769.html","READY","Would update."
"D:\github\ron-english-light-cult-6001-7000\items\lccc-6770.html","READY","Would update."
"D:\github\ron-english-light-cult-6001-7000\items\lccc-6771.html","READY","Would update."
"D:\github\ron-english-light-cult-6001-7000\items\lccc-6772.html","READY","Would update."
"D:\github\ron-english-light-cult-6001-7000\items\lccc-6773.html","READY","Would update."
"D:\github\ron-english-light-cult-6001-7000\items\lccc-6776.html","READY","Would update."
"D:\github\ron-english-light-cult-6001-7000\items\lccc-6778.html","READY","Would update."
"D:\github\ron-english-light-cult-6001-7000\items\lccc-6779.html","READY","Would update."
"D:\github\ron-english-light-cult-6001-7000\items\lccc-6780.html","READY","Would update."
"D:\github\ron-english-light-cult-6001-7000\items\lccc-6781.html","READY","Would update."
"D:\github\ron-english-light-cult-6001-7000\items\lccc-6782.html","READY","Would update."
"D:\github\ron-english-light-cult-6001-7000\items\lccc-6783.html","READY","Would update."
"D:\github\ron-english-light-cult-6001-7000\items\lccc-6784.html","READY","Would update."
"D:\github\ron-english-light-cult-6001-7000\items\lccc-6786.html","READY","Would update."
"D:\github\ron-english-light-cult-6001-7000\items\lccc-6787.html","READY","Would update."
"D:\github\ron-english-light-cult-6001-7000\items\lccc-6788.html","READY","Would update."
"D:\github\ron-english-light-cult-6001-7000\items\lccc-6789.html","READY","Would update."
"D:\github\ron-english-light-cult-6001-7000\items\lccc-6790.html","READY","Would update."
"D:\github\ron-english-light-cult-6001-7000\items\lccc-6791.html","READY","Would update."
"D:\github\ron-english-light-cult-6001-7000\items\lccc-6792.html","READY","Would update."
"D:\github\ron-english-light-cult-6001-7000\items\lccc-6793.html","READY","Would update."
"D:\github\ron-english-light-cult-6001-7000\items\lccc-6794.html","READY","Would update."
"D:\github\ron-english-light-cult-6001-7000\items\lccc-6795.html","READY","Would update."
"D:\github\ron-english-light-cult-6001-7000\items\lccc-6796.html","READY","Would update."
"D:\github\ron-english-light-cult-6001-7000\items\lccc-6797.html","READY","Would update."
"D:\github\ron-english-light-cult-6001-7000\items\lccc-6799.html","READY","Would update."
"D:\github\ron-english-light-cult-6001-7000\items\lccc-6800.html","READY","Would update."
"D:\github\ron-english-light-cult-6001-7000\items\lccc-6801.html","READY","Would update."
"D:\github\ron-english-light-cult-6001-7000\items\lccc-6803.html","READY","Would update."
"D:\github\ron-english-light-cult-6001-7000\items\lccc-6804.html","READY","Would update."
"D:\github\ron-english-light-cult-6001-7000\items\lccc-6805.html","READY","Would update."
"D:\github\ron-english-light-cult-6001-7000\items\lccc-6807.html","READY","Would update."
"D:\github\ron-english-light-cult-6001-7000\items\lccc-6809.html","READY","Would update."
"D:\github\ron-english-light-cult-6001-7000\items\lccc-6810.html","READY","Would update."
"D:\github\ron-english-light-cult-6001-7000\items\lccc-6811.html","READY","Would update."
"D:\github\ron-english-light-cult-6001-7000\items\lccc-6812.html","READY","Would update."
"D:\github\ron-english-light-cult-6001-7000\items\lccc-6813.html","READY","Would update."
"D:\github\ron-english-light-cult-6001-7000\items\lccc-6814.html","READY","Would update."
"D:\github\ron-english-light-cult-6001-7000\items\lccc-6815.html","READY","Would update."
"D:\github\ron-english-light-cult-6001-7000\items\lccc-6816.html","READY","Would update."
"D:\github\ron-english-light-cult-6001-7000\items\lccc-6817.html","READY","Would update."
"D:\github\ron-english-light-cult-6001-7000\items\lccc-6818.html","READY","Would update."
"D:\github\ron-english-light-cult-6001-7000\items\lccc-6819.html","READY","Would update."
"D:\github\ron-english-light-cult-6001-7000\items\lccc-6821.html","READY","Would update."
"D:\github\ron-english-light-cult-6001-7000\items\lccc-6822.html","READY","Would update."
"D:\github\ron-english-light-cult-6001-7000\items\lccc-6823.html","READY","Would update."
"D:\github\ron-english-light-cult-6001-7000\items\lccc-6824.html","READY","Would update."
"D:\github\ron-english-light-cult-6001-7000\items\lccc-6825.html","READY","Would update."
"D:\github\ron-english-light-cult-6001-7000\items\lccc-6826.html","READY","Would update."
"D:\github\ron-english-light-cult-6001-7000\items\lccc-6827.html","READY","Would update."
"D:\github\ron-english-light-cult-6001-7000\items\lccc-6828.html","READY","Would update."
"D:\github\ron-english-light-cult-6001-7000\items\lccc-6829.html","READY","Would update."
"D:\github\ron-english-light-cult-6001-7000\items\lccc-6831.html","READY","Would update."
"D:\github\ron-english-light-cult-6001-7000\items\lccc-6832.html","READY","Would update."
"D:\github\ron-english-light-cult-6001-7000\items\lccc-6833.html","READY","Would update."
"D:\github\ron-english-light-cult-6001-7000\items\lccc-6834.html","READY","Would update."
"D:\github\ron-english-light-cult-6001-7000\items\lccc-6835.html","READY","Would update."
"D:\github\ron-english-light-cult-6001-7000\items\lccc-6837.html","READY","Would update."
"D:\github\ron-english-light-cult-6001-7000\items\lccc-6838.html","READY","Would update."
"D:\github\ron-english-light-cult-6001-7000\items\lccc-6839.html","READY","Would update."
"D:\github\ron-english-light-cult-6001-7000\items\lccc-6840.html","READY","Would update."
"D:\github\ron-english-light-cult-6001-7000\items\lccc-6841.html","READY","Would update."
"D:\github\ron-english-light-cult-6001-7000\items\lccc-6842.html","READY","Would update."
"D:\github\ron-english-light-cult-6001-7000\items\lccc-6843.html","READY","Would update."
"D:\github\ron-english-light-cult-6001-7000\items\lccc-6844.html","READY","Would update."
"D:\github\ron-english-light-cult-6001-7000\items\lccc-6845.html","READY","Would update."
"D:\github\ron-english-light-cult-6001-7000\items\lccc-6846.html","READY","Would update."
"D:\github\ron-english-light-cult-6001-7000\items\lccc-6847.html","READY","Would update."
"D:\github\ron-english-light-cult-6001-7000\items\lccc-6848.html","READY","Would update."
"D:\github\ron-english-light-cult-6001-7000\items\lccc-6849.html","READY","Would update."
"D:\github\ron-english-light-cult-6001-7000\items\lccc-6850.html","READY","Would update."
"D:\github\ron-english-light-cult-6001-7000\items\lccc-6852.html","READY","Would update."
"D:\github\ron-english-light-cult-6001-7000\items\lccc-6853.html","READY","Would update."
"D:\github\ron-english-light-cult-6001-7000\items\lccc-6854.html","READY","Would update."
"D:\github\ron-english-light-cult-6001-7000\items\lccc-6855.html","READY","Would update."
"D:\github\ron-english-light-cult-6001-7000\items\lccc-6858.html","READY","Would update."
"D:\github\ron-english-light-cult-6001-7000\items\lccc-6859.html","READY","Would update."
"D:\github\ron-english-light-cult-6001-7000\items\lccc-6861.html","READY","Would update."
"D:\github\ron-english-light-cult-6001-7000\items\lccc-6862.html","READY","Would update."
"D:\github\ron-english-light-cult-6001-7000\items\lccc-6863.html","READY","Would update."
"D:\github\ron-english-light-cult-6001-7000\items\lccc-6865.html","READY","Would update."
"D:\github\ron-english-light-cult-6001-7000\items\lccc-6866.html","READY","Would update."
"D:\github\ron-english-light-cult-6001-7000\items\lccc-6868.html","READY","Would update."
"D:\github\ron-english-light-cult-6001-7000\items\lccc-6869.html","READY","Would update."
"D:\github\ron-english-light-cult-6001-7000\items\lccc-6870.html","READY","Would update."
"D:\github\ron-english-light-cult-6001-7000\items\lccc-6872.html","READY","Would update."
"D:\github\ron-english-light-cult-6001-7000\items\lccc-6873.html","READY","Would update."
"D:\github\ron-english-light-cult-6001-7000\items\lccc-6874.html","READY","Would update."
"D:\github\ron-english-light-cult-6001-7000\items\lccc-6875.html","READY","Would update."
"D:\github\ron-english-light-cult-6001-7000\items\lccc-6876.html","READY","Would update."
"D:\github\ron-english-light-cult-6001-7000\items\lccc-6877.html","READY","Would update."
"D:\github\ron-english-light-cult-6001-7000\items\lccc-6878.html","READY","Would update."
"D:\github\ron-english-light-cult-6001-7000\items\lccc-6879.html","READY","Would update."
"D:\github\ron-english-light-cult-6001-7000\items\lccc-6880.html","READY","Would update."
"D:\github\ron-english-light-cult-6001-7000\items\lccc-6881.html","READY","Would update."
"D:\github\ron-english-light-cult-6001-7000\items\lccc-6882.html","READY","Would update."
"D:\github\ron-english-light-cult-6001-7000\items\lccc-6883.html","READY","Would update."
"D:\github\ron-english-light-cult-6001-7000\items\lccc-6885.html","READY","Would update."
"D:\github\ron-english-light-cult-6001-7000\items\lccc-6886.html","READY","Would update."
"D:\github\ron-english-light-cult-6001-7000\items\lccc-6887.html","READY","Would update."
"D:\github\ron-english-light-cult-6001-7000\items\lccc-6888.html","READY","Would update."
"D:\github\ron-english-light-cult-6001-7000\items\lccc-6889.html","READY","Would update."
"D:\github\ron-english-light-cult-6001-7000\items\lccc-6890.html","READY","Would update."
"D:\github\ron-english-light-cult-6001-7000\items\lccc-6891.html","READY","Would update."
"D:\github\ron-english-light-cult-6001-7000\items\lccc-6892.html","READY","Would update."
"D:\github\ron-english-light-cult-6001-7000\items\lccc-6893.html","READY","Would update."
"D:\github\ron-english-light-cult-6001-7000\items\lccc-6894.html","READY","Would update."
"D:\github\ron-english-light-cult-6001-7000\items\lccc-6895.html","READY","Would update."
"D:\github\ron-english-light-cult-6001-7000\items\lccc-6896.html","READY","Would update."
"D:\github\ron-english-light-cult-6001-7000\items\lccc-6899.html","READY","Would update."
"D:\github\ron-english-light-cult-6001-7000\items\lccc-6901.html","READY","Would update."
"D:\github\ron-english-light-cult-6001-7000\items\lccc-6903.html","READY","Would update."
"D:\github\ron-english-light-cult-6001-7000\items\lccc-6904.html","READY","Would update."
"D:\github\ron-english-light-cult-6001-7000\items\lccc-6905.html","READY","Would update."
"D:\github\ron-english-light-cult-6001-7000\items\lccc-6906.html","READY","Would update."
"D:\github\ron-english-light-cult-6001-7000\items\lccc-6907.html","READY","Would update."
"D:\github\ron-english-light-cult-6001-7000\items\lccc-6908.html","READY","Would update."
"D:\github\ron-english-light-cult-6001-7000\items\lccc-6909.html","READY","Would update."
"D:\github\ron-english-light-cult-6001-7000\items\lccc-6910.html","READY","Would update."
"D:\github\ron-english-light-cult-6001-7000\items\lccc-6911.html","READY","Would update."
"D:\github\ron-english-light-cult-6001-7000\items\lccc-6912.html","READY","Would update."
"D:\github\ron-english-light-cult-6001-7000\items\lccc-6913.html","READY","Would update."
"D:\github\ron-english-light-cult-6001-7000\items\lccc-6914.html","READY","Would update."
"D:\github\ron-english-light-cult-6001-7000\items\lccc-6916.html","READY","Would update."
"D:\github\ron-english-light-cult-6001-7000\items\lccc-6919.html","READY","Would update."
"D:\github\ron-english-light-cult-6001-7000\items\lccc-6920.html","READY","Would update."
"D:\github\ron-english-light-cult-6001-7000\items\lccc-6921.html","READY","Would update."
"D:\github\ron-english-light-cult-6001-7000\items\lccc-6922.html","READY","Would update."
"D:\github\ron-english-light-cult-6001-7000\items\lccc-6923.html","READY","Would update."
"D:\github\ron-english-light-cult-6001-7000\items\lccc-6924.html","READY","Would update."
"D:\github\ron-english-light-cult-6001-7000\items\lccc-6925.html","READY","Would update."
"D:\github\ron-english-light-cult-6001-7000\items\lccc-6926.html","READY","Would update."
"D:\github\ron-english-light-cult-6001-7000\items\lccc-6927.html","READY","Would update."
"D:\github\ron-english-light-cult-6001-7000\items\lccc-6928.html","READY","Would update."
"D:\github\ron-english-light-cult-6001-7000\items\lccc-6929.html","READY","Would update."
"D:\github\ron-english-light-cult-6001-7000\items\lccc-6930.html","READY","Would update."
"D:\github\ron-english-light-cult-6001-7000\items\lccc-6931.html","READY","Would update."
"D:\github\ron-english-light-cult-6001-7000\items\lccc-6932.html","READY","Would update."
"D:\github\ron-english-light-cult-6001-7000\items\lccc-6933.html","READY","Would update."
"D:\github\ron-english-light-cult-6001-7000\items\lccc-6934.html","READY","Would update."
"D:\github\ron-english-light-cult-6001-7000\items\lccc-6935.html","READY","Would update."
"D:\github\ron-english-light-cult-6001-7000\items\lccc-6936.html","READY","Would update."
"D:\github\ron-english-light-cult-6001-7000\items\lccc-6937.html","READY","Would update."
"D:\github\ron-english-light-cult-6001-7000\items\lccc-6938.html","READY","Would update."
"D:\github\ron-english-light-cult-6001-7000\items\lccc-6939.html","READY","Would update."
"D:\github\ron-english-light-cult-6001-7000\items\lccc-6940.html","READY","Would update."
"D:\github\ron-english-light-cult-6001-7000\items\lccc-6942.html","READY","Would update."
"D:\github\ron-english-light-cult-6001-7000\items\lccc-6943.html","READY","Would update."
"D:\github\ron-english-light-cult-6001-7000\items\lccc-6944.html","READY","Would update."
"D:\github\ron-english-light-cult-6001-7000\items\lccc-6945.html","READY","Would update."
"D:\github\ron-english-light-cult-6001-7000\items\lccc-6946.html","READY","Would update."
"D:\github\ron-english-light-cult-6001-7000\items\lccc-6947.html","READY","Would update."
"D:\github\ron-english-light-cult-6001-7000\items\lccc-6948.html","READY","Would update."
"D:\github\ron-english-light-cult-6001-7000\items\lccc-6949.html","READY","Would update."
"D:\github\ron-english-light-cult-6001-7000\items\lccc-6951.html","READY","Would update."
"D:\github\ron-english-light-cult-6001-7000\items\lccc-6952.html","READY","Would update."
"D:\github\ron-english-light-cult-6001-7000\items\lccc-6954.html","READY","Would update."
"D:\github\ron-english-light-cult-6001-7000\items\lccc-6955.html","READY","Would update."
"D:\github\ron-english-light-cult-6001-7000\items\lccc-6956.html","READY","Would update."
"D:\github\ron-english-light-cult-6001-7000\items\lccc-6957.html","READY","Would update."
"D:\github\ron-english-light-cult-6001-7000\items\lccc-6958.html","READY","Would update."
"D:\github\ron-english-light-cult-6001-7000\items\lccc-6959.html","READY","Would update."
"D:\github\ron-english-light-cult-6001-7000\items\lccc-6960.html","READY","Would update."
"D:\github\ron-english-light-cult-6001-7000\items\lccc-6961.html","READY","Would update."
"D:\github\ron-english-light-cult-6001-7000\items\lccc-6962.html","READY","Would update."
"D:\github\ron-english-light-cult-6001-7000\items\lccc-6963.html","READY","Would update."
"D:\github\ron-english-light-cult-6001-7000\items\lccc-6964.html","READY","Would update."
"D:\github\ron-english-light-cult-6001-7000\items\lccc-6965.html","READY","Would update."
"D:\github\ron-english-light-cult-6001-7000\items\lccc-6966.html","READY","Would update."
"D:\github\ron-english-light-cult-6001-7000\items\lccc-6969.html","READY","Would update."
"D:\github\ron-english-light-cult-6001-7000\items\lccc-6970.html","READY","Would update."
"D:\github\ron-english-light-cult-6001-7000\items\lccc-6971.html","READY","Would update."
"D:\github\ron-english-light-cult-6001-7000\items\lccc-6973.html","READY","Would update."
"D:\github\ron-english-light-cult-6001-7000\items\lccc-6974.html","READY","Would update."
"D:\github\ron-english-light-cult-6001-7000\items\lccc-6975.html","READY","Would update."
"D:\github\ron-english-light-cult-6001-7000\items\lccc-6976.html","READY","Would update."
"D:\github\ron-english-light-cult-6001-7000\items\lccc-6977.html","READY","Would update."
"D:\github\ron-english-light-cult-6001-7000\items\lccc-6978.html","READY","Would update."
"D:\github\ron-english-light-cult-6001-7000\items\lccc-6979.html","READY","Would update."
"D:\github\ron-english-light-cult-6001-7000\items\lccc-6980.html","READY","Would update."
"D:\github\ron-english-light-cult-6001-7000\items\lccc-6981.html","READY","Would update."
"D:\github\ron-english-light-cult-6001-7000\items\lccc-6982.html","READY","Would update."
"D:\github\ron-english-light-cult-6001-7000\items\lccc-6983.html","READY","Would update."
"D:\github\ron-english-light-cult-6001-7000\items\lccc-6984.html","READY","Would update."
"D:\github\ron-english-light-cult-6001-7000\items\lccc-6985.html","READY","Would update."
"D:\github\ron-english-light-cult-6001-7000\items\lccc-6986.html","READY","Would update."
"D:\github\ron-english-light-cult-6001-7000\items\lccc-6987.html","READY","Would update."
"D:\github\ron-english-light-cult-6001-7000\items\lccc-6988.html","READY","Would update."
"D:\github\ron-english-light-cult-6001-7000\items\lccc-6990.html","READY","Would update."
"D:\github\ron-english-light-cult-6001-7000\items\lccc-6991.html","READY","Would update."
"D:\github\ron-english-light-cult-6001-7000\items\lccc-6992.html","READY","Would update."
"D:\github\ron-english-light-cult-6001-7000\items\lccc-6993.html","READY","Would update."
"D:\github\ron-english-light-cult-6001-7000\items\lccc-6994.html","READY","Would update."
"D:\github\ron-english-light-cult-6001-7000\items\lccc-6995.html","READY","Would update."
"D:\github\ron-english-light-cult-6001-7000\items\lccc-6996.html","READY","Would update."
"D:\github\ron-english-light-cult-6001-7000\items\lccc-6999.html","READY","Would update."
"D:\github\ron-english-light-cult-6001-7000\items\lccc-7000.html","READY","Would update."
"D:\github\ron-english-light-cult-7001-8000\index.html","SKIP","No changes needed."
"D:\github\ron-english-light-cult-7001-8000\gallery-7001-7100.html","READY","Would update."
"D:\github\ron-english-light-cult-7001-8000\gallery-7101-7200.html","READY","Would update."
"D:\github\ron-english-light-cult-7001-8000\gallery-7201-7300.html","READY","Would update."
"D:\github\ron-english-light-cult-7001-8000\gallery-7301-7400.html","READY","Would update."
"D:\github\ron-english-light-cult-7001-8000\gallery-7401-7500.html","READY","Would update."
"D:\github\ron-english-light-cult-7001-8000\gallery-7501-7600.html","READY","Would update."
"D:\github\ron-english-light-cult-7001-8000\gallery-7601-7700.html","READY","Would update."
"D:\github\ron-english-light-cult-7001-8000\gallery-7701-7800.html","READY","Would update."
"D:\github\ron-english-light-cult-7001-8000\gallery-7801-7900.html","READY","Would update."
"D:\github\ron-english-light-cult-7001-8000\gallery-7901-8000.html","READY","Would update."
"D:\github\ron-english-light-cult-7001-8000\items\lccc-7001.html","READY","Would update."
"D:\github\ron-english-light-cult-7001-8000\items\lccc-7002.html","READY","Would update."
"D:\github\ron-english-light-cult-7001-8000\items\lccc-7003.html","READY","Would update."
"D:\github\ron-english-light-cult-7001-8000\items\lccc-7005.html","READY","Would update."
"D:\github\ron-english-light-cult-7001-8000\items\lccc-7006.html","READY","Would update."
"D:\github\ron-english-light-cult-7001-8000\items\lccc-7007.html","READY","Would update."
"D:\github\ron-english-light-cult-7001-8000\items\lccc-7008.html","READY","Would update."
"D:\github\ron-english-light-cult-7001-8000\items\lccc-7009.html","READY","Would update."
"D:\github\ron-english-light-cult-7001-8000\items\lccc-7010.html","READY","Would update."
"D:\github\ron-english-light-cult-7001-8000\items\lccc-7011.html","READY","Would update."
"D:\github\ron-english-light-cult-7001-8000\items\lccc-7012.html","READY","Would update."
"D:\github\ron-english-light-cult-7001-8000\items\lccc-7013.html","READY","Would update."
"D:\github\ron-english-light-cult-7001-8000\items\lccc-7016.html","READY","Would update."
"D:\github\ron-english-light-cult-7001-8000\items\lccc-7017.html","READY","Would update."
"D:\github\ron-english-light-cult-7001-8000\items\lccc-7019.html","READY","Would update."
"D:\github\ron-english-light-cult-7001-8000\items\lccc-7020.html","READY","Would update."
"D:\github\ron-english-light-cult-7001-8000\items\lccc-7021.html","READY","Would update."
"D:\github\ron-english-light-cult-7001-8000\items\lccc-7022.html","READY","Would update."
"D:\github\ron-english-light-cult-7001-8000\items\lccc-7023.html","READY","Would update."
"D:\github\ron-english-light-cult-7001-8000\items\lccc-7024.html","READY","Would update."
"D:\github\ron-english-light-cult-7001-8000\items\lccc-7025.html","READY","Would update."
"D:\github\ron-english-light-cult-7001-8000\items\lccc-7026.html","READY","Would update."
"D:\github\ron-english-light-cult-7001-8000\items\lccc-7027.html","READY","Would update."
"D:\github\ron-english-light-cult-7001-8000\items\lccc-7029.html","READY","Would update."
"D:\github\ron-english-light-cult-7001-8000\items\lccc-7030.html","READY","Would update."
"D:\github\ron-english-light-cult-7001-8000\items\lccc-7033.html","READY","Would update."
"D:\github\ron-english-light-cult-7001-8000\items\lccc-7034.html","READY","Would update."
"D:\github\ron-english-light-cult-7001-8000\items\lccc-7035.html","READY","Would update."
"D:\github\ron-english-light-cult-7001-8000\items\lccc-7037.html","READY","Would update."
"D:\github\ron-english-light-cult-7001-8000\items\lccc-7038.html","READY","Would update."
"D:\github\ron-english-light-cult-7001-8000\items\lccc-7039.html","READY","Would update."
"D:\github\ron-english-light-cult-7001-8000\items\lccc-7040.html","READY","Would update."
"D:\github\ron-english-light-cult-7001-8000\items\lccc-7041.html","READY","Would update."
"D:\github\ron-english-light-cult-7001-8000\items\lccc-7042.html","READY","Would update."
"D:\github\ron-english-light-cult-7001-8000\items\lccc-7043.html","READY","Would update."
"D:\github\ron-english-light-cult-7001-8000\items\lccc-7044.html","READY","Would update."
"D:\github\ron-english-light-cult-7001-8000\items\lccc-7045.html","READY","Would update."
"D:\github\ron-english-light-cult-7001-8000\items\lccc-7047.html","READY","Would update."
"D:\github\ron-english-light-cult-7001-8000\items\lccc-7048.html","READY","Would update."
"D:\github\ron-english-light-cult-7001-8000\items\lccc-7049.html","READY","Would update."
"D:\github\ron-english-light-cult-7001-8000\items\lccc-7050.html","READY","Would update."
"D:\github\ron-english-light-cult-7001-8000\items\lccc-7051.html","READY","Would update."
"D:\github\ron-english-light-cult-7001-8000\items\lccc-7052.html","READY","Would update."
"D:\github\ron-english-light-cult-7001-8000\items\lccc-7053.html","READY","Would update."
"D:\github\ron-english-light-cult-7001-8000\items\lccc-7054.html","READY","Would update."
"D:\github\ron-english-light-cult-7001-8000\items\lccc-7056.html","READY","Would update."
"D:\github\ron-english-light-cult-7001-8000\items\lccc-7057.html","READY","Would update."
"D:\github\ron-english-light-cult-7001-8000\items\lccc-7058.html","READY","Would update."
"D:\github\ron-english-light-cult-7001-8000\items\lccc-7059.html","READY","Would update."
"D:\github\ron-english-light-cult-7001-8000\items\lccc-7060.html","READY","Would update."
"D:\github\ron-english-light-cult-7001-8000\items\lccc-7061.html","READY","Would update."
"D:\github\ron-english-light-cult-7001-8000\items\lccc-7062.html","READY","Would update."
"D:\github\ron-english-light-cult-7001-8000\items\lccc-7064.html","READY","Would update."
"D:\github\ron-english-light-cult-7001-8000\items\lccc-7065.html","READY","Would update."
"D:\github\ron-english-light-cult-7001-8000\items\lccc-7066.html","READY","Would update."
"D:\github\ron-english-light-cult-7001-8000\items\lccc-7067.html","READY","Would update."
"D:\github\ron-english-light-cult-7001-8000\items\lccc-7068.html","READY","Would update."
"D:\github\ron-english-light-cult-7001-8000\items\lccc-7069.html","READY","Would update."
"D:\github\ron-english-light-cult-7001-8000\items\lccc-7070.html","READY","Would update."
"D:\github\ron-english-light-cult-7001-8000\items\lccc-7071.html","READY","Would update."
"D:\github\ron-english-light-cult-7001-8000\items\lccc-7073.html","READY","Would update."
"D:\github\ron-english-light-cult-7001-8000\items\lccc-7074.html","READY","Would update."
"D:\github\ron-english-light-cult-7001-8000\items\lccc-7076.html","READY","Would update."
"D:\github\ron-english-light-cult-7001-8000\items\lccc-7077.html","READY","Would update."
"D:\github\ron-english-light-cult-7001-8000\items\lccc-7078.html","READY","Would update."
"D:\github\ron-english-light-cult-7001-8000\items\lccc-7079.html","READY","Would update."
"D:\github\ron-english-light-cult-7001-8000\items\lccc-7080.html","READY","Would update."
"D:\github\ron-english-light-cult-7001-8000\items\lccc-7081.html","READY","Would update."
"D:\github\ron-english-light-cult-7001-8000\items\lccc-7082.html","READY","Would update."
"D:\github\ron-english-light-cult-7001-8000\items\lccc-7083.html","READY","Would update."
"D:\github\ron-english-light-cult-7001-8000\items\lccc-7085.html","READY","Would update."
"D:\github\ron-english-light-cult-7001-8000\items\lccc-7086.html","READY","Would update."
"D:\github\ron-english-light-cult-7001-8000\items\lccc-7087.html","READY","Would update."
"D:\github\ron-english-light-cult-7001-8000\items\lccc-7088.html","READY","Would update."
"D:\github\ron-english-light-cult-7001-8000\items\lccc-7089.html","READY","Would update."
"D:\github\ron-english-light-cult-7001-8000\items\lccc-7090.html","READY","Would update."
"D:\github\ron-english-light-cult-7001-8000\items\lccc-7091.html","READY","Would update."
"D:\github\ron-english-light-cult-7001-8000\items\lccc-7092.html","READY","Would update."
"D:\github\ron-english-light-cult-7001-8000\items\lccc-7093.html","READY","Would update."
"D:\github\ron-english-light-cult-7001-8000\items\lccc-7094.html","READY","Would update."
"D:\github\ron-english-light-cult-7001-8000\items\lccc-7095.html","READY","Would update."
"D:\github\ron-english-light-cult-7001-8000\items\lccc-7096.html","READY","Would update."
"D:\github\ron-english-light-cult-7001-8000\items\lccc-7097.html","READY","Would update."
"D:\github\ron-english-light-cult-7001-8000\items\lccc-7099.html","READY","Would update."
"D:\github\ron-english-light-cult-7001-8000\items\lccc-7100.html","READY","Would update."
"D:\github\ron-english-light-cult-7001-8000\items\lccc-7101.html","READY","Would update."
"D:\github\ron-english-light-cult-7001-8000\items\lccc-7103.html","READY","Would update."
"D:\github\ron-english-light-cult-7001-8000\items\lccc-7104.html","READY","Would update."
"D:\github\ron-english-light-cult-7001-8000\items\lccc-7105.html","READY","Would update."
"D:\github\ron-english-light-cult-7001-8000\items\lccc-7106.html","READY","Would update."
"D:\github\ron-english-light-cult-7001-8000\items\lccc-7107.html","READY","Would update."
"D:\github\ron-english-light-cult-7001-8000\items\lccc-7108.html","READY","Would update."
"D:\github\ron-english-light-cult-7001-8000\items\lccc-7109.html","READY","Would update."
"D:\github\ron-english-light-cult-7001-8000\items\lccc-7110.html","READY","Would update."
"D:\github\ron-english-light-cult-7001-8000\items\lccc-7111.html","READY","Would update."
"D:\github\ron-english-light-cult-7001-8000\items\lccc-7112.html","READY","Would update."
"D:\github\ron-english-light-cult-7001-8000\items\lccc-7113.html","READY","Would update."
"D:\github\ron-english-light-cult-7001-8000\items\lccc-7115.html","READY","Would update."
"D:\github\ron-english-light-cult-7001-8000\items\lccc-7116.html","READY","Would update."
"D:\github\ron-english-light-cult-7001-8000\items\lccc-7118.html","READY","Would update."
"D:\github\ron-english-light-cult-7001-8000\items\lccc-7119.html","READY","Would update."
"D:\github\ron-english-light-cult-7001-8000\items\lccc-7120.html","READY","Would update."
"D:\github\ron-english-light-cult-7001-8000\items\lccc-7121.html","READY","Would update."
"D:\github\ron-english-light-cult-7001-8000\items\lccc-7122.html","READY","Would update."
"D:\github\ron-english-light-cult-7001-8000\items\lccc-7123.html","READY","Would update."
"D:\github\ron-english-light-cult-7001-8000\items\lccc-7125.html","READY","Would update."
"D:\github\ron-english-light-cult-7001-8000\items\lccc-7127.html","READY","Would update."
"D:\github\ron-english-light-cult-7001-8000\items\lccc-7128.html","READY","Would update."
"D:\github\ron-english-light-cult-7001-8000\items\lccc-7130.html","READY","Would update."
"D:\github\ron-english-light-cult-7001-8000\items\lccc-7131.html","READY","Would update."
"D:\github\ron-english-light-cult-7001-8000\items\lccc-7132.html","READY","Would update."
"D:\github\ron-english-light-cult-7001-8000\items\lccc-7133.html","READY","Would update."
"D:\github\ron-english-light-cult-7001-8000\items\lccc-7134.html","READY","Would update."
"D:\github\ron-english-light-cult-7001-8000\items\lccc-7135.html","READY","Would update."
"D:\github\ron-english-light-cult-7001-8000\items\lccc-7136.html","READY","Would update."
"D:\github\ron-english-light-cult-7001-8000\items\lccc-7137.html","READY","Would update."
"D:\github\ron-english-light-cult-7001-8000\items\lccc-7138.html","READY","Would update."
"D:\github\ron-english-light-cult-7001-8000\items\lccc-7139.html","READY","Would update."
"D:\github\ron-english-light-cult-7001-8000\items\lccc-7140.html","READY","Would update."
"D:\github\ron-english-light-cult-7001-8000\items\lccc-7141.html","READY","Would update."
"D:\github\ron-english-light-cult-7001-8000\items\lccc-7142.html","READY","Would update."
"D:\github\ron-english-light-cult-7001-8000\items\lccc-7143.html","READY","Would update."
"D:\github\ron-english-light-cult-7001-8000\items\lccc-7144.html","READY","Would update."
"D:\github\ron-english-light-cult-7001-8000\items\lccc-7145.html","READY","Would update."
"D:\github\ron-english-light-cult-7001-8000\items\lccc-7147.html","READY","Would update."
"D:\github\ron-english-light-cult-7001-8000\items\lccc-7148.html","READY","Would update."
"D:\github\ron-english-light-cult-7001-8000\items\lccc-7149.html","READY","Would update."
"D:\github\ron-english-light-cult-7001-8000\items\lccc-7150.html","READY","Would update."
"D:\github\ron-english-light-cult-7001-8000\items\lccc-7151.html","READY","Would update."
"D:\github\ron-english-light-cult-7001-8000\items\lccc-7152.html","READY","Would update."
"D:\github\ron-english-light-cult-7001-8000\items\lccc-7153.html","READY","Would update."
"D:\github\ron-english-light-cult-7001-8000\items\lccc-7154.html","READY","Would update."
"D:\github\ron-english-light-cult-7001-8000\items\lccc-7155.html","READY","Would update."
"D:\github\ron-english-light-cult-7001-8000\items\lccc-7157.html","READY","Would update."
"D:\github\ron-english-light-cult-7001-8000\items\lccc-7158.html","READY","Would update."
"D:\github\ron-english-light-cult-7001-8000\items\lccc-7159.html","READY","Would update."
"D:\github\ron-english-light-cult-7001-8000\items\lccc-7160.html","READY","Would update."
"D:\github\ron-english-light-cult-7001-8000\items\lccc-7161.html","READY","Would update."
"D:\github\ron-english-light-cult-7001-8000\items\lccc-7162.html","READY","Would update."
"D:\github\ron-english-light-cult-7001-8000\items\lccc-7163.html","READY","Would update."
"D:\github\ron-english-light-cult-7001-8000\items\lccc-7164.html","READY","Would update."
"D:\github\ron-english-light-cult-7001-8000\items\lccc-7165.html","READY","Would update."
"D:\github\ron-english-light-cult-7001-8000\items\lccc-7166.html","READY","Would update."
"D:\github\ron-english-light-cult-7001-8000\items\lccc-7167.html","READY","Would update."
"D:\github\ron-english-light-cult-7001-8000\items\lccc-7168.html","READY","Would update."
"D:\github\ron-english-light-cult-7001-8000\items\lccc-7169.html","READY","Would update."
"D:\github\ron-english-light-cult-7001-8000\items\lccc-7170.html","READY","Would update."
"D:\github\ron-english-light-cult-7001-8000\items\lccc-7171.html","READY","Would update."
"D:\github\ron-english-light-cult-7001-8000\items\lccc-7172.html","READY","Would update."
"D:\github\ron-english-light-cult-7001-8000\items\lccc-7173.html","READY","Would update."
"D:\github\ron-english-light-cult-7001-8000\items\lccc-7174.html","READY","Would update."
"D:\github\ron-english-light-cult-7001-8000\items\lccc-7175.html","READY","Would update."
"D:\github\ron-english-light-cult-7001-8000\items\lccc-7177.html","READY","Would update."
"D:\github\ron-english-light-cult-7001-8000\items\lccc-7178.html","READY","Would update."
"D:\github\ron-english-light-cult-7001-8000\items\lccc-7179.html","READY","Would update."
"D:\github\ron-english-light-cult-7001-8000\items\lccc-7180.html","READY","Would update."
"D:\github\ron-english-light-cult-7001-8000\items\lccc-7181.html","READY","Would update."
"D:\github\ron-english-light-cult-7001-8000\items\lccc-7182.html","READY","Would update."
"D:\github\ron-english-light-cult-7001-8000\items\lccc-7183.html","READY","Would update."
"D:\github\ron-english-light-cult-7001-8000\items\lccc-7184.html","READY","Would update."
"D:\github\ron-english-light-cult-7001-8000\items\lccc-7185.html","READY","Would update."
"D:\github\ron-english-light-cult-7001-8000\items\lccc-7186.html","READY","Would update."
"D:\github\ron-english-light-cult-7001-8000\items\lccc-7187.html","READY","Would update."
"D:\github\ron-english-light-cult-7001-8000\items\lccc-7188.html","READY","Would update."
"D:\github\ron-english-light-cult-7001-8000\items\lccc-7189.html","READY","Would update."
"D:\github\ron-english-light-cult-7001-8000\items\lccc-7190.html","READY","Would update."
"D:\github\ron-english-light-cult-7001-8000\items\lccc-7191.html","READY","Would update."
"D:\github\ron-english-light-cult-7001-8000\items\lccc-7193.html","READY","Would update."
"D:\github\ron-english-light-cult-7001-8000\items\lccc-7194.html","READY","Would update."
"D:\github\ron-english-light-cult-7001-8000\items\lccc-7196.html","READY","Would update."
"D:\github\ron-english-light-cult-7001-8000\items\lccc-7197.html","READY","Would update."
"D:\github\ron-english-light-cult-7001-8000\items\lccc-7198.html","READY","Would update."
"D:\github\ron-english-light-cult-7001-8000\items\lccc-7200.html","READY","Would update."
"D:\github\ron-english-light-cult-7001-8000\items\lccc-7201.html","READY","Would update."
"D:\github\ron-english-light-cult-7001-8000\items\lccc-7202.html","READY","Would update."
"D:\github\ron-english-light-cult-7001-8000\items\lccc-7203.html","READY","Would update."
"D:\github\ron-english-light-cult-7001-8000\items\lccc-7205.html","READY","Would update."
"D:\github\ron-english-light-cult-7001-8000\items\lccc-7206.html","READY","Would update."
"D:\github\ron-english-light-cult-7001-8000\items\lccc-7207.html","READY","Would update."
"D:\github\ron-english-light-cult-7001-8000\items\lccc-7208.html","READY","Would update."
"D:\github\ron-english-light-cult-7001-8000\items\lccc-7210.html","READY","Would update."
"D:\github\ron-english-light-cult-7001-8000\items\lccc-7211.html","READY","Would update."
"D:\github\ron-english-light-cult-7001-8000\items\lccc-7212.html","READY","Would update."
"D:\github\ron-english-light-cult-7001-8000\items\lccc-7214.html","READY","Would update."
"D:\github\ron-english-light-cult-7001-8000\items\lccc-7215.html","READY","Would update."
"D:\github\ron-english-light-cult-7001-8000\items\lccc-7216.html","READY","Would update."
"D:\github\ron-english-light-cult-7001-8000\items\lccc-7217.html","READY","Would update."
"D:\github\ron-english-light-cult-7001-8000\items\lccc-7218.html","READY","Would update."
"D:\github\ron-english-light-cult-7001-8000\items\lccc-7219.html","READY","Would update."
"D:\github\ron-english-light-cult-7001-8000\items\lccc-7220.html","READY","Would update."
"D:\github\ron-english-light-cult-7001-8000\items\lccc-7221.html","READY","Would update."
"D:\github\ron-english-light-cult-7001-8000\items\lccc-7222.html","READY","Would update."
"D:\github\ron-english-light-cult-7001-8000\items\lccc-7223.html","READY","Would update."
"D:\github\ron-english-light-cult-7001-8000\items\lccc-7224.html","READY","Would update."
"D:\github\ron-english-light-cult-7001-8000\items\lccc-7225.html","READY","Would update."
"D:\github\ron-english-light-cult-7001-8000\items\lccc-7226.html","READY","Would update."
"D:\github\ron-english-light-cult-7001-8000\items\lccc-7227.html","READY","Would update."
"D:\github\ron-english-light-cult-7001-8000\items\lccc-7228.html","READY","Would update."
"D:\github\ron-english-light-cult-7001-8000\items\lccc-7229.html","READY","Would update."
"D:\github\ron-english-light-cult-7001-8000\items\lccc-7230.html","READY","Would update."
"D:\github\ron-english-light-cult-7001-8000\items\lccc-7231.html","READY","Would update."
"D:\github\ron-english-light-cult-7001-8000\items\lccc-7232.html","READY","Would update."
"D:\github\ron-english-light-cult-7001-8000\items\lccc-7233.html","READY","Would update."
"D:\github\ron-english-light-cult-7001-8000\items\lccc-7235.html","READY","Would update."
"D:\github\ron-english-light-cult-7001-8000\items\lccc-7236.html","READY","Would update."
"D:\github\ron-english-light-cult-7001-8000\items\lccc-7237.html","READY","Would update."
"D:\github\ron-english-light-cult-7001-8000\items\lccc-7238.html","READY","Would update."
"D:\github\ron-english-light-cult-7001-8000\items\lccc-7239.html","READY","Would update."
"D:\github\ron-english-light-cult-7001-8000\items\lccc-7240.html","READY","Would update."
"D:\github\ron-english-light-cult-7001-8000\items\lccc-7241.html","READY","Would update."
"D:\github\ron-english-light-cult-7001-8000\items\lccc-7242.html","READY","Would update."
"D:\github\ron-english-light-cult-7001-8000\items\lccc-7244.html","READY","Would update."
"D:\github\ron-english-light-cult-7001-8000\items\lccc-7245.html","READY","Would update."
"D:\github\ron-english-light-cult-7001-8000\items\lccc-7246.html","READY","Would update."
"D:\github\ron-english-light-cult-7001-8000\items\lccc-7248.html","READY","Would update."
"D:\github\ron-english-light-cult-7001-8000\items\lccc-7249.html","READY","Would update."
"D:\github\ron-english-light-cult-7001-8000\items\lccc-7250.html","READY","Would update."
"D:\github\ron-english-light-cult-7001-8000\items\lccc-7251.html","READY","Would update."
"D:\github\ron-english-light-cult-7001-8000\items\lccc-7252.html","READY","Would update."
"D:\github\ron-english-light-cult-7001-8000\items\lccc-7253.html","READY","Would update."
"D:\github\ron-english-light-cult-7001-8000\items\lccc-7254.html","READY","Would update."
"D:\github\ron-english-light-cult-7001-8000\items\lccc-7255.html","READY","Would update."
"D:\github\ron-english-light-cult-7001-8000\items\lccc-7256.html","READY","Would update."
"D:\github\ron-english-light-cult-7001-8000\items\lccc-7257.html","READY","Would update."
"D:\github\ron-english-light-cult-7001-8000\items\lccc-7258.html","READY","Would update."
"D:\github\ron-english-light-cult-7001-8000\items\lccc-7259.html","READY","Would update."
"D:\github\ron-english-light-cult-7001-8000\items\lccc-7260.html","READY","Would update."
"D:\github\ron-english-light-cult-7001-8000\items\lccc-7262.html","READY","Would update."
"D:\github\ron-english-light-cult-7001-8000\items\lccc-7263.html","READY","Would update."
"D:\github\ron-english-light-cult-7001-8000\items\lccc-7264.html","READY","Would update."
"D:\github\ron-english-light-cult-7001-8000\items\lccc-7265.html","READY","Would update."
"D:\github\ron-english-light-cult-7001-8000\items\lccc-7266.html","READY","Would update."
"D:\github\ron-english-light-cult-7001-8000\items\lccc-7267.html","READY","Would update."
"D:\github\ron-english-light-cult-7001-8000\items\lccc-7268.html","READY","Would update."
"D:\github\ron-english-light-cult-7001-8000\items\lccc-7269.html","READY","Would update."
"D:\github\ron-english-light-cult-7001-8000\items\lccc-7270.html","READY","Would update."
"D:\github\ron-english-light-cult-7001-8000\items\lccc-7271.html","READY","Would update."
"D:\github\ron-english-light-cult-7001-8000\items\lccc-7272.html","READY","Would update."
"D:\github\ron-english-light-cult-7001-8000\items\lccc-7273.html","READY","Would update."
"D:\github\ron-english-light-cult-7001-8000\items\lccc-7274.html","READY","Would update."
"D:\github\ron-english-light-cult-7001-8000\items\lccc-7275.html","READY","Would update."
"D:\github\ron-english-light-cult-7001-8000\items\lccc-7276.html","READY","Would update."
"D:\github\ron-english-light-cult-7001-8000\items\lccc-7277.html","READY","Would update."
"D:\github\ron-english-light-cult-7001-8000\items\lccc-7279.html","READY","Would update."
"D:\github\ron-english-light-cult-7001-8000\items\lccc-7280.html","READY","Would update."
"D:\github\ron-english-light-cult-7001-8000\items\lccc-7281.html","READY","Would update."
"D:\github\ron-english-light-cult-7001-8000\items\lccc-7282.html","READY","Would update."
"D:\github\ron-english-light-cult-7001-8000\items\lccc-7283.html","READY","Would update."
"D:\github\ron-english-light-cult-7001-8000\items\lccc-7284.html","READY","Would update."
"D:\github\ron-english-light-cult-7001-8000\items\lccc-7287.html","READY","Would update."
"D:\github\ron-english-light-cult-7001-8000\items\lccc-7288.html","READY","Would update."
"D:\github\ron-english-light-cult-7001-8000\items\lccc-7289.html","READY","Would update."
"D:\github\ron-english-light-cult-7001-8000\items\lccc-7290.html","READY","Would update."
"D:\github\ron-english-light-cult-7001-8000\items\lccc-7291.html","READY","Would update."
"D:\github\ron-english-light-cult-7001-8000\items\lccc-7292.html","READY","Would update."
"D:\github\ron-english-light-cult-7001-8000\items\lccc-7293.html","READY","Would update."
"D:\github\ron-english-light-cult-7001-8000\items\lccc-7294.html","READY","Would update."
"D:\github\ron-english-light-cult-7001-8000\items\lccc-7295.html","READY","Would update."
"D:\github\ron-english-light-cult-7001-8000\items\lccc-7296.html","READY","Would update."
"D:\github\ron-english-light-cult-7001-8000\items\lccc-7297.html","READY","Would update."
"D:\github\ron-english-light-cult-7001-8000\items\lccc-7298.html","READY","Would update."
"D:\github\ron-english-light-cult-7001-8000\items\lccc-7299.html","READY","Would update."
"D:\github\ron-english-light-cult-7001-8000\items\lccc-7301.html","READY","Would update."
"D:\github\ron-english-light-cult-7001-8000\items\lccc-7302.html","READY","Would update."
"D:\github\ron-english-light-cult-7001-8000\items\lccc-7303.html","READY","Would update."
"D:\github\ron-english-light-cult-7001-8000\items\lccc-7305.html","READY","Would update."
"D:\github\ron-english-light-cult-7001-8000\items\lccc-7306.html","READY","Would update."
"D:\github\ron-english-light-cult-7001-8000\items\lccc-7307.html","READY","Would update."
"D:\github\ron-english-light-cult-7001-8000\items\lccc-7308.html","READY","Would update."
"D:\github\ron-english-light-cult-7001-8000\items\lccc-7310.html","READY","Would update."
"D:\github\ron-english-light-cult-7001-8000\items\lccc-7311.html","READY","Would update."
"D:\github\ron-english-light-cult-7001-8000\items\lccc-7312.html","READY","Would update."
"D:\github\ron-english-light-cult-7001-8000\items\lccc-7313.html","READY","Would update."
"D:\github\ron-english-light-cult-7001-8000\items\lccc-7314.html","READY","Would update."
"D:\github\ron-english-light-cult-7001-8000\items\lccc-7315.html","READY","Would update."
"D:\github\ron-english-light-cult-7001-8000\items\lccc-7316.html","READY","Would update."
"D:\github\ron-english-light-cult-7001-8000\items\lccc-7317.html","READY","Would update."
"D:\github\ron-english-light-cult-7001-8000\items\lccc-7318.html","READY","Would update."
"D:\github\ron-english-light-cult-7001-8000\items\lccc-7320.html","READY","Would update."
"D:\github\ron-english-light-cult-7001-8000\items\lccc-7321.html","READY","Would update."
"D:\github\ron-english-light-cult-7001-8000\items\lccc-7322.html","READY","Would update."
"D:\github\ron-english-light-cult-7001-8000\items\lccc-7323.html","READY","Would update."
"D:\github\ron-english-light-cult-7001-8000\items\lccc-7324.html","READY","Would update."
"D:\github\ron-english-light-cult-7001-8000\items\lccc-7325.html","READY","Would update."
"D:\github\ron-english-light-cult-7001-8000\items\lccc-7327.html","READY","Would update."
"D:\github\ron-english-light-cult-7001-8000\items\lccc-7328.html","READY","Would update."
"D:\github\ron-english-light-cult-7001-8000\items\lccc-7329.html","READY","Would update."
"D:\github\ron-english-light-cult-7001-8000\items\lccc-7330.html","READY","Would update."
"D:\github\ron-english-light-cult-7001-8000\items\lccc-7331.html","READY","Would update."
"D:\github\ron-english-light-cult-7001-8000\items\lccc-7332.html","READY","Would update."
"D:\github\ron-english-light-cult-7001-8000\items\lccc-7333.html","READY","Would update."
"D:\github\ron-english-light-cult-7001-8000\items\lccc-7334.html","READY","Would update."
"D:\github\ron-english-light-cult-7001-8000\items\lccc-7335.html","READY","Would update."
"D:\github\ron-english-light-cult-7001-8000\items\lccc-7336.html","READY","Would update."
"D:\github\ron-english-light-cult-7001-8000\items\lccc-7338.html","READY","Would update."
"D:\github\ron-english-light-cult-7001-8000\items\lccc-7339.html","READY","Would update."
"D:\github\ron-english-light-cult-7001-8000\items\lccc-7340.html","READY","Would update."
"D:\github\ron-english-light-cult-7001-8000\items\lccc-7342.html","READY","Would update."
"D:\github\ron-english-light-cult-7001-8000\items\lccc-7344.html","READY","Would update."
"D:\github\ron-english-light-cult-7001-8000\items\lccc-7345.html","READY","Would update."
"D:\github\ron-english-light-cult-7001-8000\items\lccc-7347.html","READY","Would update."
"D:\github\ron-english-light-cult-7001-8000\items\lccc-7348.html","READY","Would update."
"D:\github\ron-english-light-cult-7001-8000\items\lccc-7349.html","READY","Would update."
"D:\github\ron-english-light-cult-7001-8000\items\lccc-7350.html","READY","Would update."
"D:\github\ron-english-light-cult-7001-8000\items\lccc-7352.html","READY","Would update."
"D:\github\ron-english-light-cult-7001-8000\items\lccc-7353.html","READY","Would update."
"D:\github\ron-english-light-cult-7001-8000\items\lccc-7354.html","READY","Would update."
"D:\github\ron-english-light-cult-7001-8000\items\lccc-7355.html","READY","Would update."
"D:\github\ron-english-light-cult-7001-8000\items\lccc-7356.html","READY","Would update."
"D:\github\ron-english-light-cult-7001-8000\items\lccc-7358.html","READY","Would update."
"D:\github\ron-english-light-cult-7001-8000\items\lccc-7359.html","READY","Would update."
"D:\github\ron-english-light-cult-7001-8000\items\lccc-7360.html","READY","Would update."
"D:\github\ron-english-light-cult-7001-8000\items\lccc-7361.html","READY","Would update."
"D:\github\ron-english-light-cult-7001-8000\items\lccc-7362.html","READY","Would update."
"D:\github\ron-english-light-cult-7001-8000\items\lccc-7363.html","READY","Would update."
"D:\github\ron-english-light-cult-7001-8000\items\lccc-7364.html","READY","Would update."
"D:\github\ron-english-light-cult-7001-8000\items\lccc-7365.html","READY","Would update."
"D:\github\ron-english-light-cult-7001-8000\items\lccc-7366.html","READY","Would update."
"D:\github\ron-english-light-cult-7001-8000\items\lccc-7367.html","READY","Would update."
"D:\github\ron-english-light-cult-7001-8000\items\lccc-7368.html","READY","Would update."
"D:\github\ron-english-light-cult-7001-8000\items\lccc-7369.html","READY","Would update."
"D:\github\ron-english-light-cult-7001-8000\items\lccc-7370.html","READY","Would update."
"D:\github\ron-english-light-cult-7001-8000\items\lccc-7371.html","READY","Would update."
"D:\github\ron-english-light-cult-7001-8000\items\lccc-7372.html","READY","Would update."
"D:\github\ron-english-light-cult-7001-8000\items\lccc-7373.html","READY","Would update."
"D:\github\ron-english-light-cult-7001-8000\items\lccc-7374.html","READY","Would update."
"D:\github\ron-english-light-cult-7001-8000\items\lccc-7375.html","READY","Would update."
"D:\github\ron-english-light-cult-7001-8000\items\lccc-7376.html","READY","Would update."
"D:\github\ron-english-light-cult-7001-8000\items\lccc-7377.html","READY","Would update."
"D:\github\ron-english-light-cult-7001-8000\items\lccc-7378.html","READY","Would update."
"D:\github\ron-english-light-cult-7001-8000\items\lccc-7379.html","READY","Would update."
"D:\github\ron-english-light-cult-7001-8000\items\lccc-7380.html","READY","Would update."
"D:\github\ron-english-light-cult-7001-8000\items\lccc-7381.html","READY","Would update."
"D:\github\ron-english-light-cult-7001-8000\items\lccc-7382.html","READY","Would update."
"D:\github\ron-english-light-cult-7001-8000\items\lccc-7383.html","READY","Would update."
"D:\github\ron-english-light-cult-7001-8000\items\lccc-7384.html","READY","Would update."
"D:\github\ron-english-light-cult-7001-8000\items\lccc-7385.html","READY","Would update."
"D:\github\ron-english-light-cult-7001-8000\items\lccc-7386.html","READY","Would update."
"D:\github\ron-english-light-cult-7001-8000\items\lccc-7387.html","READY","Would update."
"D:\github\ron-english-light-cult-7001-8000\items\lccc-7388.html","READY","Would update."
"D:\github\ron-english-light-cult-7001-8000\items\lccc-7389.html","READY","Would update."
"D:\github\ron-english-light-cult-7001-8000\items\lccc-7390.html","READY","Would update."
"D:\github\ron-english-light-cult-7001-8000\items\lccc-7391.html","READY","Would update."
"D:\github\ron-english-light-cult-7001-8000\items\lccc-7392.html","READY","Would update."
"D:\github\ron-english-light-cult-7001-8000\items\lccc-7393.html","READY","Would update."
"D:\github\ron-english-light-cult-7001-8000\items\lccc-7394.html","READY","Would update."
"D:\github\ron-english-light-cult-7001-8000\items\lccc-7395.html","READY","Would update."
"D:\github\ron-english-light-cult-7001-8000\items\lccc-7397.html","READY","Would update."
"D:\github\ron-english-light-cult-7001-8000\items\lccc-7398.html","READY","Would update."
"D:\github\ron-english-light-cult-7001-8000\items\lccc-7399.html","READY","Would update."
"D:\github\ron-english-light-cult-7001-8000\items\lccc-7400.html","READY","Would update."
"D:\github\ron-english-light-cult-7001-8000\items\lccc-7401.html","READY","Would update."
"D:\github\ron-english-light-cult-7001-8000\items\lccc-7402.html","READY","Would update."
"D:\github\ron-english-light-cult-7001-8000\items\lccc-7403.html","READY","Would update."
"D:\github\ron-english-light-cult-7001-8000\items\lccc-7404.html","READY","Would update."
"D:\github\ron-english-light-cult-7001-8000\items\lccc-7405.html","READY","Would update."
"D:\github\ron-english-light-cult-7001-8000\items\lccc-7406.html","READY","Would update."
"D:\github\ron-english-light-cult-7001-8000\items\lccc-7407.html","READY","Would update."
"D:\github\ron-english-light-cult-7001-8000\items\lccc-7408.html","READY","Would update."
"D:\github\ron-english-light-cult-7001-8000\items\lccc-7409.html","READY","Would update."
"D:\github\ron-english-light-cult-7001-8000\items\lccc-7410.html","READY","Would update."
"D:\github\ron-english-light-cult-7001-8000\items\lccc-7411.html","READY","Would update."
"D:\github\ron-english-light-cult-7001-8000\items\lccc-7412.html","READY","Would update."
"D:\github\ron-english-light-cult-7001-8000\items\lccc-7413.html","READY","Would update."
"D:\github\ron-english-light-cult-7001-8000\items\lccc-7414.html","READY","Would update."
"D:\github\ron-english-light-cult-7001-8000\items\lccc-7415.html","READY","Would update."
"D:\github\ron-english-light-cult-7001-8000\items\lccc-7416.html","READY","Would update."
"D:\github\ron-english-light-cult-7001-8000\items\lccc-7417.html","READY","Would update."
"D:\github\ron-english-light-cult-7001-8000\items\lccc-7418.html","READY","Would update."
"D:\github\ron-english-light-cult-7001-8000\items\lccc-7420.html","READY","Would update."
"D:\github\ron-english-light-cult-7001-8000\items\lccc-7421.html","READY","Would update."
"D:\github\ron-english-light-cult-7001-8000\items\lccc-7422.html","READY","Would update."
"D:\github\ron-english-light-cult-7001-8000\items\lccc-7423.html","READY","Would update."
"D:\github\ron-english-light-cult-7001-8000\items\lccc-7424.html","READY","Would update."
"D:\github\ron-english-light-cult-7001-8000\items\lccc-7425.html","READY","Would update."
"D:\github\ron-english-light-cult-7001-8000\items\lccc-7426.html","READY","Would update."
"D:\github\ron-english-light-cult-7001-8000\items\lccc-7427.html","READY","Would update."
"D:\github\ron-english-light-cult-7001-8000\items\lccc-7428.html","READY","Would update."
"D:\github\ron-english-light-cult-7001-8000\items\lccc-7429.html","READY","Would update."
"D:\github\ron-english-light-cult-7001-8000\items\lccc-7431.html","READY","Would update."
"D:\github\ron-english-light-cult-7001-8000\items\lccc-7432.html","READY","Would update."
"D:\github\ron-english-light-cult-7001-8000\items\lccc-7433.html","READY","Would update."
"D:\github\ron-english-light-cult-7001-8000\items\lccc-7435.html","READY","Would update."
"D:\github\ron-english-light-cult-7001-8000\items\lccc-7438.html","READY","Would update."
"D:\github\ron-english-light-cult-7001-8000\items\lccc-7439.html","READY","Would update."
"D:\github\ron-english-light-cult-7001-8000\items\lccc-7440.html","READY","Would update."
"D:\github\ron-english-light-cult-7001-8000\items\lccc-7441.html","READY","Would update."
"D:\github\ron-english-light-cult-7001-8000\items\lccc-7442.html","READY","Would update."
"D:\github\ron-english-light-cult-7001-8000\items\lccc-7443.html","READY","Would update."
"D:\github\ron-english-light-cult-7001-8000\items\lccc-7444.html","READY","Would update."
"D:\github\ron-english-light-cult-7001-8000\items\lccc-7445.html","READY","Would update."
"D:\github\ron-english-light-cult-7001-8000\items\lccc-7446.html","READY","Would update."
"D:\github\ron-english-light-cult-7001-8000\items\lccc-7447.html","READY","Would update."
"D:\github\ron-english-light-cult-7001-8000\items\lccc-7448.html","READY","Would update."
"D:\github\ron-english-light-cult-7001-8000\items\lccc-7449.html","READY","Would update."
"D:\github\ron-english-light-cult-7001-8000\items\lccc-7451.html","READY","Would update."
"D:\github\ron-english-light-cult-7001-8000\items\lccc-7452.html","READY","Would update."
"D:\github\ron-english-light-cult-7001-8000\items\lccc-7453.html","READY","Would update."
"D:\github\ron-english-light-cult-7001-8000\items\lccc-7454.html","READY","Would update."
"D:\github\ron-english-light-cult-7001-8000\items\lccc-7455.html","READY","Would update."
"D:\github\ron-english-light-cult-7001-8000\items\lccc-7456.html","READY","Would update."
"D:\github\ron-english-light-cult-7001-8000\items\lccc-7457.html","READY","Would update."
"D:\github\ron-english-light-cult-7001-8000\items\lccc-7458.html","READY","Would update."
"D:\github\ron-english-light-cult-7001-8000\items\lccc-7459.html","READY","Would update."
"D:\github\ron-english-light-cult-7001-8000\items\lccc-7460.html","READY","Would update."
"D:\github\ron-english-light-cult-7001-8000\items\lccc-7461.html","READY","Would update."
"D:\github\ron-english-light-cult-7001-8000\items\lccc-7462.html","READY","Would update."
"D:\github\ron-english-light-cult-7001-8000\items\lccc-7463.html","READY","Would update."
"D:\github\ron-english-light-cult-7001-8000\items\lccc-7464.html","READY","Would update."
"D:\github\ron-english-light-cult-7001-8000\items\lccc-7465.html","READY","Would update."
"D:\github\ron-english-light-cult-7001-8000\items\lccc-7466.html","READY","Would update."
"D:\github\ron-english-light-cult-7001-8000\items\lccc-7467.html","READY","Would update."
"D:\github\ron-english-light-cult-7001-8000\items\lccc-7468.html","READY","Would update."
"D:\github\ron-english-light-cult-7001-8000\items\lccc-7469.html","READY","Would update."
"D:\github\ron-english-light-cult-7001-8000\items\lccc-7470.html","READY","Would update."
"D:\github\ron-english-light-cult-7001-8000\items\lccc-7471.html","READY","Would update."
"D:\github\ron-english-light-cult-7001-8000\items\lccc-7472.html","READY","Would update."
"D:\github\ron-english-light-cult-7001-8000\items\lccc-7473.html","READY","Would update."
"D:\github\ron-english-light-cult-7001-8000\items\lccc-7474.html","READY","Would update."
"D:\github\ron-english-light-cult-7001-8000\items\lccc-7475.html","READY","Would update."
"D:\github\ron-english-light-cult-7001-8000\items\lccc-7476.html","READY","Would update."
"D:\github\ron-english-light-cult-7001-8000\items\lccc-7477.html","READY","Would update."
"D:\github\ron-english-light-cult-7001-8000\items\lccc-7478.html","READY","Would update."
"D:\github\ron-english-light-cult-7001-8000\items\lccc-7480.html","READY","Would update."
"D:\github\ron-english-light-cult-7001-8000\items\lccc-7481.html","READY","Would update."
"D:\github\ron-english-light-cult-7001-8000\items\lccc-7482.html","READY","Would update."
"D:\github\ron-english-light-cult-7001-8000\items\lccc-7483.html","READY","Would update."
"D:\github\ron-english-light-cult-7001-8000\items\lccc-7484.html","READY","Would update."
"D:\github\ron-english-light-cult-7001-8000\items\lccc-7485.html","READY","Would update."
"D:\github\ron-english-light-cult-7001-8000\items\lccc-7486.html","READY","Would update."
"D:\github\ron-english-light-cult-7001-8000\items\lccc-7487.html","READY","Would update."
"D:\github\ron-english-light-cult-7001-8000\items\lccc-7488.html","READY","Would update."
"D:\github\ron-english-light-cult-7001-8000\items\lccc-7489.html","READY","Would update."
"D:\github\ron-english-light-cult-7001-8000\items\lccc-7490.html","READY","Would update."
"D:\github\ron-english-light-cult-7001-8000\items\lccc-7491.html","READY","Would update."
"D:\github\ron-english-light-cult-7001-8000\items\lccc-7492.html","READY","Would update."
"D:\github\ron-english-light-cult-7001-8000\items\lccc-7494.html","READY","Would update."
"D:\github\ron-english-light-cult-7001-8000\items\lccc-7495.html","READY","Would update."
"D:\github\ron-english-light-cult-7001-8000\items\lccc-7496.html","READY","Would update."
"D:\github\ron-english-light-cult-7001-8000\items\lccc-7497.html","READY","Would update."
"D:\github\ron-english-light-cult-7001-8000\items\lccc-7498.html","READY","Would update."
"D:\github\ron-english-light-cult-7001-8000\items\lccc-7499.html","READY","Would update."
"D:\github\ron-english-light-cult-7001-8000\items\lccc-7500.html","READY","Would update."
"D:\github\ron-english-light-cult-7001-8000\items\lccc-7501.html","READY","Would update."
"D:\github\ron-english-light-cult-7001-8000\items\lccc-7502.html","READY","Would update."
"D:\github\ron-english-light-cult-7001-8000\items\lccc-7503.html","READY","Would update."
"D:\github\ron-english-light-cult-7001-8000\items\lccc-7504.html","READY","Would update."
"D:\github\ron-english-light-cult-7001-8000\items\lccc-7505.html","READY","Would update."
"D:\github\ron-english-light-cult-7001-8000\items\lccc-7507.html","READY","Would update."
"D:\github\ron-english-light-cult-7001-8000\items\lccc-7508.html","READY","Would update."
"D:\github\ron-english-light-cult-7001-8000\items\lccc-7509.html","READY","Would update."
"D:\github\ron-english-light-cult-7001-8000\items\lccc-7510.html","READY","Would update."
"D:\github\ron-english-light-cult-7001-8000\items\lccc-7511.html","READY","Would update."
"D:\github\ron-english-light-cult-7001-8000\items\lccc-7513.html","READY","Would update."
"D:\github\ron-english-light-cult-7001-8000\items\lccc-7514.html","READY","Would update."
"D:\github\ron-english-light-cult-7001-8000\items\lccc-7515.html","READY","Would update."
"D:\github\ron-english-light-cult-7001-8000\items\lccc-7516.html","READY","Would update."
"D:\github\ron-english-light-cult-7001-8000\items\lccc-7517.html","READY","Would update."
"D:\github\ron-english-light-cult-7001-8000\items\lccc-7518.html","READY","Would update."
"D:\github\ron-english-light-cult-7001-8000\items\lccc-7519.html","READY","Would update."
"D:\github\ron-english-light-cult-7001-8000\items\lccc-7520.html","READY","Would update."
"D:\github\ron-english-light-cult-7001-8000\items\lccc-7521.html","READY","Would update."
"D:\github\ron-english-light-cult-7001-8000\items\lccc-7522.html","READY","Would update."
"D:\github\ron-english-light-cult-7001-8000\items\lccc-7523.html","READY","Would update."
"D:\github\ron-english-light-cult-7001-8000\items\lccc-7524.html","READY","Would update."
"D:\github\ron-english-light-cult-7001-8000\items\lccc-7525.html","READY","Would update."
"D:\github\ron-english-light-cult-7001-8000\items\lccc-7526.html","READY","Would update."
"D:\github\ron-english-light-cult-7001-8000\items\lccc-7527.html","READY","Would update."
"D:\github\ron-english-light-cult-7001-8000\items\lccc-7528.html","READY","Would update."
"D:\github\ron-english-light-cult-7001-8000\items\lccc-7529.html","READY","Would update."
"D:\github\ron-english-light-cult-7001-8000\items\lccc-7531.html","READY","Would update."
"D:\github\ron-english-light-cult-7001-8000\items\lccc-7532.html","READY","Would update."
"D:\github\ron-english-light-cult-7001-8000\items\lccc-7533.html","READY","Would update."
"D:\github\ron-english-light-cult-7001-8000\items\lccc-7534.html","READY","Would update."
"D:\github\ron-english-light-cult-7001-8000\items\lccc-7536.html","READY","Would update."
"D:\github\ron-english-light-cult-7001-8000\items\lccc-7537.html","READY","Would update."
"D:\github\ron-english-light-cult-7001-8000\items\lccc-7538.html","READY","Would update."
"D:\github\ron-english-light-cult-7001-8000\items\lccc-7539.html","READY","Would update."
"D:\github\ron-english-light-cult-7001-8000\items\lccc-7540.html","READY","Would update."
"D:\github\ron-english-light-cult-7001-8000\items\lccc-7541.html","READY","Would update."
"D:\github\ron-english-light-cult-7001-8000\items\lccc-7542.html","READY","Would update."
"D:\github\ron-english-light-cult-7001-8000\items\lccc-7543.html","READY","Would update."
"D:\github\ron-english-light-cult-7001-8000\items\lccc-7544.html","READY","Would update."
"D:\github\ron-english-light-cult-7001-8000\items\lccc-7545.html","READY","Would update."
"D:\github\ron-english-light-cult-7001-8000\items\lccc-7547.html","READY","Would update."
"D:\github\ron-english-light-cult-7001-8000\items\lccc-7548.html","READY","Would update."
"D:\github\ron-english-light-cult-7001-8000\items\lccc-7549.html","READY","Would update."
"D:\github\ron-english-light-cult-7001-8000\items\lccc-7550.html","READY","Would update."
"D:\github\ron-english-light-cult-7001-8000\items\lccc-7551.html","READY","Would update."
"D:\github\ron-english-light-cult-7001-8000\items\lccc-7552.html","READY","Would update."
"D:\github\ron-english-light-cult-7001-8000\items\lccc-7554.html","READY","Would update."
"D:\github\ron-english-light-cult-7001-8000\items\lccc-7556.html","READY","Would update."
"D:\github\ron-english-light-cult-7001-8000\items\lccc-7557.html","READY","Would update."
"D:\github\ron-english-light-cult-7001-8000\items\lccc-7558.html","READY","Would update."
"D:\github\ron-english-light-cult-7001-8000\items\lccc-7559.html","READY","Would update."
"D:\github\ron-english-light-cult-7001-8000\items\lccc-7560.html","READY","Would update."
"D:\github\ron-english-light-cult-7001-8000\items\lccc-7561.html","READY","Would update."
"D:\github\ron-english-light-cult-7001-8000\items\lccc-7562.html","READY","Would update."
"D:\github\ron-english-light-cult-7001-8000\items\lccc-7563.html","READY","Would update."
"D:\github\ron-english-light-cult-7001-8000\items\lccc-7564.html","READY","Would update."
"D:\github\ron-english-light-cult-7001-8000\items\lccc-7565.html","READY","Would update."
"D:\github\ron-english-light-cult-7001-8000\items\lccc-7566.html","READY","Would update."
"D:\github\ron-english-light-cult-7001-8000\items\lccc-7567.html","READY","Would update."
"D:\github\ron-english-light-cult-7001-8000\items\lccc-7568.html","READY","Would update."
"D:\github\ron-english-light-cult-7001-8000\items\lccc-7569.html","READY","Would update."
"D:\github\ron-english-light-cult-7001-8000\items\lccc-7571.html","READY","Would update."
"D:\github\ron-english-light-cult-7001-8000\items\lccc-7572.html","READY","Would update."
"D:\github\ron-english-light-cult-7001-8000\items\lccc-7573.html","READY","Would update."
"D:\github\ron-english-light-cult-7001-8000\items\lccc-7574.html","READY","Would update."
"D:\github\ron-english-light-cult-7001-8000\items\lccc-7575.html","READY","Would update."
"D:\github\ron-english-light-cult-7001-8000\items\lccc-7576.html","READY","Would update."
"D:\github\ron-english-light-cult-7001-8000\items\lccc-7577.html","READY","Would update."
"D:\github\ron-english-light-cult-7001-8000\items\lccc-7578.html","READY","Would update."
"D:\github\ron-english-light-cult-7001-8000\items\lccc-7579.html","READY","Would update."
"D:\github\ron-english-light-cult-7001-8000\items\lccc-7580.html","READY","Would update."
"D:\github\ron-english-light-cult-7001-8000\items\lccc-7581.html","READY","Would update."
"D:\github\ron-english-light-cult-7001-8000\items\lccc-7582.html","READY","Would update."
"D:\github\ron-english-light-cult-7001-8000\items\lccc-7583.html","READY","Would update."
"D:\github\ron-english-light-cult-7001-8000\items\lccc-7584.html","READY","Would update."
"D:\github\ron-english-light-cult-7001-8000\items\lccc-7585.html","READY","Would update."
"D:\github\ron-english-light-cult-7001-8000\items\lccc-7586.html","READY","Would update."
"D:\github\ron-english-light-cult-7001-8000\items\lccc-7587.html","READY","Would update."
"D:\github\ron-english-light-cult-7001-8000\items\lccc-7588.html","READY","Would update."
"D:\github\ron-english-light-cult-7001-8000\items\lccc-7589.html","READY","Would update."
"D:\github\ron-english-light-cult-7001-8000\items\lccc-7590.html","READY","Would update."
"D:\github\ron-english-light-cult-7001-8000\items\lccc-7591.html","READY","Would update."
"D:\github\ron-english-light-cult-7001-8000\items\lccc-7592.html","READY","Would update."
"D:\github\ron-english-light-cult-7001-8000\items\lccc-7594.html","READY","Would update."
"D:\github\ron-english-light-cult-7001-8000\items\lccc-7595.html","READY","Would update."
"D:\github\ron-english-light-cult-7001-8000\items\lccc-7596.html","READY","Would update."
"D:\github\ron-english-light-cult-7001-8000\items\lccc-7597.html","READY","Would update."
"D:\github\ron-english-light-cult-7001-8000\items\lccc-7598.html","READY","Would update."
"D:\github\ron-english-light-cult-7001-8000\items\lccc-7599.html","READY","Would update."
"D:\github\ron-english-light-cult-7001-8000\items\lccc-7600.html","READY","Would update."
"D:\github\ron-english-light-cult-7001-8000\items\lccc-7601.html","READY","Would update."
"D:\github\ron-english-light-cult-7001-8000\items\lccc-7602.html","READY","Would update."
"D:\github\ron-english-light-cult-7001-8000\items\lccc-7603.html","READY","Would update."
"D:\github\ron-english-light-cult-7001-8000\items\lccc-7605.html","READY","Would update."
"D:\github\ron-english-light-cult-7001-8000\items\lccc-7606.html","READY","Would update."
"D:\github\ron-english-light-cult-7001-8000\items\lccc-7607.html","READY","Would update."
"D:\github\ron-english-light-cult-7001-8000\items\lccc-7609.html","READY","Would update."
"D:\github\ron-english-light-cult-7001-8000\items\lccc-7610.html","READY","Would update."
"D:\github\ron-english-light-cult-7001-8000\items\lccc-7611.html","READY","Would update."
"D:\github\ron-english-light-cult-7001-8000\items\lccc-7612.html","READY","Would update."
"D:\github\ron-english-light-cult-7001-8000\items\lccc-7613.html","READY","Would update."
"D:\github\ron-english-light-cult-7001-8000\items\lccc-7614.html","READY","Would update."
"D:\github\ron-english-light-cult-7001-8000\items\lccc-7615.html","READY","Would update."
"D:\github\ron-english-light-cult-7001-8000\items\lccc-7616.html","READY","Would update."
"D:\github\ron-english-light-cult-7001-8000\items\lccc-7617.html","READY","Would update."
"D:\github\ron-english-light-cult-7001-8000\items\lccc-7618.html","READY","Would update."
"D:\github\ron-english-light-cult-7001-8000\items\lccc-7619.html","READY","Would update."
"D:\github\ron-english-light-cult-7001-8000\items\lccc-7620.html","READY","Would update."
"D:\github\ron-english-light-cult-7001-8000\items\lccc-7621.html","READY","Would update."
"D:\github\ron-english-light-cult-7001-8000\items\lccc-7622.html","READY","Would update."
"D:\github\ron-english-light-cult-7001-8000\items\lccc-7623.html","READY","Would update."
"D:\github\ron-english-light-cult-7001-8000\items\lccc-7624.html","READY","Would update."
"D:\github\ron-english-light-cult-7001-8000\items\lccc-7625.html","READY","Would update."
"D:\github\ron-english-light-cult-7001-8000\items\lccc-7627.html","READY","Would update."
"D:\github\ron-english-light-cult-7001-8000\items\lccc-7628.html","READY","Would update."
"D:\github\ron-english-light-cult-7001-8000\items\lccc-7630.html","READY","Would update."
"D:\github\ron-english-light-cult-7001-8000\items\lccc-7631.html","READY","Would update."
"D:\github\ron-english-light-cult-7001-8000\items\lccc-7632.html","READY","Would update."
"D:\github\ron-english-light-cult-7001-8000\items\lccc-7633.html","READY","Would update."
"D:\github\ron-english-light-cult-7001-8000\items\lccc-7635.html","READY","Would update."
"D:\github\ron-english-light-cult-7001-8000\items\lccc-7636.html","READY","Would update."
"D:\github\ron-english-light-cult-7001-8000\items\lccc-7637.html","READY","Would update."
"D:\github\ron-english-light-cult-7001-8000\items\lccc-7638.html","READY","Would update."
"D:\github\ron-english-light-cult-7001-8000\items\lccc-7639.html","READY","Would update."
"D:\github\ron-english-light-cult-7001-8000\items\lccc-7640.html","READY","Would update."
"D:\github\ron-english-light-cult-7001-8000\items\lccc-7641.html","READY","Would update."
"D:\github\ron-english-light-cult-7001-8000\items\lccc-7642.html","READY","Would update."
"D:\github\ron-english-light-cult-7001-8000\items\lccc-7643.html","READY","Would update."
"D:\github\ron-english-light-cult-7001-8000\items\lccc-7644.html","READY","Would update."
"D:\github\ron-english-light-cult-7001-8000\items\lccc-7645.html","READY","Would update."
"D:\github\ron-english-light-cult-7001-8000\items\lccc-7646.html","READY","Would update."
"D:\github\ron-english-light-cult-7001-8000\items\lccc-7647.html","READY","Would update."
"D:\github\ron-english-light-cult-7001-8000\items\lccc-7648.html","READY","Would update."
"D:\github\ron-english-light-cult-7001-8000\items\lccc-7649.html","READY","Would update."
"D:\github\ron-english-light-cult-7001-8000\items\lccc-7650.html","READY","Would update."
"D:\github\ron-english-light-cult-7001-8000\items\lccc-7651.html","READY","Would update."
"D:\github\ron-english-light-cult-7001-8000\items\lccc-7652.html","READY","Would update."
"D:\github\ron-english-light-cult-7001-8000\items\lccc-7653.html","READY","Would update."
"D:\github\ron-english-light-cult-7001-8000\items\lccc-7654.html","READY","Would update."
"D:\github\ron-english-light-cult-7001-8000\items\lccc-7655.html","READY","Would update."
"D:\github\ron-english-light-cult-7001-8000\items\lccc-7656.html","READY","Would update."
"D:\github\ron-english-light-cult-7001-8000\items\lccc-7657.html","READY","Would update."
"D:\github\ron-english-light-cult-7001-8000\items\lccc-7658.html","READY","Would update."
"D:\github\ron-english-light-cult-7001-8000\items\lccc-7659.html","READY","Would update."
"D:\github\ron-english-light-cult-7001-8000\items\lccc-7660.html","READY","Would update."
"D:\github\ron-english-light-cult-7001-8000\items\lccc-7661.html","READY","Would update."
"D:\github\ron-english-light-cult-7001-8000\items\lccc-7662.html","READY","Would update."
"D:\github\ron-english-light-cult-7001-8000\items\lccc-7663.html","READY","Would update."
"D:\github\ron-english-light-cult-7001-8000\items\lccc-7664.html","READY","Would update."
"D:\github\ron-english-light-cult-7001-8000\items\lccc-7665.html","READY","Would update."
"D:\github\ron-english-light-cult-7001-8000\items\lccc-7667.html","READY","Would update."
"D:\github\ron-english-light-cult-7001-8000\items\lccc-7668.html","READY","Would update."
"D:\github\ron-english-light-cult-7001-8000\items\lccc-7669.html","READY","Would update."
"D:\github\ron-english-light-cult-7001-8000\items\lccc-7670.html","READY","Would update."
"D:\github\ron-english-light-cult-7001-8000\items\lccc-7671.html","READY","Would update."
"D:\github\ron-english-light-cult-7001-8000\items\lccc-7672.html","READY","Would update."
"D:\github\ron-english-light-cult-7001-8000\items\lccc-7673.html","READY","Would update."
"D:\github\ron-english-light-cult-7001-8000\items\lccc-7674.html","READY","Would update."
"D:\github\ron-english-light-cult-7001-8000\items\lccc-7675.html","READY","Would update."
"D:\github\ron-english-light-cult-7001-8000\items\lccc-7676.html","READY","Would update."
"D:\github\ron-english-light-cult-7001-8000\items\lccc-7678.html","READY","Would update."
"D:\github\ron-english-light-cult-7001-8000\items\lccc-7679.html","READY","Would update."
"D:\github\ron-english-light-cult-7001-8000\items\lccc-7680.html","READY","Would update."
"D:\github\ron-english-light-cult-7001-8000\items\lccc-7681.html","READY","Would update."
"D:\github\ron-english-light-cult-7001-8000\items\lccc-7682.html","READY","Would update."
"D:\github\ron-english-light-cult-7001-8000\items\lccc-7683.html","READY","Would update."
"D:\github\ron-english-light-cult-7001-8000\items\lccc-7684.html","READY","Would update."
"D:\github\ron-english-light-cult-7001-8000\items\lccc-7685.html","READY","Would update."
"D:\github\ron-english-light-cult-7001-8000\items\lccc-7686.html","READY","Would update."
"D:\github\ron-english-light-cult-7001-8000\items\lccc-7687.html","READY","Would update."
"D:\github\ron-english-light-cult-7001-8000\items\lccc-7688.html","READY","Would update."
"D:\github\ron-english-light-cult-7001-8000\items\lccc-7689.html","READY","Would update."
"D:\github\ron-english-light-cult-7001-8000\items\lccc-7690.html","READY","Would update."
"D:\github\ron-english-light-cult-7001-8000\items\lccc-7691.html","READY","Would update."
"D:\github\ron-english-light-cult-7001-8000\items\lccc-7692.html","READY","Would update."
"D:\github\ron-english-light-cult-7001-8000\items\lccc-7693.html","READY","Would update."
"D:\github\ron-english-light-cult-7001-8000\items\lccc-7694.html","READY","Would update."
"D:\github\ron-english-light-cult-7001-8000\items\lccc-7695.html","READY","Would update."
"D:\github\ron-english-light-cult-7001-8000\items\lccc-7696.html","READY","Would update."
"D:\github\ron-english-light-cult-7001-8000\items\lccc-7697.html","READY","Would update."
"D:\github\ron-english-light-cult-7001-8000\items\lccc-7699.html","READY","Would update."
"D:\github\ron-english-light-cult-7001-8000\items\lccc-7700.html","READY","Would update."
"D:\github\ron-english-light-cult-7001-8000\items\lccc-7701.html","READY","Would update."
"D:\github\ron-english-light-cult-7001-8000\items\lccc-7703.html","READY","Would update."
"D:\github\ron-english-light-cult-7001-8000\items\lccc-7704.html","READY","Would update."
"D:\github\ron-english-light-cult-7001-8000\items\lccc-7706.html","READY","Would update."
"D:\github\ron-english-light-cult-7001-8000\items\lccc-7707.html","READY","Would update."
"D:\github\ron-english-light-cult-7001-8000\items\lccc-7708.html","READY","Would update."
"D:\github\ron-english-light-cult-7001-8000\items\lccc-7710.html","READY","Would update."
"D:\github\ron-english-light-cult-7001-8000\items\lccc-7711.html","READY","Would update."
"D:\github\ron-english-light-cult-7001-8000\items\lccc-7712.html","READY","Would update."
"D:\github\ron-english-light-cult-7001-8000\items\lccc-7713.html","READY","Would update."
"D:\github\ron-english-light-cult-7001-8000\items\lccc-7714.html","READY","Would update."
"D:\github\ron-english-light-cult-7001-8000\items\lccc-7715.html","READY","Would update."
"D:\github\ron-english-light-cult-7001-8000\items\lccc-7717.html","READY","Would update."
"D:\github\ron-english-light-cult-7001-8000\items\lccc-7718.html","READY","Would update."
"D:\github\ron-english-light-cult-7001-8000\items\lccc-7719.html","READY","Would update."
"D:\github\ron-english-light-cult-7001-8000\items\lccc-7720.html","READY","Would update."
"D:\github\ron-english-light-cult-7001-8000\items\lccc-7722.html","READY","Would update."
"D:\github\ron-english-light-cult-7001-8000\items\lccc-7723.html","READY","Would update."
"D:\github\ron-english-light-cult-7001-8000\items\lccc-7724.html","READY","Would update."
"D:\github\ron-english-light-cult-7001-8000\items\lccc-7725.html","READY","Would update."
"D:\github\ron-english-light-cult-7001-8000\items\lccc-7726.html","READY","Would update."
"D:\github\ron-english-light-cult-7001-8000\items\lccc-7727.html","READY","Would update."
"D:\github\ron-english-light-cult-7001-8000\items\lccc-7728.html","READY","Would update."
"D:\github\ron-english-light-cult-7001-8000\items\lccc-7730.html","READY","Would update."
"D:\github\ron-english-light-cult-7001-8000\items\lccc-7731.html","READY","Would update."
"D:\github\ron-english-light-cult-7001-8000\items\lccc-7732.html","READY","Would update."
"D:\github\ron-english-light-cult-7001-8000\items\lccc-7733.html","READY","Would update."
"D:\github\ron-english-light-cult-7001-8000\items\lccc-7734.html","READY","Would update."
"D:\github\ron-english-light-cult-7001-8000\items\lccc-7735.html","READY","Would update."
"D:\github\ron-english-light-cult-7001-8000\items\lccc-7736.html","READY","Would update."
"D:\github\ron-english-light-cult-7001-8000\items\lccc-7737.html","READY","Would update."
"D:\github\ron-english-light-cult-7001-8000\items\lccc-7738.html","READY","Would update."
"D:\github\ron-english-light-cult-7001-8000\items\lccc-7739.html","READY","Would update."
"D:\github\ron-english-light-cult-7001-8000\items\lccc-7740.html","READY","Would update."
"D:\github\ron-english-light-cult-7001-8000\items\lccc-7741.html","READY","Would update."
"D:\github\ron-english-light-cult-7001-8000\items\lccc-7744.html","READY","Would update."
"D:\github\ron-english-light-cult-7001-8000\items\lccc-7745.html","READY","Would update."
"D:\github\ron-english-light-cult-7001-8000\items\lccc-7747.html","READY","Would update."
"D:\github\ron-english-light-cult-7001-8000\items\lccc-7748.html","READY","Would update."
"D:\github\ron-english-light-cult-7001-8000\items\lccc-7749.html","READY","Would update."
"D:\github\ron-english-light-cult-7001-8000\items\lccc-7750.html","READY","Would update."
"D:\github\ron-english-light-cult-7001-8000\items\lccc-7751.html","READY","Would update."
"D:\github\ron-english-light-cult-7001-8000\items\lccc-7752.html","READY","Would update."
"D:\github\ron-english-light-cult-7001-8000\items\lccc-7753.html","READY","Would update."
"D:\github\ron-english-light-cult-7001-8000\items\lccc-7754.html","READY","Would update."
"D:\github\ron-english-light-cult-7001-8000\items\lccc-7755.html","READY","Would update."
"D:\github\ron-english-light-cult-7001-8000\items\lccc-7756.html","READY","Would update."
"D:\github\ron-english-light-cult-7001-8000\items\lccc-7757.html","READY","Would update."
"D:\github\ron-english-light-cult-7001-8000\items\lccc-7758.html","READY","Would update."
"D:\github\ron-english-light-cult-7001-8000\items\lccc-7759.html","READY","Would update."
"D:\github\ron-english-light-cult-7001-8000\items\lccc-7760.html","READY","Would update."
"D:\github\ron-english-light-cult-7001-8000\items\lccc-7761.html","READY","Would update."
"D:\github\ron-english-light-cult-7001-8000\items\lccc-7762.html","READY","Would update."
"D:\github\ron-english-light-cult-7001-8000\items\lccc-7763.html","READY","Would update."
"D:\github\ron-english-light-cult-7001-8000\items\lccc-7764.html","READY","Would update."
"D:\github\ron-english-light-cult-7001-8000\items\lccc-7765.html","READY","Would update."
"D:\github\ron-english-light-cult-7001-8000\items\lccc-7766.html","READY","Would update."
"D:\github\ron-english-light-cult-7001-8000\items\lccc-7768.html","READY","Would update."
"D:\github\ron-english-light-cult-7001-8000\items\lccc-7769.html","READY","Would update."
"D:\github\ron-english-light-cult-7001-8000\items\lccc-7770.html","READY","Would update."
"D:\github\ron-english-light-cult-7001-8000\items\lccc-7771.html","READY","Would update."
"D:\github\ron-english-light-cult-7001-8000\items\lccc-7772.html","READY","Would update."
"D:\github\ron-english-light-cult-7001-8000\items\lccc-7773.html","READY","Would update."
"D:\github\ron-english-light-cult-7001-8000\items\lccc-7774.html","READY","Would update."
"D:\github\ron-english-light-cult-7001-8000\items\lccc-7775.html","READY","Would update."
"D:\github\ron-english-light-cult-7001-8000\items\lccc-7776.html","READY","Would update."
"D:\github\ron-english-light-cult-7001-8000\items\lccc-7777.html","READY","Would update."
"D:\github\ron-english-light-cult-7001-8000\items\lccc-7778.html","READY","Would update."
"D:\github\ron-english-light-cult-7001-8000\items\lccc-7779.html","READY","Would update."
"D:\github\ron-english-light-cult-7001-8000\items\lccc-7780.html","READY","Would update."
"D:\github\ron-english-light-cult-7001-8000\items\lccc-7781.html","READY","Would update."
"D:\github\ron-english-light-cult-7001-8000\items\lccc-7782.html","READY","Would update."
"D:\github\ron-english-light-cult-7001-8000\items\lccc-7783.html","READY","Would update."
"D:\github\ron-english-light-cult-7001-8000\items\lccc-7784.html","READY","Would update."
"D:\github\ron-english-light-cult-7001-8000\items\lccc-7785.html","READY","Would update."
"D:\github\ron-english-light-cult-7001-8000\items\lccc-7787.html","READY","Would update."
"D:\github\ron-english-light-cult-7001-8000\items\lccc-7788.html","READY","Would update."
"D:\github\ron-english-light-cult-7001-8000\items\lccc-7789.html","READY","Would update."
"D:\github\ron-english-light-cult-7001-8000\items\lccc-7790.html","READY","Would update."
"D:\github\ron-english-light-cult-7001-8000\items\lccc-7791.html","READY","Would update."
"D:\github\ron-english-light-cult-7001-8000\items\lccc-7792.html","READY","Would update."
"D:\github\ron-english-light-cult-7001-8000\items\lccc-7793.html","READY","Would update."
"D:\github\ron-english-light-cult-7001-8000\items\lccc-7794.html","READY","Would update."
"D:\github\ron-english-light-cult-7001-8000\items\lccc-7796.html","READY","Would update."
"D:\github\ron-english-light-cult-7001-8000\items\lccc-7797.html","READY","Would update."
"D:\github\ron-english-light-cult-7001-8000\items\lccc-7799.html","READY","Would update."
"D:\github\ron-english-light-cult-7001-8000\items\lccc-7800.html","READY","Would update."
"D:\github\ron-english-light-cult-7001-8000\items\lccc-7801.html","READY","Would update."
"D:\github\ron-english-light-cult-7001-8000\items\lccc-7802.html","READY","Would update."
"D:\github\ron-english-light-cult-7001-8000\items\lccc-7803.html","READY","Would update."
"D:\github\ron-english-light-cult-7001-8000\items\lccc-7804.html","READY","Would update."
"D:\github\ron-english-light-cult-7001-8000\items\lccc-7805.html","READY","Would update."
"D:\github\ron-english-light-cult-7001-8000\items\lccc-7806.html","READY","Would update."
"D:\github\ron-english-light-cult-7001-8000\items\lccc-7807.html","READY","Would update."
"D:\github\ron-english-light-cult-7001-8000\items\lccc-7808.html","READY","Would update."
"D:\github\ron-english-light-cult-7001-8000\items\lccc-7809.html","READY","Would update."
"D:\github\ron-english-light-cult-7001-8000\items\lccc-7810.html","READY","Would update."
"D:\github\ron-english-light-cult-7001-8000\items\lccc-7811.html","READY","Would update."
"D:\github\ron-english-light-cult-7001-8000\items\lccc-7812.html","READY","Would update."
"D:\github\ron-english-light-cult-7001-8000\items\lccc-7814.html","READY","Would update."
"D:\github\ron-english-light-cult-7001-8000\items\lccc-7816.html","READY","Would update."
"D:\github\ron-english-light-cult-7001-8000\items\lccc-7817.html","READY","Would update."
"D:\github\ron-english-light-cult-7001-8000\items\lccc-7818.html","READY","Would update."
"D:\github\ron-english-light-cult-7001-8000\items\lccc-7819.html","READY","Would update."
"D:\github\ron-english-light-cult-7001-8000\items\lccc-7820.html","READY","Would update."
"D:\github\ron-english-light-cult-7001-8000\items\lccc-7821.html","READY","Would update."
"D:\github\ron-english-light-cult-7001-8000\items\lccc-7822.html","READY","Would update."
"D:\github\ron-english-light-cult-7001-8000\items\lccc-7824.html","READY","Would update."
"D:\github\ron-english-light-cult-7001-8000\items\lccc-7825.html","READY","Would update."
"D:\github\ron-english-light-cult-7001-8000\items\lccc-7826.html","READY","Would update."
"D:\github\ron-english-light-cult-7001-8000\items\lccc-7827.html","READY","Would update."
"D:\github\ron-english-light-cult-7001-8000\items\lccc-7828.html","READY","Would update."
"D:\github\ron-english-light-cult-7001-8000\items\lccc-7829.html","READY","Would update."
"D:\github\ron-english-light-cult-7001-8000\items\lccc-7831.html","READY","Would update."
"D:\github\ron-english-light-cult-7001-8000\items\lccc-7832.html","READY","Would update."
"D:\github\ron-english-light-cult-7001-8000\items\lccc-7833.html","READY","Would update."
"D:\github\ron-english-light-cult-7001-8000\items\lccc-7834.html","READY","Would update."
"D:\github\ron-english-light-cult-7001-8000\items\lccc-7835.html","READY","Would update."
"D:\github\ron-english-light-cult-7001-8000\items\lccc-7836.html","READY","Would update."
"D:\github\ron-english-light-cult-7001-8000\items\lccc-7837.html","READY","Would update."
"D:\github\ron-english-light-cult-7001-8000\items\lccc-7838.html","READY","Would update."
"D:\github\ron-english-light-cult-7001-8000\items\lccc-7839.html","READY","Would update."
"D:\github\ron-english-light-cult-7001-8000\items\lccc-7840.html","READY","Would update."
"D:\github\ron-english-light-cult-7001-8000\items\lccc-7841.html","READY","Would update."
"D:\github\ron-english-light-cult-7001-8000\items\lccc-7842.html","READY","Would update."
"D:\github\ron-english-light-cult-7001-8000\items\lccc-7843.html","READY","Would update."
"D:\github\ron-english-light-cult-7001-8000\items\lccc-7844.html","READY","Would update."
"D:\github\ron-english-light-cult-7001-8000\items\lccc-7845.html","READY","Would update."
"D:\github\ron-english-light-cult-7001-8000\items\lccc-7847.html","READY","Would update."
"D:\github\ron-english-light-cult-7001-8000\items\lccc-7848.html","READY","Would update."
"D:\github\ron-english-light-cult-7001-8000\items\lccc-7849.html","READY","Would update."
"D:\github\ron-english-light-cult-7001-8000\items\lccc-7850.html","READY","Would update."
"D:\github\ron-english-light-cult-7001-8000\items\lccc-7853.html","READY","Would update."
"D:\github\ron-english-light-cult-7001-8000\items\lccc-7855.html","READY","Would update."
"D:\github\ron-english-light-cult-7001-8000\items\lccc-7856.html","READY","Would update."
"D:\github\ron-english-light-cult-7001-8000\items\lccc-7857.html","READY","Would update."
"D:\github\ron-english-light-cult-7001-8000\items\lccc-7858.html","READY","Would update."
"D:\github\ron-english-light-cult-7001-8000\items\lccc-7859.html","READY","Would update."
"D:\github\ron-english-light-cult-7001-8000\items\lccc-7860.html","READY","Would update."
"D:\github\ron-english-light-cult-7001-8000\items\lccc-7861.html","READY","Would update."
"D:\github\ron-english-light-cult-7001-8000\items\lccc-7862.html","READY","Would update."
"D:\github\ron-english-light-cult-7001-8000\items\lccc-7864.html","READY","Would update."
"D:\github\ron-english-light-cult-7001-8000\items\lccc-7865.html","READY","Would update."
"D:\github\ron-english-light-cult-7001-8000\items\lccc-7866.html","READY","Would update."
"D:\github\ron-english-light-cult-7001-8000\items\lccc-7867.html","READY","Would update."
"D:\github\ron-english-light-cult-7001-8000\items\lccc-7869.html","READY","Would update."
"D:\github\ron-english-light-cult-7001-8000\items\lccc-7870.html","READY","Would update."
"D:\github\ron-english-light-cult-7001-8000\items\lccc-7872.html","READY","Would update."
"D:\github\ron-english-light-cult-7001-8000\items\lccc-7873.html","READY","Would update."
"D:\github\ron-english-light-cult-7001-8000\items\lccc-7874.html","READY","Would update."
"D:\github\ron-english-light-cult-7001-8000\items\lccc-7875.html","READY","Would update."
"D:\github\ron-english-light-cult-7001-8000\items\lccc-7876.html","READY","Would update."
"D:\github\ron-english-light-cult-7001-8000\items\lccc-7877.html","READY","Would update."
"D:\github\ron-english-light-cult-7001-8000\items\lccc-7878.html","READY","Would update."
"D:\github\ron-english-light-cult-7001-8000\items\lccc-7879.html","READY","Would update."
"D:\github\ron-english-light-cult-7001-8000\items\lccc-7880.html","READY","Would update."
"D:\github\ron-english-light-cult-7001-8000\items\lccc-7881.html","READY","Would update."
"D:\github\ron-english-light-cult-7001-8000\items\lccc-7882.html","READY","Would update."
"D:\github\ron-english-light-cult-7001-8000\items\lccc-7884.html","READY","Would update."
"D:\github\ron-english-light-cult-7001-8000\items\lccc-7885.html","READY","Would update."
"D:\github\ron-english-light-cult-7001-8000\items\lccc-7886.html","READY","Would update."
"D:\github\ron-english-light-cult-7001-8000\items\lccc-7887.html","READY","Would update."
"D:\github\ron-english-light-cult-7001-8000\items\lccc-7888.html","READY","Would update."
"D:\github\ron-english-light-cult-7001-8000\items\lccc-7889.html","READY","Would update."
"D:\github\ron-english-light-cult-7001-8000\items\lccc-7892.html","READY","Would update."
"D:\github\ron-english-light-cult-7001-8000\items\lccc-7893.html","READY","Would update."
"D:\github\ron-english-light-cult-7001-8000\items\lccc-7894.html","READY","Would update."
"D:\github\ron-english-light-cult-7001-8000\items\lccc-7895.html","READY","Would update."
"D:\github\ron-english-light-cult-7001-8000\items\lccc-7897.html","READY","Would update."
"D:\github\ron-english-light-cult-7001-8000\items\lccc-7898.html","READY","Would update."
"D:\github\ron-english-light-cult-7001-8000\items\lccc-7900.html","READY","Would update."
"D:\github\ron-english-light-cult-7001-8000\items\lccc-7901.html","READY","Would update."
"D:\github\ron-english-light-cult-7001-8000\items\lccc-7902.html","READY","Would update."
"D:\github\ron-english-light-cult-7001-8000\items\lccc-7903.html","READY","Would update."
"D:\github\ron-english-light-cult-7001-8000\items\lccc-7904.html","READY","Would update."
"D:\github\ron-english-light-cult-7001-8000\items\lccc-7905.html","READY","Would update."
"D:\github\ron-english-light-cult-7001-8000\items\lccc-7906.html","READY","Would update."
"D:\github\ron-english-light-cult-7001-8000\items\lccc-7907.html","READY","Would update."
"D:\github\ron-english-light-cult-7001-8000\items\lccc-7909.html","READY","Would update."
"D:\github\ron-english-light-cult-7001-8000\items\lccc-7910.html","READY","Would update."
"D:\github\ron-english-light-cult-7001-8000\items\lccc-7911.html","READY","Would update."
"D:\github\ron-english-light-cult-7001-8000\items\lccc-7912.html","READY","Would update."
"D:\github\ron-english-light-cult-7001-8000\items\lccc-7914.html","READY","Would update."
"D:\github\ron-english-light-cult-7001-8000\items\lccc-7915.html","READY","Would update."
"D:\github\ron-english-light-cult-7001-8000\items\lccc-7916.html","READY","Would update."
"D:\github\ron-english-light-cult-7001-8000\items\lccc-7917.html","READY","Would update."
"D:\github\ron-english-light-cult-7001-8000\items\lccc-7918.html","READY","Would update."
"D:\github\ron-english-light-cult-7001-8000\items\lccc-7919.html","READY","Would update."
"D:\github\ron-english-light-cult-7001-8000\items\lccc-7920.html","READY","Would update."
"D:\github\ron-english-light-cult-7001-8000\items\lccc-7921.html","READY","Would update."
"D:\github\ron-english-light-cult-7001-8000\items\lccc-7922.html","READY","Would update."
"D:\github\ron-english-light-cult-7001-8000\items\lccc-7923.html","READY","Would update."
"D:\github\ron-english-light-cult-7001-8000\items\lccc-7924.html","READY","Would update."
"D:\github\ron-english-light-cult-7001-8000\items\lccc-7925.html","READY","Would update."
"D:\github\ron-english-light-cult-7001-8000\items\lccc-7926.html","READY","Would update."
"D:\github\ron-english-light-cult-7001-8000\items\lccc-7927.html","READY","Would update."
"D:\github\ron-english-light-cult-7001-8000\items\lccc-7928.html","READY","Would update."
"D:\github\ron-english-light-cult-7001-8000\items\lccc-7929.html","READY","Would update."
"D:\github\ron-english-light-cult-7001-8000\items\lccc-7930.html","READY","Would update."
"D:\github\ron-english-light-cult-7001-8000\items\lccc-7931.html","READY","Would update."
"D:\github\ron-english-light-cult-7001-8000\items\lccc-7932.html","READY","Would update."
"D:\github\ron-english-light-cult-7001-8000\items\lccc-7933.html","READY","Would update."
"D:\github\ron-english-light-cult-7001-8000\items\lccc-7934.html","READY","Would update."
"D:\github\ron-english-light-cult-7001-8000\items\lccc-7935.html","READY","Would update."
"D:\github\ron-english-light-cult-7001-8000\items\lccc-7936.html","READY","Would update."
"D:\github\ron-english-light-cult-7001-8000\items\lccc-7938.html","READY","Would update."
"D:\github\ron-english-light-cult-7001-8000\items\lccc-7939.html","READY","Would update."
"D:\github\ron-english-light-cult-7001-8000\items\lccc-7940.html","READY","Would update."
"D:\github\ron-english-light-cult-7001-8000\items\lccc-7941.html","READY","Would update."
"D:\github\ron-english-light-cult-7001-8000\items\lccc-7942.html","READY","Would update."
"D:\github\ron-english-light-cult-7001-8000\items\lccc-7944.html","READY","Would update."
"D:\github\ron-english-light-cult-7001-8000\items\lccc-7945.html","READY","Would update."
"D:\github\ron-english-light-cult-7001-8000\items\lccc-7947.html","READY","Would update."
"D:\github\ron-english-light-cult-7001-8000\items\lccc-7948.html","READY","Would update."
"D:\github\ron-english-light-cult-7001-8000\items\lccc-7949.html","READY","Would update."
"D:\github\ron-english-light-cult-7001-8000\items\lccc-7951.html","READY","Would update."
"D:\github\ron-english-light-cult-7001-8000\items\lccc-7952.html","READY","Would update."
"D:\github\ron-english-light-cult-7001-8000\items\lccc-7953.html","READY","Would update."
"D:\github\ron-english-light-cult-7001-8000\items\lccc-7954.html","READY","Would update."
"D:\github\ron-english-light-cult-7001-8000\items\lccc-7955.html","READY","Would update."
"D:\github\ron-english-light-cult-7001-8000\items\lccc-7956.html","READY","Would update."
"D:\github\ron-english-light-cult-7001-8000\items\lccc-7957.html","READY","Would update."
"D:\github\ron-english-light-cult-7001-8000\items\lccc-7959.html","READY","Would update."
"D:\github\ron-english-light-cult-7001-8000\items\lccc-7961.html","READY","Would update."
"D:\github\ron-english-light-cult-7001-8000\items\lccc-7963.html","READY","Would update."
"D:\github\ron-english-light-cult-7001-8000\items\lccc-7965.html","READY","Would update."
"D:\github\ron-english-light-cult-7001-8000\items\lccc-7966.html","READY","Would update."
"D:\github\ron-english-light-cult-7001-8000\items\lccc-7968.html","READY","Would update."
"D:\github\ron-english-light-cult-7001-8000\items\lccc-7969.html","READY","Would update."
"D:\github\ron-english-light-cult-7001-8000\items\lccc-7970.html","READY","Would update."
"D:\github\ron-english-light-cult-7001-8000\items\lccc-7971.html","READY","Would update."
"D:\github\ron-english-light-cult-7001-8000\items\lccc-7972.html","READY","Would update."
"D:\github\ron-english-light-cult-7001-8000\items\lccc-7973.html","READY","Would update."
"D:\github\ron-english-light-cult-7001-8000\items\lccc-7974.html","READY","Would update."
"D:\github\ron-english-light-cult-7001-8000\items\lccc-7975.html","READY","Would update."
"D:\github\ron-english-light-cult-7001-8000\items\lccc-7976.html","READY","Would update."
"D:\github\ron-english-light-cult-7001-8000\items\lccc-7977.html","READY","Would update."
"D:\github\ron-english-light-cult-7001-8000\items\lccc-7978.html","READY","Would update."
"D:\github\ron-english-light-cult-7001-8000\items\lccc-7979.html","READY","Would update."
"D:\github\ron-english-light-cult-7001-8000\items\lccc-7981.html","READY","Would update."
"D:\github\ron-english-light-cult-7001-8000\items\lccc-7982.html","READY","Would update."
"D:\github\ron-english-light-cult-7001-8000\items\lccc-7983.html","READY","Would update."
"D:\github\ron-english-light-cult-7001-8000\items\lccc-7984.html","READY","Would update."
"D:\github\ron-english-light-cult-7001-8000\items\lccc-7985.html","READY","Would update."
"D:\github\ron-english-light-cult-7001-8000\items\lccc-7986.html","READY","Would update."
"D:\github\ron-english-light-cult-7001-8000\items\lccc-7987.html","READY","Would update."
"D:\github\ron-english-light-cult-7001-8000\items\lccc-7988.html","READY","Would update."
"D:\github\ron-english-light-cult-7001-8000\items\lccc-7989.html","READY","Would update."
"D:\github\ron-english-light-cult-7001-8000\items\lccc-7990.html","READY","Would update."
"D:\github\ron-english-light-cult-7001-8000\items\lccc-7991.html","READY","Would update."
"D:\github\ron-english-light-cult-7001-8000\items\lccc-7992.html","READY","Would update."
"D:\github\ron-english-light-cult-7001-8000\items\lccc-7993.html","READY","Would update."
"D:\github\ron-english-light-cult-7001-8000\items\lccc-7994.html","READY","Would update."
"D:\github\ron-english-light-cult-7001-8000\items\lccc-7995.html","READY","Would update."
"D:\github\ron-english-light-cult-7001-8000\items\lccc-7996.html","READY","Would update."
"D:\github\ron-english-light-cult-7001-8000\items\lccc-7997.html","READY","Would update."
"D:\github\ron-english-light-cult-7001-8000\items\lccc-7998.html","READY","Would update."
"D:\github\ron-english-light-cult-7001-8000\items\lccc-7999.html","READY","Would update."
"D:\github\ron-english-light-cult-7001-8000\items\lccc-8000.html","READY","Would update."
"D:\github\ron-english-light-cult-8001-9000\index.html","SKIP","No changes needed."
"D:\github\ron-english-light-cult-8001-9000\gallery-8001-8100.html","READY","Would update."
"D:\github\ron-english-light-cult-8001-9000\gallery-8101-8200.html","READY","Would update."
"D:\github\ron-english-light-cult-8001-9000\gallery-8201-8300.html","READY","Would update."
"D:\github\ron-english-light-cult-8001-9000\gallery-8301-8400.html","READY","Would update."
"D:\github\ron-english-light-cult-8001-9000\gallery-8401-8500.html","READY","Would update."
"D:\github\ron-english-light-cult-8001-9000\gallery-8501-8600.html","READY","Would update."
"D:\github\ron-english-light-cult-8001-9000\gallery-8601-8700.html","READY","Would update."
"D:\github\ron-english-light-cult-8001-9000\gallery-8701-8800.html","READY","Would update."
"D:\github\ron-english-light-cult-8001-9000\gallery-8801-8900.html","READY","Would update."
"D:\github\ron-english-light-cult-8001-9000\gallery-8901-9000.html","READY","Would update."
"D:\github\ron-english-light-cult-8001-9000\items\lccc-8001.html","READY","Would update."
"D:\github\ron-english-light-cult-8001-9000\items\lccc-8003.html","READY","Would update."
"D:\github\ron-english-light-cult-8001-9000\items\lccc-8006.html","READY","Would update."
"D:\github\ron-english-light-cult-8001-9000\items\lccc-8007.html","READY","Would update."
"D:\github\ron-english-light-cult-8001-9000\items\lccc-8008.html","READY","Would update."
"D:\github\ron-english-light-cult-8001-9000\items\lccc-8009.html","READY","Would update."
"D:\github\ron-english-light-cult-8001-9000\items\lccc-8010.html","READY","Would update."
"D:\github\ron-english-light-cult-8001-9000\items\lccc-8011.html","READY","Would update."
"D:\github\ron-english-light-cult-8001-9000\items\lccc-8012.html","READY","Would update."
"D:\github\ron-english-light-cult-8001-9000\items\lccc-8013.html","READY","Would update."
"D:\github\ron-english-light-cult-8001-9000\items\lccc-8014.html","READY","Would update."
"D:\github\ron-english-light-cult-8001-9000\items\lccc-8015.html","READY","Would update."
"D:\github\ron-english-light-cult-8001-9000\items\lccc-8016.html","READY","Would update."
"D:\github\ron-english-light-cult-8001-9000\items\lccc-8017.html","READY","Would update."
"D:\github\ron-english-light-cult-8001-9000\items\lccc-8018.html","READY","Would update."
"D:\github\ron-english-light-cult-8001-9000\items\lccc-8021.html","READY","Would update."
"D:\github\ron-english-light-cult-8001-9000\items\lccc-8023.html","READY","Would update."
"D:\github\ron-english-light-cult-8001-9000\items\lccc-8024.html","READY","Would update."
"D:\github\ron-english-light-cult-8001-9000\items\lccc-8025.html","READY","Would update."
"D:\github\ron-english-light-cult-8001-9000\items\lccc-8027.html","READY","Would update."
"D:\github\ron-english-light-cult-8001-9000\items\lccc-8028.html","READY","Would update."
"D:\github\ron-english-light-cult-8001-9000\items\lccc-8031.html","READY","Would update."
"D:\github\ron-english-light-cult-8001-9000\items\lccc-8032.html","READY","Would update."
"D:\github\ron-english-light-cult-8001-9000\items\lccc-8033.html","READY","Would update."
"D:\github\ron-english-light-cult-8001-9000\items\lccc-8034.html","READY","Would update."
"D:\github\ron-english-light-cult-8001-9000\items\lccc-8035.html","READY","Would update."
"D:\github\ron-english-light-cult-8001-9000\items\lccc-8036.html","READY","Would update."
"D:\github\ron-english-light-cult-8001-9000\items\lccc-8037.html","READY","Would update."
"D:\github\ron-english-light-cult-8001-9000\items\lccc-8038.html","READY","Would update."
"D:\github\ron-english-light-cult-8001-9000\items\lccc-8040.html","READY","Would update."
"D:\github\ron-english-light-cult-8001-9000\items\lccc-8041.html","READY","Would update."
"D:\github\ron-english-light-cult-8001-9000\items\lccc-8042.html","READY","Would update."
"D:\github\ron-english-light-cult-8001-9000\items\lccc-8043.html","READY","Would update."
"D:\github\ron-english-light-cult-8001-9000\items\lccc-8044.html","READY","Would update."
"D:\github\ron-english-light-cult-8001-9000\items\lccc-8045.html","READY","Would update."
"D:\github\ron-english-light-cult-8001-9000\items\lccc-8046.html","READY","Would update."
"D:\github\ron-english-light-cult-8001-9000\items\lccc-8047.html","READY","Would update."
"D:\github\ron-english-light-cult-8001-9000\items\lccc-8048.html","READY","Would update."
"D:\github\ron-english-light-cult-8001-9000\items\lccc-8049.html","READY","Would update."
"D:\github\ron-english-light-cult-8001-9000\items\lccc-8050.html","READY","Would update."
"D:\github\ron-english-light-cult-8001-9000\items\lccc-8051.html","READY","Would update."
"D:\github\ron-english-light-cult-8001-9000\items\lccc-8052.html","READY","Would update."
"D:\github\ron-english-light-cult-8001-9000\items\lccc-8056.html","READY","Would update."
"D:\github\ron-english-light-cult-8001-9000\items\lccc-8057.html","READY","Would update."
"D:\github\ron-english-light-cult-8001-9000\items\lccc-8059.html","READY","Would update."
"D:\github\ron-english-light-cult-8001-9000\items\lccc-8060.html","READY","Would update."
"D:\github\ron-english-light-cult-8001-9000\items\lccc-8061.html","READY","Would update."
"D:\github\ron-english-light-cult-8001-9000\items\lccc-8062.html","READY","Would update."
"D:\github\ron-english-light-cult-8001-9000\items\lccc-8063.html","READY","Would update."
"D:\github\ron-english-light-cult-8001-9000\items\lccc-8064.html","READY","Would update."
"D:\github\ron-english-light-cult-8001-9000\items\lccc-8065.html","READY","Would update."
"D:\github\ron-english-light-cult-8001-9000\items\lccc-8067.html","READY","Would update."
"D:\github\ron-english-light-cult-8001-9000\items\lccc-8068.html","READY","Would update."
"D:\github\ron-english-light-cult-8001-9000\items\lccc-8070.html","READY","Would update."
"D:\github\ron-english-light-cult-8001-9000\items\lccc-8071.html","READY","Would update."
"D:\github\ron-english-light-cult-8001-9000\items\lccc-8072.html","READY","Would update."
"D:\github\ron-english-light-cult-8001-9000\items\lccc-8073.html","READY","Would update."
"D:\github\ron-english-light-cult-8001-9000\items\lccc-8074.html","READY","Would update."
"D:\github\ron-english-light-cult-8001-9000\items\lccc-8075.html","READY","Would update."
"D:\github\ron-english-light-cult-8001-9000\items\lccc-8076.html","READY","Would update."
"D:\github\ron-english-light-cult-8001-9000\items\lccc-8077.html","READY","Would update."
"D:\github\ron-english-light-cult-8001-9000\items\lccc-8078.html","READY","Would update."
"D:\github\ron-english-light-cult-8001-9000\items\lccc-8079.html","READY","Would update."
"D:\github\ron-english-light-cult-8001-9000\items\lccc-8080.html","READY","Would update."
"D:\github\ron-english-light-cult-8001-9000\items\lccc-8081.html","READY","Would update."
"D:\github\ron-english-light-cult-8001-9000\items\lccc-8082.html","READY","Would update."
"D:\github\ron-english-light-cult-8001-9000\items\lccc-8083.html","READY","Would update."
"D:\github\ron-english-light-cult-8001-9000\items\lccc-8084.html","READY","Would update."
"D:\github\ron-english-light-cult-8001-9000\items\lccc-8085.html","READY","Would update."
"D:\github\ron-english-light-cult-8001-9000\items\lccc-8086.html","READY","Would update."
"D:\github\ron-english-light-cult-8001-9000\items\lccc-8087.html","READY","Would update."
"D:\github\ron-english-light-cult-8001-9000\items\lccc-8088.html","READY","Would update."
"D:\github\ron-english-light-cult-8001-9000\items\lccc-8089.html","READY","Would update."
"D:\github\ron-english-light-cult-8001-9000\items\lccc-8090.html","READY","Would update."
"D:\github\ron-english-light-cult-8001-9000\items\lccc-8093.html","READY","Would update."
"D:\github\ron-english-light-cult-8001-9000\items\lccc-8094.html","READY","Would update."
"D:\github\ron-english-light-cult-8001-9000\items\lccc-8095.html","READY","Would update."
"D:\github\ron-english-light-cult-8001-9000\items\lccc-8096.html","READY","Would update."
"D:\github\ron-english-light-cult-8001-9000\items\lccc-8097.html","READY","Would update."
"D:\github\ron-english-light-cult-8001-9000\items\lccc-8098.html","READY","Would update."
"D:\github\ron-english-light-cult-8001-9000\items\lccc-8099.html","READY","Would update."
"D:\github\ron-english-light-cult-8001-9000\items\lccc-8100.html","READY","Would update."
"D:\github\ron-english-light-cult-8001-9000\items\lccc-8101.html","READY","Would update."
"D:\github\ron-english-light-cult-8001-9000\items\lccc-8102.html","READY","Would update."
"D:\github\ron-english-light-cult-8001-9000\items\lccc-8103.html","READY","Would update."
"D:\github\ron-english-light-cult-8001-9000\items\lccc-8104.html","READY","Would update."
"D:\github\ron-english-light-cult-8001-9000\items\lccc-8105.html","READY","Would update."
"D:\github\ron-english-light-cult-8001-9000\items\lccc-8106.html","READY","Would update."
"D:\github\ron-english-light-cult-8001-9000\items\lccc-8107.html","READY","Would update."
"D:\github\ron-english-light-cult-8001-9000\items\lccc-8108.html","READY","Would update."
"D:\github\ron-english-light-cult-8001-9000\items\lccc-8110.html","READY","Would update."
"D:\github\ron-english-light-cult-8001-9000\items\lccc-8111.html","READY","Would update."
"D:\github\ron-english-light-cult-8001-9000\items\lccc-8113.html","READY","Would update."
"D:\github\ron-english-light-cult-8001-9000\items\lccc-8114.html","READY","Would update."
"D:\github\ron-english-light-cult-8001-9000\items\lccc-8115.html","READY","Would update."
"D:\github\ron-english-light-cult-8001-9000\items\lccc-8116.html","READY","Would update."
"D:\github\ron-english-light-cult-8001-9000\items\lccc-8118.html","READY","Would update."
"D:\github\ron-english-light-cult-8001-9000\items\lccc-8119.html","READY","Would update."
"D:\github\ron-english-light-cult-8001-9000\items\lccc-8120.html","READY","Would update."
"D:\github\ron-english-light-cult-8001-9000\items\lccc-8121.html","READY","Would update."
"D:\github\ron-english-light-cult-8001-9000\items\lccc-8122.html","READY","Would update."
"D:\github\ron-english-light-cult-8001-9000\items\lccc-8123.html","READY","Would update."
"D:\github\ron-english-light-cult-8001-9000\items\lccc-8124.html","READY","Would update."
"D:\github\ron-english-light-cult-8001-9000\items\lccc-8126.html","READY","Would update."
"D:\github\ron-english-light-cult-8001-9000\items\lccc-8128.html","READY","Would update."
"D:\github\ron-english-light-cult-8001-9000\items\lccc-8129.html","READY","Would update."
"D:\github\ron-english-light-cult-8001-9000\items\lccc-8130.html","READY","Would update."
"D:\github\ron-english-light-cult-8001-9000\items\lccc-8131.html","READY","Would update."
"D:\github\ron-english-light-cult-8001-9000\items\lccc-8132.html","READY","Would update."
"D:\github\ron-english-light-cult-8001-9000\items\lccc-8133.html","READY","Would update."
"D:\github\ron-english-light-cult-8001-9000\items\lccc-8134.html","READY","Would update."
"D:\github\ron-english-light-cult-8001-9000\items\lccc-8137.html","READY","Would update."
"D:\github\ron-english-light-cult-8001-9000\items\lccc-8138.html","READY","Would update."
"D:\github\ron-english-light-cult-8001-9000\items\lccc-8139.html","READY","Would update."
"D:\github\ron-english-light-cult-8001-9000\items\lccc-8140.html","READY","Would update."
"D:\github\ron-english-light-cult-8001-9000\items\lccc-8141.html","READY","Would update."
"D:\github\ron-english-light-cult-8001-9000\items\lccc-8142.html","READY","Would update."
"D:\github\ron-english-light-cult-8001-9000\items\lccc-8143.html","READY","Would update."
"D:\github\ron-english-light-cult-8001-9000\items\lccc-8144.html","READY","Would update."
"D:\github\ron-english-light-cult-8001-9000\items\lccc-8145.html","READY","Would update."
"D:\github\ron-english-light-cult-8001-9000\items\lccc-8147.html","READY","Would update."
"D:\github\ron-english-light-cult-8001-9000\items\lccc-8148.html","READY","Would update."
"D:\github\ron-english-light-cult-8001-9000\items\lccc-8149.html","READY","Would update."
"D:\github\ron-english-light-cult-8001-9000\items\lccc-8150.html","READY","Would update."
"D:\github\ron-english-light-cult-8001-9000\items\lccc-8151.html","READY","Would update."
"D:\github\ron-english-light-cult-8001-9000\items\lccc-8152.html","READY","Would update."
"D:\github\ron-english-light-cult-8001-9000\items\lccc-8153.html","READY","Would update."
"D:\github\ron-english-light-cult-8001-9000\items\lccc-8154.html","READY","Would update."
"D:\github\ron-english-light-cult-8001-9000\items\lccc-8155.html","READY","Would update."
"D:\github\ron-english-light-cult-8001-9000\items\lccc-8156.html","READY","Would update."
"D:\github\ron-english-light-cult-8001-9000\items\lccc-8158.html","READY","Would update."
"D:\github\ron-english-light-cult-8001-9000\items\lccc-8161.html","READY","Would update."
"D:\github\ron-english-light-cult-8001-9000\items\lccc-8162.html","READY","Would update."
"D:\github\ron-english-light-cult-8001-9000\items\lccc-8163.html","READY","Would update."
"D:\github\ron-english-light-cult-8001-9000\items\lccc-8164.html","READY","Would update."
"D:\github\ron-english-light-cult-8001-9000\items\lccc-8165.html","READY","Would update."
"D:\github\ron-english-light-cult-8001-9000\items\lccc-8167.html","READY","Would update."
"D:\github\ron-english-light-cult-8001-9000\items\lccc-8168.html","READY","Would update."
"D:\github\ron-english-light-cult-8001-9000\items\lccc-8169.html","READY","Would update."
"D:\github\ron-english-light-cult-8001-9000\items\lccc-8170.html","READY","Would update."
"D:\github\ron-english-light-cult-8001-9000\items\lccc-8171.html","READY","Would update."
"D:\github\ron-english-light-cult-8001-9000\items\lccc-8172.html","READY","Would update."
"D:\github\ron-english-light-cult-8001-9000\items\lccc-8173.html","READY","Would update."
"D:\github\ron-english-light-cult-8001-9000\items\lccc-8174.html","READY","Would update."
"D:\github\ron-english-light-cult-8001-9000\items\lccc-8175.html","READY","Would update."
"D:\github\ron-english-light-cult-8001-9000\items\lccc-8177.html","READY","Would update."
"D:\github\ron-english-light-cult-8001-9000\items\lccc-8178.html","READY","Would update."
"D:\github\ron-english-light-cult-8001-9000\items\lccc-8179.html","READY","Would update."
"D:\github\ron-english-light-cult-8001-9000\items\lccc-8180.html","READY","Would update."
"D:\github\ron-english-light-cult-8001-9000\items\lccc-8181.html","READY","Would update."
"D:\github\ron-english-light-cult-8001-9000\items\lccc-8182.html","READY","Would update."
"D:\github\ron-english-light-cult-8001-9000\items\lccc-8183.html","READY","Would update."
"D:\github\ron-english-light-cult-8001-9000\items\lccc-8185.html","READY","Would update."
"D:\github\ron-english-light-cult-8001-9000\items\lccc-8187.html","READY","Would update."
"D:\github\ron-english-light-cult-8001-9000\items\lccc-8188.html","READY","Would update."
"D:\github\ron-english-light-cult-8001-9000\items\lccc-8189.html","READY","Would update."
"D:\github\ron-english-light-cult-8001-9000\items\lccc-8191.html","READY","Would update."
"D:\github\ron-english-light-cult-8001-9000\items\lccc-8192.html","READY","Would update."
"D:\github\ron-english-light-cult-8001-9000\items\lccc-8193.html","READY","Would update."
"D:\github\ron-english-light-cult-8001-9000\items\lccc-8194.html","READY","Would update."
"D:\github\ron-english-light-cult-8001-9000\items\lccc-8195.html","READY","Would update."
"D:\github\ron-english-light-cult-8001-9000\items\lccc-8196.html","READY","Would update."
"D:\github\ron-english-light-cult-8001-9000\items\lccc-8197.html","READY","Would update."
"D:\github\ron-english-light-cult-8001-9000\items\lccc-8198.html","READY","Would update."
"D:\github\ron-english-light-cult-8001-9000\items\lccc-8199.html","READY","Would update."
"D:\github\ron-english-light-cult-8001-9000\items\lccc-8200.html","READY","Would update."
"D:\github\ron-english-light-cult-8001-9000\items\lccc-8201.html","READY","Would update."
"D:\github\ron-english-light-cult-8001-9000\items\lccc-8202.html","READY","Would update."
"D:\github\ron-english-light-cult-8001-9000\items\lccc-8203.html","READY","Would update."
"D:\github\ron-english-light-cult-8001-9000\items\lccc-8204.html","READY","Would update."
"D:\github\ron-english-light-cult-8001-9000\items\lccc-8205.html","READY","Would update."
"D:\github\ron-english-light-cult-8001-9000\items\lccc-8206.html","READY","Would update."
"D:\github\ron-english-light-cult-8001-9000\items\lccc-8207.html","READY","Would update."
"D:\github\ron-english-light-cult-8001-9000\items\lccc-8208.html","READY","Would update."
"D:\github\ron-english-light-cult-8001-9000\items\lccc-8209.html","READY","Would update."
"D:\github\ron-english-light-cult-8001-9000\items\lccc-8210.html","READY","Would update."
"D:\github\ron-english-light-cult-8001-9000\items\lccc-8211.html","READY","Would update."
"D:\github\ron-english-light-cult-8001-9000\items\lccc-8212.html","READY","Would update."
"D:\github\ron-english-light-cult-8001-9000\items\lccc-8213.html","READY","Would update."
"D:\github\ron-english-light-cult-8001-9000\items\lccc-8214.html","READY","Would update."
"D:\github\ron-english-light-cult-8001-9000\items\lccc-8215.html","READY","Would update."
"D:\github\ron-english-light-cult-8001-9000\items\lccc-8216.html","READY","Would update."
"D:\github\ron-english-light-cult-8001-9000\items\lccc-8217.html","READY","Would update."
"D:\github\ron-english-light-cult-8001-9000\items\lccc-8218.html","READY","Would update."
"D:\github\ron-english-light-cult-8001-9000\items\lccc-8219.html","READY","Would update."
"D:\github\ron-english-light-cult-8001-9000\items\lccc-8220.html","READY","Would update."
"D:\github\ron-english-light-cult-8001-9000\items\lccc-8221.html","READY","Would update."
"D:\github\ron-english-light-cult-8001-9000\items\lccc-8222.html","READY","Would update."
"D:\github\ron-english-light-cult-8001-9000\items\lccc-8223.html","READY","Would update."
"D:\github\ron-english-light-cult-8001-9000\items\lccc-8224.html","READY","Would update."
"D:\github\ron-english-light-cult-8001-9000\items\lccc-8225.html","READY","Would update."
"D:\github\ron-english-light-cult-8001-9000\items\lccc-8226.html","READY","Would update."
"D:\github\ron-english-light-cult-8001-9000\items\lccc-8227.html","READY","Would update."
"D:\github\ron-english-light-cult-8001-9000\items\lccc-8228.html","READY","Would update."
"D:\github\ron-english-light-cult-8001-9000\items\lccc-8230.html","READY","Would update."
"D:\github\ron-english-light-cult-8001-9000\items\lccc-8231.html","READY","Would update."
"D:\github\ron-english-light-cult-8001-9000\items\lccc-8232.html","READY","Would update."
"D:\github\ron-english-light-cult-8001-9000\items\lccc-8233.html","READY","Would update."
"D:\github\ron-english-light-cult-8001-9000\items\lccc-8235.html","READY","Would update."
"D:\github\ron-english-light-cult-8001-9000\items\lccc-8236.html","READY","Would update."
"D:\github\ron-english-light-cult-8001-9000\items\lccc-8237.html","READY","Would update."
"D:\github\ron-english-light-cult-8001-9000\items\lccc-8238.html","READY","Would update."
"D:\github\ron-english-light-cult-8001-9000\items\lccc-8239.html","READY","Would update."
"D:\github\ron-english-light-cult-8001-9000\items\lccc-8240.html","READY","Would update."
"D:\github\ron-english-light-cult-8001-9000\items\lccc-8241.html","READY","Would update."
"D:\github\ron-english-light-cult-8001-9000\items\lccc-8242.html","READY","Would update."
"D:\github\ron-english-light-cult-8001-9000\items\lccc-8243.html","READY","Would update."
"D:\github\ron-english-light-cult-8001-9000\items\lccc-8244.html","READY","Would update."
"D:\github\ron-english-light-cult-8001-9000\items\lccc-8245.html","READY","Would update."
"D:\github\ron-english-light-cult-8001-9000\items\lccc-8247.html","READY","Would update."
"D:\github\ron-english-light-cult-8001-9000\items\lccc-8248.html","READY","Would update."
"D:\github\ron-english-light-cult-8001-9000\items\lccc-8249.html","READY","Would update."
"D:\github\ron-english-light-cult-8001-9000\items\lccc-8250.html","READY","Would update."
"D:\github\ron-english-light-cult-8001-9000\items\lccc-8251.html","READY","Would update."
"D:\github\ron-english-light-cult-8001-9000\items\lccc-8252.html","READY","Would update."
"D:\github\ron-english-light-cult-8001-9000\items\lccc-8253.html","READY","Would update."
"D:\github\ron-english-light-cult-8001-9000\items\lccc-8254.html","READY","Would update."
"D:\github\ron-english-light-cult-8001-9000\items\lccc-8255.html","READY","Would update."
"D:\github\ron-english-light-cult-8001-9000\items\lccc-8256.html","READY","Would update."
"D:\github\ron-english-light-cult-8001-9000\items\lccc-8257.html","READY","Would update."
"D:\github\ron-english-light-cult-8001-9000\items\lccc-8258.html","READY","Would update."
"D:\github\ron-english-light-cult-8001-9000\items\lccc-8259.html","READY","Would update."
"D:\github\ron-english-light-cult-8001-9000\items\lccc-8260.html","READY","Would update."
"D:\github\ron-english-light-cult-8001-9000\items\lccc-8262.html","READY","Would update."
"D:\github\ron-english-light-cult-8001-9000\items\lccc-8263.html","READY","Would update."
"D:\github\ron-english-light-cult-8001-9000\items\lccc-8264.html","READY","Would update."
"D:\github\ron-english-light-cult-8001-9000\items\lccc-8267.html","READY","Would update."
"D:\github\ron-english-light-cult-8001-9000\items\lccc-8269.html","READY","Would update."
"D:\github\ron-english-light-cult-8001-9000\items\lccc-8270.html","READY","Would update."
"D:\github\ron-english-light-cult-8001-9000\items\lccc-8271.html","READY","Would update."
"D:\github\ron-english-light-cult-8001-9000\items\lccc-8272.html","READY","Would update."
"D:\github\ron-english-light-cult-8001-9000\items\lccc-8273.html","READY","Would update."
"D:\github\ron-english-light-cult-8001-9000\items\lccc-8275.html","READY","Would update."
"D:\github\ron-english-light-cult-8001-9000\items\lccc-8277.html","READY","Would update."
"D:\github\ron-english-light-cult-8001-9000\items\lccc-8279.html","READY","Would update."
"D:\github\ron-english-light-cult-8001-9000\items\lccc-8280.html","READY","Would update."
"D:\github\ron-english-light-cult-8001-9000\items\lccc-8281.html","READY","Would update."
"D:\github\ron-english-light-cult-8001-9000\items\lccc-8282.html","READY","Would update."
"D:\github\ron-english-light-cult-8001-9000\items\lccc-8283.html","READY","Would update."
"D:\github\ron-english-light-cult-8001-9000\items\lccc-8284.html","READY","Would update."
"D:\github\ron-english-light-cult-8001-9000\items\lccc-8285.html","READY","Would update."
"D:\github\ron-english-light-cult-8001-9000\items\lccc-8286.html","READY","Would update."
"D:\github\ron-english-light-cult-8001-9000\items\lccc-8287.html","READY","Would update."
"D:\github\ron-english-light-cult-8001-9000\items\lccc-8288.html","READY","Would update."
"D:\github\ron-english-light-cult-8001-9000\items\lccc-8289.html","READY","Would update."
"D:\github\ron-english-light-cult-8001-9000\items\lccc-8290.html","READY","Would update."
"D:\github\ron-english-light-cult-8001-9000\items\lccc-8292.html","READY","Would update."
"D:\github\ron-english-light-cult-8001-9000\items\lccc-8293.html","READY","Would update."
"D:\github\ron-english-light-cult-8001-9000\items\lccc-8294.html","READY","Would update."
"D:\github\ron-english-light-cult-8001-9000\items\lccc-8295.html","READY","Would update."
"D:\github\ron-english-light-cult-8001-9000\items\lccc-8296.html","READY","Would update."
"D:\github\ron-english-light-cult-8001-9000\items\lccc-8297.html","READY","Would update."
"D:\github\ron-english-light-cult-8001-9000\items\lccc-8298.html","READY","Would update."
"D:\github\ron-english-light-cult-8001-9000\items\lccc-8299.html","READY","Would update."
"D:\github\ron-english-light-cult-8001-9000\items\lccc-8300.html","READY","Would update."
"D:\github\ron-english-light-cult-8001-9000\items\lccc-8301.html","READY","Would update."
"D:\github\ron-english-light-cult-8001-9000\items\lccc-8302.html","READY","Would update."
"D:\github\ron-english-light-cult-8001-9000\items\lccc-8303.html","READY","Would update."
"D:\github\ron-english-light-cult-8001-9000\items\lccc-8304.html","READY","Would update."
"D:\github\ron-english-light-cult-8001-9000\items\lccc-8305.html","READY","Would update."
"D:\github\ron-english-light-cult-8001-9000\items\lccc-8306.html","READY","Would update."
"D:\github\ron-english-light-cult-8001-9000\items\lccc-8307.html","READY","Would update."
"D:\github\ron-english-light-cult-8001-9000\items\lccc-8308.html","READY","Would update."
"D:\github\ron-english-light-cult-8001-9000\items\lccc-8309.html","READY","Would update."
"D:\github\ron-english-light-cult-8001-9000\items\lccc-8311.html","READY","Would update."
"D:\github\ron-english-light-cult-8001-9000\items\lccc-8312.html","READY","Would update."
"D:\github\ron-english-light-cult-8001-9000\items\lccc-8313.html","READY","Would update."
"D:\github\ron-english-light-cult-8001-9000\items\lccc-8314.html","READY","Would update."
"D:\github\ron-english-light-cult-8001-9000\items\lccc-8315.html","READY","Would update."
"D:\github\ron-english-light-cult-8001-9000\items\lccc-8316.html","READY","Would update."
"D:\github\ron-english-light-cult-8001-9000\items\lccc-8317.html","READY","Would update."
"D:\github\ron-english-light-cult-8001-9000\items\lccc-8318.html","READY","Would update."
"D:\github\ron-english-light-cult-8001-9000\items\lccc-8319.html","READY","Would update."
"D:\github\ron-english-light-cult-8001-9000\items\lccc-8320.html","READY","Would update."
"D:\github\ron-english-light-cult-8001-9000\items\lccc-8321.html","READY","Would update."
"D:\github\ron-english-light-cult-8001-9000\items\lccc-8322.html","READY","Would update."
"D:\github\ron-english-light-cult-8001-9000\items\lccc-8323.html","READY","Would update."
"D:\github\ron-english-light-cult-8001-9000\items\lccc-8324.html","READY","Would update."
"D:\github\ron-english-light-cult-8001-9000\items\lccc-8325.html","READY","Would update."
"D:\github\ron-english-light-cult-8001-9000\items\lccc-8326.html","READY","Would update."
"D:\github\ron-english-light-cult-8001-9000\items\lccc-8327.html","READY","Would update."
"D:\github\ron-english-light-cult-8001-9000\items\lccc-8328.html","READY","Would update."
"D:\github\ron-english-light-cult-8001-9000\items\lccc-8329.html","READY","Would update."
"D:\github\ron-english-light-cult-8001-9000\items\lccc-8330.html","READY","Would update."
"D:\github\ron-english-light-cult-8001-9000\items\lccc-8331.html","READY","Would update."
"D:\github\ron-english-light-cult-8001-9000\items\lccc-8332.html","READY","Would update."
"D:\github\ron-english-light-cult-8001-9000\items\lccc-8333.html","READY","Would update."
"D:\github\ron-english-light-cult-8001-9000\items\lccc-8334.html","READY","Would update."
"D:\github\ron-english-light-cult-8001-9000\items\lccc-8335.html","READY","Would update."
"D:\github\ron-english-light-cult-8001-9000\items\lccc-8336.html","READY","Would update."
"D:\github\ron-english-light-cult-8001-9000\items\lccc-8337.html","READY","Would update."
"D:\github\ron-english-light-cult-8001-9000\items\lccc-8338.html","READY","Would update."
"D:\github\ron-english-light-cult-8001-9000\items\lccc-8340.html","READY","Would update."
"D:\github\ron-english-light-cult-8001-9000\items\lccc-8341.html","READY","Would update."
"D:\github\ron-english-light-cult-8001-9000\items\lccc-8342.html","READY","Would update."
"D:\github\ron-english-light-cult-8001-9000\items\lccc-8343.html","READY","Would update."
"D:\github\ron-english-light-cult-8001-9000\items\lccc-8344.html","READY","Would update."
"D:\github\ron-english-light-cult-8001-9000\items\lccc-8345.html","READY","Would update."
"D:\github\ron-english-light-cult-8001-9000\items\lccc-8346.html","READY","Would update."
"D:\github\ron-english-light-cult-8001-9000\items\lccc-8347.html","READY","Would update."
"D:\github\ron-english-light-cult-8001-9000\items\lccc-8348.html","READY","Would update."
"D:\github\ron-english-light-cult-8001-9000\items\lccc-8349.html","READY","Would update."
"D:\github\ron-english-light-cult-8001-9000\items\lccc-8351.html","READY","Would update."
"D:\github\ron-english-light-cult-8001-9000\items\lccc-8352.html","READY","Would update."
"D:\github\ron-english-light-cult-8001-9000\items\lccc-8353.html","READY","Would update."
"D:\github\ron-english-light-cult-8001-9000\items\lccc-8355.html","READY","Would update."
"D:\github\ron-english-light-cult-8001-9000\items\lccc-8358.html","READY","Would update."
"D:\github\ron-english-light-cult-8001-9000\items\lccc-8359.html","READY","Would update."
"D:\github\ron-english-light-cult-8001-9000\items\lccc-8360.html","READY","Would update."
"D:\github\ron-english-light-cult-8001-9000\items\lccc-8361.html","READY","Would update."
"D:\github\ron-english-light-cult-8001-9000\items\lccc-8362.html","READY","Would update."
"D:\github\ron-english-light-cult-8001-9000\items\lccc-8363.html","READY","Would update."
"D:\github\ron-english-light-cult-8001-9000\items\lccc-8364.html","READY","Would update."
"D:\github\ron-english-light-cult-8001-9000\items\lccc-8365.html","READY","Would update."
"D:\github\ron-english-light-cult-8001-9000\items\lccc-8367.html","READY","Would update."
"D:\github\ron-english-light-cult-8001-9000\items\lccc-8368.html","READY","Would update."
"D:\github\ron-english-light-cult-8001-9000\items\lccc-8369.html","READY","Would update."
"D:\github\ron-english-light-cult-8001-9000\items\lccc-8370.html","READY","Would update."
"D:\github\ron-english-light-cult-8001-9000\items\lccc-8371.html","READY","Would update."
"D:\github\ron-english-light-cult-8001-9000\items\lccc-8372.html","READY","Would update."
"D:\github\ron-english-light-cult-8001-9000\items\lccc-8373.html","READY","Would update."
"D:\github\ron-english-light-cult-8001-9000\items\lccc-8374.html","READY","Would update."
"D:\github\ron-english-light-cult-8001-9000\items\lccc-8375.html","READY","Would update."
"D:\github\ron-english-light-cult-8001-9000\items\lccc-8376.html","READY","Would update."
"D:\github\ron-english-light-cult-8001-9000\items\lccc-8377.html","READY","Would update."
"D:\github\ron-english-light-cult-8001-9000\items\lccc-8378.html","READY","Would update."
"D:\github\ron-english-light-cult-8001-9000\items\lccc-8379.html","READY","Would update."
"D:\github\ron-english-light-cult-8001-9000\items\lccc-8380.html","READY","Would update."
"D:\github\ron-english-light-cult-8001-9000\items\lccc-8381.html","READY","Would update."
"D:\github\ron-english-light-cult-8001-9000\items\lccc-8382.html","READY","Would update."
"D:\github\ron-english-light-cult-8001-9000\items\lccc-8383.html","READY","Would update."
"D:\github\ron-english-light-cult-8001-9000\items\lccc-8384.html","READY","Would update."
"D:\github\ron-english-light-cult-8001-9000\items\lccc-8385.html","READY","Would update."
"D:\github\ron-english-light-cult-8001-9000\items\lccc-8386.html","READY","Would update."
"D:\github\ron-english-light-cult-8001-9000\items\lccc-8387.html","READY","Would update."
"D:\github\ron-english-light-cult-8001-9000\items\lccc-8388.html","READY","Would update."
"D:\github\ron-english-light-cult-8001-9000\items\lccc-8389.html","READY","Would update."
"D:\github\ron-english-light-cult-8001-9000\items\lccc-8390.html","READY","Would update."
"D:\github\ron-english-light-cult-8001-9000\items\lccc-8392.html","READY","Would update."
"D:\github\ron-english-light-cult-8001-9000\items\lccc-8393.html","READY","Would update."
"D:\github\ron-english-light-cult-8001-9000\items\lccc-8394.html","READY","Would update."
"D:\github\ron-english-light-cult-8001-9000\items\lccc-8395.html","READY","Would update."
"D:\github\ron-english-light-cult-8001-9000\items\lccc-8397.html","READY","Would update."
"D:\github\ron-english-light-cult-8001-9000\items\lccc-8398.html","READY","Would update."
"D:\github\ron-english-light-cult-8001-9000\items\lccc-8399.html","READY","Would update."
"D:\github\ron-english-light-cult-8001-9000\items\lccc-8400.html","READY","Would update."
"D:\github\ron-english-light-cult-8001-9000\items\lccc-8401.html","READY","Would update."
"D:\github\ron-english-light-cult-8001-9000\items\lccc-8402.html","READY","Would update."
"D:\github\ron-english-light-cult-8001-9000\items\lccc-8403.html","READY","Would update."
"D:\github\ron-english-light-cult-8001-9000\items\lccc-8404.html","READY","Would update."
"D:\github\ron-english-light-cult-8001-9000\items\lccc-8405.html","READY","Would update."
"D:\github\ron-english-light-cult-8001-9000\items\lccc-8406.html","READY","Would update."
"D:\github\ron-english-light-cult-8001-9000\items\lccc-8407.html","READY","Would update."
"D:\github\ron-english-light-cult-8001-9000\items\lccc-8408.html","READY","Would update."
"D:\github\ron-english-light-cult-8001-9000\items\lccc-8409.html","READY","Would update."
"D:\github\ron-english-light-cult-8001-9000\items\lccc-8411.html","READY","Would update."
"D:\github\ron-english-light-cult-8001-9000\items\lccc-8412.html","READY","Would update."
"D:\github\ron-english-light-cult-8001-9000\items\lccc-8413.html","READY","Would update."
"D:\github\ron-english-light-cult-8001-9000\items\lccc-8416.html","READY","Would update."
"D:\github\ron-english-light-cult-8001-9000\items\lccc-8417.html","READY","Would update."
"D:\github\ron-english-light-cult-8001-9000\items\lccc-8418.html","READY","Would update."
"D:\github\ron-english-light-cult-8001-9000\items\lccc-8419.html","READY","Would update."
"D:\github\ron-english-light-cult-8001-9000\items\lccc-8420.html","READY","Would update."
"D:\github\ron-english-light-cult-8001-9000\items\lccc-8421.html","READY","Would update."
"D:\github\ron-english-light-cult-8001-9000\items\lccc-8423.html","READY","Would update."
"D:\github\ron-english-light-cult-8001-9000\items\lccc-8424.html","READY","Would update."
"D:\github\ron-english-light-cult-8001-9000\items\lccc-8425.html","READY","Would update."
"D:\github\ron-english-light-cult-8001-9000\items\lccc-8426.html","READY","Would update."
"D:\github\ron-english-light-cult-8001-9000\items\lccc-8427.html","READY","Would update."
"D:\github\ron-english-light-cult-8001-9000\items\lccc-8428.html","READY","Would update."
"D:\github\ron-english-light-cult-8001-9000\items\lccc-8429.html","READY","Would update."
"D:\github\ron-english-light-cult-8001-9000\items\lccc-8431.html","READY","Would update."
"D:\github\ron-english-light-cult-8001-9000\items\lccc-8432.html","READY","Would update."
"D:\github\ron-english-light-cult-8001-9000\items\lccc-8433.html","READY","Would update."
"D:\github\ron-english-light-cult-8001-9000\items\lccc-8434.html","READY","Would update."
"D:\github\ron-english-light-cult-8001-9000\items\lccc-8435.html","READY","Would update."
"D:\github\ron-english-light-cult-8001-9000\items\lccc-8436.html","READY","Would update."
"D:\github\ron-english-light-cult-8001-9000\items\lccc-8438.html","READY","Would update."
"D:\github\ron-english-light-cult-8001-9000\items\lccc-8440.html","READY","Would update."
"D:\github\ron-english-light-cult-8001-9000\items\lccc-8441.html","READY","Would update."
"D:\github\ron-english-light-cult-8001-9000\items\lccc-8442.html","READY","Would update."
"D:\github\ron-english-light-cult-8001-9000\items\lccc-8443.html","READY","Would update."
"D:\github\ron-english-light-cult-8001-9000\items\lccc-8445.html","READY","Would update."
"D:\github\ron-english-light-cult-8001-9000\items\lccc-8446.html","READY","Would update."
"D:\github\ron-english-light-cult-8001-9000\items\lccc-8447.html","READY","Would update."
"D:\github\ron-english-light-cult-8001-9000\items\lccc-8448.html","READY","Would update."
"D:\github\ron-english-light-cult-8001-9000\items\lccc-8449.html","READY","Would update."
"D:\github\ron-english-light-cult-8001-9000\items\lccc-8451.html","READY","Would update."
"D:\github\ron-english-light-cult-8001-9000\items\lccc-8452.html","READY","Would update."
"D:\github\ron-english-light-cult-8001-9000\items\lccc-8453.html","READY","Would update."
"D:\github\ron-english-light-cult-8001-9000\items\lccc-8454.html","READY","Would update."
"D:\github\ron-english-light-cult-8001-9000\items\lccc-8456.html","READY","Would update."
"D:\github\ron-english-light-cult-8001-9000\items\lccc-8457.html","READY","Would update."
"D:\github\ron-english-light-cult-8001-9000\items\lccc-8458.html","READY","Would update."
"D:\github\ron-english-light-cult-8001-9000\items\lccc-8459.html","READY","Would update."
"D:\github\ron-english-light-cult-8001-9000\items\lccc-8460.html","READY","Would update."
"D:\github\ron-english-light-cult-8001-9000\items\lccc-8461.html","READY","Would update."
"D:\github\ron-english-light-cult-8001-9000\items\lccc-8462.html","READY","Would update."
"D:\github\ron-english-light-cult-8001-9000\items\lccc-8463.html","READY","Would update."
"D:\github\ron-english-light-cult-8001-9000\items\lccc-8464.html","READY","Would update."
"D:\github\ron-english-light-cult-8001-9000\items\lccc-8465.html","READY","Would update."
"D:\github\ron-english-light-cult-8001-9000\items\lccc-8466.html","READY","Would update."
"D:\github\ron-english-light-cult-8001-9000\items\lccc-8467.html","READY","Would update."
"D:\github\ron-english-light-cult-8001-9000\items\lccc-8468.html","READY","Would update."
"D:\github\ron-english-light-cult-8001-9000\items\lccc-8469.html","READY","Would update."
"D:\github\ron-english-light-cult-8001-9000\items\lccc-8470.html","READY","Would update."
"D:\github\ron-english-light-cult-8001-9000\items\lccc-8471.html","READY","Would update."
"D:\github\ron-english-light-cult-8001-9000\items\lccc-8472.html","READY","Would update."
"D:\github\ron-english-light-cult-8001-9000\items\lccc-8473.html","READY","Would update."
"D:\github\ron-english-light-cult-8001-9000\items\lccc-8474.html","READY","Would update."
"D:\github\ron-english-light-cult-8001-9000\items\lccc-8475.html","READY","Would update."
"D:\github\ron-english-light-cult-8001-9000\items\lccc-8476.html","READY","Would update."
"D:\github\ron-english-light-cult-8001-9000\items\lccc-8477.html","READY","Would update."
"D:\github\ron-english-light-cult-8001-9000\items\lccc-8478.html","READY","Would update."
"D:\github\ron-english-light-cult-8001-9000\items\lccc-8479.html","READY","Would update."
"D:\github\ron-english-light-cult-8001-9000\items\lccc-8480.html","READY","Would update."
"D:\github\ron-english-light-cult-8001-9000\items\lccc-8481.html","READY","Would update."
"D:\github\ron-english-light-cult-8001-9000\items\lccc-8482.html","READY","Would update."
"D:\github\ron-english-light-cult-8001-9000\items\lccc-8483.html","READY","Would update."
"D:\github\ron-english-light-cult-8001-9000\items\lccc-8484.html","READY","Would update."
"D:\github\ron-english-light-cult-8001-9000\items\lccc-8485.html","READY","Would update."
"D:\github\ron-english-light-cult-8001-9000\items\lccc-8486.html","READY","Would update."
"D:\github\ron-english-light-cult-8001-9000\items\lccc-8487.html","READY","Would update."
"D:\github\ron-english-light-cult-8001-9000\items\lccc-8488.html","READY","Would update."
"D:\github\ron-english-light-cult-8001-9000\items\lccc-8489.html","READY","Would update."
"D:\github\ron-english-light-cult-8001-9000\items\lccc-8490.html","READY","Would update."
"D:\github\ron-english-light-cult-8001-9000\items\lccc-8491.html","READY","Would update."
"D:\github\ron-english-light-cult-8001-9000\items\lccc-8492.html","READY","Would update."
"D:\github\ron-english-light-cult-8001-9000\items\lccc-8493.html","READY","Would update."
"D:\github\ron-english-light-cult-8001-9000\items\lccc-8494.html","READY","Would update."
"D:\github\ron-english-light-cult-8001-9000\items\lccc-8495.html","READY","Would update."
"D:\github\ron-english-light-cult-8001-9000\items\lccc-8496.html","READY","Would update."
"D:\github\ron-english-light-cult-8001-9000\items\lccc-8500.html","READY","Would update."
"D:\github\ron-english-light-cult-8001-9000\items\lccc-8501.html","READY","Would update."
"D:\github\ron-english-light-cult-8001-9000\items\lccc-8502.html","READY","Would update."
"D:\github\ron-english-light-cult-8001-9000\items\lccc-8503.html","READY","Would update."
"D:\github\ron-english-light-cult-8001-9000\items\lccc-8504.html","READY","Would update."
"D:\github\ron-english-light-cult-8001-9000\items\lccc-8505.html","READY","Would update."
"D:\github\ron-english-light-cult-8001-9000\items\lccc-8506.html","READY","Would update."
"D:\github\ron-english-light-cult-8001-9000\items\lccc-8507.html","READY","Would update."
"D:\github\ron-english-light-cult-8001-9000\items\lccc-8508.html","READY","Would update."
"D:\github\ron-english-light-cult-8001-9000\items\lccc-8509.html","READY","Would update."
"D:\github\ron-english-light-cult-8001-9000\items\lccc-8510.html","READY","Would update."
"D:\github\ron-english-light-cult-8001-9000\items\lccc-8511.html","READY","Would update."
"D:\github\ron-english-light-cult-8001-9000\items\lccc-8512.html","READY","Would update."
"D:\github\ron-english-light-cult-8001-9000\items\lccc-8514.html","READY","Would update."
"D:\github\ron-english-light-cult-8001-9000\items\lccc-8515.html","READY","Would update."
"D:\github\ron-english-light-cult-8001-9000\items\lccc-8516.html","READY","Would update."
"D:\github\ron-english-light-cult-8001-9000\items\lccc-8517.html","READY","Would update."
"D:\github\ron-english-light-cult-8001-9000\items\lccc-8518.html","READY","Would update."
"D:\github\ron-english-light-cult-8001-9000\items\lccc-8519.html","READY","Would update."
"D:\github\ron-english-light-cult-8001-9000\items\lccc-8520.html","READY","Would update."
"D:\github\ron-english-light-cult-8001-9000\items\lccc-8521.html","READY","Would update."
"D:\github\ron-english-light-cult-8001-9000\items\lccc-8522.html","READY","Would update."
"D:\github\ron-english-light-cult-8001-9000\items\lccc-8523.html","READY","Would update."
"D:\github\ron-english-light-cult-8001-9000\items\lccc-8524.html","READY","Would update."
"D:\github\ron-english-light-cult-8001-9000\items\lccc-8525.html","READY","Would update."
"D:\github\ron-english-light-cult-8001-9000\items\lccc-8526.html","READY","Would update."
"D:\github\ron-english-light-cult-8001-9000\items\lccc-8527.html","READY","Would update."
"D:\github\ron-english-light-cult-8001-9000\items\lccc-8528.html","READY","Would update."
"D:\github\ron-english-light-cult-8001-9000\items\lccc-8531.html","READY","Would update."
"D:\github\ron-english-light-cult-8001-9000\items\lccc-8532.html","READY","Would update."
"D:\github\ron-english-light-cult-8001-9000\items\lccc-8533.html","READY","Would update."
"D:\github\ron-english-light-cult-8001-9000\items\lccc-8534.html","READY","Would update."
"D:\github\ron-english-light-cult-8001-9000\items\lccc-8535.html","READY","Would update."
"D:\github\ron-english-light-cult-8001-9000\items\lccc-8537.html","READY","Would update."
"D:\github\ron-english-light-cult-8001-9000\items\lccc-8538.html","READY","Would update."
"D:\github\ron-english-light-cult-8001-9000\items\lccc-8539.html","READY","Would update."
"D:\github\ron-english-light-cult-8001-9000\items\lccc-8540.html","READY","Would update."
"D:\github\ron-english-light-cult-8001-9000\items\lccc-8542.html","READY","Would update."
"D:\github\ron-english-light-cult-8001-9000\items\lccc-8543.html","READY","Would update."
"D:\github\ron-english-light-cult-8001-9000\items\lccc-8544.html","READY","Would update."
"D:\github\ron-english-light-cult-8001-9000\items\lccc-8546.html","READY","Would update."
"D:\github\ron-english-light-cult-8001-9000\items\lccc-8547.html","READY","Would update."
"D:\github\ron-english-light-cult-8001-9000\items\lccc-8548.html","READY","Would update."
"D:\github\ron-english-light-cult-8001-9000\items\lccc-8549.html","READY","Would update."
"D:\github\ron-english-light-cult-8001-9000\items\lccc-8550.html","READY","Would update."
"D:\github\ron-english-light-cult-8001-9000\items\lccc-8551.html","READY","Would update."
"D:\github\ron-english-light-cult-8001-9000\items\lccc-8552.html","READY","Would update."
"D:\github\ron-english-light-cult-8001-9000\items\lccc-8553.html","READY","Would update."
"D:\github\ron-english-light-cult-8001-9000\items\lccc-8554.html","READY","Would update."
"D:\github\ron-english-light-cult-8001-9000\items\lccc-8555.html","READY","Would update."
"D:\github\ron-english-light-cult-8001-9000\items\lccc-8556.html","READY","Would update."
"D:\github\ron-english-light-cult-8001-9000\items\lccc-8557.html","READY","Would update."
"D:\github\ron-english-light-cult-8001-9000\items\lccc-8558.html","READY","Would update."
"D:\github\ron-english-light-cult-8001-9000\items\lccc-8559.html","READY","Would update."
"D:\github\ron-english-light-cult-8001-9000\items\lccc-8560.html","READY","Would update."
"D:\github\ron-english-light-cult-8001-9000\items\lccc-8561.html","READY","Would update."
"D:\github\ron-english-light-cult-8001-9000\items\lccc-8562.html","READY","Would update."
"D:\github\ron-english-light-cult-8001-9000\items\lccc-8563.html","READY","Would update."
"D:\github\ron-english-light-cult-8001-9000\items\lccc-8564.html","READY","Would update."
"D:\github\ron-english-light-cult-8001-9000\items\lccc-8565.html","READY","Would update."
"D:\github\ron-english-light-cult-8001-9000\items\lccc-8568.html","READY","Would update."
"D:\github\ron-english-light-cult-8001-9000\items\lccc-8569.html","READY","Would update."
"D:\github\ron-english-light-cult-8001-9000\items\lccc-8570.html","READY","Would update."
"D:\github\ron-english-light-cult-8001-9000\items\lccc-8571.html","READY","Would update."
"D:\github\ron-english-light-cult-8001-9000\items\lccc-8572.html","READY","Would update."
"D:\github\ron-english-light-cult-8001-9000\items\lccc-8573.html","READY","Would update."
"D:\github\ron-english-light-cult-8001-9000\items\lccc-8574.html","READY","Would update."
"D:\github\ron-english-light-cult-8001-9000\items\lccc-8575.html","READY","Would update."
"D:\github\ron-english-light-cult-8001-9000\items\lccc-8576.html","READY","Would update."
"D:\github\ron-english-light-cult-8001-9000\items\lccc-8577.html","READY","Would update."
"D:\github\ron-english-light-cult-8001-9000\items\lccc-8578.html","READY","Would update."
"D:\github\ron-english-light-cult-8001-9000\items\lccc-8579.html","READY","Would update."
"D:\github\ron-english-light-cult-8001-9000\items\lccc-8580.html","READY","Would update."
"D:\github\ron-english-light-cult-8001-9000\items\lccc-8581.html","READY","Would update."
"D:\github\ron-english-light-cult-8001-9000\items\lccc-8582.html","READY","Would update."
"D:\github\ron-english-light-cult-8001-9000\items\lccc-8583.html","READY","Would update."
"D:\github\ron-english-light-cult-8001-9000\items\lccc-8584.html","READY","Would update."
"D:\github\ron-english-light-cult-8001-9000\items\lccc-8585.html","READY","Would update."
"D:\github\ron-english-light-cult-8001-9000\items\lccc-8586.html","READY","Would update."
"D:\github\ron-english-light-cult-8001-9000\items\lccc-8587.html","READY","Would update."
"D:\github\ron-english-light-cult-8001-9000\items\lccc-8588.html","READY","Would update."
"D:\github\ron-english-light-cult-8001-9000\items\lccc-8589.html","READY","Would update."
"D:\github\ron-english-light-cult-8001-9000\items\lccc-8590.html","READY","Would update."
"D:\github\ron-english-light-cult-8001-9000\items\lccc-8591.html","READY","Would update."
"D:\github\ron-english-light-cult-8001-9000\items\lccc-8592.html","READY","Would update."
"D:\github\ron-english-light-cult-8001-9000\items\lccc-8593.html","READY","Would update."
"D:\github\ron-english-light-cult-8001-9000\items\lccc-8594.html","READY","Would update."
"D:\github\ron-english-light-cult-8001-9000\items\lccc-8595.html","READY","Would update."
"D:\github\ron-english-light-cult-8001-9000\items\lccc-8596.html","READY","Would update."
"D:\github\ron-english-light-cult-8001-9000\items\lccc-8597.html","READY","Would update."
"D:\github\ron-english-light-cult-8001-9000\items\lccc-8598.html","READY","Would update."
"D:\github\ron-english-light-cult-8001-9000\items\lccc-8599.html","READY","Would update."
"D:\github\ron-english-light-cult-8001-9000\items\lccc-8600.html","READY","Would update."
"D:\github\ron-english-light-cult-8001-9000\items\lccc-8601.html","READY","Would update."
"D:\github\ron-english-light-cult-8001-9000\items\lccc-8602.html","READY","Would update."
"D:\github\ron-english-light-cult-8001-9000\items\lccc-8603.html","READY","Would update."
"D:\github\ron-english-light-cult-8001-9000\items\lccc-8604.html","READY","Would update."
"D:\github\ron-english-light-cult-8001-9000\items\lccc-8605.html","READY","Would update."
"D:\github\ron-english-light-cult-8001-9000\items\lccc-8606.html","READY","Would update."
"D:\github\ron-english-light-cult-8001-9000\items\lccc-8607.html","READY","Would update."
"D:\github\ron-english-light-cult-8001-9000\items\lccc-8608.html","READY","Would update."
"D:\github\ron-english-light-cult-8001-9000\items\lccc-8609.html","READY","Would update."
"D:\github\ron-english-light-cult-8001-9000\items\lccc-8610.html","READY","Would update."
"D:\github\ron-english-light-cult-8001-9000\items\lccc-8611.html","READY","Would update."
"D:\github\ron-english-light-cult-8001-9000\items\lccc-8612.html","READY","Would update."
"D:\github\ron-english-light-cult-8001-9000\items\lccc-8613.html","READY","Would update."
"D:\github\ron-english-light-cult-8001-9000\items\lccc-8614.html","READY","Would update."
"D:\github\ron-english-light-cult-8001-9000\items\lccc-8615.html","READY","Would update."
"D:\github\ron-english-light-cult-8001-9000\items\lccc-8616.html","READY","Would update."
"D:\github\ron-english-light-cult-8001-9000\items\lccc-8618.html","READY","Would update."
"D:\github\ron-english-light-cult-8001-9000\items\lccc-8621.html","READY","Would update."
"D:\github\ron-english-light-cult-8001-9000\items\lccc-8622.html","READY","Would update."
"D:\github\ron-english-light-cult-8001-9000\items\lccc-8623.html","READY","Would update."
"D:\github\ron-english-light-cult-8001-9000\items\lccc-8624.html","READY","Would update."
"D:\github\ron-english-light-cult-8001-9000\items\lccc-8625.html","READY","Would update."
"D:\github\ron-english-light-cult-8001-9000\items\lccc-8626.html","READY","Would update."
"D:\github\ron-english-light-cult-8001-9000\items\lccc-8627.html","READY","Would update."
"D:\github\ron-english-light-cult-8001-9000\items\lccc-8628.html","READY","Would update."
"D:\github\ron-english-light-cult-8001-9000\items\lccc-8629.html","READY","Would update."
"D:\github\ron-english-light-cult-8001-9000\items\lccc-8630.html","READY","Would update."
"D:\github\ron-english-light-cult-8001-9000\items\lccc-8631.html","READY","Would update."
"D:\github\ron-english-light-cult-8001-9000\items\lccc-8632.html","READY","Would update."
"D:\github\ron-english-light-cult-8001-9000\items\lccc-8633.html","READY","Would update."
"D:\github\ron-english-light-cult-8001-9000\items\lccc-8634.html","READY","Would update."
"D:\github\ron-english-light-cult-8001-9000\items\lccc-8635.html","READY","Would update."
"D:\github\ron-english-light-cult-8001-9000\items\lccc-8636.html","READY","Would update."
"D:\github\ron-english-light-cult-8001-9000\items\lccc-8637.html","READY","Would update."
"D:\github\ron-english-light-cult-8001-9000\items\lccc-8641.html","READY","Would update."
"D:\github\ron-english-light-cult-8001-9000\items\lccc-8644.html","READY","Would update."
"D:\github\ron-english-light-cult-8001-9000\items\lccc-8645.html","READY","Would update."
"D:\github\ron-english-light-cult-8001-9000\items\lccc-8646.html","READY","Would update."
"D:\github\ron-english-light-cult-8001-9000\items\lccc-8647.html","READY","Would update."
"D:\github\ron-english-light-cult-8001-9000\items\lccc-8648.html","READY","Would update."
"D:\github\ron-english-light-cult-8001-9000\items\lccc-8649.html","READY","Would update."
"D:\github\ron-english-light-cult-8001-9000\items\lccc-8650.html","READY","Would update."
"D:\github\ron-english-light-cult-8001-9000\items\lccc-8651.html","READY","Would update."
"D:\github\ron-english-light-cult-8001-9000\items\lccc-8652.html","READY","Would update."
"D:\github\ron-english-light-cult-8001-9000\items\lccc-8653.html","READY","Would update."
"D:\github\ron-english-light-cult-8001-9000\items\lccc-8654.html","READY","Would update."
"D:\github\ron-english-light-cult-8001-9000\items\lccc-8655.html","READY","Would update."
"D:\github\ron-english-light-cult-8001-9000\items\lccc-8656.html","READY","Would update."
"D:\github\ron-english-light-cult-8001-9000\items\lccc-8657.html","READY","Would update."
"D:\github\ron-english-light-cult-8001-9000\items\lccc-8658.html","READY","Would update."
"D:\github\ron-english-light-cult-8001-9000\items\lccc-8659.html","READY","Would update."
"D:\github\ron-english-light-cult-8001-9000\items\lccc-8660.html","READY","Would update."
"D:\github\ron-english-light-cult-8001-9000\items\lccc-8661.html","READY","Would update."
"D:\github\ron-english-light-cult-8001-9000\items\lccc-8662.html","READY","Would update."
"D:\github\ron-english-light-cult-8001-9000\items\lccc-8663.html","READY","Would update."
"D:\github\ron-english-light-cult-8001-9000\items\lccc-8664.html","READY","Would update."
"D:\github\ron-english-light-cult-8001-9000\items\lccc-8666.html","READY","Would update."
"D:\github\ron-english-light-cult-8001-9000\items\lccc-8667.html","READY","Would update."
"D:\github\ron-english-light-cult-8001-9000\items\lccc-8668.html","READY","Would update."
"D:\github\ron-english-light-cult-8001-9000\items\lccc-8669.html","READY","Would update."
"D:\github\ron-english-light-cult-8001-9000\items\lccc-8670.html","READY","Would update."
"D:\github\ron-english-light-cult-8001-9000\items\lccc-8672.html","READY","Would update."
"D:\github\ron-english-light-cult-8001-9000\items\lccc-8673.html","READY","Would update."
"D:\github\ron-english-light-cult-8001-9000\items\lccc-8674.html","READY","Would update."
"D:\github\ron-english-light-cult-8001-9000\items\lccc-8675.html","READY","Would update."
"D:\github\ron-english-light-cult-8001-9000\items\lccc-8676.html","READY","Would update."
"D:\github\ron-english-light-cult-8001-9000\items\lccc-8678.html","READY","Would update."
"D:\github\ron-english-light-cult-8001-9000\items\lccc-8679.html","READY","Would update."
"D:\github\ron-english-light-cult-8001-9000\items\lccc-8681.html","READY","Would update."
"D:\github\ron-english-light-cult-8001-9000\items\lccc-8682.html","READY","Would update."
"D:\github\ron-english-light-cult-8001-9000\items\lccc-8683.html","READY","Would update."
"D:\github\ron-english-light-cult-8001-9000\items\lccc-8684.html","READY","Would update."
"D:\github\ron-english-light-cult-8001-9000\items\lccc-8685.html","READY","Would update."
"D:\github\ron-english-light-cult-8001-9000\items\lccc-8686.html","READY","Would update."
"D:\github\ron-english-light-cult-8001-9000\items\lccc-8687.html","READY","Would update."
"D:\github\ron-english-light-cult-8001-9000\items\lccc-8688.html","READY","Would update."
"D:\github\ron-english-light-cult-8001-9000\items\lccc-8689.html","READY","Would update."
"D:\github\ron-english-light-cult-8001-9000\items\lccc-8690.html","READY","Would update."
"D:\github\ron-english-light-cult-8001-9000\items\lccc-8691.html","READY","Would update."
"D:\github\ron-english-light-cult-8001-9000\items\lccc-8692.html","READY","Would update."
"D:\github\ron-english-light-cult-8001-9000\items\lccc-8693.html","READY","Would update."
"D:\github\ron-english-light-cult-8001-9000\items\lccc-8694.html","READY","Would update."
"D:\github\ron-english-light-cult-8001-9000\items\lccc-8695.html","READY","Would update."
"D:\github\ron-english-light-cult-8001-9000\items\lccc-8696.html","READY","Would update."
"D:\github\ron-english-light-cult-8001-9000\items\lccc-8697.html","READY","Would update."
"D:\github\ron-english-light-cult-8001-9000\items\lccc-8698.html","READY","Would update."
"D:\github\ron-english-light-cult-8001-9000\items\lccc-8699.html","READY","Would update."
"D:\github\ron-english-light-cult-8001-9000\items\lccc-8700.html","READY","Would update."
"D:\github\ron-english-light-cult-8001-9000\items\lccc-8702.html","READY","Would update."
"D:\github\ron-english-light-cult-8001-9000\items\lccc-8703.html","READY","Would update."
"D:\github\ron-english-light-cult-8001-9000\items\lccc-8704.html","READY","Would update."
"D:\github\ron-english-light-cult-8001-9000\items\lccc-8705.html","READY","Would update."
"D:\github\ron-english-light-cult-8001-9000\items\lccc-8706.html","READY","Would update."
"D:\github\ron-english-light-cult-8001-9000\items\lccc-8707.html","READY","Would update."
"D:\github\ron-english-light-cult-8001-9000\items\lccc-8708.html","READY","Would update."
"D:\github\ron-english-light-cult-8001-9000\items\lccc-8709.html","READY","Would update."
"D:\github\ron-english-light-cult-8001-9000\items\lccc-8710.html","READY","Would update."
"D:\github\ron-english-light-cult-8001-9000\items\lccc-8711.html","READY","Would update."
"D:\github\ron-english-light-cult-8001-9000\items\lccc-8712.html","READY","Would update."
"D:\github\ron-english-light-cult-8001-9000\items\lccc-8713.html","READY","Would update."
"D:\github\ron-english-light-cult-8001-9000\items\lccc-8714.html","READY","Would update."
"D:\github\ron-english-light-cult-8001-9000\items\lccc-8715.html","READY","Would update."
"D:\github\ron-english-light-cult-8001-9000\items\lccc-8716.html","READY","Would update."
"D:\github\ron-english-light-cult-8001-9000\items\lccc-8717.html","READY","Would update."
"D:\github\ron-english-light-cult-8001-9000\items\lccc-8718.html","READY","Would update."
"D:\github\ron-english-light-cult-8001-9000\items\lccc-8720.html","READY","Would update."
"D:\github\ron-english-light-cult-8001-9000\items\lccc-8722.html","READY","Would update."
"D:\github\ron-english-light-cult-8001-9000\items\lccc-8723.html","READY","Would update."
"D:\github\ron-english-light-cult-8001-9000\items\lccc-8724.html","READY","Would update."
"D:\github\ron-english-light-cult-8001-9000\items\lccc-8725.html","READY","Would update."
"D:\github\ron-english-light-cult-8001-9000\items\lccc-8726.html","READY","Would update."
"D:\github\ron-english-light-cult-8001-9000\items\lccc-8727.html","READY","Would update."
"D:\github\ron-english-light-cult-8001-9000\items\lccc-8728.html","READY","Would update."
"D:\github\ron-english-light-cult-8001-9000\items\lccc-8729.html","READY","Would update."
"D:\github\ron-english-light-cult-8001-9000\items\lccc-8731.html","READY","Would update."
"D:\github\ron-english-light-cult-8001-9000\items\lccc-8733.html","READY","Would update."
"D:\github\ron-english-light-cult-8001-9000\items\lccc-8734.html","READY","Would update."
"D:\github\ron-english-light-cult-8001-9000\items\lccc-8735.html","READY","Would update."
"D:\github\ron-english-light-cult-8001-9000\items\lccc-8736.html","READY","Would update."
"D:\github\ron-english-light-cult-8001-9000\items\lccc-8737.html","READY","Would update."
"D:\github\ron-english-light-cult-8001-9000\items\lccc-8738.html","READY","Would update."
"D:\github\ron-english-light-cult-8001-9000\items\lccc-8739.html","READY","Would update."
"D:\github\ron-english-light-cult-8001-9000\items\lccc-8740.html","READY","Would update."
"D:\github\ron-english-light-cult-8001-9000\items\lccc-8741.html","READY","Would update."
"D:\github\ron-english-light-cult-8001-9000\items\lccc-8742.html","READY","Would update."
"D:\github\ron-english-light-cult-8001-9000\items\lccc-8743.html","READY","Would update."
"D:\github\ron-english-light-cult-8001-9000\items\lccc-8744.html","READY","Would update."
"D:\github\ron-english-light-cult-8001-9000\items\lccc-8745.html","READY","Would update."
"D:\github\ron-english-light-cult-8001-9000\items\lccc-8746.html","READY","Would update."
"D:\github\ron-english-light-cult-8001-9000\items\lccc-8747.html","READY","Would update."
"D:\github\ron-english-light-cult-8001-9000\items\lccc-8748.html","READY","Would update."
"D:\github\ron-english-light-cult-8001-9000\items\lccc-8750.html","READY","Would update."
"D:\github\ron-english-light-cult-8001-9000\items\lccc-8751.html","READY","Would update."
"D:\github\ron-english-light-cult-8001-9000\items\lccc-8752.html","READY","Would update."
"D:\github\ron-english-light-cult-8001-9000\items\lccc-8754.html","READY","Would update."
"D:\github\ron-english-light-cult-8001-9000\items\lccc-8755.html","READY","Would update."
"D:\github\ron-english-light-cult-8001-9000\items\lccc-8756.html","READY","Would update."
"D:\github\ron-english-light-cult-8001-9000\items\lccc-8757.html","READY","Would update."
"D:\github\ron-english-light-cult-8001-9000\items\lccc-8758.html","READY","Would update."
"D:\github\ron-english-light-cult-8001-9000\items\lccc-8759.html","READY","Would update."
"D:\github\ron-english-light-cult-8001-9000\items\lccc-8760.html","READY","Would update."
"D:\github\ron-english-light-cult-8001-9000\items\lccc-8762.html","READY","Would update."
"D:\github\ron-english-light-cult-8001-9000\items\lccc-8765.html","READY","Would update."
"D:\github\ron-english-light-cult-8001-9000\items\lccc-8766.html","READY","Would update."
"D:\github\ron-english-light-cult-8001-9000\items\lccc-8767.html","READY","Would update."
"D:\github\ron-english-light-cult-8001-9000\items\lccc-8768.html","READY","Would update."
"D:\github\ron-english-light-cult-8001-9000\items\lccc-8769.html","READY","Would update."
"D:\github\ron-english-light-cult-8001-9000\items\lccc-8770.html","READY","Would update."
"D:\github\ron-english-light-cult-8001-9000\items\lccc-8771.html","READY","Would update."
"D:\github\ron-english-light-cult-8001-9000\items\lccc-8773.html","READY","Would update."
"D:\github\ron-english-light-cult-8001-9000\items\lccc-8774.html","READY","Would update."
"D:\github\ron-english-light-cult-8001-9000\items\lccc-8775.html","READY","Would update."
"D:\github\ron-english-light-cult-8001-9000\items\lccc-8776.html","READY","Would update."
"D:\github\ron-english-light-cult-8001-9000\items\lccc-8777.html","READY","Would update."
"D:\github\ron-english-light-cult-8001-9000\items\lccc-8778.html","READY","Would update."
"D:\github\ron-english-light-cult-8001-9000\items\lccc-8779.html","READY","Would update."
"D:\github\ron-english-light-cult-8001-9000\items\lccc-8780.html","READY","Would update."
"D:\github\ron-english-light-cult-8001-9000\items\lccc-8781.html","READY","Would update."
"D:\github\ron-english-light-cult-8001-9000\items\lccc-8782.html","READY","Would update."
"D:\github\ron-english-light-cult-8001-9000\items\lccc-8783.html","READY","Would update."
"D:\github\ron-english-light-cult-8001-9000\items\lccc-8785.html","READY","Would update."
"D:\github\ron-english-light-cult-8001-9000\items\lccc-8786.html","READY","Would update."
"D:\github\ron-english-light-cult-8001-9000\items\lccc-8787.html","READY","Would update."
"D:\github\ron-english-light-cult-8001-9000\items\lccc-8788.html","READY","Would update."
"D:\github\ron-english-light-cult-8001-9000\items\lccc-8789.html","READY","Would update."
"D:\github\ron-english-light-cult-8001-9000\items\lccc-8790.html","READY","Would update."
"D:\github\ron-english-light-cult-8001-9000\items\lccc-8792.html","READY","Would update."
"D:\github\ron-english-light-cult-8001-9000\items\lccc-8793.html","READY","Would update."
"D:\github\ron-english-light-cult-8001-9000\items\lccc-8795.html","READY","Would update."
"D:\github\ron-english-light-cult-8001-9000\items\lccc-8796.html","READY","Would update."
"D:\github\ron-english-light-cult-8001-9000\items\lccc-8797.html","READY","Would update."
"D:\github\ron-english-light-cult-8001-9000\items\lccc-8798.html","READY","Would update."
"D:\github\ron-english-light-cult-8001-9000\items\lccc-8799.html","READY","Would update."
"D:\github\ron-english-light-cult-8001-9000\items\lccc-8800.html","READY","Would update."
"D:\github\ron-english-light-cult-8001-9000\items\lccc-8801.html","READY","Would update."
"D:\github\ron-english-light-cult-8001-9000\items\lccc-8802.html","READY","Would update."
"D:\github\ron-english-light-cult-8001-9000\items\lccc-8803.html","READY","Would update."
"D:\github\ron-english-light-cult-8001-9000\items\lccc-8804.html","READY","Would update."
"D:\github\ron-english-light-cult-8001-9000\items\lccc-8805.html","READY","Would update."
"D:\github\ron-english-light-cult-8001-9000\items\lccc-8806.html","READY","Would update."
"D:\github\ron-english-light-cult-8001-9000\items\lccc-8807.html","READY","Would update."
"D:\github\ron-english-light-cult-8001-9000\items\lccc-8808.html","READY","Would update."
"D:\github\ron-english-light-cult-8001-9000\items\lccc-8809.html","READY","Would update."
"D:\github\ron-english-light-cult-8001-9000\items\lccc-8810.html","READY","Would update."
"D:\github\ron-english-light-cult-8001-9000\items\lccc-8811.html","READY","Would update."
"D:\github\ron-english-light-cult-8001-9000\items\lccc-8812.html","READY","Would update."
"D:\github\ron-english-light-cult-8001-9000\items\lccc-8813.html","READY","Would update."
"D:\github\ron-english-light-cult-8001-9000\items\lccc-8814.html","READY","Would update."
"D:\github\ron-english-light-cult-8001-9000\items\lccc-8815.html","READY","Would update."
"D:\github\ron-english-light-cult-8001-9000\items\lccc-8816.html","READY","Would update."
"D:\github\ron-english-light-cult-8001-9000\items\lccc-8817.html","READY","Would update."
"D:\github\ron-english-light-cult-8001-9000\items\lccc-8818.html","READY","Would update."
"D:\github\ron-english-light-cult-8001-9000\items\lccc-8819.html","READY","Would update."
"D:\github\ron-english-light-cult-8001-9000\items\lccc-8821.html","READY","Would update."
"D:\github\ron-english-light-cult-8001-9000\items\lccc-8822.html","READY","Would update."
"D:\github\ron-english-light-cult-8001-9000\items\lccc-8823.html","READY","Would update."
"D:\github\ron-english-light-cult-8001-9000\items\lccc-8824.html","READY","Would update."
"D:\github\ron-english-light-cult-8001-9000\items\lccc-8825.html","READY","Would update."
"D:\github\ron-english-light-cult-8001-9000\items\lccc-8826.html","READY","Would update."
"D:\github\ron-english-light-cult-8001-9000\items\lccc-8827.html","READY","Would update."
"D:\github\ron-english-light-cult-8001-9000\items\lccc-8828.html","READY","Would update."
"D:\github\ron-english-light-cult-8001-9000\items\lccc-8830.html","READY","Would update."
"D:\github\ron-english-light-cult-8001-9000\items\lccc-8831.html","READY","Would update."
"D:\github\ron-english-light-cult-8001-9000\items\lccc-8832.html","READY","Would update."
"D:\github\ron-english-light-cult-8001-9000\items\lccc-8833.html","READY","Would update."
"D:\github\ron-english-light-cult-8001-9000\items\lccc-8834.html","READY","Would update."
"D:\github\ron-english-light-cult-8001-9000\items\lccc-8836.html","READY","Would update."
"D:\github\ron-english-light-cult-8001-9000\items\lccc-8837.html","READY","Would update."
"D:\github\ron-english-light-cult-8001-9000\items\lccc-8838.html","READY","Would update."
"D:\github\ron-english-light-cult-8001-9000\items\lccc-8839.html","READY","Would update."
"D:\github\ron-english-light-cult-8001-9000\items\lccc-8840.html","READY","Would update."
"D:\github\ron-english-light-cult-8001-9000\items\lccc-8841.html","READY","Would update."
"D:\github\ron-english-light-cult-8001-9000\items\lccc-8842.html","READY","Would update."
"D:\github\ron-english-light-cult-8001-9000\items\lccc-8843.html","READY","Would update."
"D:\github\ron-english-light-cult-8001-9000\items\lccc-8844.html","READY","Would update."
"D:\github\ron-english-light-cult-8001-9000\items\lccc-8846.html","READY","Would update."
"D:\github\ron-english-light-cult-8001-9000\items\lccc-8847.html","READY","Would update."
"D:\github\ron-english-light-cult-8001-9000\items\lccc-8849.html","READY","Would update."
"D:\github\ron-english-light-cult-8001-9000\items\lccc-8850.html","READY","Would update."
"D:\github\ron-english-light-cult-8001-9000\items\lccc-8852.html","READY","Would update."
"D:\github\ron-english-light-cult-8001-9000\items\lccc-8853.html","READY","Would update."
"D:\github\ron-english-light-cult-8001-9000\items\lccc-8854.html","READY","Would update."
"D:\github\ron-english-light-cult-8001-9000\items\lccc-8855.html","READY","Would update."
"D:\github\ron-english-light-cult-8001-9000\items\lccc-8856.html","READY","Would update."
"D:\github\ron-english-light-cult-8001-9000\items\lccc-8857.html","READY","Would update."
"D:\github\ron-english-light-cult-8001-9000\items\lccc-8858.html","READY","Would update."
"D:\github\ron-english-light-cult-8001-9000\items\lccc-8859.html","READY","Would update."
"D:\github\ron-english-light-cult-8001-9000\items\lccc-8860.html","READY","Would update."
"D:\github\ron-english-light-cult-8001-9000\items\lccc-8861.html","READY","Would update."
"D:\github\ron-english-light-cult-8001-9000\items\lccc-8862.html","READY","Would update."
"D:\github\ron-english-light-cult-8001-9000\items\lccc-8863.html","READY","Would update."
"D:\github\ron-english-light-cult-8001-9000\items\lccc-8864.html","READY","Would update."
"D:\github\ron-english-light-cult-8001-9000\items\lccc-8865.html","READY","Would update."
"D:\github\ron-english-light-cult-8001-9000\items\lccc-8866.html","READY","Would update."
"D:\github\ron-english-light-cult-8001-9000\items\lccc-8867.html","READY","Would update."
"D:\github\ron-english-light-cult-8001-9000\items\lccc-8868.html","READY","Would update."
"D:\github\ron-english-light-cult-8001-9000\items\lccc-8869.html","READY","Would update."
"D:\github\ron-english-light-cult-8001-9000\items\lccc-8870.html","READY","Would update."
"D:\github\ron-english-light-cult-8001-9000\items\lccc-8871.html","READY","Would update."
"D:\github\ron-english-light-cult-8001-9000\items\lccc-8872.html","READY","Would update."
"D:\github\ron-english-light-cult-8001-9000\items\lccc-8873.html","READY","Would update."
"D:\github\ron-english-light-cult-8001-9000\items\lccc-8874.html","READY","Would update."
"D:\github\ron-english-light-cult-8001-9000\items\lccc-8875.html","READY","Would update."
"D:\github\ron-english-light-cult-8001-9000\items\lccc-8876.html","READY","Would update."
"D:\github\ron-english-light-cult-8001-9000\items\lccc-8877.html","READY","Would update."
"D:\github\ron-english-light-cult-8001-9000\items\lccc-8878.html","READY","Would update."
"D:\github\ron-english-light-cult-8001-9000\items\lccc-8879.html","READY","Would update."
"D:\github\ron-english-light-cult-8001-9000\items\lccc-8881.html","READY","Would update."
"D:\github\ron-english-light-cult-8001-9000\items\lccc-8882.html","READY","Would update."
"D:\github\ron-english-light-cult-8001-9000\items\lccc-8883.html","READY","Would update."
"D:\github\ron-english-light-cult-8001-9000\items\lccc-8884.html","READY","Would update."
"D:\github\ron-english-light-cult-8001-9000\items\lccc-8885.html","READY","Would update."
"D:\github\ron-english-light-cult-8001-9000\items\lccc-8886.html","READY","Would update."
"D:\github\ron-english-light-cult-8001-9000\items\lccc-8887.html","READY","Would update."
"D:\github\ron-english-light-cult-8001-9000\items\lccc-8888.html","READY","Would update."
"D:\github\ron-english-light-cult-8001-9000\items\lccc-8889.html","READY","Would update."
"D:\github\ron-english-light-cult-8001-9000\items\lccc-8891.html","READY","Would update."
"D:\github\ron-english-light-cult-8001-9000\items\lccc-8892.html","READY","Would update."
"D:\github\ron-english-light-cult-8001-9000\items\lccc-8893.html","READY","Would update."
"D:\github\ron-english-light-cult-8001-9000\items\lccc-8894.html","READY","Would update."
"D:\github\ron-english-light-cult-8001-9000\items\lccc-8895.html","READY","Would update."
"D:\github\ron-english-light-cult-8001-9000\items\lccc-8896.html","READY","Would update."
"D:\github\ron-english-light-cult-8001-9000\items\lccc-8897.html","READY","Would update."
"D:\github\ron-english-light-cult-8001-9000\items\lccc-8899.html","READY","Would update."
"D:\github\ron-english-light-cult-8001-9000\items\lccc-8900.html","READY","Would update."
"D:\github\ron-english-light-cult-8001-9000\items\lccc-8901.html","READY","Would update."
"D:\github\ron-english-light-cult-8001-9000\items\lccc-8903.html","READY","Would update."
"D:\github\ron-english-light-cult-8001-9000\items\lccc-8904.html","READY","Would update."
"D:\github\ron-english-light-cult-8001-9000\items\lccc-8905.html","READY","Would update."
"D:\github\ron-english-light-cult-8001-9000\items\lccc-8906.html","READY","Would update."
"D:\github\ron-english-light-cult-8001-9000\items\lccc-8907.html","READY","Would update."
"D:\github\ron-english-light-cult-8001-9000\items\lccc-8908.html","READY","Would update."
"D:\github\ron-english-light-cult-8001-9000\items\lccc-8909.html","READY","Would update."
"D:\github\ron-english-light-cult-8001-9000\items\lccc-8910.html","READY","Would update."
"D:\github\ron-english-light-cult-8001-9000\items\lccc-8911.html","READY","Would update."
"D:\github\ron-english-light-cult-8001-9000\items\lccc-8913.html","READY","Would update."
"D:\github\ron-english-light-cult-8001-9000\items\lccc-8914.html","READY","Would update."
"D:\github\ron-english-light-cult-8001-9000\items\lccc-8915.html","READY","Would update."
"D:\github\ron-english-light-cult-8001-9000\items\lccc-8916.html","READY","Would update."
"D:\github\ron-english-light-cult-8001-9000\items\lccc-8917.html","READY","Would update."
"D:\github\ron-english-light-cult-8001-9000\items\lccc-8919.html","READY","Would update."
"D:\github\ron-english-light-cult-8001-9000\items\lccc-8920.html","READY","Would update."
"D:\github\ron-english-light-cult-8001-9000\items\lccc-8922.html","READY","Would update."
"D:\github\ron-english-light-cult-8001-9000\items\lccc-8923.html","READY","Would update."
"D:\github\ron-english-light-cult-8001-9000\items\lccc-8924.html","READY","Would update."
"D:\github\ron-english-light-cult-8001-9000\items\lccc-8925.html","READY","Would update."
"D:\github\ron-english-light-cult-8001-9000\items\lccc-8927.html","READY","Would update."
"D:\github\ron-english-light-cult-8001-9000\items\lccc-8928.html","READY","Would update."
"D:\github\ron-english-light-cult-8001-9000\items\lccc-8929.html","READY","Would update."
"D:\github\ron-english-light-cult-8001-9000\items\lccc-8930.html","READY","Would update."
"D:\github\ron-english-light-cult-8001-9000\items\lccc-8932.html","READY","Would update."
"D:\github\ron-english-light-cult-8001-9000\items\lccc-8933.html","READY","Would update."
"D:\github\ron-english-light-cult-8001-9000\items\lccc-8934.html","READY","Would update."
"D:\github\ron-english-light-cult-8001-9000\items\lccc-8935.html","READY","Would update."
"D:\github\ron-english-light-cult-8001-9000\items\lccc-8938.html","READY","Would update."
"D:\github\ron-english-light-cult-8001-9000\items\lccc-8939.html","READY","Would update."
"D:\github\ron-english-light-cult-8001-9000\items\lccc-8940.html","READY","Would update."
"D:\github\ron-english-light-cult-8001-9000\items\lccc-8941.html","READY","Would update."
"D:\github\ron-english-light-cult-8001-9000\items\lccc-8942.html","READY","Would update."
"D:\github\ron-english-light-cult-8001-9000\items\lccc-8943.html","READY","Would update."
"D:\github\ron-english-light-cult-8001-9000\items\lccc-8944.html","READY","Would update."
"D:\github\ron-english-light-cult-8001-9000\items\lccc-8945.html","READY","Would update."
"D:\github\ron-english-light-cult-8001-9000\items\lccc-8946.html","READY","Would update."
"D:\github\ron-english-light-cult-8001-9000\items\lccc-8947.html","READY","Would update."
"D:\github\ron-english-light-cult-8001-9000\items\lccc-8948.html","READY","Would update."
"D:\github\ron-english-light-cult-8001-9000\items\lccc-8949.html","READY","Would update."
"D:\github\ron-english-light-cult-8001-9000\items\lccc-8950.html","READY","Would update."
"D:\github\ron-english-light-cult-8001-9000\items\lccc-8951.html","READY","Would update."
"D:\github\ron-english-light-cult-8001-9000\items\lccc-8952.html","READY","Would update."
"D:\github\ron-english-light-cult-8001-9000\items\lccc-8953.html","READY","Would update."
"D:\github\ron-english-light-cult-8001-9000\items\lccc-8954.html","READY","Would update."
"D:\github\ron-english-light-cult-8001-9000\items\lccc-8955.html","READY","Would update."
"D:\github\ron-english-light-cult-8001-9000\items\lccc-8956.html","READY","Would update."
"D:\github\ron-english-light-cult-8001-9000\items\lccc-8957.html","READY","Would update."
"D:\github\ron-english-light-cult-8001-9000\items\lccc-8958.html","READY","Would update."
"D:\github\ron-english-light-cult-8001-9000\items\lccc-8959.html","READY","Would update."
"D:\github\ron-english-light-cult-8001-9000\items\lccc-8960.html","READY","Would update."
"D:\github\ron-english-light-cult-8001-9000\items\lccc-8961.html","READY","Would update."
"D:\github\ron-english-light-cult-8001-9000\items\lccc-8962.html","READY","Would update."
"D:\github\ron-english-light-cult-8001-9000\items\lccc-8963.html","READY","Would update."
"D:\github\ron-english-light-cult-8001-9000\items\lccc-8964.html","READY","Would update."
"D:\github\ron-english-light-cult-8001-9000\items\lccc-8965.html","READY","Would update."
"D:\github\ron-english-light-cult-8001-9000\items\lccc-8966.html","READY","Would update."
"D:\github\ron-english-light-cult-8001-9000\items\lccc-8967.html","READY","Would update."
"D:\github\ron-english-light-cult-8001-9000\items\lccc-8968.html","READY","Would update."
"D:\github\ron-english-light-cult-8001-9000\items\lccc-8969.html","READY","Would update."
"D:\github\ron-english-light-cult-8001-9000\items\lccc-8970.html","READY","Would update."
"D:\github\ron-english-light-cult-8001-9000\items\lccc-8971.html","READY","Would update."
"D:\github\ron-english-light-cult-8001-9000\items\lccc-8972.html","READY","Would update."
"D:\github\ron-english-light-cult-8001-9000\items\lccc-8973.html","READY","Would update."
"D:\github\ron-english-light-cult-8001-9000\items\lccc-8974.html","READY","Would update."
"D:\github\ron-english-light-cult-8001-9000\items\lccc-8975.html","READY","Would update."
"D:\github\ron-english-light-cult-8001-9000\items\lccc-8976.html","READY","Would update."
"D:\github\ron-english-light-cult-8001-9000\items\lccc-8977.html","READY","Would update."
"D:\github\ron-english-light-cult-8001-9000\items\lccc-8978.html","READY","Would update."
"D:\github\ron-english-light-cult-8001-9000\items\lccc-8979.html","READY","Would update."
"D:\github\ron-english-light-cult-8001-9000\items\lccc-8980.html","READY","Would update."
"D:\github\ron-english-light-cult-8001-9000\items\lccc-8981.html","READY","Would update."
"D:\github\ron-english-light-cult-8001-9000\items\lccc-8982.html","READY","Would update."
"D:\github\ron-english-light-cult-8001-9000\items\lccc-8983.html","READY","Would update."
"D:\github\ron-english-light-cult-8001-9000\items\lccc-8984.html","READY","Would update."
"D:\github\ron-english-light-cult-8001-9000\items\lccc-8985.html","READY","Would update."
"D:\github\ron-english-light-cult-8001-9000\items\lccc-8986.html","READY","Would update."
"D:\github\ron-english-light-cult-8001-9000\items\lccc-8987.html","READY","Would update."
"D:\github\ron-english-light-cult-8001-9000\items\lccc-8988.html","READY","Would update."
"D:\github\ron-english-light-cult-8001-9000\items\lccc-8989.html","READY","Would update."
"D:\github\ron-english-light-cult-8001-9000\items\lccc-8990.html","READY","Would update."
"D:\github\ron-english-light-cult-8001-9000\items\lccc-8991.html","READY","Would update."
"D:\github\ron-english-light-cult-8001-9000\items\lccc-8992.html","READY","Would update."
"D:\github\ron-english-light-cult-8001-9000\items\lccc-8993.html","READY","Would update."
"D:\github\ron-english-light-cult-8001-9000\items\lccc-8994.html","READY","Would update."
"D:\github\ron-english-light-cult-8001-9000\items\lccc-8995.html","READY","Would update."
"D:\github\ron-english-light-cult-8001-9000\items\lccc-8996.html","READY","Would update."
"D:\github\ron-english-light-cult-8001-9000\items\lccc-8997.html","READY","Would update."
"D:\github\ron-english-light-cult-8001-9000\items\lccc-8999.html","READY","Would update."
"D:\github\ron-english-light-cult-8001-9000\items\lccc-9000.html","READY","Would update."
"D:\github\ron-english-light-cult-9001-10000\index.html","READY","Would update."
"D:\github\ron-english-light-cult-9001-10000\gallery-9001-9100.html","READY","Would update."
"D:\github\ron-english-light-cult-9001-10000\gallery-9101-9200.html","READY","Would update."
"D:\github\ron-english-light-cult-9001-10000\gallery-9201-9300.html","READY","Would update."
"D:\github\ron-english-light-cult-9001-10000\gallery-9301-9400.html","READY","Would update."
"D:\github\ron-english-light-cult-9001-10000\gallery-9401-9500.html","READY","Would update."
"D:\github\ron-english-light-cult-9001-10000\gallery-9501-9600.html","READY","Would update."
"D:\github\ron-english-light-cult-9001-10000\gallery-9601-9700.html","READY","Would update."
"D:\github\ron-english-light-cult-9001-10000\gallery-9701-9746.html","SKIP","No changes needed."
"D:\github\ron-english-light-cult-9001-10000\gallery-9701-9800.html","READY","Would update."
"D:\github\ron-english-light-cult-9001-10000\gallery-9801-9900.html","SKIP","No changes needed."
"D:\github\ron-english-light-cult-9001-10000\gallery-9901-10000.html","SKIP","No changes needed."
"D:\github\ron-english-light-cult-9001-10000\items\lccc-9001.html","READY","Would update."
"D:\github\ron-english-light-cult-9001-10000\items\lccc-9002.html","READY","Would update."
"D:\github\ron-english-light-cult-9001-10000\items\lccc-9003.html","READY","Would update."
"D:\github\ron-english-light-cult-9001-10000\items\lccc-9004.html","READY","Would update."
"D:\github\ron-english-light-cult-9001-10000\items\lccc-9005.html","READY","Would update."
"D:\github\ron-english-light-cult-9001-10000\items\lccc-9007.html","READY","Would update."
"D:\github\ron-english-light-cult-9001-10000\items\lccc-9008.html","READY","Would update."
"D:\github\ron-english-light-cult-9001-10000\items\lccc-9009.html","READY","Would update."
"D:\github\ron-english-light-cult-9001-10000\items\lccc-9011.html","READY","Would update."
"D:\github\ron-english-light-cult-9001-10000\items\lccc-9012.html","READY","Would update."
"D:\github\ron-english-light-cult-9001-10000\items\lccc-9013.html","READY","Would update."
"D:\github\ron-english-light-cult-9001-10000\items\lccc-9014.html","READY","Would update."
"D:\github\ron-english-light-cult-9001-10000\items\lccc-9015.html","READY","Would update."
"D:\github\ron-english-light-cult-9001-10000\items\lccc-9016.html","READY","Would update."
"D:\github\ron-english-light-cult-9001-10000\items\lccc-9017.html","READY","Would update."
"D:\github\ron-english-light-cult-9001-10000\items\lccc-9018.html","READY","Would update."
"D:\github\ron-english-light-cult-9001-10000\items\lccc-9019.html","READY","Would update."
"D:\github\ron-english-light-cult-9001-10000\items\lccc-9020.html","READY","Would update."
"D:\github\ron-english-light-cult-9001-10000\items\lccc-9021.html","READY","Would update."
"D:\github\ron-english-light-cult-9001-10000\items\lccc-9022.html","READY","Would update."
"D:\github\ron-english-light-cult-9001-10000\items\lccc-9023.html","READY","Would update."
"D:\github\ron-english-light-cult-9001-10000\items\lccc-9024.html","READY","Would update."
"D:\github\ron-english-light-cult-9001-10000\items\lccc-9025.html","READY","Would update."
"D:\github\ron-english-light-cult-9001-10000\items\lccc-9026.html","READY","Would update."
"D:\github\ron-english-light-cult-9001-10000\items\lccc-9027.html","READY","Would update."
"D:\github\ron-english-light-cult-9001-10000\items\lccc-9028.html","READY","Would update."
"D:\github\ron-english-light-cult-9001-10000\items\lccc-9030.html","READY","Would update."
"D:\github\ron-english-light-cult-9001-10000\items\lccc-9031.html","READY","Would update."
"D:\github\ron-english-light-cult-9001-10000\items\lccc-9032.html","READY","Would update."
"D:\github\ron-english-light-cult-9001-10000\items\lccc-9033.html","READY","Would update."
"D:\github\ron-english-light-cult-9001-10000\items\lccc-9036.html","READY","Would update."
"D:\github\ron-english-light-cult-9001-10000\items\lccc-9037.html","READY","Would update."
"D:\github\ron-english-light-cult-9001-10000\items\lccc-9038.html","READY","Would update."
"D:\github\ron-english-light-cult-9001-10000\items\lccc-9039.html","READY","Would update."
"D:\github\ron-english-light-cult-9001-10000\items\lccc-9040.html","READY","Would update."
"D:\github\ron-english-light-cult-9001-10000\items\lccc-9041.html","READY","Would update."
"D:\github\ron-english-light-cult-9001-10000\items\lccc-9042.html","READY","Would update."
"D:\github\ron-english-light-cult-9001-10000\items\lccc-9043.html","READY","Would update."
"D:\github\ron-english-light-cult-9001-10000\items\lccc-9045.html","READY","Would update."
"D:\github\ron-english-light-cult-9001-10000\items\lccc-9046.html","READY","Would update."
"D:\github\ron-english-light-cult-9001-10000\items\lccc-9047.html","READY","Would update."
"D:\github\ron-english-light-cult-9001-10000\items\lccc-9048.html","READY","Would update."
"D:\github\ron-english-light-cult-9001-10000\items\lccc-9049.html","READY","Would update."
"D:\github\ron-english-light-cult-9001-10000\items\lccc-9050.html","READY","Would update."
"D:\github\ron-english-light-cult-9001-10000\items\lccc-9051.html","READY","Would update."
"D:\github\ron-english-light-cult-9001-10000\items\lccc-9053.html","READY","Would update."
"D:\github\ron-english-light-cult-9001-10000\items\lccc-9054.html","READY","Would update."
"D:\github\ron-english-light-cult-9001-10000\items\lccc-9055.html","READY","Would update."
"D:\github\ron-english-light-cult-9001-10000\items\lccc-9056.html","READY","Would update."
"D:\github\ron-english-light-cult-9001-10000\items\lccc-9057.html","READY","Would update."
"D:\github\ron-english-light-cult-9001-10000\items\lccc-9058.html","READY","Would update."
"D:\github\ron-english-light-cult-9001-10000\items\lccc-9059.html","READY","Would update."
"D:\github\ron-english-light-cult-9001-10000\items\lccc-9061.html","READY","Would update."
"D:\github\ron-english-light-cult-9001-10000\items\lccc-9062.html","READY","Would update."
"D:\github\ron-english-light-cult-9001-10000\items\lccc-9063.html","READY","Would update."
"D:\github\ron-english-light-cult-9001-10000\items\lccc-9065.html","READY","Would update."
"D:\github\ron-english-light-cult-9001-10000\items\lccc-9066.html","READY","Would update."
"D:\github\ron-english-light-cult-9001-10000\items\lccc-9067.html","READY","Would update."
"D:\github\ron-english-light-cult-9001-10000\items\lccc-9068.html","READY","Would update."
"D:\github\ron-english-light-cult-9001-10000\items\lccc-9069.html","READY","Would update."
"D:\github\ron-english-light-cult-9001-10000\items\lccc-9070.html","READY","Would update."
"D:\github\ron-english-light-cult-9001-10000\items\lccc-9071.html","READY","Would update."
"D:\github\ron-english-light-cult-9001-10000\items\lccc-9072.html","READY","Would update."
"D:\github\ron-english-light-cult-9001-10000\items\lccc-9074.html","READY","Would update."
"D:\github\ron-english-light-cult-9001-10000\items\lccc-9075.html","READY","Would update."
"D:\github\ron-english-light-cult-9001-10000\items\lccc-9076.html","READY","Would update."
"D:\github\ron-english-light-cult-9001-10000\items\lccc-9077.html","READY","Would update."
"D:\github\ron-english-light-cult-9001-10000\items\lccc-9078.html","READY","Would update."
"D:\github\ron-english-light-cult-9001-10000\items\lccc-9079.html","READY","Would update."
"D:\github\ron-english-light-cult-9001-10000\items\lccc-9080.html","READY","Would update."
"D:\github\ron-english-light-cult-9001-10000\items\lccc-9081.html","READY","Would update."
"D:\github\ron-english-light-cult-9001-10000\items\lccc-9082.html","READY","Would update."
"D:\github\ron-english-light-cult-9001-10000\items\lccc-9083.html","READY","Would update."
"D:\github\ron-english-light-cult-9001-10000\items\lccc-9084.html","READY","Would update."
"D:\github\ron-english-light-cult-9001-10000\items\lccc-9085.html","READY","Would update."
"D:\github\ron-english-light-cult-9001-10000\items\lccc-9086.html","READY","Would update."
"D:\github\ron-english-light-cult-9001-10000\items\lccc-9087.html","READY","Would update."
"D:\github\ron-english-light-cult-9001-10000\items\lccc-9088.html","READY","Would update."
"D:\github\ron-english-light-cult-9001-10000\items\lccc-9090.html","READY","Would update."
"D:\github\ron-english-light-cult-9001-10000\items\lccc-9091.html","READY","Would update."
"D:\github\ron-english-light-cult-9001-10000\items\lccc-9093.html","READY","Would update."
"D:\github\ron-english-light-cult-9001-10000\items\lccc-9094.html","READY","Would update."
"D:\github\ron-english-light-cult-9001-10000\items\lccc-9095.html","READY","Would update."
"D:\github\ron-english-light-cult-9001-10000\items\lccc-9096.html","READY","Would update."
"D:\github\ron-english-light-cult-9001-10000\items\lccc-9098.html","READY","Would update."
"D:\github\ron-english-light-cult-9001-10000\items\lccc-9100.html","READY","Would update."
"D:\github\ron-english-light-cult-9001-10000\items\lccc-9102.html","READY","Would update."
"D:\github\ron-english-light-cult-9001-10000\items\lccc-9103.html","READY","Would update."
"D:\github\ron-english-light-cult-9001-10000\items\lccc-9104.html","READY","Would update."
"D:\github\ron-english-light-cult-9001-10000\items\lccc-9105.html","READY","Would update."
"D:\github\ron-english-light-cult-9001-10000\items\lccc-9106.html","READY","Would update."
"D:\github\ron-english-light-cult-9001-10000\items\lccc-9107.html","READY","Would update."
"D:\github\ron-english-light-cult-9001-10000\items\lccc-9108.html","READY","Would update."
"D:\github\ron-english-light-cult-9001-10000\items\lccc-9109.html","READY","Would update."
"D:\github\ron-english-light-cult-9001-10000\items\lccc-9110.html","READY","Would update."
"D:\github\ron-english-light-cult-9001-10000\items\lccc-9111.html","READY","Would update."
"D:\github\ron-english-light-cult-9001-10000\items\lccc-9112.html","READY","Would update."
"D:\github\ron-english-light-cult-9001-10000\items\lccc-9113.html","READY","Would update."
"D:\github\ron-english-light-cult-9001-10000\items\lccc-9114.html","READY","Would update."
"D:\github\ron-english-light-cult-9001-10000\items\lccc-9115.html","READY","Would update."
"D:\github\ron-english-light-cult-9001-10000\items\lccc-9116.html","READY","Would update."
"D:\github\ron-english-light-cult-9001-10000\items\lccc-9117.html","READY","Would update."
"D:\github\ron-english-light-cult-9001-10000\items\lccc-9118.html","READY","Would update."
"D:\github\ron-english-light-cult-9001-10000\items\lccc-9119.html","READY","Would update."
"D:\github\ron-english-light-cult-9001-10000\items\lccc-9120.html","READY","Would update."
"D:\github\ron-english-light-cult-9001-10000\items\lccc-9121.html","READY","Would update."
"D:\github\ron-english-light-cult-9001-10000\items\lccc-9123.html","READY","Would update."
"D:\github\ron-english-light-cult-9001-10000\items\lccc-9124.html","READY","Would update."
"D:\github\ron-english-light-cult-9001-10000\items\lccc-9125.html","READY","Would update."
"D:\github\ron-english-light-cult-9001-10000\items\lccc-9126.html","READY","Would update."
"D:\github\ron-english-light-cult-9001-10000\items\lccc-9127.html","READY","Would update."
"D:\github\ron-english-light-cult-9001-10000\items\lccc-9128.html","READY","Would update."
"D:\github\ron-english-light-cult-9001-10000\items\lccc-9129.html","READY","Would update."
"D:\github\ron-english-light-cult-9001-10000\items\lccc-9130.html","READY","Would update."
"D:\github\ron-english-light-cult-9001-10000\items\lccc-9131.html","READY","Would update."
"D:\github\ron-english-light-cult-9001-10000\items\lccc-9132.html","READY","Would update."
"D:\github\ron-english-light-cult-9001-10000\items\lccc-9133.html","READY","Would update."
"D:\github\ron-english-light-cult-9001-10000\items\lccc-9134.html","READY","Would update."
"D:\github\ron-english-light-cult-9001-10000\items\lccc-9135.html","READY","Would update."
"D:\github\ron-english-light-cult-9001-10000\items\lccc-9136.html","READY","Would update."
"D:\github\ron-english-light-cult-9001-10000\items\lccc-9137.html","READY","Would update."
"D:\github\ron-english-light-cult-9001-10000\items\lccc-9138.html","READY","Would update."
"D:\github\ron-english-light-cult-9001-10000\items\lccc-9139.html","READY","Would update."
"D:\github\ron-english-light-cult-9001-10000\items\lccc-9141.html","READY","Would update."
"D:\github\ron-english-light-cult-9001-10000\items\lccc-9142.html","READY","Would update."
"D:\github\ron-english-light-cult-9001-10000\items\lccc-9143.html","READY","Would update."
"D:\github\ron-english-light-cult-9001-10000\items\lccc-9145.html","READY","Would update."
"D:\github\ron-english-light-cult-9001-10000\items\lccc-9146.html","READY","Would update."
"D:\github\ron-english-light-cult-9001-10000\items\lccc-9147.html","READY","Would update."
"D:\github\ron-english-light-cult-9001-10000\items\lccc-9148.html","READY","Would update."
"D:\github\ron-english-light-cult-9001-10000\items\lccc-9149.html","READY","Would update."
"D:\github\ron-english-light-cult-9001-10000\items\lccc-9150.html","READY","Would update."
"D:\github\ron-english-light-cult-9001-10000\items\lccc-9151.html","READY","Would update."
"D:\github\ron-english-light-cult-9001-10000\items\lccc-9152.html","READY","Would update."
"D:\github\ron-english-light-cult-9001-10000\items\lccc-9153.html","READY","Would update."
"D:\github\ron-english-light-cult-9001-10000\items\lccc-9154.html","READY","Would update."
"D:\github\ron-english-light-cult-9001-10000\items\lccc-9155.html","READY","Would update."
"D:\github\ron-english-light-cult-9001-10000\items\lccc-9156.html","READY","Would update."
"D:\github\ron-english-light-cult-9001-10000\items\lccc-9157.html","READY","Would update."
"D:\github\ron-english-light-cult-9001-10000\items\lccc-9158.html","READY","Would update."
"D:\github\ron-english-light-cult-9001-10000\items\lccc-9159.html","READY","Would update."
"D:\github\ron-english-light-cult-9001-10000\items\lccc-9160.html","READY","Would update."
"D:\github\ron-english-light-cult-9001-10000\items\lccc-9161.html","READY","Would update."
"D:\github\ron-english-light-cult-9001-10000\items\lccc-9162.html","READY","Would update."
"D:\github\ron-english-light-cult-9001-10000\items\lccc-9165.html","READY","Would update."
"D:\github\ron-english-light-cult-9001-10000\items\lccc-9166.html","READY","Would update."
"D:\github\ron-english-light-cult-9001-10000\items\lccc-9167.html","READY","Would update."
"D:\github\ron-english-light-cult-9001-10000\items\lccc-9168.html","READY","Would update."
"D:\github\ron-english-light-cult-9001-10000\items\lccc-9170.html","READY","Would update."
"D:\github\ron-english-light-cult-9001-10000\items\lccc-9172.html","READY","Would update."
"D:\github\ron-english-light-cult-9001-10000\items\lccc-9173.html","READY","Would update."
"D:\github\ron-english-light-cult-9001-10000\items\lccc-9174.html","READY","Would update."
"D:\github\ron-english-light-cult-9001-10000\items\lccc-9175.html","READY","Would update."
"D:\github\ron-english-light-cult-9001-10000\items\lccc-9176.html","READY","Would update."
"D:\github\ron-english-light-cult-9001-10000\items\lccc-9177.html","READY","Would update."
"D:\github\ron-english-light-cult-9001-10000\items\lccc-9178.html","READY","Would update."
"D:\github\ron-english-light-cult-9001-10000\items\lccc-9179.html","READY","Would update."
"D:\github\ron-english-light-cult-9001-10000\items\lccc-9180.html","READY","Would update."
"D:\github\ron-english-light-cult-9001-10000\items\lccc-9181.html","READY","Would update."
"D:\github\ron-english-light-cult-9001-10000\items\lccc-9183.html","READY","Would update."
"D:\github\ron-english-light-cult-9001-10000\items\lccc-9184.html","READY","Would update."
"D:\github\ron-english-light-cult-9001-10000\items\lccc-9185.html","READY","Would update."
"D:\github\ron-english-light-cult-9001-10000\items\lccc-9186.html","READY","Would update."
"D:\github\ron-english-light-cult-9001-10000\items\lccc-9187.html","READY","Would update."
"D:\github\ron-english-light-cult-9001-10000\items\lccc-9188.html","READY","Would update."
"D:\github\ron-english-light-cult-9001-10000\items\lccc-9189.html","READY","Would update."
"D:\github\ron-english-light-cult-9001-10000\items\lccc-9190.html","READY","Would update."
"D:\github\ron-english-light-cult-9001-10000\items\lccc-9192.html","READY","Would update."
"D:\github\ron-english-light-cult-9001-10000\items\lccc-9193.html","READY","Would update."
"D:\github\ron-english-light-cult-9001-10000\items\lccc-9194.html","READY","Would update."
"D:\github\ron-english-light-cult-9001-10000\items\lccc-9195.html","READY","Would update."
"D:\github\ron-english-light-cult-9001-10000\items\lccc-9196.html","READY","Would update."
"D:\github\ron-english-light-cult-9001-10000\items\lccc-9197.html","READY","Would update."
"D:\github\ron-english-light-cult-9001-10000\items\lccc-9200.html","READY","Would update."
"D:\github\ron-english-light-cult-9001-10000\items\lccc-9201.html","READY","Would update."
"D:\github\ron-english-light-cult-9001-10000\items\lccc-9202.html","READY","Would update."
"D:\github\ron-english-light-cult-9001-10000\items\lccc-9203.html","READY","Would update."
"D:\github\ron-english-light-cult-9001-10000\items\lccc-9204.html","READY","Would update."
"D:\github\ron-english-light-cult-9001-10000\items\lccc-9205.html","READY","Would update."
"D:\github\ron-english-light-cult-9001-10000\items\lccc-9206.html","READY","Would update."
"D:\github\ron-english-light-cult-9001-10000\items\lccc-9207.html","READY","Would update."
"D:\github\ron-english-light-cult-9001-10000\items\lccc-9208.html","READY","Would update."
"D:\github\ron-english-light-cult-9001-10000\items\lccc-9209.html","READY","Would update."
"D:\github\ron-english-light-cult-9001-10000\items\lccc-9210.html","READY","Would update."
"D:\github\ron-english-light-cult-9001-10000\items\lccc-9211.html","READY","Would update."
"D:\github\ron-english-light-cult-9001-10000\items\lccc-9212.html","READY","Would update."
"D:\github\ron-english-light-cult-9001-10000\items\lccc-9213.html","READY","Would update."
"D:\github\ron-english-light-cult-9001-10000\items\lccc-9214.html","READY","Would update."
"D:\github\ron-english-light-cult-9001-10000\items\lccc-9215.html","READY","Would update."
"D:\github\ron-english-light-cult-9001-10000\items\lccc-9217.html","READY","Would update."
"D:\github\ron-english-light-cult-9001-10000\items\lccc-9218.html","READY","Would update."
"D:\github\ron-english-light-cult-9001-10000\items\lccc-9219.html","READY","Would update."
"D:\github\ron-english-light-cult-9001-10000\items\lccc-9220.html","READY","Would update."
"D:\github\ron-english-light-cult-9001-10000\items\lccc-9221.html","READY","Would update."
"D:\github\ron-english-light-cult-9001-10000\items\lccc-9223.html","READY","Would update."
"D:\github\ron-english-light-cult-9001-10000\items\lccc-9224.html","READY","Would update."
"D:\github\ron-english-light-cult-9001-10000\items\lccc-9225.html","READY","Would update."
"D:\github\ron-english-light-cult-9001-10000\items\lccc-9226.html","READY","Would update."
"D:\github\ron-english-light-cult-9001-10000\items\lccc-9227.html","READY","Would update."
"D:\github\ron-english-light-cult-9001-10000\items\lccc-9228.html","READY","Would update."
"D:\github\ron-english-light-cult-9001-10000\items\lccc-9229.html","READY","Would update."
"D:\github\ron-english-light-cult-9001-10000\items\lccc-9230.html","READY","Would update."
"D:\github\ron-english-light-cult-9001-10000\items\lccc-9231.html","READY","Would update."
"D:\github\ron-english-light-cult-9001-10000\items\lccc-9232.html","READY","Would update."
"D:\github\ron-english-light-cult-9001-10000\items\lccc-9233.html","READY","Would update."
"D:\github\ron-english-light-cult-9001-10000\items\lccc-9234.html","READY","Would update."
"D:\github\ron-english-light-cult-9001-10000\items\lccc-9235.html","READY","Would update."
"D:\github\ron-english-light-cult-9001-10000\items\lccc-9236.html","READY","Would update."
"D:\github\ron-english-light-cult-9001-10000\items\lccc-9237.html","READY","Would update."
"D:\github\ron-english-light-cult-9001-10000\items\lccc-9238.html","READY","Would update."
"D:\github\ron-english-light-cult-9001-10000\items\lccc-9239.html","READY","Would update."
"D:\github\ron-english-light-cult-9001-10000\items\lccc-9240.html","READY","Would update."
"D:\github\ron-english-light-cult-9001-10000\items\lccc-9242.html","READY","Would update."
"D:\github\ron-english-light-cult-9001-10000\items\lccc-9243.html","READY","Would update."
"D:\github\ron-english-light-cult-9001-10000\items\lccc-9244.html","READY","Would update."
"D:\github\ron-english-light-cult-9001-10000\items\lccc-9245.html","READY","Would update."
"D:\github\ron-english-light-cult-9001-10000\items\lccc-9246.html","READY","Would update."
"D:\github\ron-english-light-cult-9001-10000\items\lccc-9247.html","READY","Would update."
"D:\github\ron-english-light-cult-9001-10000\items\lccc-9248.html","READY","Would update."
"D:\github\ron-english-light-cult-9001-10000\items\lccc-9249.html","READY","Would update."
"D:\github\ron-english-light-cult-9001-10000\items\lccc-9251.html","READY","Would update."
"D:\github\ron-english-light-cult-9001-10000\items\lccc-9252.html","READY","Would update."
"D:\github\ron-english-light-cult-9001-10000\items\lccc-9253.html","READY","Would update."
"D:\github\ron-english-light-cult-9001-10000\items\lccc-9254.html","READY","Would update."
"D:\github\ron-english-light-cult-9001-10000\items\lccc-9255.html","READY","Would update."
"D:\github\ron-english-light-cult-9001-10000\items\lccc-9256.html","READY","Would update."
"D:\github\ron-english-light-cult-9001-10000\items\lccc-9258.html","READY","Would update."
"D:\github\ron-english-light-cult-9001-10000\items\lccc-9259.html","READY","Would update."
"D:\github\ron-english-light-cult-9001-10000\items\lccc-9260.html","READY","Would update."
"D:\github\ron-english-light-cult-9001-10000\items\lccc-9261.html","READY","Would update."
"D:\github\ron-english-light-cult-9001-10000\items\lccc-9262.html","READY","Would update."
"D:\github\ron-english-light-cult-9001-10000\items\lccc-9263.html","READY","Would update."
"D:\github\ron-english-light-cult-9001-10000\items\lccc-9264.html","READY","Would update."
"D:\github\ron-english-light-cult-9001-10000\items\lccc-9265.html","READY","Would update."
"D:\github\ron-english-light-cult-9001-10000\items\lccc-9266.html","READY","Would update."
"D:\github\ron-english-light-cult-9001-10000\items\lccc-9267.html","READY","Would update."
"D:\github\ron-english-light-cult-9001-10000\items\lccc-9268.html","READY","Would update."
"D:\github\ron-english-light-cult-9001-10000\items\lccc-9269.html","READY","Would update."
"D:\github\ron-english-light-cult-9001-10000\items\lccc-9270.html","READY","Would update."
"D:\github\ron-english-light-cult-9001-10000\items\lccc-9271.html","READY","Would update."
"D:\github\ron-english-light-cult-9001-10000\items\lccc-9272.html","READY","Would update."
"D:\github\ron-english-light-cult-9001-10000\items\lccc-9273.html","READY","Would update."
"D:\github\ron-english-light-cult-9001-10000\items\lccc-9274.html","READY","Would update."
"D:\github\ron-english-light-cult-9001-10000\items\lccc-9275.html","READY","Would update."
"D:\github\ron-english-light-cult-9001-10000\items\lccc-9276.html","READY","Would update."
"D:\github\ron-english-light-cult-9001-10000\items\lccc-9277.html","READY","Would update."
"D:\github\ron-english-light-cult-9001-10000\items\lccc-9278.html","READY","Would update."
"D:\github\ron-english-light-cult-9001-10000\items\lccc-9279.html","READY","Would update."
"D:\github\ron-english-light-cult-9001-10000\items\lccc-9280.html","READY","Would update."
"D:\github\ron-english-light-cult-9001-10000\items\lccc-9281.html","READY","Would update."
"D:\github\ron-english-light-cult-9001-10000\items\lccc-9282.html","READY","Would update."
"D:\github\ron-english-light-cult-9001-10000\items\lccc-9283.html","READY","Would update."
"D:\github\ron-english-light-cult-9001-10000\items\lccc-9284.html","READY","Would update."
"D:\github\ron-english-light-cult-9001-10000\items\lccc-9285.html","READY","Would update."
"D:\github\ron-english-light-cult-9001-10000\items\lccc-9286.html","READY","Would update."
"D:\github\ron-english-light-cult-9001-10000\items\lccc-9287.html","READY","Would update."
"D:\github\ron-english-light-cult-9001-10000\items\lccc-9288.html","READY","Would update."
"D:\github\ron-english-light-cult-9001-10000\items\lccc-9289.html","READY","Would update."
"D:\github\ron-english-light-cult-9001-10000\items\lccc-9290.html","READY","Would update."
"D:\github\ron-english-light-cult-9001-10000\items\lccc-9293.html","READY","Would update."
"D:\github\ron-english-light-cult-9001-10000\items\lccc-9296.html","READY","Would update."
"D:\github\ron-english-light-cult-9001-10000\items\lccc-9297.html","READY","Would update."
"D:\github\ron-english-light-cult-9001-10000\items\lccc-9298.html","READY","Would update."
"D:\github\ron-english-light-cult-9001-10000\items\lccc-9300.html","READY","Would update."
"D:\github\ron-english-light-cult-9001-10000\items\lccc-9301.html","READY","Would update."
"D:\github\ron-english-light-cult-9001-10000\items\lccc-9302.html","READY","Would update."
"D:\github\ron-english-light-cult-9001-10000\items\lccc-9303.html","READY","Would update."
"D:\github\ron-english-light-cult-9001-10000\items\lccc-9305.html","READY","Would update."
"D:\github\ron-english-light-cult-9001-10000\items\lccc-9306.html","READY","Would update."
"D:\github\ron-english-light-cult-9001-10000\items\lccc-9307.html","READY","Would update."
"D:\github\ron-english-light-cult-9001-10000\items\lccc-9308.html","READY","Would update."
"D:\github\ron-english-light-cult-9001-10000\items\lccc-9309.html","READY","Would update."
"D:\github\ron-english-light-cult-9001-10000\items\lccc-9310.html","READY","Would update."
"D:\github\ron-english-light-cult-9001-10000\items\lccc-9311.html","READY","Would update."
"D:\github\ron-english-light-cult-9001-10000\items\lccc-9313.html","READY","Would update."
"D:\github\ron-english-light-cult-9001-10000\items\lccc-9314.html","READY","Would update."
"D:\github\ron-english-light-cult-9001-10000\items\lccc-9315.html","READY","Would update."
"D:\github\ron-english-light-cult-9001-10000\items\lccc-9316.html","READY","Would update."
"D:\github\ron-english-light-cult-9001-10000\items\lccc-9317.html","READY","Would update."
"D:\github\ron-english-light-cult-9001-10000\items\lccc-9318.html","READY","Would update."
"D:\github\ron-english-light-cult-9001-10000\items\lccc-9319.html","READY","Would update."
"D:\github\ron-english-light-cult-9001-10000\items\lccc-9321.html","READY","Would update."
"D:\github\ron-english-light-cult-9001-10000\items\lccc-9322.html","READY","Would update."
"D:\github\ron-english-light-cult-9001-10000\items\lccc-9323.html","READY","Would update."
"D:\github\ron-english-light-cult-9001-10000\items\lccc-9324.html","READY","Would update."
"D:\github\ron-english-light-cult-9001-10000\items\lccc-9325.html","READY","Would update."
"D:\github\ron-english-light-cult-9001-10000\items\lccc-9326.html","READY","Would update."
"D:\github\ron-english-light-cult-9001-10000\items\lccc-9327.html","READY","Would update."
"D:\github\ron-english-light-cult-9001-10000\items\lccc-9329.html","READY","Would update."
"D:\github\ron-english-light-cult-9001-10000\items\lccc-9330.html","READY","Would update."
"D:\github\ron-english-light-cult-9001-10000\items\lccc-9331.html","READY","Would update."
"D:\github\ron-english-light-cult-9001-10000\items\lccc-9332.html","READY","Would update."
"D:\github\ron-english-light-cult-9001-10000\items\lccc-9333.html","READY","Would update."
"D:\github\ron-english-light-cult-9001-10000\items\lccc-9334.html","READY","Would update."
"D:\github\ron-english-light-cult-9001-10000\items\lccc-9336.html","READY","Would update."
"D:\github\ron-english-light-cult-9001-10000\items\lccc-9337.html","READY","Would update."
"D:\github\ron-english-light-cult-9001-10000\items\lccc-9338.html","READY","Would update."
"D:\github\ron-english-light-cult-9001-10000\items\lccc-9339.html","READY","Would update."
"D:\github\ron-english-light-cult-9001-10000\items\lccc-9341.html","READY","Would update."
"D:\github\ron-english-light-cult-9001-10000\items\lccc-9342.html","READY","Would update."
"D:\github\ron-english-light-cult-9001-10000\items\lccc-9343.html","READY","Would update."
"D:\github\ron-english-light-cult-9001-10000\items\lccc-9344.html","READY","Would update."
"D:\github\ron-english-light-cult-9001-10000\items\lccc-9345.html","READY","Would update."
"D:\github\ron-english-light-cult-9001-10000\items\lccc-9346.html","READY","Would update."
"D:\github\ron-english-light-cult-9001-10000\items\lccc-9347.html","READY","Would update."
"D:\github\ron-english-light-cult-9001-10000\items\lccc-9348.html","READY","Would update."
"D:\github\ron-english-light-cult-9001-10000\items\lccc-9350.html","READY","Would update."
"D:\github\ron-english-light-cult-9001-10000\items\lccc-9351.html","READY","Would update."
"D:\github\ron-english-light-cult-9001-10000\items\lccc-9352.html","READY","Would update."
"D:\github\ron-english-light-cult-9001-10000\items\lccc-9353.html","READY","Would update."
"D:\github\ron-english-light-cult-9001-10000\items\lccc-9354.html","READY","Would update."
"D:\github\ron-english-light-cult-9001-10000\items\lccc-9355.html","READY","Would update."
"D:\github\ron-english-light-cult-9001-10000\items\lccc-9356.html","READY","Would update."
"D:\github\ron-english-light-cult-9001-10000\items\lccc-9357.html","READY","Would update."
"D:\github\ron-english-light-cult-9001-10000\items\lccc-9358.html","READY","Would update."
"D:\github\ron-english-light-cult-9001-10000\items\lccc-9359.html","READY","Would update."
"D:\github\ron-english-light-cult-9001-10000\items\lccc-9360.html","READY","Would update."
"D:\github\ron-english-light-cult-9001-10000\items\lccc-9361.html","READY","Would update."
"D:\github\ron-english-light-cult-9001-10000\items\lccc-9362.html","READY","Would update."
"D:\github\ron-english-light-cult-9001-10000\items\lccc-9363.html","READY","Would update."
"D:\github\ron-english-light-cult-9001-10000\items\lccc-9364.html","READY","Would update."
"D:\github\ron-english-light-cult-9001-10000\items\lccc-9365.html","READY","Would update."
"D:\github\ron-english-light-cult-9001-10000\items\lccc-9366.html","READY","Would update."
"D:\github\ron-english-light-cult-9001-10000\items\lccc-9368.html","READY","Would update."
"D:\github\ron-english-light-cult-9001-10000\items\lccc-9369.html","READY","Would update."
"D:\github\ron-english-light-cult-9001-10000\items\lccc-9370.html","READY","Would update."
"D:\github\ron-english-light-cult-9001-10000\items\lccc-9371.html","READY","Would update."
"D:\github\ron-english-light-cult-9001-10000\items\lccc-9372.html","READY","Would update."
"D:\github\ron-english-light-cult-9001-10000\items\lccc-9373.html","READY","Would update."
"D:\github\ron-english-light-cult-9001-10000\items\lccc-9375.html","READY","Would update."
"D:\github\ron-english-light-cult-9001-10000\items\lccc-9377.html","READY","Would update."
"D:\github\ron-english-light-cult-9001-10000\items\lccc-9378.html","READY","Would update."
"D:\github\ron-english-light-cult-9001-10000\items\lccc-9379.html","READY","Would update."
"D:\github\ron-english-light-cult-9001-10000\items\lccc-9380.html","READY","Would update."
"D:\github\ron-english-light-cult-9001-10000\items\lccc-9381.html","READY","Would update."
"D:\github\ron-english-light-cult-9001-10000\items\lccc-9382.html","READY","Would update."
"D:\github\ron-english-light-cult-9001-10000\items\lccc-9383.html","READY","Would update."
"D:\github\ron-english-light-cult-9001-10000\items\lccc-9384.html","READY","Would update."
"D:\github\ron-english-light-cult-9001-10000\items\lccc-9385.html","READY","Would update."
"D:\github\ron-english-light-cult-9001-10000\items\lccc-9387.html","READY","Would update."
"D:\github\ron-english-light-cult-9001-10000\items\lccc-9390.html","READY","Would update."
"D:\github\ron-english-light-cult-9001-10000\items\lccc-9391.html","READY","Would update."
"D:\github\ron-english-light-cult-9001-10000\items\lccc-9392.html","READY","Would update."
"D:\github\ron-english-light-cult-9001-10000\items\lccc-9393.html","READY","Would update."
"D:\github\ron-english-light-cult-9001-10000\items\lccc-9394.html","READY","Would update."
"D:\github\ron-english-light-cult-9001-10000\items\lccc-9395.html","READY","Would update."
"D:\github\ron-english-light-cult-9001-10000\items\lccc-9396.html","READY","Would update."
"D:\github\ron-english-light-cult-9001-10000\items\lccc-9398.html","READY","Would update."
"D:\github\ron-english-light-cult-9001-10000\items\lccc-9399.html","READY","Would update."
"D:\github\ron-english-light-cult-9001-10000\items\lccc-9400.html","READY","Would update."
"D:\github\ron-english-light-cult-9001-10000\items\lccc-9401.html","READY","Would update."
"D:\github\ron-english-light-cult-9001-10000\items\lccc-9402.html","READY","Would update."
"D:\github\ron-english-light-cult-9001-10000\items\lccc-9403.html","READY","Would update."
"D:\github\ron-english-light-cult-9001-10000\items\lccc-9404.html","READY","Would update."
"D:\github\ron-english-light-cult-9001-10000\items\lccc-9405.html","READY","Would update."
"D:\github\ron-english-light-cult-9001-10000\items\lccc-9406.html","READY","Would update."
"D:\github\ron-english-light-cult-9001-10000\items\lccc-9407.html","READY","Would update."
"D:\github\ron-english-light-cult-9001-10000\items\lccc-9408.html","READY","Would update."
"D:\github\ron-english-light-cult-9001-10000\items\lccc-9409.html","READY","Would update."
"D:\github\ron-english-light-cult-9001-10000\items\lccc-9410.html","READY","Would update."
"D:\github\ron-english-light-cult-9001-10000\items\lccc-9411.html","READY","Would update."
"D:\github\ron-english-light-cult-9001-10000\items\lccc-9412.html","READY","Would update."
"D:\github\ron-english-light-cult-9001-10000\items\lccc-9413.html","READY","Would update."
"D:\github\ron-english-light-cult-9001-10000\items\lccc-9414.html","READY","Would update."
"D:\github\ron-english-light-cult-9001-10000\items\lccc-9415.html","READY","Would update."
"D:\github\ron-english-light-cult-9001-10000\items\lccc-9416.html","READY","Would update."
"D:\github\ron-english-light-cult-9001-10000\items\lccc-9418.html","READY","Would update."
"D:\github\ron-english-light-cult-9001-10000\items\lccc-9419.html","READY","Would update."
"D:\github\ron-english-light-cult-9001-10000\items\lccc-9420.html","READY","Would update."
"D:\github\ron-english-light-cult-9001-10000\items\lccc-9423.html","READY","Would update."
"D:\github\ron-english-light-cult-9001-10000\items\lccc-9425.html","READY","Would update."
"D:\github\ron-english-light-cult-9001-10000\items\lccc-9427.html","READY","Would update."
"D:\github\ron-english-light-cult-9001-10000\items\lccc-9428.html","READY","Would update."
"D:\github\ron-english-light-cult-9001-10000\items\lccc-9429.html","READY","Would update."
"D:\github\ron-english-light-cult-9001-10000\items\lccc-9430.html","READY","Would update."
"D:\github\ron-english-light-cult-9001-10000\items\lccc-9431.html","READY","Would update."
"D:\github\ron-english-light-cult-9001-10000\items\lccc-9432.html","READY","Would update."
"D:\github\ron-english-light-cult-9001-10000\items\lccc-9434.html","READY","Would update."
"D:\github\ron-english-light-cult-9001-10000\items\lccc-9435.html","READY","Would update."
"D:\github\ron-english-light-cult-9001-10000\items\lccc-9436.html","READY","Would update."
"D:\github\ron-english-light-cult-9001-10000\items\lccc-9437.html","READY","Would update."
"D:\github\ron-english-light-cult-9001-10000\items\lccc-9438.html","READY","Would update."
"D:\github\ron-english-light-cult-9001-10000\items\lccc-9439.html","READY","Would update."
"D:\github\ron-english-light-cult-9001-10000\items\lccc-9440.html","READY","Would update."
"D:\github\ron-english-light-cult-9001-10000\items\lccc-9441.html","READY","Would update."
"D:\github\ron-english-light-cult-9001-10000\items\lccc-9442.html","READY","Would update."
"D:\github\ron-english-light-cult-9001-10000\items\lccc-9443.html","READY","Would update."
"D:\github\ron-english-light-cult-9001-10000\items\lccc-9444.html","READY","Would update."
"D:\github\ron-english-light-cult-9001-10000\items\lccc-9445.html","READY","Would update."
"D:\github\ron-english-light-cult-9001-10000\items\lccc-9447.html","READY","Would update."
"D:\github\ron-english-light-cult-9001-10000\items\lccc-9448.html","READY","Would update."
"D:\github\ron-english-light-cult-9001-10000\items\lccc-9449.html","READY","Would update."
"D:\github\ron-english-light-cult-9001-10000\items\lccc-9450.html","READY","Would update."
"D:\github\ron-english-light-cult-9001-10000\items\lccc-9451.html","READY","Would update."
"D:\github\ron-english-light-cult-9001-10000\items\lccc-9452.html","READY","Would update."
"D:\github\ron-english-light-cult-9001-10000\items\lccc-9453.html","READY","Would update."
"D:\github\ron-english-light-cult-9001-10000\items\lccc-9455.html","READY","Would update."
"D:\github\ron-english-light-cult-9001-10000\items\lccc-9456.html","READY","Would update."
"D:\github\ron-english-light-cult-9001-10000\items\lccc-9457.html","READY","Would update."
"D:\github\ron-english-light-cult-9001-10000\items\lccc-9458.html","READY","Would update."
"D:\github\ron-english-light-cult-9001-10000\items\lccc-9459.html","READY","Would update."
"D:\github\ron-english-light-cult-9001-10000\items\lccc-9460.html","READY","Would update."
"D:\github\ron-english-light-cult-9001-10000\items\lccc-9461.html","READY","Would update."
"D:\github\ron-english-light-cult-9001-10000\items\lccc-9462.html","READY","Would update."
"D:\github\ron-english-light-cult-9001-10000\items\lccc-9463.html","READY","Would update."
"D:\github\ron-english-light-cult-9001-10000\items\lccc-9464.html","READY","Would update."
"D:\github\ron-english-light-cult-9001-10000\items\lccc-9465.html","READY","Would update."
"D:\github\ron-english-light-cult-9001-10000\items\lccc-9466.html","READY","Would update."
"D:\github\ron-english-light-cult-9001-10000\items\lccc-9467.html","READY","Would update."
"D:\github\ron-english-light-cult-9001-10000\items\lccc-9468.html","READY","Would update."
"D:\github\ron-english-light-cult-9001-10000\items\lccc-9469.html","READY","Would update."
"D:\github\ron-english-light-cult-9001-10000\items\lccc-9470.html","READY","Would update."
"D:\github\ron-english-light-cult-9001-10000\items\lccc-9471.html","READY","Would update."
"D:\github\ron-english-light-cult-9001-10000\items\lccc-9472.html","READY","Would update."
"D:\github\ron-english-light-cult-9001-10000\items\lccc-9473.html","READY","Would update."
"D:\github\ron-english-light-cult-9001-10000\items\lccc-9474.html","READY","Would update."
"D:\github\ron-english-light-cult-9001-10000\items\lccc-9475.html","READY","Would update."
"D:\github\ron-english-light-cult-9001-10000\items\lccc-9476.html","READY","Would update."
"D:\github\ron-english-light-cult-9001-10000\items\lccc-9477.html","READY","Would update."
"D:\github\ron-english-light-cult-9001-10000\items\lccc-9479.html","READY","Would update."
"D:\github\ron-english-light-cult-9001-10000\items\lccc-9480.html","READY","Would update."
"D:\github\ron-english-light-cult-9001-10000\items\lccc-9481.html","READY","Would update."
"D:\github\ron-english-light-cult-9001-10000\items\lccc-9482.html","READY","Would update."
"D:\github\ron-english-light-cult-9001-10000\items\lccc-9485.html","READY","Would update."
"D:\github\ron-english-light-cult-9001-10000\items\lccc-9486.html","READY","Would update."
"D:\github\ron-english-light-cult-9001-10000\items\lccc-9487.html","READY","Would update."
"D:\github\ron-english-light-cult-9001-10000\items\lccc-9488.html","READY","Would update."
"D:\github\ron-english-light-cult-9001-10000\items\lccc-9489.html","READY","Would update."
"D:\github\ron-english-light-cult-9001-10000\items\lccc-9490.html","READY","Would update."
"D:\github\ron-english-light-cult-9001-10000\items\lccc-9491.html","READY","Would update."
"D:\github\ron-english-light-cult-9001-10000\items\lccc-9492.html","READY","Would update."
"D:\github\ron-english-light-cult-9001-10000\items\lccc-9495.html","READY","Would update."
"D:\github\ron-english-light-cult-9001-10000\items\lccc-9496.html","READY","Would update."
"D:\github\ron-english-light-cult-9001-10000\items\lccc-9497.html","READY","Would update."
"D:\github\ron-english-light-cult-9001-10000\items\lccc-9498.html","READY","Would update."
"D:\github\ron-english-light-cult-9001-10000\items\lccc-9501.html","READY","Would update."
"D:\github\ron-english-light-cult-9001-10000\items\lccc-9502.html","READY","Would update."
"D:\github\ron-english-light-cult-9001-10000\items\lccc-9503.html","READY","Would update."
"D:\github\ron-english-light-cult-9001-10000\items\lccc-9504.html","READY","Would update."
"D:\github\ron-english-light-cult-9001-10000\items\lccc-9505.html","READY","Would update."
"D:\github\ron-english-light-cult-9001-10000\items\lccc-9506.html","READY","Would update."
"D:\github\ron-english-light-cult-9001-10000\items\lccc-9508.html","READY","Would update."
"D:\github\ron-english-light-cult-9001-10000\items\lccc-9509.html","READY","Would update."
"D:\github\ron-english-light-cult-9001-10000\items\lccc-9510.html","READY","Would update."
"D:\github\ron-english-light-cult-9001-10000\items\lccc-9511.html","READY","Would update."
"D:\github\ron-english-light-cult-9001-10000\items\lccc-9512.html","READY","Would update."
"D:\github\ron-english-light-cult-9001-10000\items\lccc-9513.html","READY","Would update."
"D:\github\ron-english-light-cult-9001-10000\items\lccc-9514.html","READY","Would update."
"D:\github\ron-english-light-cult-9001-10000\items\lccc-9515.html","READY","Would update."
"D:\github\ron-english-light-cult-9001-10000\items\lccc-9516.html","READY","Would update."
"D:\github\ron-english-light-cult-9001-10000\items\lccc-9517.html","READY","Would update."
"D:\github\ron-english-light-cult-9001-10000\items\lccc-9518.html","READY","Would update."
"D:\github\ron-english-light-cult-9001-10000\items\lccc-9521.html","READY","Would update."
"D:\github\ron-english-light-cult-9001-10000\items\lccc-9522.html","READY","Would update."
"D:\github\ron-english-light-cult-9001-10000\items\lccc-9523.html","READY","Would update."
"D:\github\ron-english-light-cult-9001-10000\items\lccc-9524.html","READY","Would update."
"D:\github\ron-english-light-cult-9001-10000\items\lccc-9526.html","READY","Would update."
"D:\github\ron-english-light-cult-9001-10000\items\lccc-9528.html","READY","Would update."
"D:\github\ron-english-light-cult-9001-10000\items\lccc-9529.html","READY","Would update."
"D:\github\ron-english-light-cult-9001-10000\items\lccc-9530.html","READY","Would update."
"D:\github\ron-english-light-cult-9001-10000\items\lccc-9531.html","READY","Would update."
"D:\github\ron-english-light-cult-9001-10000\items\lccc-9532.html","READY","Would update."
"D:\github\ron-english-light-cult-9001-10000\items\lccc-9534.html","READY","Would update."
"D:\github\ron-english-light-cult-9001-10000\items\lccc-9535.html","READY","Would update."
"D:\github\ron-english-light-cult-9001-10000\items\lccc-9536.html","READY","Would update."
"D:\github\ron-english-light-cult-9001-10000\items\lccc-9537.html","READY","Would update."
"D:\github\ron-english-light-cult-9001-10000\items\lccc-9538.html","READY","Would update."
"D:\github\ron-english-light-cult-9001-10000\items\lccc-9539.html","READY","Would update."
"D:\github\ron-english-light-cult-9001-10000\items\lccc-9540.html","READY","Would update."
"D:\github\ron-english-light-cult-9001-10000\items\lccc-9541.html","READY","Would update."
"D:\github\ron-english-light-cult-9001-10000\items\lccc-9543.html","READY","Would update."
"D:\github\ron-english-light-cult-9001-10000\items\lccc-9544.html","READY","Would update."
"D:\github\ron-english-light-cult-9001-10000\items\lccc-9545.html","READY","Would update."
"D:\github\ron-english-light-cult-9001-10000\items\lccc-9546.html","READY","Would update."
"D:\github\ron-english-light-cult-9001-10000\items\lccc-9547.html","READY","Would update."
"D:\github\ron-english-light-cult-9001-10000\items\lccc-9550.html","READY","Would update."
"D:\github\ron-english-light-cult-9001-10000\items\lccc-9551.html","READY","Would update."
"D:\github\ron-english-light-cult-9001-10000\items\lccc-9552.html","READY","Would update."
"D:\github\ron-english-light-cult-9001-10000\items\lccc-9553.html","READY","Would update."
"D:\github\ron-english-light-cult-9001-10000\items\lccc-9554.html","READY","Would update."
"D:\github\ron-english-light-cult-9001-10000\items\lccc-9555.html","READY","Would update."
"D:\github\ron-english-light-cult-9001-10000\items\lccc-9556.html","READY","Would update."
"D:\github\ron-english-light-cult-9001-10000\items\lccc-9557.html","READY","Would update."
"D:\github\ron-english-light-cult-9001-10000\items\lccc-9558.html","READY","Would update."
"D:\github\ron-english-light-cult-9001-10000\items\lccc-9559.html","READY","Would update."
"D:\github\ron-english-light-cult-9001-10000\items\lccc-9560.html","READY","Would update."
"D:\github\ron-english-light-cult-9001-10000\items\lccc-9561.html","READY","Would update."
"D:\github\ron-english-light-cult-9001-10000\items\lccc-9562.html","READY","Would update."
"D:\github\ron-english-light-cult-9001-10000\items\lccc-9563.html","READY","Would update."
"D:\github\ron-english-light-cult-9001-10000\items\lccc-9564.html","READY","Would update."
"D:\github\ron-english-light-cult-9001-10000\items\lccc-9565.html","READY","Would update."
"D:\github\ron-english-light-cult-9001-10000\items\lccc-9566.html","READY","Would update."
"D:\github\ron-english-light-cult-9001-10000\items\lccc-9567.html","READY","Would update."
"D:\github\ron-english-light-cult-9001-10000\items\lccc-9569.html","READY","Would update."
"D:\github\ron-english-light-cult-9001-10000\items\lccc-9570.html","READY","Would update."
"D:\github\ron-english-light-cult-9001-10000\items\lccc-9571.html","READY","Would update."
"D:\github\ron-english-light-cult-9001-10000\items\lccc-9572.html","READY","Would update."
"D:\github\ron-english-light-cult-9001-10000\items\lccc-9573.html","READY","Would update."
"D:\github\ron-english-light-cult-9001-10000\items\lccc-9574.html","READY","Would update."
"D:\github\ron-english-light-cult-9001-10000\items\lccc-9575.html","READY","Would update."
"D:\github\ron-english-light-cult-9001-10000\items\lccc-9576.html","READY","Would update."
"D:\github\ron-english-light-cult-9001-10000\items\lccc-9577.html","READY","Would update."
"D:\github\ron-english-light-cult-9001-10000\items\lccc-9578.html","READY","Would update."
"D:\github\ron-english-light-cult-9001-10000\items\lccc-9579.html","READY","Would update."
"D:\github\ron-english-light-cult-9001-10000\items\lccc-9580.html","READY","Would update."
"D:\github\ron-english-light-cult-9001-10000\items\lccc-9581.html","READY","Would update."
"D:\github\ron-english-light-cult-9001-10000\items\lccc-9582.html","READY","Would update."
"D:\github\ron-english-light-cult-9001-10000\items\lccc-9583.html","READY","Would update."
"D:\github\ron-english-light-cult-9001-10000\items\lccc-9584.html","READY","Would update."
"D:\github\ron-english-light-cult-9001-10000\items\lccc-9587.html","READY","Would update."
"D:\github\ron-english-light-cult-9001-10000\items\lccc-9588.html","READY","Would update."
"D:\github\ron-english-light-cult-9001-10000\items\lccc-9589.html","READY","Would update."
"D:\github\ron-english-light-cult-9001-10000\items\lccc-9590.html","READY","Would update."
"D:\github\ron-english-light-cult-9001-10000\items\lccc-9591.html","READY","Would update."
"D:\github\ron-english-light-cult-9001-10000\items\lccc-9592.html","READY","Would update."
"D:\github\ron-english-light-cult-9001-10000\items\lccc-9593.html","READY","Would update."
"D:\github\ron-english-light-cult-9001-10000\items\lccc-9594.html","READY","Would update."
"D:\github\ron-english-light-cult-9001-10000\items\lccc-9595.html","READY","Would update."
"D:\github\ron-english-light-cult-9001-10000\items\lccc-9596.html","READY","Would update."
"D:\github\ron-english-light-cult-9001-10000\items\lccc-9597.html","READY","Would update."
"D:\github\ron-english-light-cult-9001-10000\items\lccc-9598.html","READY","Would update."
"D:\github\ron-english-light-cult-9001-10000\items\lccc-9599.html","READY","Would update."
"D:\github\ron-english-light-cult-9001-10000\items\lccc-9600.html","READY","Would update."
"D:\github\ron-english-light-cult-9001-10000\items\lccc-9602.html","READY","Would update."
"D:\github\ron-english-light-cult-9001-10000\items\lccc-9603.html","READY","Would update."
"D:\github\ron-english-light-cult-9001-10000\items\lccc-9604.html","READY","Would update."
"D:\github\ron-english-light-cult-9001-10000\items\lccc-9605.html","READY","Would update."
"D:\github\ron-english-light-cult-9001-10000\items\lccc-9607.html","READY","Would update."
"D:\github\ron-english-light-cult-9001-10000\items\lccc-9608.html","READY","Would update."
"D:\github\ron-english-light-cult-9001-10000\items\lccc-9609.html","READY","Would update."
"D:\github\ron-english-light-cult-9001-10000\items\lccc-9610.html","READY","Would update."
"D:\github\ron-english-light-cult-9001-10000\items\lccc-9611.html","READY","Would update."
"D:\github\ron-english-light-cult-9001-10000\items\lccc-9612.html","READY","Would update."
"D:\github\ron-english-light-cult-9001-10000\items\lccc-9614.html","READY","Would update."
"D:\github\ron-english-light-cult-9001-10000\items\lccc-9615.html","READY","Would update."
"D:\github\ron-english-light-cult-9001-10000\items\lccc-9616.html","READY","Would update."
"D:\github\ron-english-light-cult-9001-10000\items\lccc-9618.html","READY","Would update."
"D:\github\ron-english-light-cult-9001-10000\items\lccc-9620.html","READY","Would update."
"D:\github\ron-english-light-cult-9001-10000\items\lccc-9621.html","READY","Would update."
"D:\github\ron-english-light-cult-9001-10000\items\lccc-9623.html","READY","Would update."
"D:\github\ron-english-light-cult-9001-10000\items\lccc-9624.html","READY","Would update."
"D:\github\ron-english-light-cult-9001-10000\items\lccc-9625.html","READY","Would update."
"D:\github\ron-english-light-cult-9001-10000\items\lccc-9626.html","READY","Would update."
"D:\github\ron-english-light-cult-9001-10000\items\lccc-9627.html","READY","Would update."
"D:\github\ron-english-light-cult-9001-10000\items\lccc-9628.html","READY","Would update."
"D:\github\ron-english-light-cult-9001-10000\items\lccc-9630.html","READY","Would update."
"D:\github\ron-english-light-cult-9001-10000\items\lccc-9632.html","READY","Would update."
"D:\github\ron-english-light-cult-9001-10000\items\lccc-9633.html","READY","Would update."
"D:\github\ron-english-light-cult-9001-10000\items\lccc-9634.html","READY","Would update."
"D:\github\ron-english-light-cult-9001-10000\items\lccc-9635.html","READY","Would update."
"D:\github\ron-english-light-cult-9001-10000\items\lccc-9636.html","READY","Would update."
"D:\github\ron-english-light-cult-9001-10000\items\lccc-9637.html","READY","Would update."
"D:\github\ron-english-light-cult-9001-10000\items\lccc-9638.html","READY","Would update."
"D:\github\ron-english-light-cult-9001-10000\items\lccc-9639.html","READY","Would update."
"D:\github\ron-english-light-cult-9001-10000\items\lccc-9640.html","READY","Would update."
"D:\github\ron-english-light-cult-9001-10000\items\lccc-9641.html","READY","Would update."
"D:\github\ron-english-light-cult-9001-10000\items\lccc-9642.html","READY","Would update."
"D:\github\ron-english-light-cult-9001-10000\items\lccc-9643.html","READY","Would update."
"D:\github\ron-english-light-cult-9001-10000\items\lccc-9644.html","READY","Would update."
"D:\github\ron-english-light-cult-9001-10000\items\lccc-9645.html","READY","Would update."
"D:\github\ron-english-light-cult-9001-10000\items\lccc-9646.html","READY","Would update."
"D:\github\ron-english-light-cult-9001-10000\items\lccc-9647.html","READY","Would update."
"D:\github\ron-english-light-cult-9001-10000\items\lccc-9648.html","READY","Would update."
"D:\github\ron-english-light-cult-9001-10000\items\lccc-9649.html","READY","Would update."
"D:\github\ron-english-light-cult-9001-10000\items\lccc-9650.html","READY","Would update."
"D:\github\ron-english-light-cult-9001-10000\items\lccc-9651.html","READY","Would update."
"D:\github\ron-english-light-cult-9001-10000\items\lccc-9652.html","READY","Would update."
"D:\github\ron-english-light-cult-9001-10000\items\lccc-9653.html","READY","Would update."
"D:\github\ron-english-light-cult-9001-10000\items\lccc-9654.html","READY","Would update."
"D:\github\ron-english-light-cult-9001-10000\items\lccc-9655.html","READY","Would update."
"D:\github\ron-english-light-cult-9001-10000\items\lccc-9657.html","READY","Would update."
"D:\github\ron-english-light-cult-9001-10000\items\lccc-9658.html","READY","Would update."
"D:\github\ron-english-light-cult-9001-10000\items\lccc-9659.html","READY","Would update."
"D:\github\ron-english-light-cult-9001-10000\items\lccc-9660.html","READY","Would update."
"D:\github\ron-english-light-cult-9001-10000\items\lccc-9661.html","READY","Would update."
"D:\github\ron-english-light-cult-9001-10000\items\lccc-9662.html","READY","Would update."
"D:\github\ron-english-light-cult-9001-10000\items\lccc-9663.html","READY","Would update."
"D:\github\ron-english-light-cult-9001-10000\items\lccc-9665.html","READY","Would update."
"D:\github\ron-english-light-cult-9001-10000\items\lccc-9666.html","READY","Would update."
"D:\github\ron-english-light-cult-9001-10000\items\lccc-9667.html","READY","Would update."
"D:\github\ron-english-light-cult-9001-10000\items\lccc-9668.html","READY","Would update."
"D:\github\ron-english-light-cult-9001-10000\items\lccc-9669.html","READY","Would update."
"D:\github\ron-english-light-cult-9001-10000\items\lccc-9671.html","READY","Would update."
"D:\github\ron-english-light-cult-9001-10000\items\lccc-9672.html","READY","Would update."
"D:\github\ron-english-light-cult-9001-10000\items\lccc-9673.html","READY","Would update."
"D:\github\ron-english-light-cult-9001-10000\items\lccc-9674.html","READY","Would update."
"D:\github\ron-english-light-cult-9001-10000\items\lccc-9676.html","READY","Would update."
"D:\github\ron-english-light-cult-9001-10000\items\lccc-9677.html","READY","Would update."
"D:\github\ron-english-light-cult-9001-10000\items\lccc-9678.html","READY","Would update."
"D:\github\ron-english-light-cult-9001-10000\items\lccc-9679.html","READY","Would update."
"D:\github\ron-english-light-cult-9001-10000\items\lccc-9680.html","READY","Would update."
"D:\github\ron-english-light-cult-9001-10000\items\lccc-9681.html","READY","Would update."
"D:\github\ron-english-light-cult-9001-10000\items\lccc-9683.html","READY","Would update."
"D:\github\ron-english-light-cult-9001-10000\items\lccc-9684.html","READY","Would update."
"D:\github\ron-english-light-cult-9001-10000\items\lccc-9685.html","READY","Would update."
"D:\github\ron-english-light-cult-9001-10000\items\lccc-9686.html","READY","Would update."
"D:\github\ron-english-light-cult-9001-10000\items\lccc-9687.html","READY","Would update."
"D:\github\ron-english-light-cult-9001-10000\items\lccc-9688.html","READY","Would update."
"D:\github\ron-english-light-cult-9001-10000\items\lccc-9689.html","READY","Would update."
"D:\github\ron-english-light-cult-9001-10000\items\lccc-9691.html","READY","Would update."
"D:\github\ron-english-light-cult-9001-10000\items\lccc-9693.html","READY","Would update."
"D:\github\ron-english-light-cult-9001-10000\items\lccc-9694.html","READY","Would update."
"D:\github\ron-english-light-cult-9001-10000\items\lccc-9695.html","READY","Would update."
"D:\github\ron-english-light-cult-9001-10000\items\lccc-9696.html","READY","Would update."
"D:\github\ron-english-light-cult-9001-10000\items\lccc-9697.html","READY","Would update."
"D:\github\ron-english-light-cult-9001-10000\items\lccc-9698.html","READY","Would update."
"D:\github\ron-english-light-cult-9001-10000\items\lccc-9699.html","READY","Would update."
"D:\github\ron-english-light-cult-9001-10000\items\lccc-9700.html","READY","Would update."
"D:\github\ron-english-light-cult-9001-10000\items\lccc-9701.html","READY","Would update."
"D:\github\ron-english-light-cult-9001-10000\items\lccc-9702.html","READY","Would update."
"D:\github\ron-english-light-cult-9001-10000\items\lccc-9703.html","READY","Would update."
"D:\github\ron-english-light-cult-9001-10000\items\lccc-9704.html","READY","Would update."
"D:\github\ron-english-light-cult-9001-10000\items\lccc-9705.html","READY","Would update."
"D:\github\ron-english-light-cult-9001-10000\items\lccc-9706.html","READY","Would update."
"D:\github\ron-english-light-cult-9001-10000\items\lccc-9707.html","READY","Would update."
"D:\github\ron-english-light-cult-9001-10000\items\lccc-9708.html","READY","Would update."
"D:\github\ron-english-light-cult-9001-10000\items\lccc-9709.html","READY","Would update."
"D:\github\ron-english-light-cult-9001-10000\items\lccc-9710.html","READY","Would update."
"D:\github\ron-english-light-cult-9001-10000\items\lccc-9711.html","READY","Would update."
"D:\github\ron-english-light-cult-9001-10000\items\lccc-9712.html","READY","Would update."
"D:\github\ron-english-light-cult-9001-10000\items\lccc-9713.html","READY","Would update."
"D:\github\ron-english-light-cult-9001-10000\items\lccc-9714.html","READY","Would update."
"D:\github\ron-english-light-cult-9001-10000\items\lccc-9715.html","READY","Would update."
"D:\github\ron-english-light-cult-9001-10000\items\lccc-9716.html","READY","Would update."
"D:\github\ron-english-light-cult-9001-10000\items\lccc-9717.html","READY","Would update."
"D:\github\ron-english-light-cult-9001-10000\items\lccc-9718.html","READY","Would update."
"D:\github\ron-english-light-cult-9001-10000\items\lccc-9719.html","READY","Would update."
"D:\github\ron-english-light-cult-9001-10000\items\lccc-9720.html","READY","Would update."
"D:\github\ron-english-light-cult-9001-10000\items\lccc-9721.html","READY","Would update."
"D:\github\ron-english-light-cult-9001-10000\items\lccc-9722.html","READY","Would update."
"D:\github\ron-english-light-cult-9001-10000\items\lccc-9723.html","READY","Would update."
"D:\github\ron-english-light-cult-9001-10000\items\lccc-9724.html","READY","Would update."
"D:\github\ron-english-light-cult-9001-10000\items\lccc-9725.html","READY","Would update."
"D:\github\ron-english-light-cult-9001-10000\items\lccc-9726.html","READY","Would update."
"D:\github\ron-english-light-cult-9001-10000\items\lccc-9727.html","READY","Would update."
"D:\github\ron-english-light-cult-9001-10000\items\lccc-9728.html","READY","Would update."
"D:\github\ron-english-light-cult-9001-10000\items\lccc-9729.html","READY","Would update."
"D:\github\ron-english-light-cult-9001-10000\items\lccc-9730.html","READY","Would update."
"D:\github\ron-english-light-cult-9001-10000\items\lccc-9731.html","READY","Would update."
"D:\github\ron-english-light-cult-9001-10000\items\lccc-9732.html","READY","Would update."
"D:\github\ron-english-light-cult-9001-10000\items\lccc-9733.html","READY","Would update."
"D:\github\ron-english-light-cult-9001-10000\items\lccc-9734.html","READY","Would update."
"D:\github\ron-english-light-cult-9001-10000\items\lccc-9735.html","READY","Would update."
"D:\github\ron-english-light-cult-9001-10000\items\lccc-9736.html","READY","Would update."
"D:\github\ron-english-light-cult-9001-10000\items\lccc-9737.html","READY","Would update."
"D:\github\ron-english-light-cult-9001-10000\items\lccc-9739.html","READY","Would update."
"D:\github\ron-english-light-cult-9001-10000\items\lccc-9740.html","READY","Would update."
"D:\github\ron-english-light-cult-9001-10000\items\lccc-9741.html","READY","Would update."
"D:\github\ron-english-light-cult-9001-10000\items\lccc-9742.html","READY","Would update."
"D:\github\ron-english-light-cult-9001-10000\items\lccc-9743.html","READY","Would update."
"D:\github\ron-english-light-cult-9001-10000\items\lccc-9744.html","READY","Would update."
"D:\github\ron-english-light-cult-9001-10000\items\lccc-9746.html","READY","Would update."
"D:\github\ron-english-nfts\light-cult-crypto-club\index.html","READY","Would update."
