"TokenNumber","TokenPadded","NewWorkID","Title","ItemPath","ExpectedImagePath","NewImageSrcFromItem","OpenSeaImageURL","DownloadURLUsed","ImageStatus","HtmlStatus","DownloadedBytes","Message"
"9001","9001","RE-009746","Light Cult Crypto Club #9001","D:\github\ron-english-light-cult-9001-10000\items\lccc-9001.html","D:\github\ron-english-light-cult-9001-10000\images\9001-9100\LCCC-9001.png","../images/9001-9100/LCCC-9001.png","https://i2c.seadn.io/ethereum/0xbe85fbd182af91290be7293438ae67549638189f/22f3afbded2d61e4b4380624bdf5e1c0.png?w=350","https://i2c.seadn.io/ethereum/0xbe85fbd182af91290be7293438ae67549638189f/22f3afbded2d61e4b4380624bdf5e1c0.png","IMAGE_ALREADY_EXISTS","HTML_NO_CHANGE","","Repaired."
"9002","9002","RE-009747","Light Cult Crypto Club #9002","D:\github\ron-english-light-cult-9001-10000\items\lccc-9002.html","D:\github\ron-english-light-cult-9001-10000\images\9001-9100\LCCC-9002.png","../images/9001-9100/LCCC-9002.png","https://i2c.seadn.io/ethereum/0xbe85fbd182af91290be7293438ae67549638189f/31d744957d2d9bde59f8bb7ca058237e.png?w=350","https://i2c.seadn.io/ethereum/0xbe85fbd182af91290be7293438ae67549638189f/31d744957d2d9bde59f8bb7ca058237e.png","IMAGE_ALREADY_EXISTS","HTML_NO_CHANGE","","Repaired."
"9003","9003","RE-009748","Light Cult Crypto Club #9003","D:\github\ron-english-light-cult-9001-10000\items\lccc-9003.html","D:\github\ron-english-light-cult-9001-10000\images\9001-9100\LCCC-9003.png","../images/9001-9100/LCCC-9003.png","https://i2c.seadn.io/ethereum/0xbe85fbd182af91290be7293438ae67549638189f/b3608a2dd80e9544c11db481269cb6c1.png?w=350","https://i2c.seadn.io/ethereum/0xbe85fbd182af91290be7293438ae67549638189f/b3608a2dd80e9544c11db481269cb6c1.png","IMAGE_ALREADY_EXISTS","HTML_NO_CHANGE","","Repaired."
"9004","9004","RE-009749","Light Cult Crypto Club #9004","D:\github\ron-english-light-cult-9001-10000\items\lccc-9004.html","D:\github\ron-english-light-cult-9001-10000\images\9001-9100\LCCC-9004.png","../images/9001-9100/LCCC-9004.png","https://i2c.seadn.io/ethereum/0xbe85fbd182af91290be7293438ae67549638189f/d70b4c378c14d809c4a3810b94739a4f.png?w=350","https://i2c.seadn.io/ethereum/0xbe85fbd182af91290be7293438ae67549638189f/d70b4c378c14d809c4a3810b94739a4f.png","IMAGE_ALREADY_EXISTS","HTML_NO_CHANGE","","Repaired."
"9005","9005","RE-009750","Light Cult Crypto Club #9005","D:\github\ron-english-light-cult-9001-10000\items\lccc-9005.html","D:\github\ron-english-light-cult-9001-10000\images\9001-9100\LCCC-9005.png","../images/9001-9100/LCCC-9005.png","https://i2c.seadn.io/ethereum/0xbe85fbd182af91290be7293438ae67549638189f/75ea2b93d9dddaf88c9eb0f4138f8834.png?w=350","https://i2c.seadn.io/ethereum/0xbe85fbd182af91290be7293438ae67549638189f/75ea2b93d9dddaf88c9eb0f4138f8834.png","IMAGE_ALREADY_EXISTS","HTML_NO_CHANGE","","Repaired."
"9007","9007","RE-009751","Light Cult Crypto Club #9007","D:\github\ron-english-light-cult-9001-10000\items\lccc-9007.html","D:\github\ron-english-light-cult-9001-10000\images\9001-9100\LCCC-9007.png","../images/9001-9100/LCCC-9007.png","https://i2c.seadn.io/ethereum/0xbe85fbd182af91290be7293438ae67549638189f/03b18730b1482ce4e4f29d3e1b401b56.png?w=350","https://i2c.seadn.io/ethereum/0xbe85fbd182af91290be7293438ae67549638189f/03b18730b1482ce4e4f29d3e1b401b56.png","IMAGE_ALREADY_EXISTS","HTML_NO_CHANGE","","Repaired."
"9008","9008","RE-009752","Light Cult Crypto Club #9008","D:\github\ron-english-light-cult-9001-10000\items\lccc-9008.html","D:\github\ron-english-light-cult-9001-10000\images\9001-9100\LCCC-9008.png","../images/9001-9100/LCCC-9008.png","https://i2c.seadn.io/ethereum/0xbe85fbd182af91290be7293438ae67549638189f/c32e62f409183e4c5711e4e9cce6f070.png?w=350","https://i2c.seadn.io/ethereum/0xbe85fbd182af91290be7293438ae67549638189f/c32e62f409183e4c5711e4e9cce6f070.png","IMAGE_ALREADY_EXISTS","HTML_NO_CHANGE","","Repaired."
"9009","9009","RE-009753","Light Cult Crypto Club #9009","D:\github\ron-english-light-cult-9001-10000\items\lccc-9009.html","D:\github\ron-english-light-cult-9001-10000\images\9001-9100\LCCC-9009.png","../images/9001-9100/LCCC-9009.png","https://i2c.seadn.io/ethereum/0xbe85fbd182af91290be7293438ae67549638189f/6a6bddfe0fbbd0438b3bbc85ec756f8a.png?w=350","https://i2c.seadn.io/ethereum/0xbe85fbd182af91290be7293438ae67549638189f/6a6bddfe0fbbd0438b3bbc85ec756f8a.png","IMAGE_ALREADY_EXISTS","HTML_NO_CHANGE","","Repaired."
"9011","9011","RE-009754","Light Cult Crypto Club #9011","D:\github\ron-english-light-cult-9001-10000\items\lccc-9011.html","D:\github\ron-english-light-cult-9001-10000\images\9001-9100\LCCC-9011.png","../images/9001-9100/LCCC-9011.png","https://i2c.seadn.io/ethereum/0xbe85fbd182af91290be7293438ae67549638189f/1c49e9e5f992a3ccc00f5f4508b05fff.png?w=350","https://i2c.seadn.io/ethereum/0xbe85fbd182af91290be7293438ae67549638189f/1c49e9e5f992a3ccc00f5f4508b05fff.png","IMAGE_ALREADY_EXISTS","HTML_NO_CHANGE","","Repaired."
"9012","9012","RE-009755","Light Cult Crypto Club #9012","D:\github\ron-english-light-cult-9001-10000\items\lccc-9012.html","D:\github\ron-english-light-cult-9001-10000\images\9001-9100\LCCC-9012.png","../images/9001-9100/LCCC-9012.png","https://i2c.seadn.io/ethereum/0xbe85fbd182af91290be7293438ae67549638189f/2fe5b5ef650f49a0e27a3110aa23c8ee.png?w=350","https://i2c.seadn.io/ethereum/0xbe85fbd182af91290be7293438ae67549638189f/2fe5b5ef650f49a0e27a3110aa23c8ee.png","IMAGE_ALREADY_EXISTS","HTML_NO_CHANGE","","Repaired."
"9013","9013","RE-009756","Light Cult Crypto Club #9013","D:\github\ron-english-light-cult-9001-10000\items\lccc-9013.html","D:\github\ron-english-light-cult-9001-10000\images\9001-9100\LCCC-9013.png","../images/9001-9100/LCCC-9013.png","https://i2c.seadn.io/ethereum/0xbe85fbd182af91290be7293438ae67549638189f/1cb1a03573a2fc9a6483e739276b0be7.png?w=350","https://i2c.seadn.io/ethereum/0xbe85fbd182af91290be7293438ae67549638189f/1cb1a03573a2fc9a6483e739276b0be7.png","IMAGE_ALREADY_EXISTS","HTML_NO_CHANGE","","Repaired."
"9014","9014","RE-009757","Light Cult Crypto Club #9014","D:\github\ron-english-light-cult-9001-10000\items\lccc-9014.html","D:\github\ron-english-light-cult-9001-10000\images\9001-9100\LCCC-9014.png","../images/9001-9100/LCCC-9014.png","https://i2c.seadn.io/ethereum/0xbe85fbd182af91290be7293438ae67549638189f/72b6c3c78383f46678dafb67f9e5db3c.png?w=350","https://i2c.seadn.io/ethereum/0xbe85fbd182af91290be7293438ae67549638189f/72b6c3c78383f46678dafb67f9e5db3c.png","IMAGE_ALREADY_EXISTS","HTML_NO_CHANGE","","Repaired."
"9015","9015","RE-009758","Light Cult Crypto Club #9015","D:\github\ron-english-light-cult-9001-10000\items\lccc-9015.html","D:\github\ron-english-light-cult-9001-10000\images\9001-9100\LCCC-9015.png","../images/9001-9100/LCCC-9015.png","https://i2c.seadn.io/ethereum/0xbe85fbd182af91290be7293438ae67549638189f/fdabb6d2ad7e71f3aca38e2713df6dae.png?w=350","https://i2c.seadn.io/ethereum/0xbe85fbd182af91290be7293438ae67549638189f/fdabb6d2ad7e71f3aca38e2713df6dae.png","IMAGE_ALREADY_EXISTS","HTML_NO_CHANGE","","Repaired."
"9016","9016","RE-009759","Light Cult Crypto Club #9016","D:\github\ron-english-light-cult-9001-10000\items\lccc-9016.html","D:\github\ron-english-light-cult-9001-10000\images\9001-9100\LCCC-9016.png","../images/9001-9100/LCCC-9016.png","https://i2c.seadn.io/ethereum/0xbe85fbd182af91290be7293438ae67549638189f/dae1ea55ee9fad27984142a2672acc44.png?w=350","https://i2c.seadn.io/ethereum/0xbe85fbd182af91290be7293438ae67549638189f/dae1ea55ee9fad27984142a2672acc44.png","IMAGE_ALREADY_EXISTS","HTML_NO_CHANGE","","Repaired."
"9017","9017","RE-009760","Light Cult Crypto Club #9017","D:\github\ron-english-light-cult-9001-10000\items\lccc-9017.html","D:\github\ron-english-light-cult-9001-10000\images\9001-9100\LCCC-9017.png","../images/9001-9100/LCCC-9017.png","https://i2c.seadn.io/ethereum/0xbe85fbd182af91290be7293438ae67549638189f/d2962a353db13fb35ad3c05cf8c9e45c.png?w=350","https://i2c.seadn.io/ethereum/0xbe85fbd182af91290be7293438ae67549638189f/d2962a353db13fb35ad3c05cf8c9e45c.png","IMAGE_ALREADY_EXISTS","HTML_NO_CHANGE","","Repaired."
"9018","9018","RE-009761","Light Cult Crypto Club #9018","D:\github\ron-english-light-cult-9001-10000\items\lccc-9018.html","D:\github\ron-english-light-cult-9001-10000\images\9001-9100\LCCC-9018.png","../images/9001-9100/LCCC-9018.png","https://i2c.seadn.io/ethereum/0xbe85fbd182af91290be7293438ae67549638189f/370acb327793752e4cf741b802430852.png?w=350","https://i2c.seadn.io/ethereum/0xbe85fbd182af91290be7293438ae67549638189f/370acb327793752e4cf741b802430852.png","IMAGE_ALREADY_EXISTS","HTML_NO_CHANGE","","Repaired."
"9019","9019","RE-009762","Light Cult Crypto Club #9019","D:\github\ron-english-light-cult-9001-10000\items\lccc-9019.html","D:\github\ron-english-light-cult-9001-10000\images\9001-9100\LCCC-9019.png","../images/9001-9100/LCCC-9019.png","https://i2c.seadn.io/ethereum/0xbe85fbd182af91290be7293438ae67549638189f/ffdf59677ac41f0e2067d025afd2d129.png?w=350","https://i2c.seadn.io/ethereum/0xbe85fbd182af91290be7293438ae67549638189f/ffdf59677ac41f0e2067d025afd2d129.png","IMAGE_ALREADY_EXISTS","HTML_NO_CHANGE","","Repaired."
"9020","9020","RE-009763","Light Cult Crypto Club #9020","D:\github\ron-english-light-cult-9001-10000\items\lccc-9020.html","D:\github\ron-english-light-cult-9001-10000\images\9001-9100\LCCC-9020.png","../images/9001-9100/LCCC-9020.png","https://i2c.seadn.io/ethereum/0xbe85fbd182af91290be7293438ae67549638189f/4ef378cbdb15731628f146d7946b876d.png?w=350","https://i2c.seadn.io/ethereum/0xbe85fbd182af91290be7293438ae67549638189f/4ef378cbdb15731628f146d7946b876d.png","IMAGE_ALREADY_EXISTS","HTML_NO_CHANGE","","Repaired."
"9021","9021","RE-009764","Light Cult Crypto Club #9021","D:\github\ron-english-light-cult-9001-10000\items\lccc-9021.html","D:\github\ron-english-light-cult-9001-10000\images\9001-9100\LCCC-9021.png","../images/9001-9100/LCCC-9021.png","https://i2c.seadn.io/ethereum/0xbe85fbd182af91290be7293438ae67549638189f/655476d22ddf0ae4e80b0194a7e5df8d.png?w=350","https://i2c.seadn.io/ethereum/0xbe85fbd182af91290be7293438ae67549638189f/655476d22ddf0ae4e80b0194a7e5df8d.png","IMAGE_ALREADY_EXISTS","HTML_NO_CHANGE","","Repaired."
"9022","9022","RE-009765","Light Cult Crypto Club #9022","D:\github\ron-english-light-cult-9001-10000\items\lccc-9022.html","D:\github\ron-english-light-cult-9001-10000\images\9001-9100\LCCC-9022.png","../images/9001-9100/LCCC-9022.png","https://i2c.seadn.io/ethereum/0xbe85fbd182af91290be7293438ae67549638189f/7d432a8829c62617667f2864569b9de7.png?w=350","https://i2c.seadn.io/ethereum/0xbe85fbd182af91290be7293438ae67549638189f/7d432a8829c62617667f2864569b9de7.png","IMAGE_ALREADY_EXISTS","HTML_NO_CHANGE","","Repaired."
"9023","9023","RE-009766","Light Cult Crypto Club #9023","D:\github\ron-english-light-cult-9001-10000\items\lccc-9023.html","D:\github\ron-english-light-cult-9001-10000\images\9001-9100\LCCC-9023.png","../images/9001-9100/LCCC-9023.png","https://i2c.seadn.io/ethereum/0xbe85fbd182af91290be7293438ae67549638189f/0636795ee538c9b303ac98c93a09be07.png?w=350","https://i2c.seadn.io/ethereum/0xbe85fbd182af91290be7293438ae67549638189f/0636795ee538c9b303ac98c93a09be07.png","IMAGE_ALREADY_EXISTS","HTML_NO_CHANGE","","Repaired."
"9024","9024","RE-009767","Light Cult Crypto Club #9024","D:\github\ron-english-light-cult-9001-10000\items\lccc-9024.html","D:\github\ron-english-light-cult-9001-10000\images\9001-9100\LCCC-9024.png","../images/9001-9100/LCCC-9024.png","https://i2c.seadn.io/ethereum/0xbe85fbd182af91290be7293438ae67549638189f/4baaaad26a98f8e64a5be56490e1b0bf.png?w=350","https://i2c.seadn.io/ethereum/0xbe85fbd182af91290be7293438ae67549638189f/4baaaad26a98f8e64a5be56490e1b0bf.png","IMAGE_ALREADY_EXISTS","HTML_NO_CHANGE","","Repaired."
"9025","9025","RE-009768","Light Cult Crypto Club #9025","D:\github\ron-english-light-cult-9001-10000\items\lccc-9025.html","D:\github\ron-english-light-cult-9001-10000\images\9001-9100\LCCC-9025.png","../images/9001-9100/LCCC-9025.png","https://i2c.seadn.io/ethereum/0xbe85fbd182af91290be7293438ae67549638189f/9b41224ca388540b1313fc94e28cd8ae.png?w=350","https://i2c.seadn.io/ethereum/0xbe85fbd182af91290be7293438ae67549638189f/9b41224ca388540b1313fc94e28cd8ae.png","IMAGE_ALREADY_EXISTS","HTML_NO_CHANGE","","Repaired."
"9026","9026","RE-009769","Light Cult Crypto Club #9026","D:\github\ron-english-light-cult-9001-10000\items\lccc-9026.html","D:\github\ron-english-light-cult-9001-10000\images\9001-9100\LCCC-9026.png","../images/9001-9100/LCCC-9026.png","https://i2c.seadn.io/ethereum/0xbe85fbd182af91290be7293438ae67549638189f/5ce4f78149b903316c5b0a2f2d27a3af.png?w=350","https://i2c.seadn.io/ethereum/0xbe85fbd182af91290be7293438ae67549638189f/5ce4f78149b903316c5b0a2f2d27a3af.png","IMAGE_ALREADY_EXISTS","HTML_NO_CHANGE","","Repaired."
"9027","9027","RE-009770","Light Cult Crypto Club #9027","D:\github\ron-english-light-cult-9001-10000\items\lccc-9027.html","D:\github\ron-english-light-cult-9001-10000\images\9001-9100\LCCC-9027.png","../images/9001-9100/LCCC-9027.png","https://i2c.seadn.io/ethereum/0xbe85fbd182af91290be7293438ae67549638189f/f1baeff796ad7218ac410bb45691fcd9.png?w=350","https://i2c.seadn.io/ethereum/0xbe85fbd182af91290be7293438ae67549638189f/f1baeff796ad7218ac410bb45691fcd9.png","IMAGE_ALREADY_EXISTS","HTML_NO_CHANGE","","Repaired."
"9028","9028","RE-009771","Light Cult Crypto Club #9028","D:\github\ron-english-light-cult-9001-10000\items\lccc-9028.html","D:\github\ron-english-light-cult-9001-10000\images\9001-9100\LCCC-9028.png","../images/9001-9100/LCCC-9028.png","https://i2c.seadn.io/ethereum/0xbe85fbd182af91290be7293438ae67549638189f/6491daeffd1bf7bf40705ab5fe3b2aa4.png?w=350","https://i2c.seadn.io/ethereum/0xbe85fbd182af91290be7293438ae67549638189f/6491daeffd1bf7bf40705ab5fe3b2aa4.png","IMAGE_ALREADY_EXISTS","HTML_NO_CHANGE","","Repaired."
"9030","9030","RE-009772","Light Cult Crypto Club #9030","D:\github\ron-english-light-cult-9001-10000\items\lccc-9030.html","D:\github\ron-english-light-cult-9001-10000\images\9001-9100\LCCC-9030.png","../images/9001-9100/LCCC-9030.png","https://i2c.seadn.io/ethereum/0xbe85fbd182af91290be7293438ae67549638189f/8a7935b879fc8eba45ab6493296ac647.png?w=350","https://i2c.seadn.io/ethereum/0xbe85fbd182af91290be7293438ae67549638189f/8a7935b879fc8eba45ab6493296ac647.png","IMAGE_ALREADY_EXISTS","HTML_NO_CHANGE","","Repaired."
"9031","9031","RE-009773","Light Cult Crypto Club #9031","D:\github\ron-english-light-cult-9001-10000\items\lccc-9031.html","D:\github\ron-english-light-cult-9001-10000\images\9001-9100\LCCC-9031.png","../images/9001-9100/LCCC-9031.png","https://i2c.seadn.io/ethereum/0xbe85fbd182af91290be7293438ae67549638189f/960b5b05ce326571bf001c00227522db.png?w=350","https://i2c.seadn.io/ethereum/0xbe85fbd182af91290be7293438ae67549638189f/960b5b05ce326571bf001c00227522db.png","IMAGE_ALREADY_EXISTS","HTML_NO_CHANGE","","Repaired."
"9032","9032","RE-009774","Light Cult Crypto Club #9032","D:\github\ron-english-light-cult-9001-10000\items\lccc-9032.html","D:\github\ron-english-light-cult-9001-10000\images\9001-9100\LCCC-9032.png","../images/9001-9100/LCCC-9032.png","https://i2c.seadn.io/ethereum/0xbe85fbd182af91290be7293438ae67549638189f/54ea2500998ae30ce3e475ddcfa37a17.png?w=350","https://i2c.seadn.io/ethereum/0xbe85fbd182af91290be7293438ae67549638189f/54ea2500998ae30ce3e475ddcfa37a17.png","IMAGE_ALREADY_EXISTS","HTML_NO_CHANGE","","Repaired."
"9033","9033","RE-009775","Light Cult Crypto Club #9033","D:\github\ron-english-light-cult-9001-10000\items\lccc-9033.html","D:\github\ron-english-light-cult-9001-10000\images\9001-9100\LCCC-9033.png","../images/9001-9100/LCCC-9033.png","https://i2c.seadn.io/ethereum/0xbe85fbd182af91290be7293438ae67549638189f/25a24fe67dac209044e3bba20162fdf1.png?w=350","https://i2c.seadn.io/ethereum/0xbe85fbd182af91290be7293438ae67549638189f/25a24fe67dac209044e3bba20162fdf1.png","IMAGE_ALREADY_EXISTS","HTML_NO_CHANGE","","Repaired."
"9036","9036","RE-009776","Light Cult Crypto Club #9036","D:\github\ron-english-light-cult-9001-10000\items\lccc-9036.html","D:\github\ron-english-light-cult-9001-10000\images\9001-9100\LCCC-9036.png","../images/9001-9100/LCCC-9036.png","https://i2c.seadn.io/ethereum/0xbe85fbd182af91290be7293438ae67549638189f/208e90714e0b7ceab852246354a21507.png?w=350","https://i2c.seadn.io/ethereum/0xbe85fbd182af91290be7293438ae67549638189f/208e90714e0b7ceab852246354a21507.png","IMAGE_ALREADY_EXISTS","HTML_NO_CHANGE","","Repaired."
"9037","9037","RE-009777","Light Cult Crypto Club #9037","D:\github\ron-english-light-cult-9001-10000\items\lccc-9037.html","D:\github\ron-english-light-cult-9001-10000\images\9001-9100\LCCC-9037.png","../images/9001-9100/LCCC-9037.png","https://i2c.seadn.io/ethereum/0xbe85fbd182af91290be7293438ae67549638189f/dd9bea4457c3e0bddc8e9f47b9a17238.png?w=350","https://i2c.seadn.io/ethereum/0xbe85fbd182af91290be7293438ae67549638189f/dd9bea4457c3e0bddc8e9f47b9a17238.png","IMAGE_ALREADY_EXISTS","HTML_NO_CHANGE","","Repaired."
"9038","9038","RE-009778","Light Cult Crypto Club #9038","D:\github\ron-english-light-cult-9001-10000\items\lccc-9038.html","D:\github\ron-english-light-cult-9001-10000\images\9001-9100\LCCC-9038.png","../images/9001-9100/LCCC-9038.png","https://i2c.seadn.io/ethereum/0xbe85fbd182af91290be7293438ae67549638189f/1ae5834688f38d9eb785771898b99ef8.png?w=350","https://i2c.seadn.io/ethereum/0xbe85fbd182af91290be7293438ae67549638189f/1ae5834688f38d9eb785771898b99ef8.png","IMAGE_ALREADY_EXISTS","HTML_NO_CHANGE","","Repaired."
"9039","9039","RE-009779","Light Cult Crypto Club #9039","D:\github\ron-english-light-cult-9001-10000\items\lccc-9039.html","D:\github\ron-english-light-cult-9001-10000\images\9001-9100\LCCC-9039.png","../images/9001-9100/LCCC-9039.png","https://i2c.seadn.io/ethereum/0xbe85fbd182af91290be7293438ae67549638189f/a70d572b94a409da64cf798b17e4c25f.png?w=350","https://i2c.seadn.io/ethereum/0xbe85fbd182af91290be7293438ae67549638189f/a70d572b94a409da64cf798b17e4c25f.png","IMAGE_ALREADY_EXISTS","HTML_NO_CHANGE","","Repaired."
"9040","9040","RE-009780","Light Cult Crypto Club #9040","D:\github\ron-english-light-cult-9001-10000\items\lccc-9040.html","D:\github\ron-english-light-cult-9001-10000\images\9001-9100\LCCC-9040.png","../images/9001-9100/LCCC-9040.png","https://i2c.seadn.io/ethereum/0xbe85fbd182af91290be7293438ae67549638189f/7eeb102764385baed02ccb892c479c3c.png?w=350","https://i2c.seadn.io/ethereum/0xbe85fbd182af91290be7293438ae67549638189f/7eeb102764385baed02ccb892c479c3c.png","IMAGE_ALREADY_EXISTS","HTML_NO_CHANGE","","Repaired."
"9041","9041","RE-009781","Light Cult Crypto Club #9041","D:\github\ron-english-light-cult-9001-10000\items\lccc-9041.html","D:\github\ron-english-light-cult-9001-10000\images\9001-9100\LCCC-9041.png","../images/9001-9100/LCCC-9041.png","https://i2c.seadn.io/ethereum/0xbe85fbd182af91290be7293438ae67549638189f/138542275c212274d01f61092853defd.png?w=350","https://i2c.seadn.io/ethereum/0xbe85fbd182af91290be7293438ae67549638189f/138542275c212274d01f61092853defd.png","IMAGE_ALREADY_EXISTS","HTML_NO_CHANGE","","Repaired."
"9042","9042","RE-009782","Light Cult Crypto Club #9042","D:\github\ron-english-light-cult-9001-10000\items\lccc-9042.html","D:\github\ron-english-light-cult-9001-10000\images\9001-9100\LCCC-9042.png","../images/9001-9100/LCCC-9042.png","https://i2c.seadn.io/ethereum/0xbe85fbd182af91290be7293438ae67549638189f/3d62f7b2559c315503d80068a236aa4e.png?w=350","https://i2c.seadn.io/ethereum/0xbe85fbd182af91290be7293438ae67549638189f/3d62f7b2559c315503d80068a236aa4e.png","IMAGE_ALREADY_EXISTS","HTML_NO_CHANGE","","Repaired."
"9043","9043","RE-009783","Light Cult Crypto Club #9043","D:\github\ron-english-light-cult-9001-10000\items\lccc-9043.html","D:\github\ron-english-light-cult-9001-10000\images\9001-9100\LCCC-9043.png","../images/9001-9100/LCCC-9043.png","https://i2c.seadn.io/ethereum/0xbe85fbd182af91290be7293438ae67549638189f/374f344e73d976b2ac871457bb57e7b7.png?w=350","https://i2c.seadn.io/ethereum/0xbe85fbd182af91290be7293438ae67549638189f/374f344e73d976b2ac871457bb57e7b7.png","IMAGE_ALREADY_EXISTS","HTML_NO_CHANGE","","Repaired."
"9045","9045","RE-009784","Light Cult Crypto Club #9045","D:\github\ron-english-light-cult-9001-10000\items\lccc-9045.html","D:\github\ron-english-light-cult-9001-10000\images\9001-9100\LCCC-9045.png","../images/9001-9100/LCCC-9045.png","https://i2c.seadn.io/ethereum/0xbe85fbd182af91290be7293438ae67549638189f/da3db731973cf74e23b07900c47b518e.png?w=350","https://i2c.seadn.io/ethereum/0xbe85fbd182af91290be7293438ae67549638189f/da3db731973cf74e23b07900c47b518e.png","IMAGE_ALREADY_EXISTS","HTML_NO_CHANGE","","Repaired."
"9046","9046","RE-009785","Light Cult Crypto Club #9046","D:\github\ron-english-light-cult-9001-10000\items\lccc-9046.html","D:\github\ron-english-light-cult-9001-10000\images\9001-9100\LCCC-9046.png","../images/9001-9100/LCCC-9046.png","https://i2c.seadn.io/ethereum/0xbe85fbd182af91290be7293438ae67549638189f/7d567b448601c36ee7b56a73396ae840.png?w=350","https://i2c.seadn.io/ethereum/0xbe85fbd182af91290be7293438ae67549638189f/7d567b448601c36ee7b56a73396ae840.png","IMAGE_ALREADY_EXISTS","HTML_NO_CHANGE","","Repaired."
"9047","9047","RE-009786","Light Cult Crypto Club #9047","D:\github\ron-english-light-cult-9001-10000\items\lccc-9047.html","D:\github\ron-english-light-cult-9001-10000\images\9001-9100\LCCC-9047.png","../images/9001-9100/LCCC-9047.png","https://i2c.seadn.io/ethereum/0xbe85fbd182af91290be7293438ae67549638189f/75d80e9628c052959bda4e9e307cb81a.png?w=350","https://i2c.seadn.io/ethereum/0xbe85fbd182af91290be7293438ae67549638189f/75d80e9628c052959bda4e9e307cb81a.png","IMAGE_ALREADY_EXISTS","HTML_NO_CHANGE","","Repaired."
"9048","9048","RE-009787","Light Cult Crypto Club #9048","D:\github\ron-english-light-cult-9001-10000\items\lccc-9048.html","D:\github\ron-english-light-cult-9001-10000\images\9001-9100\LCCC-9048.png","../images/9001-9100/LCCC-9048.png","https://i2c.seadn.io/ethereum/0xbe85fbd182af91290be7293438ae67549638189f/1ff4bbe8e0a461810bd39a236f9afe9a.png?w=350","https://i2c.seadn.io/ethereum/0xbe85fbd182af91290be7293438ae67549638189f/1ff4bbe8e0a461810bd39a236f9afe9a.png","IMAGE_ALREADY_EXISTS","HTML_NO_CHANGE","","Repaired."
"9049","9049","RE-009788","Light Cult Crypto Club #9049","D:\github\ron-english-light-cult-9001-10000\items\lccc-9049.html","D:\github\ron-english-light-cult-9001-10000\images\9001-9100\LCCC-9049.png","../images/9001-9100/LCCC-9049.png","https://i2c.seadn.io/ethereum/0xbe85fbd182af91290be7293438ae67549638189f/33200aced8253f7991f850c7a1a08db8.png?w=350","https://i2c.seadn.io/ethereum/0xbe85fbd182af91290be7293438ae67549638189f/33200aced8253f7991f850c7a1a08db8.png","IMAGE_ALREADY_EXISTS","HTML_NO_CHANGE","","Repaired."
"9050","9050","RE-009789","Light Cult Crypto Club #9050","D:\github\ron-english-light-cult-9001-10000\items\lccc-9050.html","D:\github\ron-english-light-cult-9001-10000\images\9001-9100\LCCC-9050.png","../images/9001-9100/LCCC-9050.png","https://i2c.seadn.io/ethereum/0xbe85fbd182af91290be7293438ae67549638189f/731540cd660951716054f750d2cc844a.png?w=350","https://i2c.seadn.io/ethereum/0xbe85fbd182af91290be7293438ae67549638189f/731540cd660951716054f750d2cc844a.png","IMAGE_ALREADY_EXISTS","HTML_NO_CHANGE","","Repaired."
"9051","9051","RE-009790","Light Cult Crypto Club #9051","D:\github\ron-english-light-cult-9001-10000\items\lccc-9051.html","D:\github\ron-english-light-cult-9001-10000\images\9001-9100\LCCC-9051.png","../images/9001-9100/LCCC-9051.png","https://i2c.seadn.io/ethereum/0xbe85fbd182af91290be7293438ae67549638189f/bb5cb15280af395753960374644e7aa5.png?w=350","https://i2c.seadn.io/ethereum/0xbe85fbd182af91290be7293438ae67549638189f/bb5cb15280af395753960374644e7aa5.png","IMAGE_ALREADY_EXISTS","HTML_NO_CHANGE","","Repaired."
"9053","9053","RE-009791","Light Cult Crypto Club #9053","D:\github\ron-english-light-cult-9001-10000\items\lccc-9053.html","D:\github\ron-english-light-cult-9001-10000\images\9001-9100\LCCC-9053.png","../images/9001-9100/LCCC-9053.png","https://i2c.seadn.io/ethereum/0xbe85fbd182af91290be7293438ae67549638189f/e2ab35f78bff880ffa12bf9a8025cd86.png?w=350","https://i2c.seadn.io/ethereum/0xbe85fbd182af91290be7293438ae67549638189f/e2ab35f78bff880ffa12bf9a8025cd86.png","IMAGE_ALREADY_EXISTS","HTML_NO_CHANGE","","Repaired."
"9054","9054","RE-009792","Light Cult Crypto Club #9054","D:\github\ron-english-light-cult-9001-10000\items\lccc-9054.html","D:\github\ron-english-light-cult-9001-10000\images\9001-9100\LCCC-9054.png","../images/9001-9100/LCCC-9054.png","https://i2c.seadn.io/ethereum/0xbe85fbd182af91290be7293438ae67549638189f/de2cbc00210faa8fbb8d8a9e1592d8b9.png?w=350","https://i2c.seadn.io/ethereum/0xbe85fbd182af91290be7293438ae67549638189f/de2cbc00210faa8fbb8d8a9e1592d8b9.png","IMAGE_ALREADY_EXISTS","HTML_NO_CHANGE","","Repaired."
"9055","9055","RE-009793","Light Cult Crypto Club #9055","D:\github\ron-english-light-cult-9001-10000\items\lccc-9055.html","D:\github\ron-english-light-cult-9001-10000\images\9001-9100\LCCC-9055.png","../images/9001-9100/LCCC-9055.png","https://i2c.seadn.io/ethereum/0xbe85fbd182af91290be7293438ae67549638189f/4c10ce4e7ea0c462c823eb0c9218bc68.png?w=350","https://i2c.seadn.io/ethereum/0xbe85fbd182af91290be7293438ae67549638189f/4c10ce4e7ea0c462c823eb0c9218bc68.png","IMAGE_ALREADY_EXISTS","HTML_NO_CHANGE","","Repaired."
"9056","9056","RE-009794","Light Cult Crypto Club #9056","D:\github\ron-english-light-cult-9001-10000\items\lccc-9056.html","D:\github\ron-english-light-cult-9001-10000\images\9001-9100\LCCC-9056.png","../images/9001-9100/LCCC-9056.png","https://i2c.seadn.io/ethereum/0xbe85fbd182af91290be7293438ae67549638189f/a35de59de23adddc51f17dc00c55dcde.png?w=350","https://i2c.seadn.io/ethereum/0xbe85fbd182af91290be7293438ae67549638189f/a35de59de23adddc51f17dc00c55dcde.png","IMAGE_ALREADY_EXISTS","HTML_NO_CHANGE","","Repaired."
"9057","9057","RE-009795","Light Cult Crypto Club #9057","D:\github\ron-english-light-cult-9001-10000\items\lccc-9057.html","D:\github\ron-english-light-cult-9001-10000\images\9001-9100\LCCC-9057.png","../images/9001-9100/LCCC-9057.png","https://i2c.seadn.io/ethereum/0xbe85fbd182af91290be7293438ae67549638189f/c334f235259e82eaf552289eac2ed085.png?w=350","https://i2c.seadn.io/ethereum/0xbe85fbd182af91290be7293438ae67549638189f/c334f235259e82eaf552289eac2ed085.png","IMAGE_ALREADY_EXISTS","HTML_NO_CHANGE","","Repaired."
"9058","9058","RE-009796","Light Cult Crypto Club #9058","D:\github\ron-english-light-cult-9001-10000\items\lccc-9058.html","D:\github\ron-english-light-cult-9001-10000\images\9001-9100\LCCC-9058.png","../images/9001-9100/LCCC-9058.png","https://i2c.seadn.io/ethereum/0xbe85fbd182af91290be7293438ae67549638189f/66d38b884e5bee77651db23b0ec4ae59.png?w=350","https://i2c.seadn.io/ethereum/0xbe85fbd182af91290be7293438ae67549638189f/66d38b884e5bee77651db23b0ec4ae59.png","IMAGE_ALREADY_EXISTS","HTML_NO_CHANGE","","Repaired."
"9059","9059","RE-009797","Light Cult Crypto Club #9059","D:\github\ron-english-light-cult-9001-10000\items\lccc-9059.html","D:\github\ron-english-light-cult-9001-10000\images\9001-9100\LCCC-9059.png","../images/9001-9100/LCCC-9059.png","https://i2c.seadn.io/ethereum/0xbe85fbd182af91290be7293438ae67549638189f/93cfae5fd9490c3f11edd8452c2d1ecc.png?w=350","https://i2c.seadn.io/ethereum/0xbe85fbd182af91290be7293438ae67549638189f/93cfae5fd9490c3f11edd8452c2d1ecc.png","IMAGE_ALREADY_EXISTS","HTML_NO_CHANGE","","Repaired."
"9061","9061","RE-009798","Light Cult Crypto Club #9061","D:\github\ron-english-light-cult-9001-10000\items\lccc-9061.html","D:\github\ron-english-light-cult-9001-10000\images\9001-9100\LCCC-9061.png","../images/9001-9100/LCCC-9061.png","https://i2c.seadn.io/ethereum/0xbe85fbd182af91290be7293438ae67549638189f/6a4333bbf52af8cea7869e4e09adf3a9.png?w=350","https://i2c.seadn.io/ethereum/0xbe85fbd182af91290be7293438ae67549638189f/6a4333bbf52af8cea7869e4e09adf3a9.png","IMAGE_ALREADY_EXISTS","HTML_NO_CHANGE","","Repaired."
"9062","9062","RE-009799","Light Cult Crypto Club #9062","D:\github\ron-english-light-cult-9001-10000\items\lccc-9062.html","D:\github\ron-english-light-cult-9001-10000\images\9001-9100\LCCC-9062.png","../images/9001-9100/LCCC-9062.png","https://i2c.seadn.io/ethereum/0xbe85fbd182af91290be7293438ae67549638189f/07b9e3f098fcdf3180e7cdecd564b98f.png?w=350","https://i2c.seadn.io/ethereum/0xbe85fbd182af91290be7293438ae67549638189f/07b9e3f098fcdf3180e7cdecd564b98f.png","IMAGE_ALREADY_EXISTS","HTML_NO_CHANGE","","Repaired."
"9063","9063","RE-009800","Light Cult Crypto Club #9063","D:\github\ron-english-light-cult-9001-10000\items\lccc-9063.html","D:\github\ron-english-light-cult-9001-10000\images\9001-9100\LCCC-9063.png","../images/9001-9100/LCCC-9063.png","https://i2c.seadn.io/ethereum/0xbe85fbd182af91290be7293438ae67549638189f/b69351d0e85301dfdeab8e0fd33b8a27.png?w=350","https://i2c.seadn.io/ethereum/0xbe85fbd182af91290be7293438ae67549638189f/b69351d0e85301dfdeab8e0fd33b8a27.png","IMAGE_ALREADY_EXISTS","HTML_NO_CHANGE","","Repaired."
"9065","9065","RE-009801","Light Cult Crypto Club #9065","D:\github\ron-english-light-cult-9001-10000\items\lccc-9065.html","D:\github\ron-english-light-cult-9001-10000\images\9001-9100\LCCC-9065.png","../images/9001-9100/LCCC-9065.png","https://i2c.seadn.io/ethereum/0xbe85fbd182af91290be7293438ae67549638189f/8b617f0560094be120bcd0efbdf264b0.png?w=350","https://i2c.seadn.io/ethereum/0xbe85fbd182af91290be7293438ae67549638189f/8b617f0560094be120bcd0efbdf264b0.png","IMAGE_ALREADY_EXISTS","HTML_NO_CHANGE","","Repaired."
"9066","9066","RE-009802","Light Cult Crypto Club #9066","D:\github\ron-english-light-cult-9001-10000\items\lccc-9066.html","D:\github\ron-english-light-cult-9001-10000\images\9001-9100\LCCC-9066.png","../images/9001-9100/LCCC-9066.png","https://i2c.seadn.io/ethereum/0xbe85fbd182af91290be7293438ae67549638189f/a04baed6f9879d95cb820b8eff3fd798.png?w=350","https://i2c.seadn.io/ethereum/0xbe85fbd182af91290be7293438ae67549638189f/a04baed6f9879d95cb820b8eff3fd798.png","IMAGE_ALREADY_EXISTS","HTML_NO_CHANGE","","Repaired."
"9067","9067","RE-009803","Light Cult Crypto Club #9067","D:\github\ron-english-light-cult-9001-10000\items\lccc-9067.html","D:\github\ron-english-light-cult-9001-10000\images\9001-9100\LCCC-9067.png","../images/9001-9100/LCCC-9067.png","https://i2c.seadn.io/ethereum/0xbe85fbd182af91290be7293438ae67549638189f/4cb617c8f61a56cf635ab50f5228412c.png?w=350","https://i2c.seadn.io/ethereum/0xbe85fbd182af91290be7293438ae67549638189f/4cb617c8f61a56cf635ab50f5228412c.png","IMAGE_ALREADY_EXISTS","HTML_NO_CHANGE","","Repaired."
"9068","9068","RE-009804","Light Cult Crypto Club #9068","D:\github\ron-english-light-cult-9001-10000\items\lccc-9068.html","D:\github\ron-english-light-cult-9001-10000\images\9001-9100\LCCC-9068.png","../images/9001-9100/LCCC-9068.png","https://i2c.seadn.io/ethereum/0xbe85fbd182af91290be7293438ae67549638189f/014494bf3aa2f8cb7370ca1cb72e90ff.png?w=350","https://i2c.seadn.io/ethereum/0xbe85fbd182af91290be7293438ae67549638189f/014494bf3aa2f8cb7370ca1cb72e90ff.png","IMAGE_ALREADY_EXISTS","HTML_NO_CHANGE","","Repaired."
"9069","9069","RE-009805","Light Cult Crypto Club #9069","D:\github\ron-english-light-cult-9001-10000\items\lccc-9069.html","D:\github\ron-english-light-cult-9001-10000\images\9001-9100\LCCC-9069.png","../images/9001-9100/LCCC-9069.png","https://i2c.seadn.io/ethereum/0xbe85fbd182af91290be7293438ae67549638189f/edecf586a6e0d23d03fab2f470a28f50.png?w=350","https://i2c.seadn.io/ethereum/0xbe85fbd182af91290be7293438ae67549638189f/edecf586a6e0d23d03fab2f470a28f50.png","IMAGE_ALREADY_EXISTS","HTML_NO_CHANGE","","Repaired."
"9070","9070","RE-009806","Light Cult Crypto Club #9070","D:\github\ron-english-light-cult-9001-10000\items\lccc-9070.html","D:\github\ron-english-light-cult-9001-10000\images\9001-9100\LCCC-9070.png","../images/9001-9100/LCCC-9070.png","https://i2c.seadn.io/ethereum/0xbe85fbd182af91290be7293438ae67549638189f/7a735e6bf1d2539b7c295411cdb5914c.png?w=350","https://i2c.seadn.io/ethereum/0xbe85fbd182af91290be7293438ae67549638189f/7a735e6bf1d2539b7c295411cdb5914c.png","IMAGE_ALREADY_EXISTS","HTML_NO_CHANGE","","Repaired."
"9071","9071","RE-009807","Light Cult Crypto Club #9071","D:\github\ron-english-light-cult-9001-10000\items\lccc-9071.html","D:\github\ron-english-light-cult-9001-10000\images\9001-9100\LCCC-9071.png","../images/9001-9100/LCCC-9071.png","https://i2c.seadn.io/ethereum/0xbe85fbd182af91290be7293438ae67549638189f/17d2b6f557217b1ea3e9deb58075d83d.png?w=350","https://i2c.seadn.io/ethereum/0xbe85fbd182af91290be7293438ae67549638189f/17d2b6f557217b1ea3e9deb58075d83d.png","IMAGE_ALREADY_EXISTS","HTML_NO_CHANGE","","Repaired."
"9072","9072","RE-009808","Light Cult Crypto Club #9072","D:\github\ron-english-light-cult-9001-10000\items\lccc-9072.html","D:\github\ron-english-light-cult-9001-10000\images\9001-9100\LCCC-9072.png","../images/9001-9100/LCCC-9072.png","https://i2c.seadn.io/ethereum/0xbe85fbd182af91290be7293438ae67549638189f/2c7b4bf2f42bc1b53b415ce9a8ed7bee.png?w=350","https://i2c.seadn.io/ethereum/0xbe85fbd182af91290be7293438ae67549638189f/2c7b4bf2f42bc1b53b415ce9a8ed7bee.png","IMAGE_ALREADY_EXISTS","HTML_NO_CHANGE","","Repaired."
"9074","9074","RE-009809","Light Cult Crypto Club #9074","D:\github\ron-english-light-cult-9001-10000\items\lccc-9074.html","D:\github\ron-english-light-cult-9001-10000\images\9001-9100\LCCC-9074.png","../images/9001-9100/LCCC-9074.png","https://i2c.seadn.io/ethereum/0xbe85fbd182af91290be7293438ae67549638189f/0f6e4dc781edcfac999985e33240643f.png?w=350","https://i2c.seadn.io/ethereum/0xbe85fbd182af91290be7293438ae67549638189f/0f6e4dc781edcfac999985e33240643f.png","IMAGE_ALREADY_EXISTS","HTML_NO_CHANGE","","Repaired."
"9075","9075","RE-009810","Light Cult Crypto Club #9075","D:\github\ron-english-light-cult-9001-10000\items\lccc-9075.html","D:\github\ron-english-light-cult-9001-10000\images\9001-9100\LCCC-9075.png","../images/9001-9100/LCCC-9075.png","https://i2c.seadn.io/ethereum/0xbe85fbd182af91290be7293438ae67549638189f/3ec3dc3ee87552a0abecbb3d6e76d9ed.png?w=350","https://i2c.seadn.io/ethereum/0xbe85fbd182af91290be7293438ae67549638189f/3ec3dc3ee87552a0abecbb3d6e76d9ed.png","IMAGE_ALREADY_EXISTS","HTML_NO_CHANGE","","Repaired."
"9076","9076","RE-009811","Light Cult Crypto Club #9076","D:\github\ron-english-light-cult-9001-10000\items\lccc-9076.html","D:\github\ron-english-light-cult-9001-10000\images\9001-9100\LCCC-9076.png","../images/9001-9100/LCCC-9076.png","https://i2c.seadn.io/ethereum/0xbe85fbd182af91290be7293438ae67549638189f/aefb46332d5e576e96d5a53eb167b1a1.png?w=350","https://i2c.seadn.io/ethereum/0xbe85fbd182af91290be7293438ae67549638189f/aefb46332d5e576e96d5a53eb167b1a1.png","IMAGE_ALREADY_EXISTS","HTML_NO_CHANGE","","Repaired."
"9077","9077","RE-009812","Light Cult Crypto Club #9077","D:\github\ron-english-light-cult-9001-10000\items\lccc-9077.html","D:\github\ron-english-light-cult-9001-10000\images\9001-9100\LCCC-9077.png","../images/9001-9100/LCCC-9077.png","https://i2c.seadn.io/ethereum/0xbe85fbd182af91290be7293438ae67549638189f/e7fa7ce8de8c35b80b5b12d52b139eab.png?w=350","https://i2c.seadn.io/ethereum/0xbe85fbd182af91290be7293438ae67549638189f/e7fa7ce8de8c35b80b5b12d52b139eab.png","IMAGE_ALREADY_EXISTS","HTML_NO_CHANGE","","Repaired."
"9078","9078","RE-009813","Light Cult Crypto Club #9078","D:\github\ron-english-light-cult-9001-10000\items\lccc-9078.html","D:\github\ron-english-light-cult-9001-10000\images\9001-9100\LCCC-9078.png","../images/9001-9100/LCCC-9078.png","https://i2c.seadn.io/ethereum/0xbe85fbd182af91290be7293438ae67549638189f/8cdee7100bb1969007d6dec11be18275.png?w=350","https://i2c.seadn.io/ethereum/0xbe85fbd182af91290be7293438ae67549638189f/8cdee7100bb1969007d6dec11be18275.png","IMAGE_ALREADY_EXISTS","HTML_NO_CHANGE","","Repaired."
"9079","9079","RE-009814","Light Cult Crypto Club #9079","D:\github\ron-english-light-cult-9001-10000\items\lccc-9079.html","D:\github\ron-english-light-cult-9001-10000\images\9001-9100\LCCC-9079.png","../images/9001-9100/LCCC-9079.png","https://i2c.seadn.io/ethereum/0xbe85fbd182af91290be7293438ae67549638189f/7556b7b87dd9831308cc0b860bac026a.png?w=350","https://i2c.seadn.io/ethereum/0xbe85fbd182af91290be7293438ae67549638189f/7556b7b87dd9831308cc0b860bac026a.png","IMAGE_ALREADY_EXISTS","HTML_NO_CHANGE","","Repaired."
"9080","9080","RE-009815","Light Cult Crypto Club #9080","D:\github\ron-english-light-cult-9001-10000\items\lccc-9080.html","D:\github\ron-english-light-cult-9001-10000\images\9001-9100\LCCC-9080.png","../images/9001-9100/LCCC-9080.png","https://i2c.seadn.io/ethereum/0xbe85fbd182af91290be7293438ae67549638189f/5fc788c324f88e2a56fbcbb4c6a1bc9c.png?w=350","https://i2c.seadn.io/ethereum/0xbe85fbd182af91290be7293438ae67549638189f/5fc788c324f88e2a56fbcbb4c6a1bc9c.png","IMAGE_ALREADY_EXISTS","HTML_NO_CHANGE","","Repaired."
"9081","9081","RE-009816","Light Cult Crypto Club #9081","D:\github\ron-english-light-cult-9001-10000\items\lccc-9081.html","D:\github\ron-english-light-cult-9001-10000\images\9001-9100\LCCC-9081.png","../images/9001-9100/LCCC-9081.png","https://i2c.seadn.io/ethereum/0xbe85fbd182af91290be7293438ae67549638189f/e248f5501cfa2c9dcf66666f962af3c9.png?w=350","https://i2c.seadn.io/ethereum/0xbe85fbd182af91290be7293438ae67549638189f/e248f5501cfa2c9dcf66666f962af3c9.png","IMAGE_ALREADY_EXISTS","HTML_NO_CHANGE","","Repaired."
"9082","9082","RE-009817","Light Cult Crypto Club #9082","D:\github\ron-english-light-cult-9001-10000\items\lccc-9082.html","D:\github\ron-english-light-cult-9001-10000\images\9001-9100\LCCC-9082.png","../images/9001-9100/LCCC-9082.png","https://i2c.seadn.io/ethereum/0xbe85fbd182af91290be7293438ae67549638189f/244f508834db4b68311706f00f94d2c9.png?w=350","https://i2c.seadn.io/ethereum/0xbe85fbd182af91290be7293438ae67549638189f/244f508834db4b68311706f00f94d2c9.png","IMAGE_ALREADY_EXISTS","HTML_NO_CHANGE","","Repaired."
"9083","9083","RE-009818","Light Cult Crypto Club #9083","D:\github\ron-english-light-cult-9001-10000\items\lccc-9083.html","D:\github\ron-english-light-cult-9001-10000\images\9001-9100\LCCC-9083.png","../images/9001-9100/LCCC-9083.png","https://i2c.seadn.io/ethereum/0xbe85fbd182af91290be7293438ae67549638189f/d29925ade73d2b43e9cbe38cc793e76d.png?w=350","https://i2c.seadn.io/ethereum/0xbe85fbd182af91290be7293438ae67549638189f/d29925ade73d2b43e9cbe38cc793e76d.png","IMAGE_ALREADY_EXISTS","HTML_NO_CHANGE","","Repaired."
"9084","9084","RE-009819","Light Cult Crypto Club #9084","D:\github\ron-english-light-cult-9001-10000\items\lccc-9084.html","D:\github\ron-english-light-cult-9001-10000\images\9001-9100\LCCC-9084.png","../images/9001-9100/LCCC-9084.png","https://i2c.seadn.io/ethereum/0xbe85fbd182af91290be7293438ae67549638189f/c8d068551638d2b69cef2108349dfb61.png?w=350","https://i2c.seadn.io/ethereum/0xbe85fbd182af91290be7293438ae67549638189f/c8d068551638d2b69cef2108349dfb61.png","IMAGE_ALREADY_EXISTS","HTML_NO_CHANGE","","Repaired."
"9085","9085","RE-009820","Light Cult Crypto Club #9085","D:\github\ron-english-light-cult-9001-10000\items\lccc-9085.html","D:\github\ron-english-light-cult-9001-10000\images\9001-9100\LCCC-9085.png","../images/9001-9100/LCCC-9085.png","https://i2c.seadn.io/ethereum/0xbe85fbd182af91290be7293438ae67549638189f/c06a2b812a129277b0915f1bb2ef66d5.png?w=350","https://i2c.seadn.io/ethereum/0xbe85fbd182af91290be7293438ae67549638189f/c06a2b812a129277b0915f1bb2ef66d5.png","IMAGE_ALREADY_EXISTS","HTML_NO_CHANGE","","Repaired."
"9086","9086","RE-009821","Light Cult Crypto Club #9086","D:\github\ron-english-light-cult-9001-10000\items\lccc-9086.html","D:\github\ron-english-light-cult-9001-10000\images\9001-9100\LCCC-9086.png","../images/9001-9100/LCCC-9086.png","https://i2c.seadn.io/ethereum/0xbe85fbd182af91290be7293438ae67549638189f/bfb2d623d8ddf6600f71c80119b0abcc.png?w=350","https://i2c.seadn.io/ethereum/0xbe85fbd182af91290be7293438ae67549638189f/bfb2d623d8ddf6600f71c80119b0abcc.png","IMAGE_ALREADY_EXISTS","HTML_NO_CHANGE","","Repaired."
"9087","9087","RE-009822","Light Cult Crypto Club #9087","D:\github\ron-english-light-cult-9001-10000\items\lccc-9087.html","D:\github\ron-english-light-cult-9001-10000\images\9001-9100\LCCC-9087.png","../images/9001-9100/LCCC-9087.png","https://i2c.seadn.io/ethereum/0xbe85fbd182af91290be7293438ae67549638189f/74219552807b63c0d3d19279d0b4e7f3.png?w=350","https://i2c.seadn.io/ethereum/0xbe85fbd182af91290be7293438ae67549638189f/74219552807b63c0d3d19279d0b4e7f3.png","IMAGE_ALREADY_EXISTS","HTML_NO_CHANGE","","Repaired."
"9088","9088","RE-009823","Light Cult Crypto Club #9088","D:\github\ron-english-light-cult-9001-10000\items\lccc-9088.html","D:\github\ron-english-light-cult-9001-10000\images\9001-9100\LCCC-9088.png","../images/9001-9100/LCCC-9088.png","https://i2c.seadn.io/ethereum/0xbe85fbd182af91290be7293438ae67549638189f/6f75ba0ec7c90ac59c90f18745d0389d.png?w=350","https://i2c.seadn.io/ethereum/0xbe85fbd182af91290be7293438ae67549638189f/6f75ba0ec7c90ac59c90f18745d0389d.png","IMAGE_ALREADY_EXISTS","HTML_NO_CHANGE","","Repaired."
"9090","9090","RE-009824","Light Cult Crypto Club #9090","D:\github\ron-english-light-cult-9001-10000\items\lccc-9090.html","D:\github\ron-english-light-cult-9001-10000\images\9001-9100\LCCC-9090.png","../images/9001-9100/LCCC-9090.png","https://i2c.seadn.io/ethereum/0xbe85fbd182af91290be7293438ae67549638189f/5133393ced64cfe060b6905f8ceb5bea.png?w=350","https://i2c.seadn.io/ethereum/0xbe85fbd182af91290be7293438ae67549638189f/5133393ced64cfe060b6905f8ceb5bea.png","IMAGE_ALREADY_EXISTS","HTML_NO_CHANGE","","Repaired."
"9091","9091","RE-009825","Light Cult Crypto Club #9091","D:\github\ron-english-light-cult-9001-10000\items\lccc-9091.html","D:\github\ron-english-light-cult-9001-10000\images\9001-9100\LCCC-9091.png","../images/9001-9100/LCCC-9091.png","https://i2c.seadn.io/ethereum/0xbe85fbd182af91290be7293438ae67549638189f/505b5ce4e7f6644a7101705f44dfe29d.png?w=350","https://i2c.seadn.io/ethereum/0xbe85fbd182af91290be7293438ae67549638189f/505b5ce4e7f6644a7101705f44dfe29d.png","IMAGE_ALREADY_EXISTS","HTML_NO_CHANGE","","Repaired."
"9093","9093","RE-009826","Light Cult Crypto Club #9093","D:\github\ron-english-light-cult-9001-10000\items\lccc-9093.html","D:\github\ron-english-light-cult-9001-10000\images\9001-9100\LCCC-9093.png","../images/9001-9100/LCCC-9093.png","https://i2c.seadn.io/ethereum/0xbe85fbd182af91290be7293438ae67549638189f/5d6914ecfaa66aaa348cf18831ae3d62.png?w=350","https://i2c.seadn.io/ethereum/0xbe85fbd182af91290be7293438ae67549638189f/5d6914ecfaa66aaa348cf18831ae3d62.png","IMAGE_ALREADY_EXISTS","HTML_NO_CHANGE","","Repaired."
"9094","9094","RE-009827","Light Cult Crypto Club #9094","D:\github\ron-english-light-cult-9001-10000\items\lccc-9094.html","D:\github\ron-english-light-cult-9001-10000\images\9001-9100\LCCC-9094.png","../images/9001-9100/LCCC-9094.png","https://i2c.seadn.io/ethereum/0xbe85fbd182af91290be7293438ae67549638189f/8956065db9362bb782af6a6eba780a3e.png?w=350","https://i2c.seadn.io/ethereum/0xbe85fbd182af91290be7293438ae67549638189f/8956065db9362bb782af6a6eba780a3e.png","IMAGE_ALREADY_EXISTS","HTML_NO_CHANGE","","Repaired."
"9095","9095","RE-009828","Light Cult Crypto Club #9095","D:\github\ron-english-light-cult-9001-10000\items\lccc-9095.html","D:\github\ron-english-light-cult-9001-10000\images\9001-9100\LCCC-9095.png","../images/9001-9100/LCCC-9095.png","https://i2c.seadn.io/ethereum/0xbe85fbd182af91290be7293438ae67549638189f/eb97818709731e17325b0096918b381e.png?w=350","https://i2c.seadn.io/ethereum/0xbe85fbd182af91290be7293438ae67549638189f/eb97818709731e17325b0096918b381e.png","IMAGE_ALREADY_EXISTS","HTML_NO_CHANGE","","Repaired."
"9096","9096","RE-009829","Light Cult Crypto Club #9096","D:\github\ron-english-light-cult-9001-10000\items\lccc-9096.html","D:\github\ron-english-light-cult-9001-10000\images\9001-9100\LCCC-9096.png","../images/9001-9100/LCCC-9096.png","https://i2c.seadn.io/ethereum/0xbe85fbd182af91290be7293438ae67549638189f/960f7c5206eef1ec5e1aeaea5b5b5d5a.png?w=350","https://i2c.seadn.io/ethereum/0xbe85fbd182af91290be7293438ae67549638189f/960f7c5206eef1ec5e1aeaea5b5b5d5a.png","IMAGE_ALREADY_EXISTS","HTML_NO_CHANGE","","Repaired."
"9098","9098","RE-009830","Light Cult Crypto Club #9098","D:\github\ron-english-light-cult-9001-10000\items\lccc-9098.html","D:\github\ron-english-light-cult-9001-10000\images\9001-9100\LCCC-9098.png","../images/9001-9100/LCCC-9098.png","https://i2c.seadn.io/ethereum/0xbe85fbd182af91290be7293438ae67549638189f/6d0b11db3950e278d7acb491b2494cd4.png?w=350","https://i2c.seadn.io/ethereum/0xbe85fbd182af91290be7293438ae67549638189f/6d0b11db3950e278d7acb491b2494cd4.png","IMAGE_ALREADY_EXISTS","HTML_NO_CHANGE","","Repaired."
"9100","9100","RE-009831","Light Cult Crypto Club #9100","D:\github\ron-english-light-cult-9001-10000\items\lccc-9100.html","D:\github\ron-english-light-cult-9001-10000\images\9001-9100\LCCC-9100.png","../images/9001-9100/LCCC-9100.png","https://i2c.seadn.io/ethereum/0xbe85fbd182af91290be7293438ae67549638189f/f35c7fc1f53e417d4e88da99388c2971.png?w=350","https://i2c.seadn.io/ethereum/0xbe85fbd182af91290be7293438ae67549638189f/f35c7fc1f53e417d4e88da99388c2971.png","IMAGE_ALREADY_EXISTS","HTML_NO_CHANGE","","Repaired."
"9102","9102","RE-009832","Light Cult Crypto Club #9102","D:\github\ron-english-light-cult-9001-10000\items\lccc-9102.html","D:\github\ron-english-light-cult-9001-10000\images\9101-9200\LCCC-9102.png","../images/9101-9200/LCCC-9102.png","https://i2c.seadn.io/ethereum/0xbe85fbd182af91290be7293438ae67549638189f/afec5acbe43f708c1ae8117018e1957a.png?w=350","https://i2c.seadn.io/ethereum/0xbe85fbd182af91290be7293438ae67549638189f/afec5acbe43f708c1ae8117018e1957a.png","IMAGE_ALREADY_EXISTS","HTML_NO_CHANGE","","Repaired."
"9103","9103","RE-009833","Light Cult Crypto Club #9103","D:\github\ron-english-light-cult-9001-10000\items\lccc-9103.html","D:\github\ron-english-light-cult-9001-10000\images\9101-9200\LCCC-9103.png","../images/9101-9200/LCCC-9103.png","https://i2c.seadn.io/ethereum/0xbe85fbd182af91290be7293438ae67549638189f/5ae9a5575d8b1c568f2c67f384d6476a.png?w=350","https://i2c.seadn.io/ethereum/0xbe85fbd182af91290be7293438ae67549638189f/5ae9a5575d8b1c568f2c67f384d6476a.png","IMAGE_ALREADY_EXISTS","HTML_NO_CHANGE","","Repaired."
"9104","9104","RE-009834","Light Cult Crypto Club #9104","D:\github\ron-english-light-cult-9001-10000\items\lccc-9104.html","D:\github\ron-english-light-cult-9001-10000\images\9101-9200\LCCC-9104.png","../images/9101-9200/LCCC-9104.png","https://i2c.seadn.io/ethereum/0xbe85fbd182af91290be7293438ae67549638189f/6dcd652794975d1ebffde10aef5d6835.png?w=350","https://i2c.seadn.io/ethereum/0xbe85fbd182af91290be7293438ae67549638189f/6dcd652794975d1ebffde10aef5d6835.png","IMAGE_ALREADY_EXISTS","HTML_NO_CHANGE","","Repaired."
"9105","9105","RE-009835","Light Cult Crypto Club #9105","D:\github\ron-english-light-cult-9001-10000\items\lccc-9105.html","D:\github\ron-english-light-cult-9001-10000\images\9101-9200\LCCC-9105.png","../images/9101-9200/LCCC-9105.png","https://i2c.seadn.io/ethereum/0xbe85fbd182af91290be7293438ae67549638189f/dad2bbca742444c30f5219385bca25a5.png?w=350","https://i2c.seadn.io/ethereum/0xbe85fbd182af91290be7293438ae67549638189f/dad2bbca742444c30f5219385bca25a5.png","IMAGE_ALREADY_EXISTS","HTML_NO_CHANGE","","Repaired."
"9106","9106","RE-009836","Light Cult Crypto Club #9106","D:\github\ron-english-light-cult-9001-10000\items\lccc-9106.html","D:\github\ron-english-light-cult-9001-10000\images\9101-9200\LCCC-9106.png","../images/9101-9200/LCCC-9106.png","https://i2c.seadn.io/ethereum/0xbe85fbd182af91290be7293438ae67549638189f/aab392a46a1f00055f8cf69740c6aaf8.png?w=350","https://i2c.seadn.io/ethereum/0xbe85fbd182af91290be7293438ae67549638189f/aab392a46a1f00055f8cf69740c6aaf8.png","IMAGE_ALREADY_EXISTS","HTML_NO_CHANGE","","Repaired."
"9107","9107","RE-009837","Light Cult Crypto Club #9107","D:\github\ron-english-light-cult-9001-10000\items\lccc-9107.html","D:\github\ron-english-light-cult-9001-10000\images\9101-9200\LCCC-9107.png","../images/9101-9200/LCCC-9107.png","https://i2c.seadn.io/ethereum/0xbe85fbd182af91290be7293438ae67549638189f/f5e523b00d4f13477e3b42908b9d7e4c.png?w=350","https://i2c.seadn.io/ethereum/0xbe85fbd182af91290be7293438ae67549638189f/f5e523b00d4f13477e3b42908b9d7e4c.png","IMAGE_ALREADY_EXISTS","HTML_NO_CHANGE","","Repaired."
"9108","9108","RE-009838","Light Cult Crypto Club #9108","D:\github\ron-english-light-cult-9001-10000\items\lccc-9108.html","D:\github\ron-english-light-cult-9001-10000\images\9101-9200\LCCC-9108.png","../images/9101-9200/LCCC-9108.png","https://i2c.seadn.io/ethereum/0xbe85fbd182af91290be7293438ae67549638189f/00ec5ffbd49efb2d709e5e34752cb9c8.png?w=350","https://i2c.seadn.io/ethereum/0xbe85fbd182af91290be7293438ae67549638189f/00ec5ffbd49efb2d709e5e34752cb9c8.png","IMAGE_ALREADY_EXISTS","HTML_NO_CHANGE","","Repaired."
"9109","9109","RE-009839","Light Cult Crypto Club #9109","D:\github\ron-english-light-cult-9001-10000\items\lccc-9109.html","D:\github\ron-english-light-cult-9001-10000\images\9101-9200\LCCC-9109.png","../images/9101-9200/LCCC-9109.png","https://i2c.seadn.io/ethereum/0xbe85fbd182af91290be7293438ae67549638189f/02ab5b0580db752b8efe7a2d93dee109.png?w=350","https://i2c.seadn.io/ethereum/0xbe85fbd182af91290be7293438ae67549638189f/02ab5b0580db752b8efe7a2d93dee109.png","IMAGE_ALREADY_EXISTS","HTML_NO_CHANGE","","Repaired."
"9110","9110","RE-009840","Light Cult Crypto Club #9110","D:\github\ron-english-light-cult-9001-10000\items\lccc-9110.html","D:\github\ron-english-light-cult-9001-10000\images\9101-9200\LCCC-9110.png","../images/9101-9200/LCCC-9110.png","https://i2c.seadn.io/ethereum/0xbe85fbd182af91290be7293438ae67549638189f/083d15ea0121fe6f9d1bbcc453cf3e7d.png?w=350","https://i2c.seadn.io/ethereum/0xbe85fbd182af91290be7293438ae67549638189f/083d15ea0121fe6f9d1bbcc453cf3e7d.png","IMAGE_ALREADY_EXISTS","HTML_NO_CHANGE","","Repaired."
"9111","9111","RE-009841","Light Cult Crypto Club #9111","D:\github\ron-english-light-cult-9001-10000\items\lccc-9111.html","D:\github\ron-english-light-cult-9001-10000\images\9101-9200\LCCC-9111.png","../images/9101-9200/LCCC-9111.png","https://i2c.seadn.io/ethereum/0xbe85fbd182af91290be7293438ae67549638189f/261db9236ac7de9ce645e1c110d96f7c.png?w=350","https://i2c.seadn.io/ethereum/0xbe85fbd182af91290be7293438ae67549638189f/261db9236ac7de9ce645e1c110d96f7c.png","IMAGE_ALREADY_EXISTS","HTML_NO_CHANGE","","Repaired."
"9112","9112","RE-009842","Light Cult Crypto Club #9112","D:\github\ron-english-light-cult-9001-10000\items\lccc-9112.html","D:\github\ron-english-light-cult-9001-10000\images\9101-9200\LCCC-9112.png","../images/9101-9200/LCCC-9112.png","https://i2c.seadn.io/ethereum/0xbe85fbd182af91290be7293438ae67549638189f/75c0e86016aab5b7fb4118ff533149df.png?w=350","https://i2c.seadn.io/ethereum/0xbe85fbd182af91290be7293438ae67549638189f/75c0e86016aab5b7fb4118ff533149df.png","IMAGE_ALREADY_EXISTS","HTML_NO_CHANGE","","Repaired."
"9113","9113","RE-009843","Light Cult Crypto Club #9113","D:\github\ron-english-light-cult-9001-10000\items\lccc-9113.html","D:\github\ron-english-light-cult-9001-10000\images\9101-9200\LCCC-9113.png","../images/9101-9200/LCCC-9113.png","https://i2c.seadn.io/ethereum/0xbe85fbd182af91290be7293438ae67549638189f/d2b60b3adcbadef7ee02a614103f87eb.png?w=350","https://i2c.seadn.io/ethereum/0xbe85fbd182af91290be7293438ae67549638189f/d2b60b3adcbadef7ee02a614103f87eb.png","IMAGE_ALREADY_EXISTS","HTML_NO_CHANGE","","Repaired."
"9114","9114","RE-009844","Light Cult Crypto Club #9114","D:\github\ron-english-light-cult-9001-10000\items\lccc-9114.html","D:\github\ron-english-light-cult-9001-10000\images\9101-9200\LCCC-9114.png","../images/9101-9200/LCCC-9114.png","https://i2c.seadn.io/ethereum/0xbe85fbd182af91290be7293438ae67549638189f/e38df559d2ed78e68053bcb7cb06fd9c.png?w=350","https://i2c.seadn.io/ethereum/0xbe85fbd182af91290be7293438ae67549638189f/e38df559d2ed78e68053bcb7cb06fd9c.png","IMAGE_ALREADY_EXISTS","HTML_NO_CHANGE","","Repaired."
"9115","9115","RE-009845","Light Cult Crypto Club #9115","D:\github\ron-english-light-cult-9001-10000\items\lccc-9115.html","D:\github\ron-english-light-cult-9001-10000\images\9101-9200\LCCC-9115.png","../images/9101-9200/LCCC-9115.png","https://i2c.seadn.io/ethereum/0xbe85fbd182af91290be7293438ae67549638189f/ff113961a4bf350d2a9f7ba8fc47f737.png?w=350","https://i2c.seadn.io/ethereum/0xbe85fbd182af91290be7293438ae67549638189f/ff113961a4bf350d2a9f7ba8fc47f737.png","IMAGE_ALREADY_EXISTS","HTML_NO_CHANGE","","Repaired."
"9116","9116","RE-009846","Light Cult Crypto Club #9116","D:\github\ron-english-light-cult-9001-10000\items\lccc-9116.html","D:\github\ron-english-light-cult-9001-10000\images\9101-9200\LCCC-9116.png","../images/9101-9200/LCCC-9116.png","https://i2c.seadn.io/ethereum/0xbe85fbd182af91290be7293438ae67549638189f/1da70bf6963681ef22af05fc0a9ab45d.png?w=350","https://i2c.seadn.io/ethereum/0xbe85fbd182af91290be7293438ae67549638189f/1da70bf6963681ef22af05fc0a9ab45d.png","IMAGE_ALREADY_EXISTS","HTML_NO_CHANGE","","Repaired."
"9117","9117","RE-009847","Light Cult Crypto Club #9117","D:\github\ron-english-light-cult-9001-10000\items\lccc-9117.html","D:\github\ron-english-light-cult-9001-10000\images\9101-9200\LCCC-9117.png","../images/9101-9200/LCCC-9117.png","https://i2c.seadn.io/ethereum/0xbe85fbd182af91290be7293438ae67549638189f/d50de21bb5def92623ec9993fda4c531.png?w=350","https://i2c.seadn.io/ethereum/0xbe85fbd182af91290be7293438ae67549638189f/d50de21bb5def92623ec9993fda4c531.png","IMAGE_ALREADY_EXISTS","HTML_NO_CHANGE","","Repaired."
"9118","9118","RE-009848","Light Cult Crypto Club #9118","D:\github\ron-english-light-cult-9001-10000\items\lccc-9118.html","D:\github\ron-english-light-cult-9001-10000\images\9101-9200\LCCC-9118.png","../images/9101-9200/LCCC-9118.png","https://i2c.seadn.io/ethereum/0xbe85fbd182af91290be7293438ae67549638189f/7edacf191f55a8995c3315202c3f9120.png?w=350","https://i2c.seadn.io/ethereum/0xbe85fbd182af91290be7293438ae67549638189f/7edacf191f55a8995c3315202c3f9120.png","IMAGE_ALREADY_EXISTS","HTML_NO_CHANGE","","Repaired."
"9119","9119","RE-009849","Light Cult Crypto Club #9119","D:\github\ron-english-light-cult-9001-10000\items\lccc-9119.html","D:\github\ron-english-light-cult-9001-10000\images\9101-9200\LCCC-9119.png","../images/9101-9200/LCCC-9119.png","https://i2c.seadn.io/ethereum/0xbe85fbd182af91290be7293438ae67549638189f/16d3ff9ee95b02e7ab81620cdedc4388.png?w=350","https://i2c.seadn.io/ethereum/0xbe85fbd182af91290be7293438ae67549638189f/16d3ff9ee95b02e7ab81620cdedc4388.png","IMAGE_ALREADY_EXISTS","HTML_NO_CHANGE","","Repaired."
"9120","9120","RE-009850","Light Cult Crypto Club #9120","D:\github\ron-english-light-cult-9001-10000\items\lccc-9120.html","D:\github\ron-english-light-cult-9001-10000\images\9101-9200\LCCC-9120.png","../images/9101-9200/LCCC-9120.png","https://i2c.seadn.io/ethereum/0xbe85fbd182af91290be7293438ae67549638189f/31e7341986a1b09146809b37337c6587.png?w=350","https://i2c.seadn.io/ethereum/0xbe85fbd182af91290be7293438ae67549638189f/31e7341986a1b09146809b37337c6587.png","IMAGE_ALREADY_EXISTS","HTML_NO_CHANGE","","Repaired."
"9121","9121","RE-009851","Light Cult Crypto Club #9121","D:\github\ron-english-light-cult-9001-10000\items\lccc-9121.html","D:\github\ron-english-light-cult-9001-10000\images\9101-9200\LCCC-9121.png","../images/9101-9200/LCCC-9121.png","https://i2c.seadn.io/ethereum/0xbe85fbd182af91290be7293438ae67549638189f/f04ca95a62676d8f7956114266d31190.png?w=350","https://i2c.seadn.io/ethereum/0xbe85fbd182af91290be7293438ae67549638189f/f04ca95a62676d8f7956114266d31190.png","IMAGE_ALREADY_EXISTS","HTML_NO_CHANGE","","Repaired."
"9123","9123","RE-009852","Light Cult Crypto Club #9123","D:\github\ron-english-light-cult-9001-10000\items\lccc-9123.html","D:\github\ron-english-light-cult-9001-10000\images\9101-9200\LCCC-9123.png","../images/9101-9200/LCCC-9123.png","https://i2c.seadn.io/ethereum/0xbe85fbd182af91290be7293438ae67549638189f/5d9efe79807c612a7c7fcbf1260af916.png?w=350","https://i2c.seadn.io/ethereum/0xbe85fbd182af91290be7293438ae67549638189f/5d9efe79807c612a7c7fcbf1260af916.png","IMAGE_ALREADY_EXISTS","HTML_NO_CHANGE","","Repaired."
"9124","9124","RE-009853","Light Cult Crypto Club #9124","D:\github\ron-english-light-cult-9001-10000\items\lccc-9124.html","D:\github\ron-english-light-cult-9001-10000\images\9101-9200\LCCC-9124.png","../images/9101-9200/LCCC-9124.png","https://i2c.seadn.io/ethereum/0xbe85fbd182af91290be7293438ae67549638189f/3bac768b49fcea1c54e77c3e3a6c8a30.png?w=350","https://i2c.seadn.io/ethereum/0xbe85fbd182af91290be7293438ae67549638189f/3bac768b49fcea1c54e77c3e3a6c8a30.png","IMAGE_ALREADY_EXISTS","HTML_NO_CHANGE","","Repaired."
"9125","9125","RE-009854","Light Cult Crypto Club #9125","D:\github\ron-english-light-cult-9001-10000\items\lccc-9125.html","D:\github\ron-english-light-cult-9001-10000\images\9101-9200\LCCC-9125.png","../images/9101-9200/LCCC-9125.png","https://i2c.seadn.io/ethereum/0xbe85fbd182af91290be7293438ae67549638189f/e6764a42d060defb37e895e0c1b25e57.png?w=350","https://i2c.seadn.io/ethereum/0xbe85fbd182af91290be7293438ae67549638189f/e6764a42d060defb37e895e0c1b25e57.png","IMAGE_ALREADY_EXISTS","HTML_NO_CHANGE","","Repaired."
"9126","9126","RE-009855","Light Cult Crypto Club #9126","D:\github\ron-english-light-cult-9001-10000\items\lccc-9126.html","D:\github\ron-english-light-cult-9001-10000\images\9101-9200\LCCC-9126.png","../images/9101-9200/LCCC-9126.png","https://i2c.seadn.io/ethereum/0xbe85fbd182af91290be7293438ae67549638189f/28377ec29eea57abacf2884071ad76c0.png?w=350","https://i2c.seadn.io/ethereum/0xbe85fbd182af91290be7293438ae67549638189f/28377ec29eea57abacf2884071ad76c0.png","IMAGE_ALREADY_EXISTS","HTML_NO_CHANGE","","Repaired."
"9127","9127","RE-009856","Light Cult Crypto Club #9127","D:\github\ron-english-light-cult-9001-10000\items\lccc-9127.html","D:\github\ron-english-light-cult-9001-10000\images\9101-9200\LCCC-9127.png","../images/9101-9200/LCCC-9127.png","https://i2c.seadn.io/ethereum/0xbe85fbd182af91290be7293438ae67549638189f/b056404442757b38f376ad52c0610e28.png?w=350","https://i2c.seadn.io/ethereum/0xbe85fbd182af91290be7293438ae67549638189f/b056404442757b38f376ad52c0610e28.png","IMAGE_ALREADY_EXISTS","HTML_NO_CHANGE","","Repaired."
"9128","9128","RE-009857","Light Cult Crypto Club #9128","D:\github\ron-english-light-cult-9001-10000\items\lccc-9128.html","D:\github\ron-english-light-cult-9001-10000\images\9101-9200\LCCC-9128.png","../images/9101-9200/LCCC-9128.png","https://i2c.seadn.io/ethereum/0xbe85fbd182af91290be7293438ae67549638189f/4403cb69979853d0e4d4a583429c58b6.png?w=350","https://i2c.seadn.io/ethereum/0xbe85fbd182af91290be7293438ae67549638189f/4403cb69979853d0e4d4a583429c58b6.png","IMAGE_ALREADY_EXISTS","HTML_NO_CHANGE","","Repaired."
"9129","9129","RE-009858","Light Cult Crypto Club #9129","D:\github\ron-english-light-cult-9001-10000\items\lccc-9129.html","D:\github\ron-english-light-cult-9001-10000\images\9101-9200\LCCC-9129.png","../images/9101-9200/LCCC-9129.png","https://i2c.seadn.io/ethereum/0xbe85fbd182af91290be7293438ae67549638189f/e956b248ee27cb106e1a2037553b5712.png?w=350","https://i2c.seadn.io/ethereum/0xbe85fbd182af91290be7293438ae67549638189f/e956b248ee27cb106e1a2037553b5712.png","IMAGE_ALREADY_EXISTS","HTML_NO_CHANGE","","Repaired."
"9130","9130","RE-009859","Light Cult Crypto Club #9130","D:\github\ron-english-light-cult-9001-10000\items\lccc-9130.html","D:\github\ron-english-light-cult-9001-10000\images\9101-9200\LCCC-9130.png","../images/9101-9200/LCCC-9130.png","https://i2c.seadn.io/ethereum/0xbe85fbd182af91290be7293438ae67549638189f/de5b816a21b2602f91ef495d50764b05.png?w=350","https://i2c.seadn.io/ethereum/0xbe85fbd182af91290be7293438ae67549638189f/de5b816a21b2602f91ef495d50764b05.png","IMAGE_ALREADY_EXISTS","HTML_NO_CHANGE","","Repaired."
"9131","9131","RE-009860","Light Cult Crypto Club #9131","D:\github\ron-english-light-cult-9001-10000\items\lccc-9131.html","D:\github\ron-english-light-cult-9001-10000\images\9101-9200\LCCC-9131.png","../images/9101-9200/LCCC-9131.png","https://i2c.seadn.io/ethereum/0xbe85fbd182af91290be7293438ae67549638189f/2cb686f88a84db9db7ed3c03fc67386a.png?w=350","https://i2c.seadn.io/ethereum/0xbe85fbd182af91290be7293438ae67549638189f/2cb686f88a84db9db7ed3c03fc67386a.png","IMAGE_ALREADY_EXISTS","HTML_NO_CHANGE","","Repaired."
"9132","9132","RE-009861","Light Cult Crypto Club #9132","D:\github\ron-english-light-cult-9001-10000\items\lccc-9132.html","D:\github\ron-english-light-cult-9001-10000\images\9101-9200\LCCC-9132.png","../images/9101-9200/LCCC-9132.png","https://i2c.seadn.io/ethereum/0xbe85fbd182af91290be7293438ae67549638189f/b05907d917fce4c5f0c818166d284c00.png?w=350","https://i2c.seadn.io/ethereum/0xbe85fbd182af91290be7293438ae67549638189f/b05907d917fce4c5f0c818166d284c00.png","IMAGE_ALREADY_EXISTS","HTML_NO_CHANGE","","Repaired."
"9133","9133","RE-009862","Light Cult Crypto Club #9133","D:\github\ron-english-light-cult-9001-10000\items\lccc-9133.html","D:\github\ron-english-light-cult-9001-10000\images\9101-9200\LCCC-9133.png","../images/9101-9200/LCCC-9133.png","https://i2c.seadn.io/ethereum/0xbe85fbd182af91290be7293438ae67549638189f/5a93984f048a040f9e0aecfbc1c7ea82.png?w=350","https://i2c.seadn.io/ethereum/0xbe85fbd182af91290be7293438ae67549638189f/5a93984f048a040f9e0aecfbc1c7ea82.png","IMAGE_ALREADY_EXISTS","HTML_NO_CHANGE","","Repaired."
"9134","9134","RE-009863","Light Cult Crypto Club #9134","D:\github\ron-english-light-cult-9001-10000\items\lccc-9134.html","D:\github\ron-english-light-cult-9001-10000\images\9101-9200\LCCC-9134.png","../images/9101-9200/LCCC-9134.png","https://i2c.seadn.io/ethereum/0xbe85fbd182af91290be7293438ae67549638189f/d4bfbe5f14a06980f77ece99e138e723.png?w=350","https://i2c.seadn.io/ethereum/0xbe85fbd182af91290be7293438ae67549638189f/d4bfbe5f14a06980f77ece99e138e723.png","IMAGE_ALREADY_EXISTS","HTML_NO_CHANGE","","Repaired."
"9135","9135","RE-009864","Light Cult Crypto Club #9135","D:\github\ron-english-light-cult-9001-10000\items\lccc-9135.html","D:\github\ron-english-light-cult-9001-10000\images\9101-9200\LCCC-9135.png","../images/9101-9200/LCCC-9135.png","https://i2c.seadn.io/ethereum/0xbe85fbd182af91290be7293438ae67549638189f/9c5e670c2e4ad7f74dcc8459d8242802.png?w=350","https://i2c.seadn.io/ethereum/0xbe85fbd182af91290be7293438ae67549638189f/9c5e670c2e4ad7f74dcc8459d8242802.png","IMAGE_ALREADY_EXISTS","HTML_NO_CHANGE","","Repaired."
"9136","9136","RE-009865","Light Cult Crypto Club #9136","D:\github\ron-english-light-cult-9001-10000\items\lccc-9136.html","D:\github\ron-english-light-cult-9001-10000\images\9101-9200\LCCC-9136.png","../images/9101-9200/LCCC-9136.png","https://i2c.seadn.io/ethereum/0xbe85fbd182af91290be7293438ae67549638189f/9572b7aea6d0bdfecb58649ae8f962c8.png?w=350","https://i2c.seadn.io/ethereum/0xbe85fbd182af91290be7293438ae67549638189f/9572b7aea6d0bdfecb58649ae8f962c8.png","IMAGE_ALREADY_EXISTS","HTML_NO_CHANGE","","Repaired."
"9137","9137","RE-009866","Light Cult Crypto Club #9137","D:\github\ron-english-light-cult-9001-10000\items\lccc-9137.html","D:\github\ron-english-light-cult-9001-10000\images\9101-9200\LCCC-9137.png","../images/9101-9200/LCCC-9137.png","https://i2c.seadn.io/ethereum/0xbe85fbd182af91290be7293438ae67549638189f/023da53a54fc07939be38a619f570f7c.png?w=350","https://i2c.seadn.io/ethereum/0xbe85fbd182af91290be7293438ae67549638189f/023da53a54fc07939be38a619f570f7c.png","IMAGE_ALREADY_EXISTS","HTML_NO_CHANGE","","Repaired."
"9138","9138","RE-009867","Light Cult Crypto Club #9138","D:\github\ron-english-light-cult-9001-10000\items\lccc-9138.html","D:\github\ron-english-light-cult-9001-10000\images\9101-9200\LCCC-9138.png","../images/9101-9200/LCCC-9138.png","https://i2c.seadn.io/ethereum/0xbe85fbd182af91290be7293438ae67549638189f/5a55d59120c626f2ccc9ce7b7e087345.png?w=350","https://i2c.seadn.io/ethereum/0xbe85fbd182af91290be7293438ae67549638189f/5a55d59120c626f2ccc9ce7b7e087345.png","IMAGE_ALREADY_EXISTS","HTML_NO_CHANGE","","Repaired."
"9139","9139","RE-009868","Light Cult Crypto Club #9139","D:\github\ron-english-light-cult-9001-10000\items\lccc-9139.html","D:\github\ron-english-light-cult-9001-10000\images\9101-9200\LCCC-9139.png","../images/9101-9200/LCCC-9139.png","https://i2c.seadn.io/ethereum/0xbe85fbd182af91290be7293438ae67549638189f/875a2c8caf881b4d6dbd8437cf5de347.png?w=350","https://i2c.seadn.io/ethereum/0xbe85fbd182af91290be7293438ae67549638189f/875a2c8caf881b4d6dbd8437cf5de347.png","IMAGE_ALREADY_EXISTS","HTML_NO_CHANGE","","Repaired."
"9141","9141","RE-009869","Light Cult Crypto Club #9141","D:\github\ron-english-light-cult-9001-10000\items\lccc-9141.html","D:\github\ron-english-light-cult-9001-10000\images\9101-9200\LCCC-9141.png","../images/9101-9200/LCCC-9141.png","https://i2c.seadn.io/ethereum/0xbe85fbd182af91290be7293438ae67549638189f/4934936f3da853a40e35e2e338e9c3f4.png?w=350","https://i2c.seadn.io/ethereum/0xbe85fbd182af91290be7293438ae67549638189f/4934936f3da853a40e35e2e338e9c3f4.png","IMAGE_ALREADY_EXISTS","HTML_NO_CHANGE","","Repaired."
"9142","9142","RE-009870","Light Cult Crypto Club #9142","D:\github\ron-english-light-cult-9001-10000\items\lccc-9142.html","D:\github\ron-english-light-cult-9001-10000\images\9101-9200\LCCC-9142.png","../images/9101-9200/LCCC-9142.png","https://i2c.seadn.io/ethereum/0xbe85fbd182af91290be7293438ae67549638189f/779cd1bf680283ff6edc61676f52fd6f.png?w=350","https://i2c.seadn.io/ethereum/0xbe85fbd182af91290be7293438ae67549638189f/779cd1bf680283ff6edc61676f52fd6f.png","IMAGE_ALREADY_EXISTS","HTML_NO_CHANGE","","Repaired."
"9143","9143","RE-009871","Light Cult Crypto Club #9143","D:\github\ron-english-light-cult-9001-10000\items\lccc-9143.html","D:\github\ron-english-light-cult-9001-10000\images\9101-9200\LCCC-9143.png","../images/9101-9200/LCCC-9143.png","https://i2c.seadn.io/ethereum/0xbe85fbd182af91290be7293438ae67549638189f/8c7994a31c38033c85a796ed5e58113a.png?w=350","https://i2c.seadn.io/ethereum/0xbe85fbd182af91290be7293438ae67549638189f/8c7994a31c38033c85a796ed5e58113a.png","IMAGE_ALREADY_EXISTS","HTML_NO_CHANGE","","Repaired."
"9145","9145","RE-009872","Light Cult Crypto Club #9145","D:\github\ron-english-light-cult-9001-10000\items\lccc-9145.html","D:\github\ron-english-light-cult-9001-10000\images\9101-9200\LCCC-9145.png","../images/9101-9200/LCCC-9145.png","https://i2c.seadn.io/ethereum/0xbe85fbd182af91290be7293438ae67549638189f/72f7109aca435af44c60660021fd32dd.png?w=350","https://i2c.seadn.io/ethereum/0xbe85fbd182af91290be7293438ae67549638189f/72f7109aca435af44c60660021fd32dd.png","IMAGE_ALREADY_EXISTS","HTML_NO_CHANGE","","Repaired."
"9146","9146","RE-009873","Light Cult Crypto Club #9146","D:\github\ron-english-light-cult-9001-10000\items\lccc-9146.html","D:\github\ron-english-light-cult-9001-10000\images\9101-9200\LCCC-9146.png","../images/9101-9200/LCCC-9146.png","https://i2c.seadn.io/ethereum/0xbe85fbd182af91290be7293438ae67549638189f/da1c4766e095cbf7d2eecedc073dffe9.png?w=350","https://i2c.seadn.io/ethereum/0xbe85fbd182af91290be7293438ae67549638189f/da1c4766e095cbf7d2eecedc073dffe9.png","IMAGE_ALREADY_EXISTS","HTML_NO_CHANGE","","Repaired."
"9147","9147","RE-009874","Light Cult Crypto Club #9147","D:\github\ron-english-light-cult-9001-10000\items\lccc-9147.html","D:\github\ron-english-light-cult-9001-10000\images\9101-9200\LCCC-9147.png","../images/9101-9200/LCCC-9147.png","https://i2c.seadn.io/ethereum/0xbe85fbd182af91290be7293438ae67549638189f/e1f7fcb16b35d35d5d0de09b05cf039e.png?w=350","https://i2c.seadn.io/ethereum/0xbe85fbd182af91290be7293438ae67549638189f/e1f7fcb16b35d35d5d0de09b05cf039e.png","IMAGE_ALREADY_EXISTS","HTML_NO_CHANGE","","Repaired."
"9148","9148","RE-009875","Light Cult Crypto Club #9148","D:\github\ron-english-light-cult-9001-10000\items\lccc-9148.html","D:\github\ron-english-light-cult-9001-10000\images\9101-9200\LCCC-9148.png","../images/9101-9200/LCCC-9148.png","https://i2c.seadn.io/ethereum/0xbe85fbd182af91290be7293438ae67549638189f/78d28c6b80c628f9724886a2624e0ff5.png?w=350","https://i2c.seadn.io/ethereum/0xbe85fbd182af91290be7293438ae67549638189f/78d28c6b80c628f9724886a2624e0ff5.png","IMAGE_ALREADY_EXISTS","HTML_NO_CHANGE","","Repaired."
"9149","9149","RE-009876","Light Cult Crypto Club #9149","D:\github\ron-english-light-cult-9001-10000\items\lccc-9149.html","D:\github\ron-english-light-cult-9001-10000\images\9101-9200\LCCC-9149.png","../images/9101-9200/LCCC-9149.png","https://i2c.seadn.io/ethereum/0xbe85fbd182af91290be7293438ae67549638189f/ffe0d9bb3347272c5a00451244daabe8.png?w=350","https://i2c.seadn.io/ethereum/0xbe85fbd182af91290be7293438ae67549638189f/ffe0d9bb3347272c5a00451244daabe8.png","IMAGE_ALREADY_EXISTS","HTML_NO_CHANGE","","Repaired."
"9150","9150","RE-009877","Light Cult Crypto Club #9150","D:\github\ron-english-light-cult-9001-10000\items\lccc-9150.html","D:\github\ron-english-light-cult-9001-10000\images\9101-9200\LCCC-9150.png","../images/9101-9200/LCCC-9150.png","https://i2c.seadn.io/ethereum/0xbe85fbd182af91290be7293438ae67549638189f/14e15985c66c6ef2b17d8cf7daf057c2.png?w=350","https://i2c.seadn.io/ethereum/0xbe85fbd182af91290be7293438ae67549638189f/14e15985c66c6ef2b17d8cf7daf057c2.png","IMAGE_ALREADY_EXISTS","HTML_NO_CHANGE","","Repaired."
"9151","9151","RE-009878","Light Cult Crypto Club #9151","D:\github\ron-english-light-cult-9001-10000\items\lccc-9151.html","D:\github\ron-english-light-cult-9001-10000\images\9101-9200\LCCC-9151.png","../images/9101-9200/LCCC-9151.png","https://i2c.seadn.io/ethereum/0xbe85fbd182af91290be7293438ae67549638189f/038460f8e8f32e414f395599f5019bf8.png?w=350","https://i2c.seadn.io/ethereum/0xbe85fbd182af91290be7293438ae67549638189f/038460f8e8f32e414f395599f5019bf8.png","IMAGE_ALREADY_EXISTS","HTML_NO_CHANGE","","Repaired."
"9152","9152","RE-009879","Light Cult Crypto Club #9152","D:\github\ron-english-light-cult-9001-10000\items\lccc-9152.html","D:\github\ron-english-light-cult-9001-10000\images\9101-9200\LCCC-9152.png","../images/9101-9200/LCCC-9152.png","https://i2c.seadn.io/ethereum/0xbe85fbd182af91290be7293438ae67549638189f/d78b11221bb76fa2abd59e54a26a1b8b.png?w=350","https://i2c.seadn.io/ethereum/0xbe85fbd182af91290be7293438ae67549638189f/d78b11221bb76fa2abd59e54a26a1b8b.png","IMAGE_ALREADY_EXISTS","HTML_NO_CHANGE","","Repaired."
"9153","9153","RE-009880","Light Cult Crypto Club #9153","D:\github\ron-english-light-cult-9001-10000\items\lccc-9153.html","D:\github\ron-english-light-cult-9001-10000\images\9101-9200\LCCC-9153.png","../images/9101-9200/LCCC-9153.png","https://i2c.seadn.io/ethereum/0xbe85fbd182af91290be7293438ae67549638189f/9bf0a712f142488495f2e7d0ae41f590.png?w=350","https://i2c.seadn.io/ethereum/0xbe85fbd182af91290be7293438ae67549638189f/9bf0a712f142488495f2e7d0ae41f590.png","IMAGE_ALREADY_EXISTS","HTML_NO_CHANGE","","Repaired."
"9154","9154","RE-009881","Light Cult Crypto Club #9154","D:\github\ron-english-light-cult-9001-10000\items\lccc-9154.html","D:\github\ron-english-light-cult-9001-10000\images\9101-9200\LCCC-9154.png","../images/9101-9200/LCCC-9154.png","https://i2c.seadn.io/ethereum/0xbe85fbd182af91290be7293438ae67549638189f/2bb28bddebfb428eb2730e86d92ededf.png?w=350","https://i2c.seadn.io/ethereum/0xbe85fbd182af91290be7293438ae67549638189f/2bb28bddebfb428eb2730e86d92ededf.png","IMAGE_ALREADY_EXISTS","HTML_NO_CHANGE","","Repaired."
"9155","9155","RE-009882","Light Cult Crypto Club #9155","D:\github\ron-english-light-cult-9001-10000\items\lccc-9155.html","D:\github\ron-english-light-cult-9001-10000\images\9101-9200\LCCC-9155.png","../images/9101-9200/LCCC-9155.png","https://i2c.seadn.io/ethereum/0xbe85fbd182af91290be7293438ae67549638189f/3aa0a0dc71dda571602203908605fa35.png?w=350","https://i2c.seadn.io/ethereum/0xbe85fbd182af91290be7293438ae67549638189f/3aa0a0dc71dda571602203908605fa35.png","IMAGE_ALREADY_EXISTS","HTML_NO_CHANGE","","Repaired."
"9156","9156","RE-009883","Light Cult Crypto Club #9156","D:\github\ron-english-light-cult-9001-10000\items\lccc-9156.html","D:\github\ron-english-light-cult-9001-10000\images\9101-9200\LCCC-9156.png","../images/9101-9200/LCCC-9156.png","https://i2c.seadn.io/ethereum/0xbe85fbd182af91290be7293438ae67549638189f/36f8827bb615ad93eed673d4e4140835.png?w=350","https://i2c.seadn.io/ethereum/0xbe85fbd182af91290be7293438ae67549638189f/36f8827bb615ad93eed673d4e4140835.png","IMAGE_ALREADY_EXISTS","HTML_NO_CHANGE","","Repaired."
"9157","9157","RE-009884","Light Cult Crypto Club #9157","D:\github\ron-english-light-cult-9001-10000\items\lccc-9157.html","D:\github\ron-english-light-cult-9001-10000\images\9101-9200\LCCC-9157.png","../images/9101-9200/LCCC-9157.png","https://i2c.seadn.io/ethereum/0xbe85fbd182af91290be7293438ae67549638189f/6ff574d429b231cf6b2e7fcbf267ee66.png?w=350","https://i2c.seadn.io/ethereum/0xbe85fbd182af91290be7293438ae67549638189f/6ff574d429b231cf6b2e7fcbf267ee66.png","IMAGE_ALREADY_EXISTS","HTML_NO_CHANGE","","Repaired."
"9158","9158","RE-009885","Light Cult Crypto Club #9158","D:\github\ron-english-light-cult-9001-10000\items\lccc-9158.html","D:\github\ron-english-light-cult-9001-10000\images\9101-9200\LCCC-9158.png","../images/9101-9200/LCCC-9158.png","https://i2c.seadn.io/ethereum/0xbe85fbd182af91290be7293438ae67549638189f/43eb05671eb46ffecb00a4d43c5e9201.png?w=350","https://i2c.seadn.io/ethereum/0xbe85fbd182af91290be7293438ae67549638189f/43eb05671eb46ffecb00a4d43c5e9201.png","IMAGE_ALREADY_EXISTS","HTML_NO_CHANGE","","Repaired."
"9159","9159","RE-009886","Light Cult Crypto Club #9159","D:\github\ron-english-light-cult-9001-10000\items\lccc-9159.html","D:\github\ron-english-light-cult-9001-10000\images\9101-9200\LCCC-9159.png","../images/9101-9200/LCCC-9159.png","https://i2c.seadn.io/ethereum/0xbe85fbd182af91290be7293438ae67549638189f/be0e1680437306eda1f841bccea1f016.png?w=350","https://i2c.seadn.io/ethereum/0xbe85fbd182af91290be7293438ae67549638189f/be0e1680437306eda1f841bccea1f016.png","IMAGE_ALREADY_EXISTS","HTML_NO_CHANGE","","Repaired."
"9160","9160","RE-009887","Light Cult Crypto Club #9160","D:\github\ron-english-light-cult-9001-10000\items\lccc-9160.html","D:\github\ron-english-light-cult-9001-10000\images\9101-9200\LCCC-9160.png","../images/9101-9200/LCCC-9160.png","https://i2c.seadn.io/ethereum/0xbe85fbd182af91290be7293438ae67549638189f/1ce3758118e13c418b5b9bb3b9f8383e.png?w=350","https://i2c.seadn.io/ethereum/0xbe85fbd182af91290be7293438ae67549638189f/1ce3758118e13c418b5b9bb3b9f8383e.png","IMAGE_ALREADY_EXISTS","HTML_NO_CHANGE","","Repaired."
"9161","9161","RE-009888","Light Cult Crypto Club #9161","D:\github\ron-english-light-cult-9001-10000\items\lccc-9161.html","D:\github\ron-english-light-cult-9001-10000\images\9101-9200\LCCC-9161.png","../images/9101-9200/LCCC-9161.png","https://i2c.seadn.io/ethereum/0xbe85fbd182af91290be7293438ae67549638189f/d0fbe111396ce4beba34aef06c066185.png?w=350","https://i2c.seadn.io/ethereum/0xbe85fbd182af91290be7293438ae67549638189f/d0fbe111396ce4beba34aef06c066185.png","IMAGE_ALREADY_EXISTS","HTML_NO_CHANGE","","Repaired."
"9162","9162","RE-009889","Light Cult Crypto Club #9162","D:\github\ron-english-light-cult-9001-10000\items\lccc-9162.html","D:\github\ron-english-light-cult-9001-10000\images\9101-9200\LCCC-9162.png","../images/9101-9200/LCCC-9162.png","https://i2c.seadn.io/ethereum/0xbe85fbd182af91290be7293438ae67549638189f/c1a44955191cd9d2dc54c7c3662cf740.png?w=350","https://i2c.seadn.io/ethereum/0xbe85fbd182af91290be7293438ae67549638189f/c1a44955191cd9d2dc54c7c3662cf740.png","IMAGE_ALREADY_EXISTS","HTML_NO_CHANGE","","Repaired."
"9165","9165","RE-009890","Light Cult Crypto Club #9165","D:\github\ron-english-light-cult-9001-10000\items\lccc-9165.html","D:\github\ron-english-light-cult-9001-10000\images\9101-9200\LCCC-9165.png","../images/9101-9200/LCCC-9165.png","https://i2c.seadn.io/ethereum/0xbe85fbd182af91290be7293438ae67549638189f/d0ea83751765d557347efc0f222771c3.png?w=350","https://i2c.seadn.io/ethereum/0xbe85fbd182af91290be7293438ae67549638189f/d0ea83751765d557347efc0f222771c3.png","IMAGE_ALREADY_EXISTS","HTML_NO_CHANGE","","Repaired."
"9166","9166","RE-009891","Light Cult Crypto Club #9166","D:\github\ron-english-light-cult-9001-10000\items\lccc-9166.html","D:\github\ron-english-light-cult-9001-10000\images\9101-9200\LCCC-9166.png","../images/9101-9200/LCCC-9166.png","https://i2c.seadn.io/ethereum/0xbe85fbd182af91290be7293438ae67549638189f/00a221dc5fa02cc701289145ebe9d395.png?w=350","https://i2c.seadn.io/ethereum/0xbe85fbd182af91290be7293438ae67549638189f/00a221dc5fa02cc701289145ebe9d395.png","IMAGE_ALREADY_EXISTS","HTML_NO_CHANGE","","Repaired."
"9167","9167","RE-009892","Light Cult Crypto Club #9167","D:\github\ron-english-light-cult-9001-10000\items\lccc-9167.html","D:\github\ron-english-light-cult-9001-10000\images\9101-9200\LCCC-9167.png","../images/9101-9200/LCCC-9167.png","https://i2c.seadn.io/ethereum/0xbe85fbd182af91290be7293438ae67549638189f/c50498c274cd2b832efca94c962b7d83.png?w=350","https://i2c.seadn.io/ethereum/0xbe85fbd182af91290be7293438ae67549638189f/c50498c274cd2b832efca94c962b7d83.png","IMAGE_ALREADY_EXISTS","HTML_NO_CHANGE","","Repaired."
"9168","9168","RE-009893","Light Cult Crypto Club #9168","D:\github\ron-english-light-cult-9001-10000\items\lccc-9168.html","D:\github\ron-english-light-cult-9001-10000\images\9101-9200\LCCC-9168.png","../images/9101-9200/LCCC-9168.png","https://i2c.seadn.io/ethereum/0xbe85fbd182af91290be7293438ae67549638189f/d6843e88ecf70dacf7f41bb7e6a5d31f.png?w=350","https://i2c.seadn.io/ethereum/0xbe85fbd182af91290be7293438ae67549638189f/d6843e88ecf70dacf7f41bb7e6a5d31f.png","IMAGE_ALREADY_EXISTS","HTML_NO_CHANGE","","Repaired."
"9170","9170","RE-009894","Light Cult Crypto Club #9170","D:\github\ron-english-light-cult-9001-10000\items\lccc-9170.html","D:\github\ron-english-light-cult-9001-10000\images\9101-9200\LCCC-9170.png","../images/9101-9200/LCCC-9170.png","https://i2c.seadn.io/ethereum/0xbe85fbd182af91290be7293438ae67549638189f/afb6c73e035c030b0c7ee3008e785cf1.png?w=350","https://i2c.seadn.io/ethereum/0xbe85fbd182af91290be7293438ae67549638189f/afb6c73e035c030b0c7ee3008e785cf1.png","IMAGE_ALREADY_EXISTS","HTML_NO_CHANGE","","Repaired."
"9172","9172","RE-009895","Light Cult Crypto Club #9172","D:\github\ron-english-light-cult-9001-10000\items\lccc-9172.html","D:\github\ron-english-light-cult-9001-10000\images\9101-9200\LCCC-9172.png","../images/9101-9200/LCCC-9172.png","https://i2c.seadn.io/ethereum/0xbe85fbd182af91290be7293438ae67549638189f/586b5d186a8bfae25d02ae190085a74c.png?w=350","https://i2c.seadn.io/ethereum/0xbe85fbd182af91290be7293438ae67549638189f/586b5d186a8bfae25d02ae190085a74c.png","IMAGE_ALREADY_EXISTS","HTML_NO_CHANGE","","Repaired."
"9173","9173","RE-009896","Light Cult Crypto Club #9173","D:\github\ron-english-light-cult-9001-10000\items\lccc-9173.html","D:\github\ron-english-light-cult-9001-10000\images\9101-9200\LCCC-9173.png","../images/9101-9200/LCCC-9173.png","https://i2c.seadn.io/ethereum/0xbe85fbd182af91290be7293438ae67549638189f/bfbcdb45788f1f3e859994eafe2023eb.png?w=350","https://i2c.seadn.io/ethereum/0xbe85fbd182af91290be7293438ae67549638189f/bfbcdb45788f1f3e859994eafe2023eb.png","IMAGE_ALREADY_EXISTS","HTML_NO_CHANGE","","Repaired."
"9174","9174","RE-009897","Light Cult Crypto Club #9174","D:\github\ron-english-light-cult-9001-10000\items\lccc-9174.html","D:\github\ron-english-light-cult-9001-10000\images\9101-9200\LCCC-9174.png","../images/9101-9200/LCCC-9174.png","https://i2c.seadn.io/ethereum/0xbe85fbd182af91290be7293438ae67549638189f/6ae19e8efc347d4421be6fab857d8ddf.png?w=350","https://i2c.seadn.io/ethereum/0xbe85fbd182af91290be7293438ae67549638189f/6ae19e8efc347d4421be6fab857d8ddf.png","IMAGE_ALREADY_EXISTS","HTML_NO_CHANGE","","Repaired."
"9175","9175","RE-009898","Light Cult Crypto Club #9175","D:\github\ron-english-light-cult-9001-10000\items\lccc-9175.html","D:\github\ron-english-light-cult-9001-10000\images\9101-9200\LCCC-9175.png","../images/9101-9200/LCCC-9175.png","https://i2c.seadn.io/ethereum/0xbe85fbd182af91290be7293438ae67549638189f/28f791b98e54d14dd77031994db6441c.png?w=350","https://i2c.seadn.io/ethereum/0xbe85fbd182af91290be7293438ae67549638189f/28f791b98e54d14dd77031994db6441c.png","IMAGE_ALREADY_EXISTS","HTML_NO_CHANGE","","Repaired."
"9176","9176","RE-009899","Light Cult Crypto Club #9176","D:\github\ron-english-light-cult-9001-10000\items\lccc-9176.html","D:\github\ron-english-light-cult-9001-10000\images\9101-9200\LCCC-9176.png","../images/9101-9200/LCCC-9176.png","https://i2c.seadn.io/ethereum/0xbe85fbd182af91290be7293438ae67549638189f/006375e59dda6331320929f16feb72f7.png?w=350","https://i2c.seadn.io/ethereum/0xbe85fbd182af91290be7293438ae67549638189f/006375e59dda6331320929f16feb72f7.png","IMAGE_ALREADY_EXISTS","HTML_NO_CHANGE","","Repaired."
"9177","9177","RE-009900","Light Cult Crypto Club #9177","D:\github\ron-english-light-cult-9001-10000\items\lccc-9177.html","D:\github\ron-english-light-cult-9001-10000\images\9101-9200\LCCC-9177.png","../images/9101-9200/LCCC-9177.png","https://i2c.seadn.io/ethereum/0xbe85fbd182af91290be7293438ae67549638189f/e3e361db02e9ed52c6d67110aa30edab.png?w=350","https://i2c.seadn.io/ethereum/0xbe85fbd182af91290be7293438ae67549638189f/e3e361db02e9ed52c6d67110aa30edab.png","IMAGE_ALREADY_EXISTS","HTML_NO_CHANGE","","Repaired."
"9178","9178","RE-009901","Light Cult Crypto Club #9178","D:\github\ron-english-light-cult-9001-10000\items\lccc-9178.html","D:\github\ron-english-light-cult-9001-10000\images\9101-9200\LCCC-9178.png","../images/9101-9200/LCCC-9178.png","https://i2c.seadn.io/ethereum/0xbe85fbd182af91290be7293438ae67549638189f/e540800f2fef1d1e8a9564b1ddbdf1b3.png?w=350","https://i2c.seadn.io/ethereum/0xbe85fbd182af91290be7293438ae67549638189f/e540800f2fef1d1e8a9564b1ddbdf1b3.png","IMAGE_ALREADY_EXISTS","HTML_NO_CHANGE","","Repaired."
"9179","9179","RE-009902","Light Cult Crypto Club #9179","D:\github\ron-english-light-cult-9001-10000\items\lccc-9179.html","D:\github\ron-english-light-cult-9001-10000\images\9101-9200\LCCC-9179.png","../images/9101-9200/LCCC-9179.png","https://i2c.seadn.io/ethereum/0xbe85fbd182af91290be7293438ae67549638189f/f2c5421a55051d64cbf5d06a4054a27a.png?w=350","https://i2c.seadn.io/ethereum/0xbe85fbd182af91290be7293438ae67549638189f/f2c5421a55051d64cbf5d06a4054a27a.png","IMAGE_ALREADY_EXISTS","HTML_NO_CHANGE","","Repaired."
"9180","9180","RE-009903","Light Cult Crypto Club #9180","D:\github\ron-english-light-cult-9001-10000\items\lccc-9180.html","D:\github\ron-english-light-cult-9001-10000\images\9101-9200\LCCC-9180.png","../images/9101-9200/LCCC-9180.png","https://i2c.seadn.io/ethereum/0xbe85fbd182af91290be7293438ae67549638189f/fbf8105ce1ff93450e49a3696f7658cc.png?w=350","https://i2c.seadn.io/ethereum/0xbe85fbd182af91290be7293438ae67549638189f/fbf8105ce1ff93450e49a3696f7658cc.png","IMAGE_ALREADY_EXISTS","HTML_NO_CHANGE","","Repaired."
"9181","9181","RE-009904","Light Cult Crypto Club #9181","D:\github\ron-english-light-cult-9001-10000\items\lccc-9181.html","D:\github\ron-english-light-cult-9001-10000\images\9101-9200\LCCC-9181.png","../images/9101-9200/LCCC-9181.png","https://i2c.seadn.io/ethereum/0xbe85fbd182af91290be7293438ae67549638189f/276568c44ef82b5f4d1ed42c35e5e9b4.png?w=350","https://i2c.seadn.io/ethereum/0xbe85fbd182af91290be7293438ae67549638189f/276568c44ef82b5f4d1ed42c35e5e9b4.png","IMAGE_ALREADY_EXISTS","HTML_NO_CHANGE","","Repaired."
"9183","9183","RE-009905","Light Cult Crypto Club #9183","D:\github\ron-english-light-cult-9001-10000\items\lccc-9183.html","D:\github\ron-english-light-cult-9001-10000\images\9101-9200\LCCC-9183.png","../images/9101-9200/LCCC-9183.png","https://i2c.seadn.io/ethereum/0xbe85fbd182af91290be7293438ae67549638189f/c273feec571a2d0208b9191fd494c5dd.png?w=350","https://i2c.seadn.io/ethereum/0xbe85fbd182af91290be7293438ae67549638189f/c273feec571a2d0208b9191fd494c5dd.png","IMAGE_ALREADY_EXISTS","HTML_NO_CHANGE","","Repaired."
"9184","9184","RE-009906","Light Cult Crypto Club #9184","D:\github\ron-english-light-cult-9001-10000\items\lccc-9184.html","D:\github\ron-english-light-cult-9001-10000\images\9101-9200\LCCC-9184.png","../images/9101-9200/LCCC-9184.png","https://i2c.seadn.io/ethereum/0xbe85fbd182af91290be7293438ae67549638189f/5849b3cd506af03b54c34f7922a94550.png?w=350","https://i2c.seadn.io/ethereum/0xbe85fbd182af91290be7293438ae67549638189f/5849b3cd506af03b54c34f7922a94550.png","IMAGE_ALREADY_EXISTS","HTML_NO_CHANGE","","Repaired."
"9185","9185","RE-009907","Light Cult Crypto Club #9185","D:\github\ron-english-light-cult-9001-10000\items\lccc-9185.html","D:\github\ron-english-light-cult-9001-10000\images\9101-9200\LCCC-9185.png","../images/9101-9200/LCCC-9185.png","https://i2c.seadn.io/ethereum/0xbe85fbd182af91290be7293438ae67549638189f/89e8dc4c51be9547908c809a250e6277.png?w=350","https://i2c.seadn.io/ethereum/0xbe85fbd182af91290be7293438ae67549638189f/89e8dc4c51be9547908c809a250e6277.png","IMAGE_ALREADY_EXISTS","HTML_NO_CHANGE","","Repaired."
"9186","9186","RE-009908","Light Cult Crypto Club #9186","D:\github\ron-english-light-cult-9001-10000\items\lccc-9186.html","D:\github\ron-english-light-cult-9001-10000\images\9101-9200\LCCC-9186.png","../images/9101-9200/LCCC-9186.png","https://i2c.seadn.io/ethereum/0xbe85fbd182af91290be7293438ae67549638189f/82e26a4d2802f9190d52110abcb00bce.png?w=350","https://i2c.seadn.io/ethereum/0xbe85fbd182af91290be7293438ae67549638189f/82e26a4d2802f9190d52110abcb00bce.png","IMAGE_ALREADY_EXISTS","HTML_NO_CHANGE","","Repaired."
"9187","9187","RE-009909","Light Cult Crypto Club #9187","D:\github\ron-english-light-cult-9001-10000\items\lccc-9187.html","D:\github\ron-english-light-cult-9001-10000\images\9101-9200\LCCC-9187.png","../images/9101-9200/LCCC-9187.png","https://i2c.seadn.io/ethereum/0xbe85fbd182af91290be7293438ae67549638189f/20881621130e2b10ae7e30af0af17df8.png?w=350","https://i2c.seadn.io/ethereum/0xbe85fbd182af91290be7293438ae67549638189f/20881621130e2b10ae7e30af0af17df8.png","IMAGE_ALREADY_EXISTS","HTML_NO_CHANGE","","Repaired."
"9188","9188","RE-009910","Light Cult Crypto Club #9188","D:\github\ron-english-light-cult-9001-10000\items\lccc-9188.html","D:\github\ron-english-light-cult-9001-10000\images\9101-9200\LCCC-9188.png","../images/9101-9200/LCCC-9188.png","https://i2c.seadn.io/ethereum/0xbe85fbd182af91290be7293438ae67549638189f/3e2d9d094df794e7c2bccdbab0bb2acc.png?w=350","https://i2c.seadn.io/ethereum/0xbe85fbd182af91290be7293438ae67549638189f/3e2d9d094df794e7c2bccdbab0bb2acc.png","IMAGE_ALREADY_EXISTS","HTML_NO_CHANGE","","Repaired."
"9189","9189","RE-009911","Light Cult Crypto Club #9189","D:\github\ron-english-light-cult-9001-10000\items\lccc-9189.html","D:\github\ron-english-light-cult-9001-10000\images\9101-9200\LCCC-9189.png","../images/9101-9200/LCCC-9189.png","https://i2c.seadn.io/ethereum/0xbe85fbd182af91290be7293438ae67549638189f/419829ecb12757cbc7151c5668542bb3.png?w=350","https://i2c.seadn.io/ethereum/0xbe85fbd182af91290be7293438ae67549638189f/419829ecb12757cbc7151c5668542bb3.png","IMAGE_ALREADY_EXISTS","HTML_NO_CHANGE","","Repaired."
"9190","9190","RE-009912","Light Cult Crypto Club #9190","D:\github\ron-english-light-cult-9001-10000\items\lccc-9190.html","D:\github\ron-english-light-cult-9001-10000\images\9101-9200\LCCC-9190.png","../images/9101-9200/LCCC-9190.png","https://i2c.seadn.io/ethereum/0xbe85fbd182af91290be7293438ae67549638189f/1a5b0f81b00fb5cbd065927ac7552746.png?w=350","https://i2c.seadn.io/ethereum/0xbe85fbd182af91290be7293438ae67549638189f/1a5b0f81b00fb5cbd065927ac7552746.png","IMAGE_ALREADY_EXISTS","HTML_NO_CHANGE","","Repaired."
"9192","9192","RE-009913","Light Cult Crypto Club #9192","D:\github\ron-english-light-cult-9001-10000\items\lccc-9192.html","D:\github\ron-english-light-cult-9001-10000\images\9101-9200\LCCC-9192.png","../images/9101-9200/LCCC-9192.png","https://i2c.seadn.io/ethereum/0xbe85fbd182af91290be7293438ae67549638189f/2af12579e6882ca6592b0025826bcec2.png?w=350","https://i2c.seadn.io/ethereum/0xbe85fbd182af91290be7293438ae67549638189f/2af12579e6882ca6592b0025826bcec2.png","IMAGE_ALREADY_EXISTS","HTML_NO_CHANGE","","Repaired."
"9193","9193","RE-009914","Light Cult Crypto Club #9193","D:\github\ron-english-light-cult-9001-10000\items\lccc-9193.html","D:\github\ron-english-light-cult-9001-10000\images\9101-9200\LCCC-9193.png","../images/9101-9200/LCCC-9193.png","https://i2c.seadn.io/ethereum/0xbe85fbd182af91290be7293438ae67549638189f/f06aa68cc19d3fadce296c8802ad47f6.png?w=350","https://i2c.seadn.io/ethereum/0xbe85fbd182af91290be7293438ae67549638189f/f06aa68cc19d3fadce296c8802ad47f6.png","IMAGE_ALREADY_EXISTS","HTML_NO_CHANGE","","Repaired."
"9194","9194","RE-009915","Light Cult Crypto Club #9194","D:\github\ron-english-light-cult-9001-10000\items\lccc-9194.html","D:\github\ron-english-light-cult-9001-10000\images\9101-9200\LCCC-9194.png","../images/9101-9200/LCCC-9194.png","https://i2c.seadn.io/ethereum/0xbe85fbd182af91290be7293438ae67549638189f/12bce3ca0a24cdde5a597c6197772bcb.png?w=350","https://i2c.seadn.io/ethereum/0xbe85fbd182af91290be7293438ae67549638189f/12bce3ca0a24cdde5a597c6197772bcb.png","IMAGE_ALREADY_EXISTS","HTML_NO_CHANGE","","Repaired."
"9195","9195","RE-009916","Light Cult Crypto Club #9195","D:\github\ron-english-light-cult-9001-10000\items\lccc-9195.html","D:\github\ron-english-light-cult-9001-10000\images\9101-9200\LCCC-9195.png","../images/9101-9200/LCCC-9195.png","https://i2c.seadn.io/ethereum/0xbe85fbd182af91290be7293438ae67549638189f/c77de3d6eaec2c07ead0350cf9161a75.png?w=350","https://i2c.seadn.io/ethereum/0xbe85fbd182af91290be7293438ae67549638189f/c77de3d6eaec2c07ead0350cf9161a75.png","IMAGE_ALREADY_EXISTS","HTML_NO_CHANGE","","Repaired."
"9196","9196","RE-009917","Light Cult Crypto Club #9196","D:\github\ron-english-light-cult-9001-10000\items\lccc-9196.html","D:\github\ron-english-light-cult-9001-10000\images\9101-9200\LCCC-9196.png","../images/9101-9200/LCCC-9196.png","https://i2c.seadn.io/ethereum/0xbe85fbd182af91290be7293438ae67549638189f/1277f85cacea4c73d0a63051f7da9e38.png?w=350","https://i2c.seadn.io/ethereum/0xbe85fbd182af91290be7293438ae67549638189f/1277f85cacea4c73d0a63051f7da9e38.png","IMAGE_ALREADY_EXISTS","HTML_NO_CHANGE","","Repaired."
"9197","9197","RE-009918","Light Cult Crypto Club #9197","D:\github\ron-english-light-cult-9001-10000\items\lccc-9197.html","D:\github\ron-english-light-cult-9001-10000\images\9101-9200\LCCC-9197.png","../images/9101-9200/LCCC-9197.png","https://i2c.seadn.io/ethereum/0xbe85fbd182af91290be7293438ae67549638189f/8671195bd49c5455d32a961321697252.png?w=350","https://i2c.seadn.io/ethereum/0xbe85fbd182af91290be7293438ae67549638189f/8671195bd49c5455d32a961321697252.png","IMAGE_ALREADY_EXISTS","HTML_NO_CHANGE","","Repaired."
"9200","9200","RE-009919","Light Cult Crypto Club #9200","D:\github\ron-english-light-cult-9001-10000\items\lccc-9200.html","D:\github\ron-english-light-cult-9001-10000\images\9101-9200\LCCC-9200.png","../images/9101-9200/LCCC-9200.png","https://i2c.seadn.io/ethereum/0xbe85fbd182af91290be7293438ae67549638189f/de58eae670760e915f5011717533219d.png?w=350","https://i2c.seadn.io/ethereum/0xbe85fbd182af91290be7293438ae67549638189f/de58eae670760e915f5011717533219d.png","IMAGE_ALREADY_EXISTS","HTML_NO_CHANGE","","Repaired."
"9201","9201","RE-009920","Light Cult Crypto Club #9201","D:\github\ron-english-light-cult-9001-10000\items\lccc-9201.html","D:\github\ron-english-light-cult-9001-10000\images\9201-9300\LCCC-9201.png","../images/9201-9300/LCCC-9201.png","https://i2c.seadn.io/ethereum/0xbe85fbd182af91290be7293438ae67549638189f/c0f53c3e69174b6a22a65a730e8e5b13.png?w=350","https://i2c.seadn.io/ethereum/0xbe85fbd182af91290be7293438ae67549638189f/c0f53c3e69174b6a22a65a730e8e5b13.png","IMAGE_ALREADY_EXISTS","HTML_NO_CHANGE","","Repaired."
"9202","9202","RE-009921","Light Cult Crypto Club #9202","D:\github\ron-english-light-cult-9001-10000\items\lccc-9202.html","D:\github\ron-english-light-cult-9001-10000\images\9201-9300\LCCC-9202.png","../images/9201-9300/LCCC-9202.png","https://i2c.seadn.io/ethereum/0xbe85fbd182af91290be7293438ae67549638189f/b5250d4694d0c3cfb9588e2e0993bf28.png?w=350","https://i2c.seadn.io/ethereum/0xbe85fbd182af91290be7293438ae67549638189f/b5250d4694d0c3cfb9588e2e0993bf28.png","IMAGE_ALREADY_EXISTS","HTML_NO_CHANGE","","Repaired."
"9203","9203","RE-009922","Light Cult Crypto Club #9203","D:\github\ron-english-light-cult-9001-10000\items\lccc-9203.html","D:\github\ron-english-light-cult-9001-10000\images\9201-9300\LCCC-9203.png","../images/9201-9300/LCCC-9203.png","https://i2c.seadn.io/ethereum/0xbe85fbd182af91290be7293438ae67549638189f/8cb0259acd5ce4c3a940e63226732e4b.png?w=350","https://i2c.seadn.io/ethereum/0xbe85fbd182af91290be7293438ae67549638189f/8cb0259acd5ce4c3a940e63226732e4b.png","IMAGE_ALREADY_EXISTS","HTML_NO_CHANGE","","Repaired."
"9204","9204","RE-009923","Light Cult Crypto Club #9204","D:\github\ron-english-light-cult-9001-10000\items\lccc-9204.html","D:\github\ron-english-light-cult-9001-10000\images\9201-9300\LCCC-9204.png","../images/9201-9300/LCCC-9204.png","https://i2c.seadn.io/ethereum/0xbe85fbd182af91290be7293438ae67549638189f/02fa2b340b4186d569766d28ac605fc1.png?w=350","https://i2c.seadn.io/ethereum/0xbe85fbd182af91290be7293438ae67549638189f/02fa2b340b4186d569766d28ac605fc1.png","IMAGE_ALREADY_EXISTS","HTML_NO_CHANGE","","Repaired."
"9205","9205","RE-009924","Light Cult Crypto Club #9205","D:\github\ron-english-light-cult-9001-10000\items\lccc-9205.html","D:\github\ron-english-light-cult-9001-10000\images\9201-9300\LCCC-9205.png","../images/9201-9300/LCCC-9205.png","https://i2c.seadn.io/ethereum/0xbe85fbd182af91290be7293438ae67549638189f/7887a29e33f8f2ffc67f7ae293966530.png?w=350","https://i2c.seadn.io/ethereum/0xbe85fbd182af91290be7293438ae67549638189f/7887a29e33f8f2ffc67f7ae293966530.png","IMAGE_ALREADY_EXISTS","HTML_NO_CHANGE","","Repaired."
"9206","9206","RE-009925","Light Cult Crypto Club #9206","D:\github\ron-english-light-cult-9001-10000\items\lccc-9206.html","D:\github\ron-english-light-cult-9001-10000\images\9201-9300\LCCC-9206.png","../images/9201-9300/LCCC-9206.png","https://i2c.seadn.io/ethereum/0xbe85fbd182af91290be7293438ae67549638189f/1476a4e7cdaa3f5458fa16da4e8a6046.png?w=350","https://i2c.seadn.io/ethereum/0xbe85fbd182af91290be7293438ae67549638189f/1476a4e7cdaa3f5458fa16da4e8a6046.png","IMAGE_ALREADY_EXISTS","HTML_NO_CHANGE","","Repaired."
"9207","9207","RE-009926","Light Cult Crypto Club #9207","D:\github\ron-english-light-cult-9001-10000\items\lccc-9207.html","D:\github\ron-english-light-cult-9001-10000\images\9201-9300\LCCC-9207.png","../images/9201-9300/LCCC-9207.png","https://i2c.seadn.io/ethereum/0xbe85fbd182af91290be7293438ae67549638189f/40335e6613e311eadb248af1571c3202.png?w=350","https://i2c.seadn.io/ethereum/0xbe85fbd182af91290be7293438ae67549638189f/40335e6613e311eadb248af1571c3202.png","IMAGE_ALREADY_EXISTS","HTML_NO_CHANGE","","Repaired."
"9208","9208","RE-009927","Light Cult Crypto Club #9208","D:\github\ron-english-light-cult-9001-10000\items\lccc-9208.html","D:\github\ron-english-light-cult-9001-10000\images\9201-9300\LCCC-9208.png","../images/9201-9300/LCCC-9208.png","https://i2c.seadn.io/ethereum/0xbe85fbd182af91290be7293438ae67549638189f/59e3b55977639c39d6392167cf48ac9c.png?w=350","https://i2c.seadn.io/ethereum/0xbe85fbd182af91290be7293438ae67549638189f/59e3b55977639c39d6392167cf48ac9c.png","IMAGE_ALREADY_EXISTS","HTML_NO_CHANGE","","Repaired."
"9209","9209","RE-009928","Light Cult Crypto Club #9209","D:\github\ron-english-light-cult-9001-10000\items\lccc-9209.html","D:\github\ron-english-light-cult-9001-10000\images\9201-9300\LCCC-9209.png","../images/9201-9300/LCCC-9209.png","https://i2c.seadn.io/ethereum/0xbe85fbd182af91290be7293438ae67549638189f/0268a1613a1cdd7b5856873a4a1cd724.png?w=350","https://i2c.seadn.io/ethereum/0xbe85fbd182af91290be7293438ae67549638189f/0268a1613a1cdd7b5856873a4a1cd724.png","IMAGE_ALREADY_EXISTS","HTML_NO_CHANGE","","Repaired."
"9210","9210","RE-009929","Light Cult Crypto Club #9210","D:\github\ron-english-light-cult-9001-10000\items\lccc-9210.html","D:\github\ron-english-light-cult-9001-10000\images\9201-9300\LCCC-9210.png","../images/9201-9300/LCCC-9210.png","https://i2c.seadn.io/ethereum/0xbe85fbd182af91290be7293438ae67549638189f/49d97609318311b154e70c4a0cb9ad70.png?w=350","https://i2c.seadn.io/ethereum/0xbe85fbd182af91290be7293438ae67549638189f/49d97609318311b154e70c4a0cb9ad70.png","IMAGE_ALREADY_EXISTS","HTML_NO_CHANGE","","Repaired."
"9211","9211","RE-009930","Light Cult Crypto Club #9211","D:\github\ron-english-light-cult-9001-10000\items\lccc-9211.html","D:\github\ron-english-light-cult-9001-10000\images\9201-9300\LCCC-9211.png","../images/9201-9300/LCCC-9211.png","https://i2c.seadn.io/ethereum/0xbe85fbd182af91290be7293438ae67549638189f/19f6df0c5c5632eb1f6bd9ade5e68d12.png?w=350","https://i2c.seadn.io/ethereum/0xbe85fbd182af91290be7293438ae67549638189f/19f6df0c5c5632eb1f6bd9ade5e68d12.png","IMAGE_ALREADY_EXISTS","HTML_NO_CHANGE","","Repaired."
"9212","9212","RE-009931","Light Cult Crypto Club #9212","D:\github\ron-english-light-cult-9001-10000\items\lccc-9212.html","D:\github\ron-english-light-cult-9001-10000\images\9201-9300\LCCC-9212.png","../images/9201-9300/LCCC-9212.png","https://i2c.seadn.io/ethereum/0xbe85fbd182af91290be7293438ae67549638189f/65d998b867c6ab5a1659075caed7ae4a.png?w=350","https://i2c.seadn.io/ethereum/0xbe85fbd182af91290be7293438ae67549638189f/65d998b867c6ab5a1659075caed7ae4a.png","IMAGE_ALREADY_EXISTS","HTML_NO_CHANGE","","Repaired."
"9213","9213","RE-009932","Light Cult Crypto Club #9213","D:\github\ron-english-light-cult-9001-10000\items\lccc-9213.html","D:\github\ron-english-light-cult-9001-10000\images\9201-9300\LCCC-9213.png","../images/9201-9300/LCCC-9213.png","https://i2c.seadn.io/ethereum/0xbe85fbd182af91290be7293438ae67549638189f/5a3583b12b719238c147f5d605eab6b0.png?w=350","https://i2c.seadn.io/ethereum/0xbe85fbd182af91290be7293438ae67549638189f/5a3583b12b719238c147f5d605eab6b0.png","IMAGE_ALREADY_EXISTS","HTML_NO_CHANGE","","Repaired."
"9214","9214","RE-009933","Light Cult Crypto Club #9214","D:\github\ron-english-light-cult-9001-10000\items\lccc-9214.html","D:\github\ron-english-light-cult-9001-10000\images\9201-9300\LCCC-9214.png","../images/9201-9300/LCCC-9214.png","https://i2c.seadn.io/ethereum/0xbe85fbd182af91290be7293438ae67549638189f/208443e32242cfa44d4d6a9264c2a14c.png?w=350","https://i2c.seadn.io/ethereum/0xbe85fbd182af91290be7293438ae67549638189f/208443e32242cfa44d4d6a9264c2a14c.png","IMAGE_ALREADY_EXISTS","HTML_NO_CHANGE","","Repaired."
"9215","9215","RE-009934","Light Cult Crypto Club #9215","D:\github\ron-english-light-cult-9001-10000\items\lccc-9215.html","D:\github\ron-english-light-cult-9001-10000\images\9201-9300\LCCC-9215.png","../images/9201-9300/LCCC-9215.png","https://i2c.seadn.io/ethereum/0xbe85fbd182af91290be7293438ae67549638189f/5cd13dc381674542d7d2d31fb632c1e6.png?w=350","https://i2c.seadn.io/ethereum/0xbe85fbd182af91290be7293438ae67549638189f/5cd13dc381674542d7d2d31fb632c1e6.png","IMAGE_ALREADY_EXISTS","HTML_NO_CHANGE","","Repaired."
"9217","9217","RE-009935","Light Cult Crypto Club #9217","D:\github\ron-english-light-cult-9001-10000\items\lccc-9217.html","D:\github\ron-english-light-cult-9001-10000\images\9201-9300\LCCC-9217.png","../images/9201-9300/LCCC-9217.png","https://i2c.seadn.io/ethereum/0xbe85fbd182af91290be7293438ae67549638189f/85dc52c763b9a8154b6bd4bc9bc1cd37.png?w=350","https://i2c.seadn.io/ethereum/0xbe85fbd182af91290be7293438ae67549638189f/85dc52c763b9a8154b6bd4bc9bc1cd37.png","IMAGE_ALREADY_EXISTS","HTML_NO_CHANGE","","Repaired."
"9218","9218","RE-009936","Light Cult Crypto Club #9218","D:\github\ron-english-light-cult-9001-10000\items\lccc-9218.html","D:\github\ron-english-light-cult-9001-10000\images\9201-9300\LCCC-9218.png","../images/9201-9300/LCCC-9218.png","https://i2c.seadn.io/ethereum/0xbe85fbd182af91290be7293438ae67549638189f/3fd6b887b828a241ff62d95ced294d27.png?w=350","https://i2c.seadn.io/ethereum/0xbe85fbd182af91290be7293438ae67549638189f/3fd6b887b828a241ff62d95ced294d27.png","IMAGE_ALREADY_EXISTS","HTML_NO_CHANGE","","Repaired."
"9219","9219","RE-009937","Light Cult Crypto Club #9219","D:\github\ron-english-light-cult-9001-10000\items\lccc-9219.html","D:\github\ron-english-light-cult-9001-10000\images\9201-9300\LCCC-9219.png","../images/9201-9300/LCCC-9219.png","https://i2c.seadn.io/ethereum/0xbe85fbd182af91290be7293438ae67549638189f/e43d237f751072969c0964b5f1d57c94.png?w=350","https://i2c.seadn.io/ethereum/0xbe85fbd182af91290be7293438ae67549638189f/e43d237f751072969c0964b5f1d57c94.png","IMAGE_ALREADY_EXISTS","HTML_NO_CHANGE","","Repaired."
"9220","9220","RE-009938","Light Cult Crypto Club #9220","D:\github\ron-english-light-cult-9001-10000\items\lccc-9220.html","D:\github\ron-english-light-cult-9001-10000\images\9201-9300\LCCC-9220.png","../images/9201-9300/LCCC-9220.png","https://i2c.seadn.io/ethereum/0xbe85fbd182af91290be7293438ae67549638189f/8b7b890b5a4c5bb026e32c6cef6159dc.png?w=350","https://i2c.seadn.io/ethereum/0xbe85fbd182af91290be7293438ae67549638189f/8b7b890b5a4c5bb026e32c6cef6159dc.png","IMAGE_ALREADY_EXISTS","HTML_NO_CHANGE","","Repaired."
"9221","9221","RE-009939","Light Cult Crypto Club #9221","D:\github\ron-english-light-cult-9001-10000\items\lccc-9221.html","D:\github\ron-english-light-cult-9001-10000\images\9201-9300\LCCC-9221.png","../images/9201-9300/LCCC-9221.png","https://i2c.seadn.io/ethereum/0xbe85fbd182af91290be7293438ae67549638189f/dd3bb76aa6c2de873c4c9fb5be731a66.png?w=350","https://i2c.seadn.io/ethereum/0xbe85fbd182af91290be7293438ae67549638189f/dd3bb76aa6c2de873c4c9fb5be731a66.png","IMAGE_ALREADY_EXISTS","HTML_NO_CHANGE","","Repaired."
"9223","9223","RE-009940","Light Cult Crypto Club #9223","D:\github\ron-english-light-cult-9001-10000\items\lccc-9223.html","D:\github\ron-english-light-cult-9001-10000\images\9201-9300\LCCC-9223.png","../images/9201-9300/LCCC-9223.png","https://i2c.seadn.io/ethereum/0xbe85fbd182af91290be7293438ae67549638189f/2f11791ff60f1df1effaa5c20bbbb426.png?w=350","https://i2c.seadn.io/ethereum/0xbe85fbd182af91290be7293438ae67549638189f/2f11791ff60f1df1effaa5c20bbbb426.png","IMAGE_ALREADY_EXISTS","HTML_NO_CHANGE","","Repaired."
"9224","9224","RE-009941","Light Cult Crypto Club #9224","D:\github\ron-english-light-cult-9001-10000\items\lccc-9224.html","D:\github\ron-english-light-cult-9001-10000\images\9201-9300\LCCC-9224.png","../images/9201-9300/LCCC-9224.png","https://i2c.seadn.io/ethereum/0xbe85fbd182af91290be7293438ae67549638189f/6095909bb32917873ec4d42a68e31793.png?w=350","https://i2c.seadn.io/ethereum/0xbe85fbd182af91290be7293438ae67549638189f/6095909bb32917873ec4d42a68e31793.png","IMAGE_ALREADY_EXISTS","HTML_NO_CHANGE","","Repaired."
"9225","9225","RE-009942","Light Cult Crypto Club #9225","D:\github\ron-english-light-cult-9001-10000\items\lccc-9225.html","D:\github\ron-english-light-cult-9001-10000\images\9201-9300\LCCC-9225.png","../images/9201-9300/LCCC-9225.png","https://i2c.seadn.io/ethereum/0xbe85fbd182af91290be7293438ae67549638189f/4963f123e062dabfe1db0de9edb07145.png?w=350","https://i2c.seadn.io/ethereum/0xbe85fbd182af91290be7293438ae67549638189f/4963f123e062dabfe1db0de9edb07145.png","IMAGE_ALREADY_EXISTS","HTML_NO_CHANGE","","Repaired."
"9226","9226","RE-009943","Light Cult Crypto Club #9226","D:\github\ron-english-light-cult-9001-10000\items\lccc-9226.html","D:\github\ron-english-light-cult-9001-10000\images\9201-9300\LCCC-9226.png","../images/9201-9300/LCCC-9226.png","https://i2c.seadn.io/ethereum/0xbe85fbd182af91290be7293438ae67549638189f/ff27c8d0e504c55d09bb272675395517.png?w=350","https://i2c.seadn.io/ethereum/0xbe85fbd182af91290be7293438ae67549638189f/ff27c8d0e504c55d09bb272675395517.png","IMAGE_ALREADY_EXISTS","HTML_NO_CHANGE","","Repaired."
"9227","9227","RE-009944","Light Cult Crypto Club #9227","D:\github\ron-english-light-cult-9001-10000\items\lccc-9227.html","D:\github\ron-english-light-cult-9001-10000\images\9201-9300\LCCC-9227.png","../images/9201-9300/LCCC-9227.png","https://i2c.seadn.io/ethereum/0xbe85fbd182af91290be7293438ae67549638189f/8bbcf4200d8085bfa46f01a0c9fd2660.png?w=350","https://i2c.seadn.io/ethereum/0xbe85fbd182af91290be7293438ae67549638189f/8bbcf4200d8085bfa46f01a0c9fd2660.png","IMAGE_ALREADY_EXISTS","HTML_NO_CHANGE","","Repaired."
"9228","9228","RE-009945","Light Cult Crypto Club #9228","D:\github\ron-english-light-cult-9001-10000\items\lccc-9228.html","D:\github\ron-english-light-cult-9001-10000\images\9201-9300\LCCC-9228.png","../images/9201-9300/LCCC-9228.png","https://i2c.seadn.io/ethereum/0xbe85fbd182af91290be7293438ae67549638189f/746c926714f63da6d29333a6d40d97e3.png?w=350","https://i2c.seadn.io/ethereum/0xbe85fbd182af91290be7293438ae67549638189f/746c926714f63da6d29333a6d40d97e3.png","IMAGE_ALREADY_EXISTS","HTML_NO_CHANGE","","Repaired."
"9229","9229","RE-009946","Light Cult Crypto Club #9229","D:\github\ron-english-light-cult-9001-10000\items\lccc-9229.html","D:\github\ron-english-light-cult-9001-10000\images\9201-9300\LCCC-9229.png","../images/9201-9300/LCCC-9229.png","https://i2c.seadn.io/ethereum/0xbe85fbd182af91290be7293438ae67549638189f/9a8240544b4d6c0744d57ab178393338.png?w=350","https://i2c.seadn.io/ethereum/0xbe85fbd182af91290be7293438ae67549638189f/9a8240544b4d6c0744d57ab178393338.png","IMAGE_ALREADY_EXISTS","HTML_NO_CHANGE","","Repaired."
"9230","9230","RE-009947","Light Cult Crypto Club #9230","D:\github\ron-english-light-cult-9001-10000\items\lccc-9230.html","D:\github\ron-english-light-cult-9001-10000\images\9201-9300\LCCC-9230.png","../images/9201-9300/LCCC-9230.png","https://i2c.seadn.io/ethereum/0xbe85fbd182af91290be7293438ae67549638189f/e4ff4b507acd0e17e2d929d7eeb2f31c.png?w=350","https://i2c.seadn.io/ethereum/0xbe85fbd182af91290be7293438ae67549638189f/e4ff4b507acd0e17e2d929d7eeb2f31c.png","IMAGE_ALREADY_EXISTS","HTML_NO_CHANGE","","Repaired."
"9231","9231","RE-009948","Light Cult Crypto Club #9231","D:\github\ron-english-light-cult-9001-10000\items\lccc-9231.html","D:\github\ron-english-light-cult-9001-10000\images\9201-9300\LCCC-9231.png","../images/9201-9300/LCCC-9231.png","https://i2c.seadn.io/ethereum/0xbe85fbd182af91290be7293438ae67549638189f/064d18cc0ada9dec130fd0940f2ee0f2.png?w=350","https://i2c.seadn.io/ethereum/0xbe85fbd182af91290be7293438ae67549638189f/064d18cc0ada9dec130fd0940f2ee0f2.png","IMAGE_ALREADY_EXISTS","HTML_NO_CHANGE","","Repaired."
"9232","9232","RE-009949","Light Cult Crypto Club #9232","D:\github\ron-english-light-cult-9001-10000\items\lccc-9232.html","D:\github\ron-english-light-cult-9001-10000\images\9201-9300\LCCC-9232.png","../images/9201-9300/LCCC-9232.png","https://i2c.seadn.io/ethereum/0xbe85fbd182af91290be7293438ae67549638189f/5eb7a14fc776e3292a1822784a560c7a.png?w=350","https://i2c.seadn.io/ethereum/0xbe85fbd182af91290be7293438ae67549638189f/5eb7a14fc776e3292a1822784a560c7a.png","IMAGE_ALREADY_EXISTS","HTML_NO_CHANGE","","Repaired."
"9233","9233","RE-009950","Light Cult Crypto Club #9233","D:\github\ron-english-light-cult-9001-10000\items\lccc-9233.html","D:\github\ron-english-light-cult-9001-10000\images\9201-9300\LCCC-9233.png","../images/9201-9300/LCCC-9233.png","https://i2c.seadn.io/ethereum/0xbe85fbd182af91290be7293438ae67549638189f/308840fb772b3e6ec1b2a31634460a46.png?w=350","https://i2c.seadn.io/ethereum/0xbe85fbd182af91290be7293438ae67549638189f/308840fb772b3e6ec1b2a31634460a46.png","IMAGE_ALREADY_EXISTS","HTML_NO_CHANGE","","Repaired."
"9234","9234","RE-009951","Light Cult Crypto Club #9234","D:\github\ron-english-light-cult-9001-10000\items\lccc-9234.html","D:\github\ron-english-light-cult-9001-10000\images\9201-9300\LCCC-9234.png","../images/9201-9300/LCCC-9234.png","https://i2c.seadn.io/ethereum/0xbe85fbd182af91290be7293438ae67549638189f/bbd8ee122c37ab23f2e012346edf2137.png?w=350","https://i2c.seadn.io/ethereum/0xbe85fbd182af91290be7293438ae67549638189f/bbd8ee122c37ab23f2e012346edf2137.png","IMAGE_ALREADY_EXISTS","HTML_NO_CHANGE","","Repaired."
"9235","9235","RE-009952","Light Cult Crypto Club #9235","D:\github\ron-english-light-cult-9001-10000\items\lccc-9235.html","D:\github\ron-english-light-cult-9001-10000\images\9201-9300\LCCC-9235.png","../images/9201-9300/LCCC-9235.png","https://i2c.seadn.io/ethereum/0xbe85fbd182af91290be7293438ae67549638189f/98c9392208919dcf0e66c0da35f7ddd9.png?w=350","https://i2c.seadn.io/ethereum/0xbe85fbd182af91290be7293438ae67549638189f/98c9392208919dcf0e66c0da35f7ddd9.png","IMAGE_ALREADY_EXISTS","HTML_NO_CHANGE","","Repaired."
"9236","9236","RE-009953","Light Cult Crypto Club #9236","D:\github\ron-english-light-cult-9001-10000\items\lccc-9236.html","D:\github\ron-english-light-cult-9001-10000\images\9201-9300\LCCC-9236.png","../images/9201-9300/LCCC-9236.png","https://i2c.seadn.io/ethereum/0xbe85fbd182af91290be7293438ae67549638189f/8716be0518f22412423105ba56e3515c.png?w=350","https://i2c.seadn.io/ethereum/0xbe85fbd182af91290be7293438ae67549638189f/8716be0518f22412423105ba56e3515c.png","IMAGE_ALREADY_EXISTS","HTML_NO_CHANGE","","Repaired."
"9237","9237","RE-009954","Light Cult Crypto Club #9237","D:\github\ron-english-light-cult-9001-10000\items\lccc-9237.html","D:\github\ron-english-light-cult-9001-10000\images\9201-9300\LCCC-9237.png","../images/9201-9300/LCCC-9237.png","https://i2c.seadn.io/ethereum/0xbe85fbd182af91290be7293438ae67549638189f/ebb2b9834f5fa8e37c1e9777f9e3312b.png?w=350","https://i2c.seadn.io/ethereum/0xbe85fbd182af91290be7293438ae67549638189f/ebb2b9834f5fa8e37c1e9777f9e3312b.png","IMAGE_ALREADY_EXISTS","HTML_NO_CHANGE","","Repaired."
"9238","9238","RE-009955","Light Cult Crypto Club #9238","D:\github\ron-english-light-cult-9001-10000\items\lccc-9238.html","D:\github\ron-english-light-cult-9001-10000\images\9201-9300\LCCC-9238.png","../images/9201-9300/LCCC-9238.png","https://i2c.seadn.io/ethereum/0xbe85fbd182af91290be7293438ae67549638189f/f26be7f98229e7499dcd3f3b525085a6.png?w=350","https://i2c.seadn.io/ethereum/0xbe85fbd182af91290be7293438ae67549638189f/f26be7f98229e7499dcd3f3b525085a6.png","IMAGE_ALREADY_EXISTS","HTML_NO_CHANGE","","Repaired."
"9239","9239","RE-009956","Light Cult Crypto Club #9239","D:\github\ron-english-light-cult-9001-10000\items\lccc-9239.html","D:\github\ron-english-light-cult-9001-10000\images\9201-9300\LCCC-9239.png","../images/9201-9300/LCCC-9239.png","https://i2c.seadn.io/ethereum/0xbe85fbd182af91290be7293438ae67549638189f/2fd3bf0fe26b3fcf278004c3a32742b1.png?w=350","https://i2c.seadn.io/ethereum/0xbe85fbd182af91290be7293438ae67549638189f/2fd3bf0fe26b3fcf278004c3a32742b1.png","IMAGE_ALREADY_EXISTS","HTML_NO_CHANGE","","Repaired."
"9240","9240","RE-009957","Light Cult Crypto Club #9240","D:\github\ron-english-light-cult-9001-10000\items\lccc-9240.html","D:\github\ron-english-light-cult-9001-10000\images\9201-9300\LCCC-9240.png","../images/9201-9300/LCCC-9240.png","https://i2c.seadn.io/ethereum/0xbe85fbd182af91290be7293438ae67549638189f/56abe843d1006c3995b6187291d2755e.png?w=350","https://i2c.seadn.io/ethereum/0xbe85fbd182af91290be7293438ae67549638189f/56abe843d1006c3995b6187291d2755e.png","IMAGE_ALREADY_EXISTS","HTML_NO_CHANGE","","Repaired."
"9242","9242","RE-009958","Light Cult Crypto Club #9242","D:\github\ron-english-light-cult-9001-10000\items\lccc-9242.html","D:\github\ron-english-light-cult-9001-10000\images\9201-9300\LCCC-9242.png","../images/9201-9300/LCCC-9242.png","https://i2c.seadn.io/ethereum/0xbe85fbd182af91290be7293438ae67549638189f/4cc853ccf97a22764bd52d85d7dc6d0e.png?w=350","https://i2c.seadn.io/ethereum/0xbe85fbd182af91290be7293438ae67549638189f/4cc853ccf97a22764bd52d85d7dc6d0e.png","IMAGE_ALREADY_EXISTS","HTML_NO_CHANGE","","Repaired."
"9243","9243","RE-009959","Light Cult Crypto Club #9243","D:\github\ron-english-light-cult-9001-10000\items\lccc-9243.html","D:\github\ron-english-light-cult-9001-10000\images\9201-9300\LCCC-9243.png","../images/9201-9300/LCCC-9243.png","https://i2c.seadn.io/ethereum/0xbe85fbd182af91290be7293438ae67549638189f/342417d3dfa748e439ec837d651a57a6.png?w=350","https://i2c.seadn.io/ethereum/0xbe85fbd182af91290be7293438ae67549638189f/342417d3dfa748e439ec837d651a57a6.png","IMAGE_ALREADY_EXISTS","HTML_NO_CHANGE","","Repaired."
"9244","9244","RE-009960","Light Cult Crypto Club #9244","D:\github\ron-english-light-cult-9001-10000\items\lccc-9244.html","D:\github\ron-english-light-cult-9001-10000\images\9201-9300\LCCC-9244.png","../images/9201-9300/LCCC-9244.png","https://i2c.seadn.io/ethereum/0xbe85fbd182af91290be7293438ae67549638189f/49b4379c9ff1b39cc3268e95ce67231f.png?w=350","https://i2c.seadn.io/ethereum/0xbe85fbd182af91290be7293438ae67549638189f/49b4379c9ff1b39cc3268e95ce67231f.png","IMAGE_ALREADY_EXISTS","HTML_NO_CHANGE","","Repaired."
"9245","9245","RE-009961","Light Cult Crypto Club #9245","D:\github\ron-english-light-cult-9001-10000\items\lccc-9245.html","D:\github\ron-english-light-cult-9001-10000\images\9201-9300\LCCC-9245.png","../images/9201-9300/LCCC-9245.png","https://i2c.seadn.io/ethereum/0xbe85fbd182af91290be7293438ae67549638189f/f101ddf2038aa28f058d18142bb37dc3.png?w=350","https://i2c.seadn.io/ethereum/0xbe85fbd182af91290be7293438ae67549638189f/f101ddf2038aa28f058d18142bb37dc3.png","IMAGE_ALREADY_EXISTS","HTML_NO_CHANGE","","Repaired."
"9246","9246","RE-009962","Light Cult Crypto Club #9246","D:\github\ron-english-light-cult-9001-10000\items\lccc-9246.html","D:\github\ron-english-light-cult-9001-10000\images\9201-9300\LCCC-9246.png","../images/9201-9300/LCCC-9246.png","https://i2c.seadn.io/ethereum/0xbe85fbd182af91290be7293438ae67549638189f/b9fd95409168e43f36eb2e6b12b34f13.png?w=350","https://i2c.seadn.io/ethereum/0xbe85fbd182af91290be7293438ae67549638189f/b9fd95409168e43f36eb2e6b12b34f13.png","IMAGE_ALREADY_EXISTS","HTML_NO_CHANGE","","Repaired."
"9247","9247","RE-009963","Light Cult Crypto Club #9247","D:\github\ron-english-light-cult-9001-10000\items\lccc-9247.html","D:\github\ron-english-light-cult-9001-10000\images\9201-9300\LCCC-9247.png","../images/9201-9300/LCCC-9247.png","https://i2c.seadn.io/ethereum/0xbe85fbd182af91290be7293438ae67549638189f/a35aeb839a8ebe675c678ff442bca9e8.png?w=350","https://i2c.seadn.io/ethereum/0xbe85fbd182af91290be7293438ae67549638189f/a35aeb839a8ebe675c678ff442bca9e8.png","IMAGE_ALREADY_EXISTS","HTML_NO_CHANGE","","Repaired."
"9248","9248","RE-009964","Light Cult Crypto Club #9248","D:\github\ron-english-light-cult-9001-10000\items\lccc-9248.html","D:\github\ron-english-light-cult-9001-10000\images\9201-9300\LCCC-9248.png","../images/9201-9300/LCCC-9248.png","https://i2c.seadn.io/ethereum/0xbe85fbd182af91290be7293438ae67549638189f/4bafbf1fe9952fba6923982184c975be.png?w=350","https://i2c.seadn.io/ethereum/0xbe85fbd182af91290be7293438ae67549638189f/4bafbf1fe9952fba6923982184c975be.png","IMAGE_ALREADY_EXISTS","HTML_NO_CHANGE","","Repaired."
"9249","9249","RE-009965","Light Cult Crypto Club #9249","D:\github\ron-english-light-cult-9001-10000\items\lccc-9249.html","D:\github\ron-english-light-cult-9001-10000\images\9201-9300\LCCC-9249.png","../images/9201-9300/LCCC-9249.png","https://i2c.seadn.io/ethereum/0xbe85fbd182af91290be7293438ae67549638189f/8a286038e2b086c3919bb92d908381f7.png?w=350","https://i2c.seadn.io/ethereum/0xbe85fbd182af91290be7293438ae67549638189f/8a286038e2b086c3919bb92d908381f7.png","IMAGE_ALREADY_EXISTS","HTML_NO_CHANGE","","Repaired."
"9251","9251","RE-009966","Light Cult Crypto Club #9251","D:\github\ron-english-light-cult-9001-10000\items\lccc-9251.html","D:\github\ron-english-light-cult-9001-10000\images\9201-9300\LCCC-9251.png","../images/9201-9300/LCCC-9251.png","https://i2c.seadn.io/ethereum/0xbe85fbd182af91290be7293438ae67549638189f/686c9a46ab6e6552e2fd5559562541fc.png?w=350","https://i2c.seadn.io/ethereum/0xbe85fbd182af91290be7293438ae67549638189f/686c9a46ab6e6552e2fd5559562541fc.png","IMAGE_ALREADY_EXISTS","HTML_NO_CHANGE","","Repaired."
"9252","9252","RE-009967","Light Cult Crypto Club #9252","D:\github\ron-english-light-cult-9001-10000\items\lccc-9252.html","D:\github\ron-english-light-cult-9001-10000\images\9201-9300\LCCC-9252.png","../images/9201-9300/LCCC-9252.png","https://i2c.seadn.io/ethereum/0xbe85fbd182af91290be7293438ae67549638189f/7a6df13769ecf07bef434bec42f28933.png?w=350","https://i2c.seadn.io/ethereum/0xbe85fbd182af91290be7293438ae67549638189f/7a6df13769ecf07bef434bec42f28933.png","IMAGE_ALREADY_EXISTS","HTML_NO_CHANGE","","Repaired."
"9253","9253","RE-009968","Light Cult Crypto Club #9253","D:\github\ron-english-light-cult-9001-10000\items\lccc-9253.html","D:\github\ron-english-light-cult-9001-10000\images\9201-9300\LCCC-9253.png","../images/9201-9300/LCCC-9253.png","https://i2c.seadn.io/ethereum/0xbe85fbd182af91290be7293438ae67549638189f/c14c8b23f6d9c4d494d7b68986914a58.png?w=350","https://i2c.seadn.io/ethereum/0xbe85fbd182af91290be7293438ae67549638189f/c14c8b23f6d9c4d494d7b68986914a58.png","IMAGE_ALREADY_EXISTS","HTML_NO_CHANGE","","Repaired."
"9254","9254","RE-009969","Light Cult Crypto Club #9254","D:\github\ron-english-light-cult-9001-10000\items\lccc-9254.html","D:\github\ron-english-light-cult-9001-10000\images\9201-9300\LCCC-9254.png","../images/9201-9300/LCCC-9254.png","https://i2c.seadn.io/ethereum/0xbe85fbd182af91290be7293438ae67549638189f/fe3e192487d22fef2fc490364f376841.png?w=350","https://i2c.seadn.io/ethereum/0xbe85fbd182af91290be7293438ae67549638189f/fe3e192487d22fef2fc490364f376841.png","IMAGE_ALREADY_EXISTS","HTML_NO_CHANGE","","Repaired."
"9255","9255","RE-009970","Light Cult Crypto Club #9255","D:\github\ron-english-light-cult-9001-10000\items\lccc-9255.html","D:\github\ron-english-light-cult-9001-10000\images\9201-9300\LCCC-9255.png","../images/9201-9300/LCCC-9255.png","https://i2c.seadn.io/ethereum/0xbe85fbd182af91290be7293438ae67549638189f/960a0e8b405b54082d6c157f62bddb3c.png?w=350","https://i2c.seadn.io/ethereum/0xbe85fbd182af91290be7293438ae67549638189f/960a0e8b405b54082d6c157f62bddb3c.png","IMAGE_ALREADY_EXISTS","HTML_NO_CHANGE","","Repaired."
"9256","9256","RE-009971","Light Cult Crypto Club #9256","D:\github\ron-english-light-cult-9001-10000\items\lccc-9256.html","D:\github\ron-english-light-cult-9001-10000\images\9201-9300\LCCC-9256.png","../images/9201-9300/LCCC-9256.png","https://i2c.seadn.io/ethereum/0xbe85fbd182af91290be7293438ae67549638189f/d6bf664f420ac62458c416b336e09418.png?w=350","https://i2c.seadn.io/ethereum/0xbe85fbd182af91290be7293438ae67549638189f/d6bf664f420ac62458c416b336e09418.png","IMAGE_ALREADY_EXISTS","HTML_NO_CHANGE","","Repaired."
"9258","9258","RE-009972","Light Cult Crypto Club #9258","D:\github\ron-english-light-cult-9001-10000\items\lccc-9258.html","D:\github\ron-english-light-cult-9001-10000\images\9201-9300\LCCC-9258.png","../images/9201-9300/LCCC-9258.png","https://i2c.seadn.io/ethereum/0xbe85fbd182af91290be7293438ae67549638189f/dd9e5a58e59a22aa92c3d650426049aa.png?w=350","https://i2c.seadn.io/ethereum/0xbe85fbd182af91290be7293438ae67549638189f/dd9e5a58e59a22aa92c3d650426049aa.png","IMAGE_ALREADY_EXISTS","HTML_NO_CHANGE","","Repaired."
"9259","9259","RE-009973","Light Cult Crypto Club #9259","D:\github\ron-english-light-cult-9001-10000\items\lccc-9259.html","D:\github\ron-english-light-cult-9001-10000\images\9201-9300\LCCC-9259.png","../images/9201-9300/LCCC-9259.png","https://i2c.seadn.io/ethereum/0xbe85fbd182af91290be7293438ae67549638189f/9e451989fc816ecc7775b76ac11edd3e.png?w=350","https://i2c.seadn.io/ethereum/0xbe85fbd182af91290be7293438ae67549638189f/9e451989fc816ecc7775b76ac11edd3e.png","IMAGE_ALREADY_EXISTS","HTML_NO_CHANGE","","Repaired."
"9260","9260","RE-009974","Light Cult Crypto Club #9260","D:\github\ron-english-light-cult-9001-10000\items\lccc-9260.html","D:\github\ron-english-light-cult-9001-10000\images\9201-9300\LCCC-9260.png","../images/9201-9300/LCCC-9260.png","https://i2c.seadn.io/ethereum/0xbe85fbd182af91290be7293438ae67549638189f/79ee6c015aa33cce621166b8050d9421.png?w=350","https://i2c.seadn.io/ethereum/0xbe85fbd182af91290be7293438ae67549638189f/79ee6c015aa33cce621166b8050d9421.png","IMAGE_ALREADY_EXISTS","HTML_NO_CHANGE","","Repaired."
"9261","9261","RE-009975","Light Cult Crypto Club #9261","D:\github\ron-english-light-cult-9001-10000\items\lccc-9261.html","D:\github\ron-english-light-cult-9001-10000\images\9201-9300\LCCC-9261.png","../images/9201-9300/LCCC-9261.png","https://i2c.seadn.io/ethereum/0xbe85fbd182af91290be7293438ae67549638189f/bbebaa7dd7b225b4a5ab9cc1cfaac461.png?w=350","https://i2c.seadn.io/ethereum/0xbe85fbd182af91290be7293438ae67549638189f/bbebaa7dd7b225b4a5ab9cc1cfaac461.png","IMAGE_ALREADY_EXISTS","HTML_NO_CHANGE","","Repaired."
"9262","9262","RE-009976","Light Cult Crypto Club #9262","D:\github\ron-english-light-cult-9001-10000\items\lccc-9262.html","D:\github\ron-english-light-cult-9001-10000\images\9201-9300\LCCC-9262.png","../images/9201-9300/LCCC-9262.png","https://i2c.seadn.io/ethereum/0xbe85fbd182af91290be7293438ae67549638189f/f4cc36a775cbdfb0da721ee5f89d062b.png?w=350","https://i2c.seadn.io/ethereum/0xbe85fbd182af91290be7293438ae67549638189f/f4cc36a775cbdfb0da721ee5f89d062b.png","IMAGE_ALREADY_EXISTS","HTML_NO_CHANGE","","Repaired."
"9263","9263","RE-009977","Light Cult Crypto Club #9263","D:\github\ron-english-light-cult-9001-10000\items\lccc-9263.html","D:\github\ron-english-light-cult-9001-10000\images\9201-9300\LCCC-9263.png","../images/9201-9300/LCCC-9263.png","https://i2c.seadn.io/ethereum/0xbe85fbd182af91290be7293438ae67549638189f/b4ec86e6905e0b680787c38835d7ac8e.png?w=350","https://i2c.seadn.io/ethereum/0xbe85fbd182af91290be7293438ae67549638189f/b4ec86e6905e0b680787c38835d7ac8e.png","IMAGE_ALREADY_EXISTS","HTML_NO_CHANGE","","Repaired."
"9264","9264","RE-009978","Light Cult Crypto Club #9264","D:\github\ron-english-light-cult-9001-10000\items\lccc-9264.html","D:\github\ron-english-light-cult-9001-10000\images\9201-9300\LCCC-9264.png","../images/9201-9300/LCCC-9264.png","https://i2c.seadn.io/ethereum/0xbe85fbd182af91290be7293438ae67549638189f/30489232dcd84bf80380ac54842848cb.png?w=350","https://i2c.seadn.io/ethereum/0xbe85fbd182af91290be7293438ae67549638189f/30489232dcd84bf80380ac54842848cb.png","IMAGE_ALREADY_EXISTS","HTML_NO_CHANGE","","Repaired."
"9265","9265","RE-009979","Light Cult Crypto Club #9265","D:\github\ron-english-light-cult-9001-10000\items\lccc-9265.html","D:\github\ron-english-light-cult-9001-10000\images\9201-9300\LCCC-9265.png","../images/9201-9300/LCCC-9265.png","https://i2c.seadn.io/ethereum/0xbe85fbd182af91290be7293438ae67549638189f/05798ffa3f68e848a8790193e97fb48e.png?w=350","https://i2c.seadn.io/ethereum/0xbe85fbd182af91290be7293438ae67549638189f/05798ffa3f68e848a8790193e97fb48e.png","IMAGE_ALREADY_EXISTS","HTML_NO_CHANGE","","Repaired."
"9266","9266","RE-009980","Light Cult Crypto Club #9266","D:\github\ron-english-light-cult-9001-10000\items\lccc-9266.html","D:\github\ron-english-light-cult-9001-10000\images\9201-9300\LCCC-9266.png","../images/9201-9300/LCCC-9266.png","https://i2c.seadn.io/ethereum/0xbe85fbd182af91290be7293438ae67549638189f/bcee8d667ead59382a26f49a385e1cd2.png?w=350","https://i2c.seadn.io/ethereum/0xbe85fbd182af91290be7293438ae67549638189f/bcee8d667ead59382a26f49a385e1cd2.png","IMAGE_ALREADY_EXISTS","HTML_NO_CHANGE","","Repaired."
"9267","9267","RE-009981","Light Cult Crypto Club #9267","D:\github\ron-english-light-cult-9001-10000\items\lccc-9267.html","D:\github\ron-english-light-cult-9001-10000\images\9201-9300\LCCC-9267.png","../images/9201-9300/LCCC-9267.png","https://i2c.seadn.io/ethereum/0xbe85fbd182af91290be7293438ae67549638189f/711f3f0c57c0905a601555086b9882e4.png?w=350","https://i2c.seadn.io/ethereum/0xbe85fbd182af91290be7293438ae67549638189f/711f3f0c57c0905a601555086b9882e4.png","IMAGE_ALREADY_EXISTS","HTML_NO_CHANGE","","Repaired."
"9268","9268","RE-009982","Light Cult Crypto Club #9268","D:\github\ron-english-light-cult-9001-10000\items\lccc-9268.html","D:\github\ron-english-light-cult-9001-10000\images\9201-9300\LCCC-9268.png","../images/9201-9300/LCCC-9268.png","https://i2c.seadn.io/ethereum/0xbe85fbd182af91290be7293438ae67549638189f/313cc930c6e999bf068eaefb0f32547b.png?w=350","https://i2c.seadn.io/ethereum/0xbe85fbd182af91290be7293438ae67549638189f/313cc930c6e999bf068eaefb0f32547b.png","IMAGE_ALREADY_EXISTS","HTML_NO_CHANGE","","Repaired."
"9269","9269","RE-009983","Light Cult Crypto Club #9269","D:\github\ron-english-light-cult-9001-10000\items\lccc-9269.html","D:\github\ron-english-light-cult-9001-10000\images\9201-9300\LCCC-9269.png","../images/9201-9300/LCCC-9269.png","https://i2c.seadn.io/ethereum/0xbe85fbd182af91290be7293438ae67549638189f/26b354f1268dbc747392c8e79cec594b.png?w=350","https://i2c.seadn.io/ethereum/0xbe85fbd182af91290be7293438ae67549638189f/26b354f1268dbc747392c8e79cec594b.png","IMAGE_ALREADY_EXISTS","HTML_NO_CHANGE","","Repaired."
"9270","9270","RE-009984","Light Cult Crypto Club #9270","D:\github\ron-english-light-cult-9001-10000\items\lccc-9270.html","D:\github\ron-english-light-cult-9001-10000\images\9201-9300\LCCC-9270.png","../images/9201-9300/LCCC-9270.png","https://i2c.seadn.io/ethereum/0xbe85fbd182af91290be7293438ae67549638189f/040c0ffdf20fa2a35f8f7c11e0f4284d.png?w=350","https://i2c.seadn.io/ethereum/0xbe85fbd182af91290be7293438ae67549638189f/040c0ffdf20fa2a35f8f7c11e0f4284d.png","IMAGE_ALREADY_EXISTS","HTML_NO_CHANGE","","Repaired."
"9271","9271","RE-009985","Light Cult Crypto Club #9271","D:\github\ron-english-light-cult-9001-10000\items\lccc-9271.html","D:\github\ron-english-light-cult-9001-10000\images\9201-9300\LCCC-9271.png","../images/9201-9300/LCCC-9271.png","https://i2c.seadn.io/ethereum/0xbe85fbd182af91290be7293438ae67549638189f/fd8c4a69778bdede08e969b74eaa63f4.png?w=350","https://i2c.seadn.io/ethereum/0xbe85fbd182af91290be7293438ae67549638189f/fd8c4a69778bdede08e969b74eaa63f4.png","IMAGE_ALREADY_EXISTS","HTML_NO_CHANGE","","Repaired."
"9272","9272","RE-009986","Light Cult Crypto Club #9272","D:\github\ron-english-light-cult-9001-10000\items\lccc-9272.html","D:\github\ron-english-light-cult-9001-10000\images\9201-9300\LCCC-9272.png","../images/9201-9300/LCCC-9272.png","https://i2c.seadn.io/ethereum/0xbe85fbd182af91290be7293438ae67549638189f/09444e9c5ac2ea2febbfd6673fc749b3.png?w=350","https://i2c.seadn.io/ethereum/0xbe85fbd182af91290be7293438ae67549638189f/09444e9c5ac2ea2febbfd6673fc749b3.png","IMAGE_ALREADY_EXISTS","HTML_NO_CHANGE","","Repaired."
"9273","9273","RE-009987","Light Cult Crypto Club #9273","D:\github\ron-english-light-cult-9001-10000\items\lccc-9273.html","D:\github\ron-english-light-cult-9001-10000\images\9201-9300\LCCC-9273.png","../images/9201-9300/LCCC-9273.png","https://i2c.seadn.io/ethereum/0xbe85fbd182af91290be7293438ae67549638189f/66d7505633bfeca35262ad93483530ca.png?w=350","https://i2c.seadn.io/ethereum/0xbe85fbd182af91290be7293438ae67549638189f/66d7505633bfeca35262ad93483530ca.png","IMAGE_ALREADY_EXISTS","HTML_NO_CHANGE","","Repaired."
"9274","9274","RE-009988","Light Cult Crypto Club #9274","D:\github\ron-english-light-cult-9001-10000\items\lccc-9274.html","D:\github\ron-english-light-cult-9001-10000\images\9201-9300\LCCC-9274.png","../images/9201-9300/LCCC-9274.png","https://i2c.seadn.io/ethereum/0xbe85fbd182af91290be7293438ae67549638189f/06056c3fa2a88b822f92cd1e1c702afb.png?w=350","https://i2c.seadn.io/ethereum/0xbe85fbd182af91290be7293438ae67549638189f/06056c3fa2a88b822f92cd1e1c702afb.png","IMAGE_ALREADY_EXISTS","HTML_NO_CHANGE","","Repaired."
"9275","9275","RE-009989","Light Cult Crypto Club #9275","D:\github\ron-english-light-cult-9001-10000\items\lccc-9275.html","D:\github\ron-english-light-cult-9001-10000\images\9201-9300\LCCC-9275.png","../images/9201-9300/LCCC-9275.png","https://i2c.seadn.io/ethereum/0xbe85fbd182af91290be7293438ae67549638189f/18858e49e7b07773873f05ae368fb41a.png?w=350","https://i2c.seadn.io/ethereum/0xbe85fbd182af91290be7293438ae67549638189f/18858e49e7b07773873f05ae368fb41a.png","IMAGE_ALREADY_EXISTS","HTML_NO_CHANGE","","Repaired."
"9276","9276","RE-009990","Light Cult Crypto Club #9276","D:\github\ron-english-light-cult-9001-10000\items\lccc-9276.html","D:\github\ron-english-light-cult-9001-10000\images\9201-9300\LCCC-9276.png","../images/9201-9300/LCCC-9276.png","https://i2c.seadn.io/ethereum/0xbe85fbd182af91290be7293438ae67549638189f/9da810b04a289db4b25adfc4c6d0e07a.png?w=350","https://i2c.seadn.io/ethereum/0xbe85fbd182af91290be7293438ae67549638189f/9da810b04a289db4b25adfc4c6d0e07a.png","IMAGE_ALREADY_EXISTS","HTML_NO_CHANGE","","Repaired."
"9277","9277","RE-009991","Light Cult Crypto Club #9277","D:\github\ron-english-light-cult-9001-10000\items\lccc-9277.html","D:\github\ron-english-light-cult-9001-10000\images\9201-9300\LCCC-9277.png","../images/9201-9300/LCCC-9277.png","https://i2c.seadn.io/ethereum/0xbe85fbd182af91290be7293438ae67549638189f/9a5c238ec069c12d38a427004e2f863d.png?w=350","https://i2c.seadn.io/ethereum/0xbe85fbd182af91290be7293438ae67549638189f/9a5c238ec069c12d38a427004e2f863d.png","IMAGE_ALREADY_EXISTS","HTML_NO_CHANGE","","Repaired."
"9278","9278","RE-009992","Light Cult Crypto Club #9278","D:\github\ron-english-light-cult-9001-10000\items\lccc-9278.html","D:\github\ron-english-light-cult-9001-10000\images\9201-9300\LCCC-9278.png","../images/9201-9300/LCCC-9278.png","https://i2c.seadn.io/ethereum/0xbe85fbd182af91290be7293438ae67549638189f/35798542b52339b0bcb07d3fcd0b887c.png?w=350","https://i2c.seadn.io/ethereum/0xbe85fbd182af91290be7293438ae67549638189f/35798542b52339b0bcb07d3fcd0b887c.png","IMAGE_ALREADY_EXISTS","HTML_NO_CHANGE","","Repaired."
"9279","9279","RE-009993","Light Cult Crypto Club #9279","D:\github\ron-english-light-cult-9001-10000\items\lccc-9279.html","D:\github\ron-english-light-cult-9001-10000\images\9201-9300\LCCC-9279.png","../images/9201-9300/LCCC-9279.png","https://i2c.seadn.io/ethereum/0xbe85fbd182af91290be7293438ae67549638189f/3815ce32d0389a9111f322f9cc468b28.png?w=350","https://i2c.seadn.io/ethereum/0xbe85fbd182af91290be7293438ae67549638189f/3815ce32d0389a9111f322f9cc468b28.png","IMAGE_ALREADY_EXISTS","HTML_NO_CHANGE","","Repaired."
"9280","9280","RE-009994","Light Cult Crypto Club #9280","D:\github\ron-english-light-cult-9001-10000\items\lccc-9280.html","D:\github\ron-english-light-cult-9001-10000\images\9201-9300\LCCC-9280.png","../images/9201-9300/LCCC-9280.png","https://i2c.seadn.io/ethereum/0xbe85fbd182af91290be7293438ae67549638189f/18b8e6f59e018397730ed41eead2f0fd.png?w=350","https://i2c.seadn.io/ethereum/0xbe85fbd182af91290be7293438ae67549638189f/18b8e6f59e018397730ed41eead2f0fd.png","IMAGE_ALREADY_EXISTS","HTML_NO_CHANGE","","Repaired."
"9281","9281","RE-009995","Light Cult Crypto Club #9281","D:\github\ron-english-light-cult-9001-10000\items\lccc-9281.html","D:\github\ron-english-light-cult-9001-10000\images\9201-9300\LCCC-9281.png","../images/9201-9300/LCCC-9281.png","https://i2c.seadn.io/ethereum/0xbe85fbd182af91290be7293438ae67549638189f/b2a0dc7b4959e358f34f7f546482d79e.png?w=350","https://i2c.seadn.io/ethereum/0xbe85fbd182af91290be7293438ae67549638189f/b2a0dc7b4959e358f34f7f546482d79e.png","IMAGE_ALREADY_EXISTS","HTML_NO_CHANGE","","Repaired."
"9282","9282","RE-009996","Light Cult Crypto Club #9282","D:\github\ron-english-light-cult-9001-10000\items\lccc-9282.html","D:\github\ron-english-light-cult-9001-10000\images\9201-9300\LCCC-9282.png","../images/9201-9300/LCCC-9282.png","https://i2c.seadn.io/ethereum/0xbe85fbd182af91290be7293438ae67549638189f/6c41017cd7b1ac930b47c5708389f287.png?w=350","https://i2c.seadn.io/ethereum/0xbe85fbd182af91290be7293438ae67549638189f/6c41017cd7b1ac930b47c5708389f287.png","IMAGE_ALREADY_EXISTS","HTML_NO_CHANGE","","Repaired."
"9283","9283","RE-009997","Light Cult Crypto Club #9283","D:\github\ron-english-light-cult-9001-10000\items\lccc-9283.html","D:\github\ron-english-light-cult-9001-10000\images\9201-9300\LCCC-9283.png","../images/9201-9300/LCCC-9283.png","https://i2c.seadn.io/ethereum/0xbe85fbd182af91290be7293438ae67549638189f/84cd57cf499767a37512f01124be7245.png?w=350","https://i2c.seadn.io/ethereum/0xbe85fbd182af91290be7293438ae67549638189f/84cd57cf499767a37512f01124be7245.png","IMAGE_ALREADY_EXISTS","HTML_NO_CHANGE","","Repaired."
"9284","9284","RE-009998","Light Cult Crypto Club #9284","D:\github\ron-english-light-cult-9001-10000\items\lccc-9284.html","D:\github\ron-english-light-cult-9001-10000\images\9201-9300\LCCC-9284.png","../images/9201-9300/LCCC-9284.png","https://i2c.seadn.io/ethereum/0xbe85fbd182af91290be7293438ae67549638189f/785613ae0d734c627ada9ccb05c8d584.png?w=350","https://i2c.seadn.io/ethereum/0xbe85fbd182af91290be7293438ae67549638189f/785613ae0d734c627ada9ccb05c8d584.png","IMAGE_ALREADY_EXISTS","HTML_NO_CHANGE","","Repaired."
"9285","9285","RE-009999","Light Cult Crypto Club #9285","D:\github\ron-english-light-cult-9001-10000\items\lccc-9285.html","D:\github\ron-english-light-cult-9001-10000\images\9201-9300\LCCC-9285.png","../images/9201-9300/LCCC-9285.png","https://i2c.seadn.io/ethereum/0xbe85fbd182af91290be7293438ae67549638189f/6a9274a12af0f9c4f561346132dfb081.png?w=350","https://i2c.seadn.io/ethereum/0xbe85fbd182af91290be7293438ae67549638189f/6a9274a12af0f9c4f561346132dfb081.png","IMAGE_ALREADY_EXISTS","HTML_NO_CHANGE","","Repaired."
"9286","9286","RE-010000","Light Cult Crypto Club #9286","D:\github\ron-english-light-cult-9001-10000\items\lccc-9286.html","D:\github\ron-english-light-cult-9001-10000\images\9201-9300\LCCC-9286.png","../images/9201-9300/LCCC-9286.png","https://i2c.seadn.io/ethereum/0xbe85fbd182af91290be7293438ae67549638189f/3e12fe51f262ecdb360e16349014b7c1.png?w=350","https://i2c.seadn.io/ethereum/0xbe85fbd182af91290be7293438ae67549638189f/3e12fe51f262ecdb360e16349014b7c1.png","IMAGE_ALREADY_EXISTS","HTML_NO_CHANGE","","Repaired."
"9287","9287","RE-010001","Light Cult Crypto Club #9287","D:\github\ron-english-light-cult-9001-10000\items\lccc-9287.html","D:\github\ron-english-light-cult-9001-10000\images\9201-9300\LCCC-9287.png","../images/9201-9300/LCCC-9287.png","https://i2c.seadn.io/ethereum/0xbe85fbd182af91290be7293438ae67549638189f/6c2578d9c08e925921f652bcae6344eb.png?w=350","https://i2c.seadn.io/ethereum/0xbe85fbd182af91290be7293438ae67549638189f/6c2578d9c08e925921f652bcae6344eb.png","IMAGE_ALREADY_EXISTS","HTML_NO_CHANGE","","Repaired."
"9288","9288","RE-010002","Light Cult Crypto Club #9288","D:\github\ron-english-light-cult-9001-10000\items\lccc-9288.html","D:\github\ron-english-light-cult-9001-10000\images\9201-9300\LCCC-9288.png","../images/9201-9300/LCCC-9288.png","https://i2c.seadn.io/ethereum/0xbe85fbd182af91290be7293438ae67549638189f/b56ae0ddb449722908e7e1e743f16061.png?w=350","https://i2c.seadn.io/ethereum/0xbe85fbd182af91290be7293438ae67549638189f/b56ae0ddb449722908e7e1e743f16061.png","IMAGE_ALREADY_EXISTS","HTML_NO_CHANGE","","Repaired."
"9289","9289","RE-010003","Light Cult Crypto Club #9289","D:\github\ron-english-light-cult-9001-10000\items\lccc-9289.html","D:\github\ron-english-light-cult-9001-10000\images\9201-9300\LCCC-9289.png","../images/9201-9300/LCCC-9289.png","https://i2c.seadn.io/ethereum/0xbe85fbd182af91290be7293438ae67549638189f/1a5716b12a46d6abe1a8df96603ef408.png?w=350","https://i2c.seadn.io/ethereum/0xbe85fbd182af91290be7293438ae67549638189f/1a5716b12a46d6abe1a8df96603ef408.png","IMAGE_ALREADY_EXISTS","HTML_NO_CHANGE","","Repaired."
"9290","9290","RE-010004","Light Cult Crypto Club #9290","D:\github\ron-english-light-cult-9001-10000\items\lccc-9290.html","D:\github\ron-english-light-cult-9001-10000\images\9201-9300\LCCC-9290.png","../images/9201-9300/LCCC-9290.png","https://i2c.seadn.io/ethereum/0xbe85fbd182af91290be7293438ae67549638189f/e9e11abe51d444c39d4eca25573105e2.png?w=350","https://i2c.seadn.io/ethereum/0xbe85fbd182af91290be7293438ae67549638189f/e9e11abe51d444c39d4eca25573105e2.png","IMAGE_ALREADY_EXISTS","HTML_NO_CHANGE","","Repaired."
"9293","9293","RE-010005","Light Cult Crypto Club #9293","D:\github\ron-english-light-cult-9001-10000\items\lccc-9293.html","D:\github\ron-english-light-cult-9001-10000\images\9201-9300\LCCC-9293.png","../images/9201-9300/LCCC-9293.png","https://i2c.seadn.io/ethereum/0xbe85fbd182af91290be7293438ae67549638189f/9855062bcc8d8a9315b6414c24f33a6c.png?w=350","https://i2c.seadn.io/ethereum/0xbe85fbd182af91290be7293438ae67549638189f/9855062bcc8d8a9315b6414c24f33a6c.png","IMAGE_ALREADY_EXISTS","HTML_NO_CHANGE","","Repaired."
"9296","9296","RE-010006","Light Cult Crypto Club #9296","D:\github\ron-english-light-cult-9001-10000\items\lccc-9296.html","D:\github\ron-english-light-cult-9001-10000\images\9201-9300\LCCC-9296.png","../images/9201-9300/LCCC-9296.png","https://i2c.seadn.io/ethereum/0xbe85fbd182af91290be7293438ae67549638189f/5b775f18253ede9fc510808a3a7bddda.png?w=350","https://i2c.seadn.io/ethereum/0xbe85fbd182af91290be7293438ae67549638189f/5b775f18253ede9fc510808a3a7bddda.png","IMAGE_ALREADY_EXISTS","HTML_NO_CHANGE","","Repaired."
"9297","9297","RE-010007","Light Cult Crypto Club #9297","D:\github\ron-english-light-cult-9001-10000\items\lccc-9297.html","D:\github\ron-english-light-cult-9001-10000\images\9201-9300\LCCC-9297.png","../images/9201-9300/LCCC-9297.png","https://i2c.seadn.io/ethereum/0xbe85fbd182af91290be7293438ae67549638189f/36b1fb84ad78be809a9e333223d66f7f.png?w=350","https://i2c.seadn.io/ethereum/0xbe85fbd182af91290be7293438ae67549638189f/36b1fb84ad78be809a9e333223d66f7f.png","IMAGE_ALREADY_EXISTS","HTML_NO_CHANGE","","Repaired."
"9298","9298","RE-010008","Light Cult Crypto Club #9298","D:\github\ron-english-light-cult-9001-10000\items\lccc-9298.html","D:\github\ron-english-light-cult-9001-10000\images\9201-9300\LCCC-9298.png","../images/9201-9300/LCCC-9298.png","https://i2c.seadn.io/ethereum/0xbe85fbd182af91290be7293438ae67549638189f/19a4efde287710bd70b0bfcdcd1f164c.png?w=350","https://i2c.seadn.io/ethereum/0xbe85fbd182af91290be7293438ae67549638189f/19a4efde287710bd70b0bfcdcd1f164c.png","IMAGE_ALREADY_EXISTS","HTML_NO_CHANGE","","Repaired."
"9300","9300","RE-010009","Light Cult Crypto Club #9300","D:\github\ron-english-light-cult-9001-10000\items\lccc-9300.html","D:\github\ron-english-light-cult-9001-10000\images\9201-9300\LCCC-9300.png","../images/9201-9300/LCCC-9300.png","https://i2c.seadn.io/ethereum/0xbe85fbd182af91290be7293438ae67549638189f/f44c74c907f00a97750ce98e146c372d.png?w=350","https://i2c.seadn.io/ethereum/0xbe85fbd182af91290be7293438ae67549638189f/f44c74c907f00a97750ce98e146c372d.png","IMAGE_ALREADY_EXISTS","HTML_NO_CHANGE","","Repaired."
"9301","9301","RE-010010","Light Cult Crypto Club #9301","D:\github\ron-english-light-cult-9001-10000\items\lccc-9301.html","D:\github\ron-english-light-cult-9001-10000\images\9301-9400\LCCC-9301.png","../images/9301-9400/LCCC-9301.png","https://i2c.seadn.io/ethereum/0xbe85fbd182af91290be7293438ae67549638189f/89dd9242d14dec3cdf474eedbd01c9cc.png?w=350","https://i2c.seadn.io/ethereum/0xbe85fbd182af91290be7293438ae67549638189f/89dd9242d14dec3cdf474eedbd01c9cc.png","IMAGE_ALREADY_EXISTS","HTML_NO_CHANGE","","Repaired."
"9302","9302","RE-010011","Light Cult Crypto Club #9302","D:\github\ron-english-light-cult-9001-10000\items\lccc-9302.html","D:\github\ron-english-light-cult-9001-10000\images\9301-9400\LCCC-9302.png","../images/9301-9400/LCCC-9302.png","https://i2c.seadn.io/ethereum/0xbe85fbd182af91290be7293438ae67549638189f/6a7d9ea416417dc28581ea70bbd47eaf.png?w=350","https://i2c.seadn.io/ethereum/0xbe85fbd182af91290be7293438ae67549638189f/6a7d9ea416417dc28581ea70bbd47eaf.png","IMAGE_ALREADY_EXISTS","HTML_NO_CHANGE","","Repaired."
"9303","9303","RE-010012","Light Cult Crypto Club #9303","D:\github\ron-english-light-cult-9001-10000\items\lccc-9303.html","D:\github\ron-english-light-cult-9001-10000\images\9301-9400\LCCC-9303.png","../images/9301-9400/LCCC-9303.png","https://i2c.seadn.io/ethereum/0xbe85fbd182af91290be7293438ae67549638189f/9bfd254458e5cc6b56b411711af5a936.png?w=350","https://i2c.seadn.io/ethereum/0xbe85fbd182af91290be7293438ae67549638189f/9bfd254458e5cc6b56b411711af5a936.png","IMAGE_ALREADY_EXISTS","HTML_NO_CHANGE","","Repaired."
"9305","9305","RE-010013","Light Cult Crypto Club #9305","D:\github\ron-english-light-cult-9001-10000\items\lccc-9305.html","D:\github\ron-english-light-cult-9001-10000\images\9301-9400\LCCC-9305.png","../images/9301-9400/LCCC-9305.png","https://i2c.seadn.io/ethereum/0xbe85fbd182af91290be7293438ae67549638189f/638d142e5b6f46f6f4747f2538c5e267.png?w=350","https://i2c.seadn.io/ethereum/0xbe85fbd182af91290be7293438ae67549638189f/638d142e5b6f46f6f4747f2538c5e267.png","IMAGE_ALREADY_EXISTS","HTML_NO_CHANGE","","Repaired."
"9306","9306","RE-010014","Light Cult Crypto Club #9306","D:\github\ron-english-light-cult-9001-10000\items\lccc-9306.html","D:\github\ron-english-light-cult-9001-10000\images\9301-9400\LCCC-9306.png","../images/9301-9400/LCCC-9306.png","https://i2c.seadn.io/ethereum/0xbe85fbd182af91290be7293438ae67549638189f/82b3cdea1705e10e10a5b9d729483b83.png?w=350","https://i2c.seadn.io/ethereum/0xbe85fbd182af91290be7293438ae67549638189f/82b3cdea1705e10e10a5b9d729483b83.png","IMAGE_ALREADY_EXISTS","HTML_NO_CHANGE","","Repaired."
"9307","9307","RE-010015","Light Cult Crypto Club #9307","D:\github\ron-english-light-cult-9001-10000\items\lccc-9307.html","D:\github\ron-english-light-cult-9001-10000\images\9301-9400\LCCC-9307.png","../images/9301-9400/LCCC-9307.png","https://i2c.seadn.io/ethereum/0xbe85fbd182af91290be7293438ae67549638189f/114c4082be7cf06c5b0e375bc2c79e2e.png?w=350","https://i2c.seadn.io/ethereum/0xbe85fbd182af91290be7293438ae67549638189f/114c4082be7cf06c5b0e375bc2c79e2e.png","IMAGE_ALREADY_EXISTS","HTML_NO_CHANGE","","Repaired."
"9308","9308","RE-010016","Light Cult Crypto Club #9308","D:\github\ron-english-light-cult-9001-10000\items\lccc-9308.html","D:\github\ron-english-light-cult-9001-10000\images\9301-9400\LCCC-9308.png","../images/9301-9400/LCCC-9308.png","https://i2c.seadn.io/ethereum/0xbe85fbd182af91290be7293438ae67549638189f/0d928711a79a157b3ef4deac39d86491.png?w=350","https://i2c.seadn.io/ethereum/0xbe85fbd182af91290be7293438ae67549638189f/0d928711a79a157b3ef4deac39d86491.png","IMAGE_ALREADY_EXISTS","HTML_NO_CHANGE","","Repaired."
"9309","9309","RE-010017","Light Cult Crypto Club #9309","D:\github\ron-english-light-cult-9001-10000\items\lccc-9309.html","D:\github\ron-english-light-cult-9001-10000\images\9301-9400\LCCC-9309.png","../images/9301-9400/LCCC-9309.png","https://i2c.seadn.io/ethereum/0xbe85fbd182af91290be7293438ae67549638189f/bcb42e61ee72450e97412b137ac425fd.png?w=350","https://i2c.seadn.io/ethereum/0xbe85fbd182af91290be7293438ae67549638189f/bcb42e61ee72450e97412b137ac425fd.png","IMAGE_ALREADY_EXISTS","HTML_NO_CHANGE","","Repaired."
"9310","9310","RE-010018","Light Cult Crypto Club #9310","D:\github\ron-english-light-cult-9001-10000\items\lccc-9310.html","D:\github\ron-english-light-cult-9001-10000\images\9301-9400\LCCC-9310.png","../images/9301-9400/LCCC-9310.png","https://i2c.seadn.io/ethereum/0xbe85fbd182af91290be7293438ae67549638189f/c3ff6e13787da150e4f910a413011c99.png?w=350","https://i2c.seadn.io/ethereum/0xbe85fbd182af91290be7293438ae67549638189f/c3ff6e13787da150e4f910a413011c99.png","IMAGE_ALREADY_EXISTS","HTML_NO_CHANGE","","Repaired."
"9311","9311","RE-010019","Light Cult Crypto Club #9311","D:\github\ron-english-light-cult-9001-10000\items\lccc-9311.html","D:\github\ron-english-light-cult-9001-10000\images\9301-9400\LCCC-9311.png","../images/9301-9400/LCCC-9311.png","https://i2c.seadn.io/ethereum/0xbe85fbd182af91290be7293438ae67549638189f/523d4ab397df2718381bac130a175fa8.png?w=350","https://i2c.seadn.io/ethereum/0xbe85fbd182af91290be7293438ae67549638189f/523d4ab397df2718381bac130a175fa8.png","IMAGE_ALREADY_EXISTS","HTML_NO_CHANGE","","Repaired."
"9313","9313","RE-010020","Light Cult Crypto Club #9313","D:\github\ron-english-light-cult-9001-10000\items\lccc-9313.html","D:\github\ron-english-light-cult-9001-10000\images\9301-9400\LCCC-9313.png","../images/9301-9400/LCCC-9313.png","https://i2c.seadn.io/ethereum/0xbe85fbd182af91290be7293438ae67549638189f/e52333631b8c7fce4abe0825500e58d3.png?w=350","https://i2c.seadn.io/ethereum/0xbe85fbd182af91290be7293438ae67549638189f/e52333631b8c7fce4abe0825500e58d3.png","IMAGE_ALREADY_EXISTS","HTML_NO_CHANGE","","Repaired."
"9314","9314","RE-010021","Light Cult Crypto Club #9314","D:\github\ron-english-light-cult-9001-10000\items\lccc-9314.html","D:\github\ron-english-light-cult-9001-10000\images\9301-9400\LCCC-9314.png","../images/9301-9400/LCCC-9314.png","https://i2c.seadn.io/ethereum/0xbe85fbd182af91290be7293438ae67549638189f/4216c24a1e50fa300c1df9e63b185886.png?w=350","https://i2c.seadn.io/ethereum/0xbe85fbd182af91290be7293438ae67549638189f/4216c24a1e50fa300c1df9e63b185886.png","IMAGE_ALREADY_EXISTS","HTML_NO_CHANGE","","Repaired."
"9315","9315","RE-010022","Light Cult Crypto Club #9315","D:\github\ron-english-light-cult-9001-10000\items\lccc-9315.html","D:\github\ron-english-light-cult-9001-10000\images\9301-9400\LCCC-9315.png","../images/9301-9400/LCCC-9315.png","https://i2c.seadn.io/ethereum/0xbe85fbd182af91290be7293438ae67549638189f/70c1d4063cd47035b197cab283f02eec.png?w=350","https://i2c.seadn.io/ethereum/0xbe85fbd182af91290be7293438ae67549638189f/70c1d4063cd47035b197cab283f02eec.png","IMAGE_ALREADY_EXISTS","HTML_NO_CHANGE","","Repaired."
"9316","9316","RE-010023","Light Cult Crypto Club #9316","D:\github\ron-english-light-cult-9001-10000\items\lccc-9316.html","D:\github\ron-english-light-cult-9001-10000\images\9301-9400\LCCC-9316.png","../images/9301-9400/LCCC-9316.png","https://i2c.seadn.io/ethereum/0xbe85fbd182af91290be7293438ae67549638189f/e444ea1650e2ab8b0d318c9ef289879e.png?w=350","https://i2c.seadn.io/ethereum/0xbe85fbd182af91290be7293438ae67549638189f/e444ea1650e2ab8b0d318c9ef289879e.png","IMAGE_ALREADY_EXISTS","HTML_NO_CHANGE","","Repaired."
"9317","9317","RE-010024","Light Cult Crypto Club #9317","D:\github\ron-english-light-cult-9001-10000\items\lccc-9317.html","D:\github\ron-english-light-cult-9001-10000\images\9301-9400\LCCC-9317.png","../images/9301-9400/LCCC-9317.png","https://i2c.seadn.io/ethereum/0xbe85fbd182af91290be7293438ae67549638189f/1a26b7627b6285390ae4924878f8a61c.png?w=350","https://i2c.seadn.io/ethereum/0xbe85fbd182af91290be7293438ae67549638189f/1a26b7627b6285390ae4924878f8a61c.png","IMAGE_ALREADY_EXISTS","HTML_NO_CHANGE","","Repaired."
"9318","9318","RE-010025","Light Cult Crypto Club #9318","D:\github\ron-english-light-cult-9001-10000\items\lccc-9318.html","D:\github\ron-english-light-cult-9001-10000\images\9301-9400\LCCC-9318.png","../images/9301-9400/LCCC-9318.png","https://i2c.seadn.io/ethereum/0xbe85fbd182af91290be7293438ae67549638189f/c2765b66e4d952f22d159cf1860de2e0.png?w=350","https://i2c.seadn.io/ethereum/0xbe85fbd182af91290be7293438ae67549638189f/c2765b66e4d952f22d159cf1860de2e0.png","IMAGE_ALREADY_EXISTS","HTML_NO_CHANGE","","Repaired."
"9319","9319","RE-010026","Light Cult Crypto Club #9319","D:\github\ron-english-light-cult-9001-10000\items\lccc-9319.html","D:\github\ron-english-light-cult-9001-10000\images\9301-9400\LCCC-9319.png","../images/9301-9400/LCCC-9319.png","https://i2c.seadn.io/ethereum/0xbe85fbd182af91290be7293438ae67549638189f/5bc54e80a7edd8b0286cf14c97ca0e27.png?w=350","https://i2c.seadn.io/ethereum/0xbe85fbd182af91290be7293438ae67549638189f/5bc54e80a7edd8b0286cf14c97ca0e27.png","IMAGE_ALREADY_EXISTS","HTML_NO_CHANGE","","Repaired."
"9321","9321","RE-010027","Light Cult Crypto Club #9321","D:\github\ron-english-light-cult-9001-10000\items\lccc-9321.html","D:\github\ron-english-light-cult-9001-10000\images\9301-9400\LCCC-9321.png","../images/9301-9400/LCCC-9321.png","https://i2c.seadn.io/ethereum/0xbe85fbd182af91290be7293438ae67549638189f/48dd382bd13352e017b9299d2a2d67fd.png?w=350","https://i2c.seadn.io/ethereum/0xbe85fbd182af91290be7293438ae67549638189f/48dd382bd13352e017b9299d2a2d67fd.png","IMAGE_ALREADY_EXISTS","HTML_NO_CHANGE","","Repaired."
"9322","9322","RE-010028","Light Cult Crypto Club #9322","D:\github\ron-english-light-cult-9001-10000\items\lccc-9322.html","D:\github\ron-english-light-cult-9001-10000\images\9301-9400\LCCC-9322.png","../images/9301-9400/LCCC-9322.png","https://i2c.seadn.io/ethereum/0xbe85fbd182af91290be7293438ae67549638189f/5ea3f81905be6ba113cf11971e08e080.png?w=350","https://i2c.seadn.io/ethereum/0xbe85fbd182af91290be7293438ae67549638189f/5ea3f81905be6ba113cf11971e08e080.png","IMAGE_ALREADY_EXISTS","HTML_NO_CHANGE","","Repaired."
"9323","9323","RE-010029","Light Cult Crypto Club #9323","D:\github\ron-english-light-cult-9001-10000\items\lccc-9323.html","D:\github\ron-english-light-cult-9001-10000\images\9301-9400\LCCC-9323.png","../images/9301-9400/LCCC-9323.png","https://i2c.seadn.io/ethereum/0xbe85fbd182af91290be7293438ae67549638189f/df06761e1513f78465c34cea1a551a4d.png?w=350","https://i2c.seadn.io/ethereum/0xbe85fbd182af91290be7293438ae67549638189f/df06761e1513f78465c34cea1a551a4d.png","IMAGE_ALREADY_EXISTS","HTML_NO_CHANGE","","Repaired."
"9324","9324","RE-010030","Light Cult Crypto Club #9324","D:\github\ron-english-light-cult-9001-10000\items\lccc-9324.html","D:\github\ron-english-light-cult-9001-10000\images\9301-9400\LCCC-9324.png","../images/9301-9400/LCCC-9324.png","https://i2c.seadn.io/ethereum/0xbe85fbd182af91290be7293438ae67549638189f/19800d9010eb56909d256e511bd1184c.png?w=350","https://i2c.seadn.io/ethereum/0xbe85fbd182af91290be7293438ae67549638189f/19800d9010eb56909d256e511bd1184c.png","IMAGE_ALREADY_EXISTS","HTML_NO_CHANGE","","Repaired."
"9325","9325","RE-010031","Light Cult Crypto Club #9325","D:\github\ron-english-light-cult-9001-10000\items\lccc-9325.html","D:\github\ron-english-light-cult-9001-10000\images\9301-9400\LCCC-9325.png","../images/9301-9400/LCCC-9325.png","https://i2c.seadn.io/ethereum/0xbe85fbd182af91290be7293438ae67549638189f/06b3024260cef2f2de8421c8772840ea.png?w=350","https://i2c.seadn.io/ethereum/0xbe85fbd182af91290be7293438ae67549638189f/06b3024260cef2f2de8421c8772840ea.png","IMAGE_ALREADY_EXISTS","HTML_NO_CHANGE","","Repaired."
"9326","9326","RE-010032","Light Cult Crypto Club #9326","D:\github\ron-english-light-cult-9001-10000\items\lccc-9326.html","D:\github\ron-english-light-cult-9001-10000\images\9301-9400\LCCC-9326.png","../images/9301-9400/LCCC-9326.png","https://i2c.seadn.io/ethereum/0xbe85fbd182af91290be7293438ae67549638189f/3a0e0c82fe3efa04a2e4ced63f2acb73.png?w=350","https://i2c.seadn.io/ethereum/0xbe85fbd182af91290be7293438ae67549638189f/3a0e0c82fe3efa04a2e4ced63f2acb73.png","IMAGE_ALREADY_EXISTS","HTML_NO_CHANGE","","Repaired."
"9327","9327","RE-010033","Light Cult Crypto Club #9327","D:\github\ron-english-light-cult-9001-10000\items\lccc-9327.html","D:\github\ron-english-light-cult-9001-10000\images\9301-9400\LCCC-9327.png","../images/9301-9400/LCCC-9327.png","https://i2c.seadn.io/ethereum/0xbe85fbd182af91290be7293438ae67549638189f/6ca355f9b9c83f414b55cc24e77ffdcf.png?w=350","https://i2c.seadn.io/ethereum/0xbe85fbd182af91290be7293438ae67549638189f/6ca355f9b9c83f414b55cc24e77ffdcf.png","IMAGE_ALREADY_EXISTS","HTML_NO_CHANGE","","Repaired."
"9329","9329","RE-010034","Light Cult Crypto Club #9329","D:\github\ron-english-light-cult-9001-10000\items\lccc-9329.html","D:\github\ron-english-light-cult-9001-10000\images\9301-9400\LCCC-9329.png","../images/9301-9400/LCCC-9329.png","https://i2c.seadn.io/ethereum/0xbe85fbd182af91290be7293438ae67549638189f/69e56d85827661f0a1daaadf5d0fa737.png?w=350","https://i2c.seadn.io/ethereum/0xbe85fbd182af91290be7293438ae67549638189f/69e56d85827661f0a1daaadf5d0fa737.png","IMAGE_ALREADY_EXISTS","HTML_NO_CHANGE","","Repaired."
"9330","9330","RE-010035","Light Cult Crypto Club #9330","D:\github\ron-english-light-cult-9001-10000\items\lccc-9330.html","D:\github\ron-english-light-cult-9001-10000\images\9301-9400\LCCC-9330.png","../images/9301-9400/LCCC-9330.png","https://i2c.seadn.io/ethereum/0xbe85fbd182af91290be7293438ae67549638189f/f04666c1835c527797e4632402ff40a1.png?w=350","https://i2c.seadn.io/ethereum/0xbe85fbd182af91290be7293438ae67549638189f/f04666c1835c527797e4632402ff40a1.png","IMAGE_ALREADY_EXISTS","HTML_NO_CHANGE","","Repaired."
"9331","9331","RE-010036","Light Cult Crypto Club #9331","D:\github\ron-english-light-cult-9001-10000\items\lccc-9331.html","D:\github\ron-english-light-cult-9001-10000\images\9301-9400\LCCC-9331.png","../images/9301-9400/LCCC-9331.png","https://i2c.seadn.io/ethereum/0xbe85fbd182af91290be7293438ae67549638189f/24c558fe06b628921555e68d3584a766.png?w=350","https://i2c.seadn.io/ethereum/0xbe85fbd182af91290be7293438ae67549638189f/24c558fe06b628921555e68d3584a766.png","IMAGE_ALREADY_EXISTS","HTML_NO_CHANGE","","Repaired."
"9332","9332","RE-010037","Light Cult Crypto Club #9332","D:\github\ron-english-light-cult-9001-10000\items\lccc-9332.html","D:\github\ron-english-light-cult-9001-10000\images\9301-9400\LCCC-9332.png","../images/9301-9400/LCCC-9332.png","https://i2c.seadn.io/ethereum/0xbe85fbd182af91290be7293438ae67549638189f/ea3dbccc1aa524fec16ceba1486c9726.png?w=350","https://i2c.seadn.io/ethereum/0xbe85fbd182af91290be7293438ae67549638189f/ea3dbccc1aa524fec16ceba1486c9726.png","IMAGE_ALREADY_EXISTS","HTML_NO_CHANGE","","Repaired."
"9333","9333","RE-010038","Light Cult Crypto Club #9333","D:\github\ron-english-light-cult-9001-10000\items\lccc-9333.html","D:\github\ron-english-light-cult-9001-10000\images\9301-9400\LCCC-9333.png","../images/9301-9400/LCCC-9333.png","https://i2c.seadn.io/ethereum/0xbe85fbd182af91290be7293438ae67549638189f/328cd0e982235bc14ac7da48d9ebd525.png?w=350","https://i2c.seadn.io/ethereum/0xbe85fbd182af91290be7293438ae67549638189f/328cd0e982235bc14ac7da48d9ebd525.png","IMAGE_ALREADY_EXISTS","HTML_NO_CHANGE","","Repaired."
"9334","9334","RE-010039","Light Cult Crypto Club #9334","D:\github\ron-english-light-cult-9001-10000\items\lccc-9334.html","D:\github\ron-english-light-cult-9001-10000\images\9301-9400\LCCC-9334.png","../images/9301-9400/LCCC-9334.png","https://i2c.seadn.io/ethereum/0xbe85fbd182af91290be7293438ae67549638189f/83766fadfd0e54377fbc105332c14a6a.png?w=350","https://i2c.seadn.io/ethereum/0xbe85fbd182af91290be7293438ae67549638189f/83766fadfd0e54377fbc105332c14a6a.png","IMAGE_ALREADY_EXISTS","HTML_NO_CHANGE","","Repaired."
"9336","9336","RE-010040","Light Cult Crypto Club #9336","D:\github\ron-english-light-cult-9001-10000\items\lccc-9336.html","D:\github\ron-english-light-cult-9001-10000\images\9301-9400\LCCC-9336.png","../images/9301-9400/LCCC-9336.png","https://i2c.seadn.io/ethereum/0xbe85fbd182af91290be7293438ae67549638189f/73d8bd4e78a03ef6cb2e2881b4ec8513.png?w=350","https://i2c.seadn.io/ethereum/0xbe85fbd182af91290be7293438ae67549638189f/73d8bd4e78a03ef6cb2e2881b4ec8513.png","IMAGE_ALREADY_EXISTS","HTML_NO_CHANGE","","Repaired."
"9337","9337","RE-010041","Light Cult Crypto Club #9337","D:\github\ron-english-light-cult-9001-10000\items\lccc-9337.html","D:\github\ron-english-light-cult-9001-10000\images\9301-9400\LCCC-9337.png","../images/9301-9400/LCCC-9337.png","https://i2c.seadn.io/ethereum/0xbe85fbd182af91290be7293438ae67549638189f/05050b1084123aefecfe08edc053732f.png?w=350","https://i2c.seadn.io/ethereum/0xbe85fbd182af91290be7293438ae67549638189f/05050b1084123aefecfe08edc053732f.png","IMAGE_ALREADY_EXISTS","HTML_NO_CHANGE","","Repaired."
"9338","9338","RE-010042","Light Cult Crypto Club #9338","D:\github\ron-english-light-cult-9001-10000\items\lccc-9338.html","D:\github\ron-english-light-cult-9001-10000\images\9301-9400\LCCC-9338.png","../images/9301-9400/LCCC-9338.png","https://i2c.seadn.io/ethereum/0xbe85fbd182af91290be7293438ae67549638189f/a20b46150f3f3566535290b7adc9bb56.png?w=350","https://i2c.seadn.io/ethereum/0xbe85fbd182af91290be7293438ae67549638189f/a20b46150f3f3566535290b7adc9bb56.png","IMAGE_ALREADY_EXISTS","HTML_NO_CHANGE","","Repaired."
"9339","9339","RE-010043","Light Cult Crypto Club #9339","D:\github\ron-english-light-cult-9001-10000\items\lccc-9339.html","D:\github\ron-english-light-cult-9001-10000\images\9301-9400\LCCC-9339.png","../images/9301-9400/LCCC-9339.png","https://i2c.seadn.io/ethereum/0xbe85fbd182af91290be7293438ae67549638189f/270c931cb96f86c2148b4321a7737251.png?w=350","https://i2c.seadn.io/ethereum/0xbe85fbd182af91290be7293438ae67549638189f/270c931cb96f86c2148b4321a7737251.png","IMAGE_ALREADY_EXISTS","HTML_NO_CHANGE","","Repaired."
"9341","9341","RE-010044","Light Cult Crypto Club #9341","D:\github\ron-english-light-cult-9001-10000\items\lccc-9341.html","D:\github\ron-english-light-cult-9001-10000\images\9301-9400\LCCC-9341.png","../images/9301-9400/LCCC-9341.png","https://i2c.seadn.io/ethereum/0xbe85fbd182af91290be7293438ae67549638189f/9f182aa2e2ca8fecc5bbd27370fe2662.png?w=350","https://i2c.seadn.io/ethereum/0xbe85fbd182af91290be7293438ae67549638189f/9f182aa2e2ca8fecc5bbd27370fe2662.png","IMAGE_ALREADY_EXISTS","HTML_NO_CHANGE","","Repaired."
"9342","9342","RE-010045","Light Cult Crypto Club #9342","D:\github\ron-english-light-cult-9001-10000\items\lccc-9342.html","D:\github\ron-english-light-cult-9001-10000\images\9301-9400\LCCC-9342.png","../images/9301-9400/LCCC-9342.png","https://i2c.seadn.io/ethereum/0xbe85fbd182af91290be7293438ae67549638189f/85708ab1a107b88ba9505371dedc87a7.png?w=350","https://i2c.seadn.io/ethereum/0xbe85fbd182af91290be7293438ae67549638189f/85708ab1a107b88ba9505371dedc87a7.png","IMAGE_ALREADY_EXISTS","HTML_NO_CHANGE","","Repaired."
"9343","9343","RE-010046","Light Cult Crypto Club #9343","D:\github\ron-english-light-cult-9001-10000\items\lccc-9343.html","D:\github\ron-english-light-cult-9001-10000\images\9301-9400\LCCC-9343.png","../images/9301-9400/LCCC-9343.png","https://i2c.seadn.io/ethereum/0xbe85fbd182af91290be7293438ae67549638189f/368ef60d097ca4632338d4d3855b5099.png?w=350","https://i2c.seadn.io/ethereum/0xbe85fbd182af91290be7293438ae67549638189f/368ef60d097ca4632338d4d3855b5099.png","IMAGE_ALREADY_EXISTS","HTML_NO_CHANGE","","Repaired."
"9344","9344","RE-010047","Light Cult Crypto Club #9344","D:\github\ron-english-light-cult-9001-10000\items\lccc-9344.html","D:\github\ron-english-light-cult-9001-10000\images\9301-9400\LCCC-9344.png","../images/9301-9400/LCCC-9344.png","https://i2c.seadn.io/ethereum/0xbe85fbd182af91290be7293438ae67549638189f/fddc9b0a551f3799e05c1a7ff297b867.png?w=350","https://i2c.seadn.io/ethereum/0xbe85fbd182af91290be7293438ae67549638189f/fddc9b0a551f3799e05c1a7ff297b867.png","IMAGE_ALREADY_EXISTS","HTML_NO_CHANGE","","Repaired."
"9345","9345","RE-010048","Light Cult Crypto Club #9345","D:\github\ron-english-light-cult-9001-10000\items\lccc-9345.html","D:\github\ron-english-light-cult-9001-10000\images\9301-9400\LCCC-9345.png","../images/9301-9400/LCCC-9345.png","https://i2c.seadn.io/ethereum/0xbe85fbd182af91290be7293438ae67549638189f/a4d93fc760d61861255d96b95aa0aa1e.png?w=350","https://i2c.seadn.io/ethereum/0xbe85fbd182af91290be7293438ae67549638189f/a4d93fc760d61861255d96b95aa0aa1e.png","IMAGE_ALREADY_EXISTS","HTML_NO_CHANGE","","Repaired."
"9346","9346","RE-010049","Light Cult Crypto Club #9346","D:\github\ron-english-light-cult-9001-10000\items\lccc-9346.html","D:\github\ron-english-light-cult-9001-10000\images\9301-9400\LCCC-9346.png","../images/9301-9400/LCCC-9346.png","https://i2c.seadn.io/ethereum/0xbe85fbd182af91290be7293438ae67549638189f/f87a0d3ba788f479f6a398713ad9f106.png?w=350","https://i2c.seadn.io/ethereum/0xbe85fbd182af91290be7293438ae67549638189f/f87a0d3ba788f479f6a398713ad9f106.png","IMAGE_ALREADY_EXISTS","HTML_NO_CHANGE","","Repaired."
"9347","9347","RE-010050","Light Cult Crypto Club #9347","D:\github\ron-english-light-cult-9001-10000\items\lccc-9347.html","D:\github\ron-english-light-cult-9001-10000\images\9301-9400\LCCC-9347.png","../images/9301-9400/LCCC-9347.png","https://i2c.seadn.io/ethereum/0xbe85fbd182af91290be7293438ae67549638189f/2810224b9a3774aeaedf378401a81d66.png?w=350","https://i2c.seadn.io/ethereum/0xbe85fbd182af91290be7293438ae67549638189f/2810224b9a3774aeaedf378401a81d66.png","IMAGE_ALREADY_EXISTS","HTML_NO_CHANGE","","Repaired."
"9348","9348","RE-010051","Light Cult Crypto Club #9348","D:\github\ron-english-light-cult-9001-10000\items\lccc-9348.html","D:\github\ron-english-light-cult-9001-10000\images\9301-9400\LCCC-9348.png","../images/9301-9400/LCCC-9348.png","https://i2c.seadn.io/ethereum/0xbe85fbd182af91290be7293438ae67549638189f/8c5a9d18e63f38b0c2b395c585358302.png?w=350","https://i2c.seadn.io/ethereum/0xbe85fbd182af91290be7293438ae67549638189f/8c5a9d18e63f38b0c2b395c585358302.png","IMAGE_ALREADY_EXISTS","HTML_NO_CHANGE","","Repaired."
"9350","9350","RE-010052","Light Cult Crypto Club #9350","D:\github\ron-english-light-cult-9001-10000\items\lccc-9350.html","D:\github\ron-english-light-cult-9001-10000\images\9301-9400\LCCC-9350.png","../images/9301-9400/LCCC-9350.png","https://i2c.seadn.io/ethereum/0xbe85fbd182af91290be7293438ae67549638189f/256213d1140f0c350e823118c582b565.png?w=350","https://i2c.seadn.io/ethereum/0xbe85fbd182af91290be7293438ae67549638189f/256213d1140f0c350e823118c582b565.png","IMAGE_ALREADY_EXISTS","HTML_NO_CHANGE","","Repaired."
"9351","9351","RE-010053","Light Cult Crypto Club #9351","D:\github\ron-english-light-cult-9001-10000\items\lccc-9351.html","D:\github\ron-english-light-cult-9001-10000\images\9301-9400\LCCC-9351.png","../images/9301-9400/LCCC-9351.png","https://i2c.seadn.io/ethereum/0xbe85fbd182af91290be7293438ae67549638189f/56b0eee0a085a48e48e9c91c56ac4861.png?w=350","https://i2c.seadn.io/ethereum/0xbe85fbd182af91290be7293438ae67549638189f/56b0eee0a085a48e48e9c91c56ac4861.png","IMAGE_ALREADY_EXISTS","HTML_NO_CHANGE","","Repaired."
"9352","9352","RE-010054","Light Cult Crypto Club #9352","D:\github\ron-english-light-cult-9001-10000\items\lccc-9352.html","D:\github\ron-english-light-cult-9001-10000\images\9301-9400\LCCC-9352.png","../images/9301-9400/LCCC-9352.png","https://i2c.seadn.io/ethereum/0xbe85fbd182af91290be7293438ae67549638189f/b835a343cf8f77bd5a2bb821b53dbcc0.png?w=350","https://i2c.seadn.io/ethereum/0xbe85fbd182af91290be7293438ae67549638189f/b835a343cf8f77bd5a2bb821b53dbcc0.png","IMAGE_ALREADY_EXISTS","HTML_NO_CHANGE","","Repaired."
"9353","9353","RE-010055","Light Cult Crypto Club #9353","D:\github\ron-english-light-cult-9001-10000\items\lccc-9353.html","D:\github\ron-english-light-cult-9001-10000\images\9301-9400\LCCC-9353.png","../images/9301-9400/LCCC-9353.png","https://i2c.seadn.io/ethereum/0xbe85fbd182af91290be7293438ae67549638189f/19098484a78993f631b128fe4d5d8144.png?w=350","https://i2c.seadn.io/ethereum/0xbe85fbd182af91290be7293438ae67549638189f/19098484a78993f631b128fe4d5d8144.png","IMAGE_ALREADY_EXISTS","HTML_NO_CHANGE","","Repaired."
"9354","9354","RE-010056","Light Cult Crypto Club #9354","D:\github\ron-english-light-cult-9001-10000\items\lccc-9354.html","D:\github\ron-english-light-cult-9001-10000\images\9301-9400\LCCC-9354.png","../images/9301-9400/LCCC-9354.png","https://i2c.seadn.io/ethereum/0xbe85fbd182af91290be7293438ae67549638189f/1ce20301daa7bdb42d63d9beaff6409e.png?w=350","https://i2c.seadn.io/ethereum/0xbe85fbd182af91290be7293438ae67549638189f/1ce20301daa7bdb42d63d9beaff6409e.png","IMAGE_ALREADY_EXISTS","HTML_NO_CHANGE","","Repaired."
"9355","9355","RE-010057","Light Cult Crypto Club #9355","D:\github\ron-english-light-cult-9001-10000\items\lccc-9355.html","D:\github\ron-english-light-cult-9001-10000\images\9301-9400\LCCC-9355.png","../images/9301-9400/LCCC-9355.png","https://i2c.seadn.io/ethereum/0xbe85fbd182af91290be7293438ae67549638189f/bb51c0f84843f2dd2fd95cd4f755bb96.png?w=350","https://i2c.seadn.io/ethereum/0xbe85fbd182af91290be7293438ae67549638189f/bb51c0f84843f2dd2fd95cd4f755bb96.png","IMAGE_ALREADY_EXISTS","HTML_NO_CHANGE","","Repaired."
"9356","9356","RE-010058","Light Cult Crypto Club #9356","D:\github\ron-english-light-cult-9001-10000\items\lccc-9356.html","D:\github\ron-english-light-cult-9001-10000\images\9301-9400\LCCC-9356.png","../images/9301-9400/LCCC-9356.png","https://i2c.seadn.io/ethereum/0xbe85fbd182af91290be7293438ae67549638189f/499511b427fa46b5e3d15d56a0d0f626.png?w=350","https://i2c.seadn.io/ethereum/0xbe85fbd182af91290be7293438ae67549638189f/499511b427fa46b5e3d15d56a0d0f626.png","IMAGE_ALREADY_EXISTS","HTML_NO_CHANGE","","Repaired."
"9357","9357","RE-010059","Light Cult Crypto Club #9357","D:\github\ron-english-light-cult-9001-10000\items\lccc-9357.html","D:\github\ron-english-light-cult-9001-10000\images\9301-9400\LCCC-9357.png","../images/9301-9400/LCCC-9357.png","https://i2c.seadn.io/ethereum/0xbe85fbd182af91290be7293438ae67549638189f/2e2a9b8e15f402c28d757e922d0ea13b.png?w=350","https://i2c.seadn.io/ethereum/0xbe85fbd182af91290be7293438ae67549638189f/2e2a9b8e15f402c28d757e922d0ea13b.png","IMAGE_ALREADY_EXISTS","HTML_NO_CHANGE","","Repaired."
"9358","9358","RE-010060","Light Cult Crypto Club #9358","D:\github\ron-english-light-cult-9001-10000\items\lccc-9358.html","D:\github\ron-english-light-cult-9001-10000\images\9301-9400\LCCC-9358.png","../images/9301-9400/LCCC-9358.png","https://i2c.seadn.io/ethereum/0xbe85fbd182af91290be7293438ae67549638189f/1cb638c9749dd0d86d735ab6146a74b4.png?w=350","https://i2c.seadn.io/ethereum/0xbe85fbd182af91290be7293438ae67549638189f/1cb638c9749dd0d86d735ab6146a74b4.png","IMAGE_ALREADY_EXISTS","HTML_NO_CHANGE","","Repaired."
"9359","9359","RE-010061","Light Cult Crypto Club #9359","D:\github\ron-english-light-cult-9001-10000\items\lccc-9359.html","D:\github\ron-english-light-cult-9001-10000\images\9301-9400\LCCC-9359.png","../images/9301-9400/LCCC-9359.png","https://i2c.seadn.io/ethereum/0xbe85fbd182af91290be7293438ae67549638189f/ea47a4bd5ec9ac97d4ff2cba5fd61183.png?w=350","https://i2c.seadn.io/ethereum/0xbe85fbd182af91290be7293438ae67549638189f/ea47a4bd5ec9ac97d4ff2cba5fd61183.png","IMAGE_ALREADY_EXISTS","HTML_NO_CHANGE","","Repaired."
"9360","9360","RE-010062","Light Cult Crypto Club #9360","D:\github\ron-english-light-cult-9001-10000\items\lccc-9360.html","D:\github\ron-english-light-cult-9001-10000\images\9301-9400\LCCC-9360.png","../images/9301-9400/LCCC-9360.png","https://i2c.seadn.io/ethereum/0xbe85fbd182af91290be7293438ae67549638189f/32fb54951996cdc8cf384fa756da5351.png?w=350","https://i2c.seadn.io/ethereum/0xbe85fbd182af91290be7293438ae67549638189f/32fb54951996cdc8cf384fa756da5351.png","IMAGE_ALREADY_EXISTS","HTML_NO_CHANGE","","Repaired."
"9361","9361","RE-010063","Light Cult Crypto Club #9361","D:\github\ron-english-light-cult-9001-10000\items\lccc-9361.html","D:\github\ron-english-light-cult-9001-10000\images\9301-9400\LCCC-9361.png","../images/9301-9400/LCCC-9361.png","https://i2c.seadn.io/ethereum/0xbe85fbd182af91290be7293438ae67549638189f/5722b99c0bba35540e261709b0c69117.png?w=350","https://i2c.seadn.io/ethereum/0xbe85fbd182af91290be7293438ae67549638189f/5722b99c0bba35540e261709b0c69117.png","IMAGE_ALREADY_EXISTS","HTML_NO_CHANGE","","Repaired."
"9362","9362","RE-010064","Light Cult Crypto Club #9362","D:\github\ron-english-light-cult-9001-10000\items\lccc-9362.html","D:\github\ron-english-light-cult-9001-10000\images\9301-9400\LCCC-9362.png","../images/9301-9400/LCCC-9362.png","https://i2c.seadn.io/ethereum/0xbe85fbd182af91290be7293438ae67549638189f/22449fd09e650ab6efef0b2416792446.png?w=350","https://i2c.seadn.io/ethereum/0xbe85fbd182af91290be7293438ae67549638189f/22449fd09e650ab6efef0b2416792446.png","IMAGE_ALREADY_EXISTS","HTML_NO_CHANGE","","Repaired."
"9363","9363","RE-010065","Light Cult Crypto Club #9363","D:\github\ron-english-light-cult-9001-10000\items\lccc-9363.html","D:\github\ron-english-light-cult-9001-10000\images\9301-9400\LCCC-9363.png","../images/9301-9400/LCCC-9363.png","https://i2c.seadn.io/ethereum/0xbe85fbd182af91290be7293438ae67549638189f/e3518628bcbeba10612d4ac11a9dd80d.png?w=350","https://i2c.seadn.io/ethereum/0xbe85fbd182af91290be7293438ae67549638189f/e3518628bcbeba10612d4ac11a9dd80d.png","IMAGE_ALREADY_EXISTS","HTML_NO_CHANGE","","Repaired."
"9364","9364","RE-010066","Light Cult Crypto Club #9364","D:\github\ron-english-light-cult-9001-10000\items\lccc-9364.html","D:\github\ron-english-light-cult-9001-10000\images\9301-9400\LCCC-9364.png","../images/9301-9400/LCCC-9364.png","https://i2c.seadn.io/ethereum/0xbe85fbd182af91290be7293438ae67549638189f/0e92db4b7e33e4c8e9e6132807779080.png?w=350","https://i2c.seadn.io/ethereum/0xbe85fbd182af91290be7293438ae67549638189f/0e92db4b7e33e4c8e9e6132807779080.png","IMAGE_ALREADY_EXISTS","HTML_NO_CHANGE","","Repaired."
"9365","9365","RE-010067","Light Cult Crypto Club #9365","D:\github\ron-english-light-cult-9001-10000\items\lccc-9365.html","D:\github\ron-english-light-cult-9001-10000\images\9301-9400\LCCC-9365.png","../images/9301-9400/LCCC-9365.png","https://i2c.seadn.io/ethereum/0xbe85fbd182af91290be7293438ae67549638189f/d642d9a81aef945a513bdb9b4c68e95f.png?w=350","https://i2c.seadn.io/ethereum/0xbe85fbd182af91290be7293438ae67549638189f/d642d9a81aef945a513bdb9b4c68e95f.png","IMAGE_ALREADY_EXISTS","HTML_NO_CHANGE","","Repaired."
"9366","9366","RE-010068","Light Cult Crypto Club #9366","D:\github\ron-english-light-cult-9001-10000\items\lccc-9366.html","D:\github\ron-english-light-cult-9001-10000\images\9301-9400\LCCC-9366.png","../images/9301-9400/LCCC-9366.png","https://i2c.seadn.io/ethereum/0xbe85fbd182af91290be7293438ae67549638189f/b4e477075748f573fca5b2989a274a/bbb4e477075748f573fca5b2989a274a.png?w=350","https://i2c.seadn.io/ethereum/0xbe85fbd182af91290be7293438ae67549638189f/b4e477075748f573fca5b2989a274a/bbb4e477075748f573fca5b2989a274a.png","IMAGE_ALREADY_EXISTS","HTML_NO_CHANGE","","Repaired."
"9368","9368","RE-010069","Light Cult Crypto Club #9368","D:\github\ron-english-light-cult-9001-10000\items\lccc-9368.html","D:\github\ron-english-light-cult-9001-10000\images\9301-9400\LCCC-9368.png","../images/9301-9400/LCCC-9368.png","https://i2c.seadn.io/ethereum/0xbe85fbd182af91290be7293438ae67549638189f/c919492049bd0c45f255faf9abc9a208.png?w=350","https://i2c.seadn.io/ethereum/0xbe85fbd182af91290be7293438ae67549638189f/c919492049bd0c45f255faf9abc9a208.png","IMAGE_ALREADY_EXISTS","HTML_NO_CHANGE","","Repaired."
"9369","9369","RE-010070","Light Cult Crypto Club #9369","D:\github\ron-english-light-cult-9001-10000\items\lccc-9369.html","D:\github\ron-english-light-cult-9001-10000\images\9301-9400\LCCC-9369.png","../images/9301-9400/LCCC-9369.png","https://i2c.seadn.io/ethereum/0xbe85fbd182af91290be7293438ae67549638189f/82a40583f653a93bacb3239c0de48b3d.png?w=350","https://i2c.seadn.io/ethereum/0xbe85fbd182af91290be7293438ae67549638189f/82a40583f653a93bacb3239c0de48b3d.png","IMAGE_ALREADY_EXISTS","HTML_NO_CHANGE","","Repaired."
"9370","9370","RE-010071","Light Cult Crypto Club #9370","D:\github\ron-english-light-cult-9001-10000\items\lccc-9370.html","D:\github\ron-english-light-cult-9001-10000\images\9301-9400\LCCC-9370.png","../images/9301-9400/LCCC-9370.png","https://i2c.seadn.io/ethereum/0xbe85fbd182af91290be7293438ae67549638189f/d5ba1b2e8f422cd597c7ffb938f81ef8.png?w=350","https://i2c.seadn.io/ethereum/0xbe85fbd182af91290be7293438ae67549638189f/d5ba1b2e8f422cd597c7ffb938f81ef8.png","IMAGE_ALREADY_EXISTS","HTML_NO_CHANGE","","Repaired."
"9371","9371","RE-010072","Light Cult Crypto Club #9371","D:\github\ron-english-light-cult-9001-10000\items\lccc-9371.html","D:\github\ron-english-light-cult-9001-10000\images\9301-9400\LCCC-9371.png","../images/9301-9400/LCCC-9371.png","https://i2c.seadn.io/ethereum/0xbe85fbd182af91290be7293438ae67549638189f/25d3f4fc85137b02c5436cfbfd57735a.png?w=350","https://i2c.seadn.io/ethereum/0xbe85fbd182af91290be7293438ae67549638189f/25d3f4fc85137b02c5436cfbfd57735a.png","IMAGE_ALREADY_EXISTS","HTML_NO_CHANGE","","Repaired."
"9372","9372","RE-010073","Light Cult Crypto Club #9372","D:\github\ron-english-light-cult-9001-10000\items\lccc-9372.html","D:\github\ron-english-light-cult-9001-10000\images\9301-9400\LCCC-9372.png","../images/9301-9400/LCCC-9372.png","https://i2c.seadn.io/ethereum/0xbe85fbd182af91290be7293438ae67549638189f/b8750d90ff91482f5d9a5db6318e90de.png?w=350","https://i2c.seadn.io/ethereum/0xbe85fbd182af91290be7293438ae67549638189f/b8750d90ff91482f5d9a5db6318e90de.png","IMAGE_ALREADY_EXISTS","HTML_NO_CHANGE","","Repaired."
"9373","9373","RE-010074","Light Cult Crypto Club #9373","D:\github\ron-english-light-cult-9001-10000\items\lccc-9373.html","D:\github\ron-english-light-cult-9001-10000\images\9301-9400\LCCC-9373.png","../images/9301-9400/LCCC-9373.png","https://i2c.seadn.io/ethereum/0xbe85fbd182af91290be7293438ae67549638189f/04a585a7f01aa9083d0edf3ee2c6ecab.png?w=350","https://i2c.seadn.io/ethereum/0xbe85fbd182af91290be7293438ae67549638189f/04a585a7f01aa9083d0edf3ee2c6ecab.png","IMAGE_ALREADY_EXISTS","HTML_NO_CHANGE","","Repaired."
"9375","9375","RE-010075","Light Cult Crypto Club #9375","D:\github\ron-english-light-cult-9001-10000\items\lccc-9375.html","D:\github\ron-english-light-cult-9001-10000\images\9301-9400\LCCC-9375.png","../images/9301-9400/LCCC-9375.png","https://i2c.seadn.io/ethereum/0xbe85fbd182af91290be7293438ae67549638189f/1486a927f50829fb08830496691d8c39.png?w=350","https://i2c.seadn.io/ethereum/0xbe85fbd182af91290be7293438ae67549638189f/1486a927f50829fb08830496691d8c39.png","IMAGE_ALREADY_EXISTS","HTML_NO_CHANGE","","Repaired."
"9377","9377","RE-010076","Light Cult Crypto Club #9377","D:\github\ron-english-light-cult-9001-10000\items\lccc-9377.html","D:\github\ron-english-light-cult-9001-10000\images\9301-9400\LCCC-9377.png","../images/9301-9400/LCCC-9377.png","https://i2c.seadn.io/ethereum/0xbe85fbd182af91290be7293438ae67549638189f/534f92121ac04a83c82e0b1abd8ac7ff.png?w=350","https://i2c.seadn.io/ethereum/0xbe85fbd182af91290be7293438ae67549638189f/534f92121ac04a83c82e0b1abd8ac7ff.png","IMAGE_ALREADY_EXISTS","HTML_NO_CHANGE","","Repaired."
"9378","9378","RE-010077","Light Cult Crypto Club #9378","D:\github\ron-english-light-cult-9001-10000\items\lccc-9378.html","D:\github\ron-english-light-cult-9001-10000\images\9301-9400\LCCC-9378.png","../images/9301-9400/LCCC-9378.png","https://i2c.seadn.io/ethereum/0xbe85fbd182af91290be7293438ae67549638189f/944b2b57e0796c008a712536ab1a61ef.png?w=350","https://i2c.seadn.io/ethereum/0xbe85fbd182af91290be7293438ae67549638189f/944b2b57e0796c008a712536ab1a61ef.png","IMAGE_ALREADY_EXISTS","HTML_NO_CHANGE","","Repaired."
"9379","9379","RE-010078","Light Cult Crypto Club #9379","D:\github\ron-english-light-cult-9001-10000\items\lccc-9379.html","D:\github\ron-english-light-cult-9001-10000\images\9301-9400\LCCC-9379.png","../images/9301-9400/LCCC-9379.png","https://i2c.seadn.io/ethereum/0xbe85fbd182af91290be7293438ae67549638189f/8d5ddcf39c915c57a4fd49f47932f518.png?w=350","https://i2c.seadn.io/ethereum/0xbe85fbd182af91290be7293438ae67549638189f/8d5ddcf39c915c57a4fd49f47932f518.png","IMAGE_ALREADY_EXISTS","HTML_NO_CHANGE","","Repaired."
"9380","9380","RE-010079","Light Cult Crypto Club #9380","D:\github\ron-english-light-cult-9001-10000\items\lccc-9380.html","D:\github\ron-english-light-cult-9001-10000\images\9301-9400\LCCC-9380.png","../images/9301-9400/LCCC-9380.png","https://i2c.seadn.io/ethereum/0xbe85fbd182af91290be7293438ae67549638189f/de3f22fbd5cc60093a69f2bfd22c5d58.png?w=350","https://i2c.seadn.io/ethereum/0xbe85fbd182af91290be7293438ae67549638189f/de3f22fbd5cc60093a69f2bfd22c5d58.png","IMAGE_ALREADY_EXISTS","HTML_NO_CHANGE","","Repaired."
"9381","9381","RE-010080","Light Cult Crypto Club #9381","D:\github\ron-english-light-cult-9001-10000\items\lccc-9381.html","D:\github\ron-english-light-cult-9001-10000\images\9301-9400\LCCC-9381.png","../images/9301-9400/LCCC-9381.png","https://i2c.seadn.io/ethereum/0xbe85fbd182af91290be7293438ae67549638189f/7fe0c6566f884fff46d816db09de3edb.png?w=350","https://i2c.seadn.io/ethereum/0xbe85fbd182af91290be7293438ae67549638189f/7fe0c6566f884fff46d816db09de3edb.png","IMAGE_ALREADY_EXISTS","HTML_NO_CHANGE","","Repaired."
"9382","9382","RE-010081","Light Cult Crypto Club #9382","D:\github\ron-english-light-cult-9001-10000\items\lccc-9382.html","D:\github\ron-english-light-cult-9001-10000\images\9301-9400\LCCC-9382.png","../images/9301-9400/LCCC-9382.png","https://i2c.seadn.io/ethereum/0xbe85fbd182af91290be7293438ae67549638189f/1c1bd93324bb6a77febe0c89e0118b28.png?w=350","https://i2c.seadn.io/ethereum/0xbe85fbd182af91290be7293438ae67549638189f/1c1bd93324bb6a77febe0c89e0118b28.png","IMAGE_ALREADY_EXISTS","HTML_NO_CHANGE","","Repaired."
"9383","9383","RE-010082","Light Cult Crypto Club #9383","D:\github\ron-english-light-cult-9001-10000\items\lccc-9383.html","D:\github\ron-english-light-cult-9001-10000\images\9301-9400\LCCC-9383.png","../images/9301-9400/LCCC-9383.png","https://i2c.seadn.io/ethereum/0xbe85fbd182af91290be7293438ae67549638189f/4406eee71ee52ab729a0b8f1754c15ad.png?w=350","https://i2c.seadn.io/ethereum/0xbe85fbd182af91290be7293438ae67549638189f/4406eee71ee52ab729a0b8f1754c15ad.png","IMAGE_ALREADY_EXISTS","HTML_NO_CHANGE","","Repaired."
"9384","9384","RE-010083","Light Cult Crypto Club #9384","D:\github\ron-english-light-cult-9001-10000\items\lccc-9384.html","D:\github\ron-english-light-cult-9001-10000\images\9301-9400\LCCC-9384.png","../images/9301-9400/LCCC-9384.png","https://i2c.seadn.io/ethereum/0xbe85fbd182af91290be7293438ae67549638189f/5631e25f680dcb89d27fb9d5d8a2d714.png?w=350","https://i2c.seadn.io/ethereum/0xbe85fbd182af91290be7293438ae67549638189f/5631e25f680dcb89d27fb9d5d8a2d714.png","IMAGE_ALREADY_EXISTS","HTML_NO_CHANGE","","Repaired."
"9385","9385","RE-010084","Light Cult Crypto Club #9385","D:\github\ron-english-light-cult-9001-10000\items\lccc-9385.html","D:\github\ron-english-light-cult-9001-10000\images\9301-9400\LCCC-9385.png","../images/9301-9400/LCCC-9385.png","https://i2c.seadn.io/ethereum/0xbe85fbd182af91290be7293438ae67549638189f/603fb5d1f8c70294adf097daf8af278a.png?w=350","https://i2c.seadn.io/ethereum/0xbe85fbd182af91290be7293438ae67549638189f/603fb5d1f8c70294adf097daf8af278a.png","IMAGE_ALREADY_EXISTS","HTML_NO_CHANGE","","Repaired."
"9387","9387","RE-010085","Light Cult Crypto Club #9387","D:\github\ron-english-light-cult-9001-10000\items\lccc-9387.html","D:\github\ron-english-light-cult-9001-10000\images\9301-9400\LCCC-9387.png","../images/9301-9400/LCCC-9387.png","https://i2c.seadn.io/ethereum/0xbe85fbd182af91290be7293438ae67549638189f/26eddd6de8285836d4a2d44173b62a64.png?w=350","https://i2c.seadn.io/ethereum/0xbe85fbd182af91290be7293438ae67549638189f/26eddd6de8285836d4a2d44173b62a64.png","IMAGE_ALREADY_EXISTS","HTML_NO_CHANGE","","Repaired."
"9390","9390","RE-010086","Light Cult Crypto Club #9390","D:\github\ron-english-light-cult-9001-10000\items\lccc-9390.html","D:\github\ron-english-light-cult-9001-10000\images\9301-9400\LCCC-9390.png","../images/9301-9400/LCCC-9390.png","https://i2c.seadn.io/ethereum/0xbe85fbd182af91290be7293438ae67549638189f/cdd93056701ac6de103be32e75c3bbcc.png?w=350","https://i2c.seadn.io/ethereum/0xbe85fbd182af91290be7293438ae67549638189f/cdd93056701ac6de103be32e75c3bbcc.png","IMAGE_ALREADY_EXISTS","HTML_NO_CHANGE","","Repaired."
"9391","9391","RE-010087","Light Cult Crypto Club #9391","D:\github\ron-english-light-cult-9001-10000\items\lccc-9391.html","D:\github\ron-english-light-cult-9001-10000\images\9301-9400\LCCC-9391.png","../images/9301-9400/LCCC-9391.png","https://i2c.seadn.io/ethereum/0xbe85fbd182af91290be7293438ae67549638189f/cf65ba624df7b97f4dce53844e4a8b9c.png?w=350","https://i2c.seadn.io/ethereum/0xbe85fbd182af91290be7293438ae67549638189f/cf65ba624df7b97f4dce53844e4a8b9c.png","IMAGE_ALREADY_EXISTS","HTML_NO_CHANGE","","Repaired."
"9392","9392","RE-010088","Light Cult Crypto Club #9392","D:\github\ron-english-light-cult-9001-10000\items\lccc-9392.html","D:\github\ron-english-light-cult-9001-10000\images\9301-9400\LCCC-9392.png","../images/9301-9400/LCCC-9392.png","https://i2c.seadn.io/ethereum/0xbe85fbd182af91290be7293438ae67549638189f/e446891f2e7f7f52ff6979f1f4cee1c0.png?w=350","https://i2c.seadn.io/ethereum/0xbe85fbd182af91290be7293438ae67549638189f/e446891f2e7f7f52ff6979f1f4cee1c0.png","IMAGE_ALREADY_EXISTS","HTML_NO_CHANGE","","Repaired."
"9393","9393","RE-010089","Light Cult Crypto Club #9393","D:\github\ron-english-light-cult-9001-10000\items\lccc-9393.html","D:\github\ron-english-light-cult-9001-10000\images\9301-9400\LCCC-9393.png","../images/9301-9400/LCCC-9393.png","https://i2c.seadn.io/ethereum/0xbe85fbd182af91290be7293438ae67549638189f/aad4c1eb129ec4b1a40e6d7fe0c97d91.png?w=350","https://i2c.seadn.io/ethereum/0xbe85fbd182af91290be7293438ae67549638189f/aad4c1eb129ec4b1a40e6d7fe0c97d91.png","IMAGE_ALREADY_EXISTS","HTML_NO_CHANGE","","Repaired."
"9394","9394","RE-010090","Light Cult Crypto Club #9394","D:\github\ron-english-light-cult-9001-10000\items\lccc-9394.html","D:\github\ron-english-light-cult-9001-10000\images\9301-9400\LCCC-9394.png","../images/9301-9400/LCCC-9394.png","https://i2c.seadn.io/ethereum/0xbe85fbd182af91290be7293438ae67549638189f/b685a92713530ede51601fd07d7ac598.png?w=350","https://i2c.seadn.io/ethereum/0xbe85fbd182af91290be7293438ae67549638189f/b685a92713530ede51601fd07d7ac598.png","IMAGE_ALREADY_EXISTS","HTML_NO_CHANGE","","Repaired."
"9395","9395","RE-010091","Light Cult Crypto Club #9395","D:\github\ron-english-light-cult-9001-10000\items\lccc-9395.html","D:\github\ron-english-light-cult-9001-10000\images\9301-9400\LCCC-9395.png","../images/9301-9400/LCCC-9395.png","https://i2c.seadn.io/ethereum/0xbe85fbd182af91290be7293438ae67549638189f/91a1c7c4aea21bf38bfa2c010eb9dc7f.png?w=350","https://i2c.seadn.io/ethereum/0xbe85fbd182af91290be7293438ae67549638189f/91a1c7c4aea21bf38bfa2c010eb9dc7f.png","IMAGE_ALREADY_EXISTS","HTML_NO_CHANGE","","Repaired."
"9396","9396","RE-010092","Light Cult Crypto Club #9396","D:\github\ron-english-light-cult-9001-10000\items\lccc-9396.html","D:\github\ron-english-light-cult-9001-10000\images\9301-9400\LCCC-9396.png","../images/9301-9400/LCCC-9396.png","https://i2c.seadn.io/ethereum/0xbe85fbd182af91290be7293438ae67549638189f/0f2db7ae5b33aa0d7ac3737652c52bbe.png?w=350","https://i2c.seadn.io/ethereum/0xbe85fbd182af91290be7293438ae67549638189f/0f2db7ae5b33aa0d7ac3737652c52bbe.png","IMAGE_ALREADY_EXISTS","HTML_NO_CHANGE","","Repaired."
"9398","9398","RE-010093","Light Cult Crypto Club #9398","D:\github\ron-english-light-cult-9001-10000\items\lccc-9398.html","D:\github\ron-english-light-cult-9001-10000\images\9301-9400\LCCC-9398.png","../images/9301-9400/LCCC-9398.png","https://i2c.seadn.io/ethereum/0xbe85fbd182af91290be7293438ae67549638189f/f77d20eb46408ed504481d707b3eada2.png?w=350","https://i2c.seadn.io/ethereum/0xbe85fbd182af91290be7293438ae67549638189f/f77d20eb46408ed504481d707b3eada2.png","IMAGE_ALREADY_EXISTS","HTML_NO_CHANGE","","Repaired."
"9399","9399","RE-010094","Light Cult Crypto Club #9399","D:\github\ron-english-light-cult-9001-10000\items\lccc-9399.html","D:\github\ron-english-light-cult-9001-10000\images\9301-9400\LCCC-9399.png","../images/9301-9400/LCCC-9399.png","https://i2c.seadn.io/ethereum/0xbe85fbd182af91290be7293438ae67549638189f/2807373763fc0e702cb3ca20a14270ba.png?w=350","https://i2c.seadn.io/ethereum/0xbe85fbd182af91290be7293438ae67549638189f/2807373763fc0e702cb3ca20a14270ba.png","IMAGE_ALREADY_EXISTS","HTML_NO_CHANGE","","Repaired."
"9400","9400","RE-010095","Light Cult Crypto Club #9400","D:\github\ron-english-light-cult-9001-10000\items\lccc-9400.html","D:\github\ron-english-light-cult-9001-10000\images\9301-9400\LCCC-9400.png","../images/9301-9400/LCCC-9400.png","https://i2c.seadn.io/ethereum/0xbe85fbd182af91290be7293438ae67549638189f/b9bb6c0338117e9f541cb3dd9fdfc100.png?w=350","https://i2c.seadn.io/ethereum/0xbe85fbd182af91290be7293438ae67549638189f/b9bb6c0338117e9f541cb3dd9fdfc100.png","IMAGE_ALREADY_EXISTS","HTML_NO_CHANGE","","Repaired."
"9401","9401","RE-010096","Light Cult Crypto Club #9401","D:\github\ron-english-light-cult-9001-10000\items\lccc-9401.html","D:\github\ron-english-light-cult-9001-10000\images\9401-9500\LCCC-9401.png","../images/9401-9500/LCCC-9401.png","https://i2c.seadn.io/ethereum/0xbe85fbd182af91290be7293438ae67549638189f/c702338ed4b196601a69e869724a4e8e.png?w=350","https://i2c.seadn.io/ethereum/0xbe85fbd182af91290be7293438ae67549638189f/c702338ed4b196601a69e869724a4e8e.png","IMAGE_ALREADY_EXISTS","HTML_NO_CHANGE","","Repaired."
"9402","9402","RE-010097","Light Cult Crypto Club #9402","D:\github\ron-english-light-cult-9001-10000\items\lccc-9402.html","D:\github\ron-english-light-cult-9001-10000\images\9401-9500\LCCC-9402.png","../images/9401-9500/LCCC-9402.png","https://i2c.seadn.io/ethereum/0xbe85fbd182af91290be7293438ae67549638189f/43cd6a383fc1f00f8915191cd6e9fa50.png?w=350","https://i2c.seadn.io/ethereum/0xbe85fbd182af91290be7293438ae67549638189f/43cd6a383fc1f00f8915191cd6e9fa50.png","IMAGE_ALREADY_EXISTS","HTML_NO_CHANGE","","Repaired."
"9403","9403","RE-010098","Light Cult Crypto Club #9403","D:\github\ron-english-light-cult-9001-10000\items\lccc-9403.html","D:\github\ron-english-light-cult-9001-10000\images\9401-9500\LCCC-9403.png","../images/9401-9500/LCCC-9403.png","https://i2c.seadn.io/ethereum/0xbe85fbd182af91290be7293438ae67549638189f/49d40d3800879abb49b7c33b16ce6d9c.png?w=350","https://i2c.seadn.io/ethereum/0xbe85fbd182af91290be7293438ae67549638189f/49d40d3800879abb49b7c33b16ce6d9c.png","IMAGE_ALREADY_EXISTS","HTML_NO_CHANGE","","Repaired."
"9404","9404","RE-010099","Light Cult Crypto Club #9404","D:\github\ron-english-light-cult-9001-10000\items\lccc-9404.html","D:\github\ron-english-light-cult-9001-10000\images\9401-9500\LCCC-9404.png","../images/9401-9500/LCCC-9404.png","https://i2c.seadn.io/ethereum/0xbe85fbd182af91290be7293438ae67549638189f/0ef99afb448b56845f78a05343fdc6b8.png?w=350","https://i2c.seadn.io/ethereum/0xbe85fbd182af91290be7293438ae67549638189f/0ef99afb448b56845f78a05343fdc6b8.png","IMAGE_ALREADY_EXISTS","HTML_NO_CHANGE","","Repaired."
"9405","9405","RE-010100","Light Cult Crypto Club #9405","D:\github\ron-english-light-cult-9001-10000\items\lccc-9405.html","D:\github\ron-english-light-cult-9001-10000\images\9401-9500\LCCC-9405.png","../images/9401-9500/LCCC-9405.png","https://i2c.seadn.io/ethereum/0xbe85fbd182af91290be7293438ae67549638189f/18c1f5ee713bd5ec64cab04855ab56c1.png?w=350","https://i2c.seadn.io/ethereum/0xbe85fbd182af91290be7293438ae67549638189f/18c1f5ee713bd5ec64cab04855ab56c1.png","IMAGE_ALREADY_EXISTS","HTML_NO_CHANGE","","Repaired."
"9406","9406","RE-010101","Light Cult Crypto Club #9406","D:\github\ron-english-light-cult-9001-10000\items\lccc-9406.html","D:\github\ron-english-light-cult-9001-10000\images\9401-9500\LCCC-9406.png","../images/9401-9500/LCCC-9406.png","https://i2c.seadn.io/ethereum/0xbe85fbd182af91290be7293438ae67549638189f/a5af746f1636f30d75c897051ce78002.png?w=350","https://i2c.seadn.io/ethereum/0xbe85fbd182af91290be7293438ae67549638189f/a5af746f1636f30d75c897051ce78002.png","IMAGE_ALREADY_EXISTS","HTML_NO_CHANGE","","Repaired."
"9407","9407","RE-010102","Light Cult Crypto Club #9407","D:\github\ron-english-light-cult-9001-10000\items\lccc-9407.html","D:\github\ron-english-light-cult-9001-10000\images\9401-9500\LCCC-9407.png","../images/9401-9500/LCCC-9407.png","https://i2c.seadn.io/ethereum/0xbe85fbd182af91290be7293438ae67549638189f/a4089e210eb19e35ded70dc34746dee5.png?w=350","https://i2c.seadn.io/ethereum/0xbe85fbd182af91290be7293438ae67549638189f/a4089e210eb19e35ded70dc34746dee5.png","IMAGE_ALREADY_EXISTS","HTML_NO_CHANGE","","Repaired."
"9408","9408","RE-010103","Light Cult Crypto Club #9408","D:\github\ron-english-light-cult-9001-10000\items\lccc-9408.html","D:\github\ron-english-light-cult-9001-10000\images\9401-9500\LCCC-9408.png","../images/9401-9500/LCCC-9408.png","https://i2c.seadn.io/ethereum/0xbe85fbd182af91290be7293438ae67549638189f/8c4192d28d2116695bc5204e245fc2b1.png?w=350","https://i2c.seadn.io/ethereum/0xbe85fbd182af91290be7293438ae67549638189f/8c4192d28d2116695bc5204e245fc2b1.png","IMAGE_ALREADY_EXISTS","HTML_NO_CHANGE","","Repaired."
"9409","9409","RE-010104","Light Cult Crypto Club #9409","D:\github\ron-english-light-cult-9001-10000\items\lccc-9409.html","D:\github\ron-english-light-cult-9001-10000\images\9401-9500\LCCC-9409.png","../images/9401-9500/LCCC-9409.png","https://i2c.seadn.io/ethereum/0xbe85fbd182af91290be7293438ae67549638189f/50a7996e08f61bfcfd78e9653636209a.png?w=350","https://i2c.seadn.io/ethereum/0xbe85fbd182af91290be7293438ae67549638189f/50a7996e08f61bfcfd78e9653636209a.png","IMAGE_ALREADY_EXISTS","HTML_NO_CHANGE","","Repaired."
"9410","9410","RE-010105","Light Cult Crypto Club #9410","D:\github\ron-english-light-cult-9001-10000\items\lccc-9410.html","D:\github\ron-english-light-cult-9001-10000\images\9401-9500\LCCC-9410.png","../images/9401-9500/LCCC-9410.png","https://i2c.seadn.io/ethereum/0xbe85fbd182af91290be7293438ae67549638189f/0098455e83c7873132a3f241f74e23de.png?w=350","https://i2c.seadn.io/ethereum/0xbe85fbd182af91290be7293438ae67549638189f/0098455e83c7873132a3f241f74e23de.png","IMAGE_ALREADY_EXISTS","HTML_NO_CHANGE","","Repaired."
"9411","9411","RE-010106","Light Cult Crypto Club #9411","D:\github\ron-english-light-cult-9001-10000\items\lccc-9411.html","D:\github\ron-english-light-cult-9001-10000\images\9401-9500\LCCC-9411.png","../images/9401-9500/LCCC-9411.png","https://i2c.seadn.io/ethereum/0xbe85fbd182af91290be7293438ae67549638189f/38580fe956a025618f3952a672fbed16.png?w=350","https://i2c.seadn.io/ethereum/0xbe85fbd182af91290be7293438ae67549638189f/38580fe956a025618f3952a672fbed16.png","IMAGE_ALREADY_EXISTS","HTML_NO_CHANGE","","Repaired."
"9412","9412","RE-010107","Light Cult Crypto Club #9412","D:\github\ron-english-light-cult-9001-10000\items\lccc-9412.html","D:\github\ron-english-light-cult-9001-10000\images\9401-9500\LCCC-9412.png","../images/9401-9500/LCCC-9412.png","https://i2c.seadn.io/ethereum/0xbe85fbd182af91290be7293438ae67549638189f/f1e0537fd632bc96c0b1b6f10de6486a.png?w=350","https://i2c.seadn.io/ethereum/0xbe85fbd182af91290be7293438ae67549638189f/f1e0537fd632bc96c0b1b6f10de6486a.png","IMAGE_ALREADY_EXISTS","HTML_NO_CHANGE","","Repaired."
"9413","9413","RE-010108","Light Cult Crypto Club #9413","D:\github\ron-english-light-cult-9001-10000\items\lccc-9413.html","D:\github\ron-english-light-cult-9001-10000\images\9401-9500\LCCC-9413.png","../images/9401-9500/LCCC-9413.png","https://i2c.seadn.io/ethereum/0xbe85fbd182af91290be7293438ae67549638189f/8bdcfbd35f60ed70a432a7bd3291850a.png?w=350","https://i2c.seadn.io/ethereum/0xbe85fbd182af91290be7293438ae67549638189f/8bdcfbd35f60ed70a432a7bd3291850a.png","IMAGE_ALREADY_EXISTS","HTML_NO_CHANGE","","Repaired."
"9414","9414","RE-010109","Light Cult Crypto Club #9414","D:\github\ron-english-light-cult-9001-10000\items\lccc-9414.html","D:\github\ron-english-light-cult-9001-10000\images\9401-9500\LCCC-9414.png","../images/9401-9500/LCCC-9414.png","https://i2c.seadn.io/ethereum/0xbe85fbd182af91290be7293438ae67549638189f/c08d72f1f35b87389dec4a9600702818.png?w=350","https://i2c.seadn.io/ethereum/0xbe85fbd182af91290be7293438ae67549638189f/c08d72f1f35b87389dec4a9600702818.png","IMAGE_ALREADY_EXISTS","HTML_NO_CHANGE","","Repaired."
"9415","9415","RE-010110","Light Cult Crypto Club #9415","D:\github\ron-english-light-cult-9001-10000\items\lccc-9415.html","D:\github\ron-english-light-cult-9001-10000\images\9401-9500\LCCC-9415.png","../images/9401-9500/LCCC-9415.png","https://i2c.seadn.io/ethereum/0xbe85fbd182af91290be7293438ae67549638189f/373aaf6cfe176ecb8c37946a001faad2.png?w=350","https://i2c.seadn.io/ethereum/0xbe85fbd182af91290be7293438ae67549638189f/373aaf6cfe176ecb8c37946a001faad2.png","IMAGE_ALREADY_EXISTS","HTML_NO_CHANGE","","Repaired."
"9416","9416","RE-010111","Light Cult Crypto Club #9416","D:\github\ron-english-light-cult-9001-10000\items\lccc-9416.html","D:\github\ron-english-light-cult-9001-10000\images\9401-9500\LCCC-9416.png","../images/9401-9500/LCCC-9416.png","https://i2c.seadn.io/ethereum/0xbe85fbd182af91290be7293438ae67549638189f/1d403a27a9e6ab57c878db6caaa0e928.png?w=350","https://i2c.seadn.io/ethereum/0xbe85fbd182af91290be7293438ae67549638189f/1d403a27a9e6ab57c878db6caaa0e928.png","IMAGE_ALREADY_EXISTS","HTML_NO_CHANGE","","Repaired."
"9418","9418","RE-010112","Light Cult Crypto Club #9418","D:\github\ron-english-light-cult-9001-10000\items\lccc-9418.html","D:\github\ron-english-light-cult-9001-10000\images\9401-9500\LCCC-9418.png","../images/9401-9500/LCCC-9418.png","https://i2c.seadn.io/ethereum/0xbe85fbd182af91290be7293438ae67549638189f/9b0dde641d27f272cc0ce1829924ab50.png?w=350","https://i2c.seadn.io/ethereum/0xbe85fbd182af91290be7293438ae67549638189f/9b0dde641d27f272cc0ce1829924ab50.png","IMAGE_ALREADY_EXISTS","HTML_NO_CHANGE","","Repaired."
"9419","9419","RE-010113","Light Cult Crypto Club #9419","D:\github\ron-english-light-cult-9001-10000\items\lccc-9419.html","D:\github\ron-english-light-cult-9001-10000\images\9401-9500\LCCC-9419.png","../images/9401-9500/LCCC-9419.png","https://i2c.seadn.io/ethereum/0xbe85fbd182af91290be7293438ae67549638189f/f12a7106e6d32df6cfd070aec31ead91.png?w=350","https://i2c.seadn.io/ethereum/0xbe85fbd182af91290be7293438ae67549638189f/f12a7106e6d32df6cfd070aec31ead91.png","IMAGE_ALREADY_EXISTS","HTML_NO_CHANGE","","Repaired."
"9420","9420","RE-010114","Light Cult Crypto Club #9420","D:\github\ron-english-light-cult-9001-10000\items\lccc-9420.html","D:\github\ron-english-light-cult-9001-10000\images\9401-9500\LCCC-9420.png","../images/9401-9500/LCCC-9420.png","https://i2c.seadn.io/ethereum/0xbe85fbd182af91290be7293438ae67549638189f/dfdeabd1c803ffc6a1aa86b82b6d7ab0.png?w=350","https://i2c.seadn.io/ethereum/0xbe85fbd182af91290be7293438ae67549638189f/dfdeabd1c803ffc6a1aa86b82b6d7ab0.png","IMAGE_ALREADY_EXISTS","HTML_NO_CHANGE","","Repaired."
"9423","9423","RE-010115","Light Cult Crypto Club #9423","D:\github\ron-english-light-cult-9001-10000\items\lccc-9423.html","D:\github\ron-english-light-cult-9001-10000\images\9401-9500\LCCC-9423.png","../images/9401-9500/LCCC-9423.png","https://i2c.seadn.io/ethereum/0xbe85fbd182af91290be7293438ae67549638189f/fb4382dab755621ab02f2e866fbb24dc.png?w=350","https://i2c.seadn.io/ethereum/0xbe85fbd182af91290be7293438ae67549638189f/fb4382dab755621ab02f2e866fbb24dc.png","IMAGE_ALREADY_EXISTS","HTML_NO_CHANGE","","Repaired."
"9425","9425","RE-010116","Light Cult Crypto Club #9425","D:\github\ron-english-light-cult-9001-10000\items\lccc-9425.html","D:\github\ron-english-light-cult-9001-10000\images\9401-9500\LCCC-9425.png","../images/9401-9500/LCCC-9425.png","https://i2c.seadn.io/ethereum/0xbe85fbd182af91290be7293438ae67549638189f/dacccff03d6ef2d66dd787f04de3d74e.png?w=350","https://i2c.seadn.io/ethereum/0xbe85fbd182af91290be7293438ae67549638189f/dacccff03d6ef2d66dd787f04de3d74e.png","IMAGE_ALREADY_EXISTS","HTML_NO_CHANGE","","Repaired."
"9427","9427","RE-010117","Light Cult Crypto Club #9427","D:\github\ron-english-light-cult-9001-10000\items\lccc-9427.html","D:\github\ron-english-light-cult-9001-10000\images\9401-9500\LCCC-9427.png","../images/9401-9500/LCCC-9427.png","https://i2c.seadn.io/ethereum/0xbe85fbd182af91290be7293438ae67549638189f/78bce459d227147da5d4c1acc66abe0a.png?w=350","https://i2c.seadn.io/ethereum/0xbe85fbd182af91290be7293438ae67549638189f/78bce459d227147da5d4c1acc66abe0a.png","IMAGE_ALREADY_EXISTS","HTML_NO_CHANGE","","Repaired."
"9428","9428","RE-010118","Light Cult Crypto Club #9428","D:\github\ron-english-light-cult-9001-10000\items\lccc-9428.html","D:\github\ron-english-light-cult-9001-10000\images\9401-9500\LCCC-9428.png","../images/9401-9500/LCCC-9428.png","https://i2c.seadn.io/ethereum/0xbe85fbd182af91290be7293438ae67549638189f/f329c71191846121e95cb5bc1f9db504.png?w=350","https://i2c.seadn.io/ethereum/0xbe85fbd182af91290be7293438ae67549638189f/f329c71191846121e95cb5bc1f9db504.png","IMAGE_ALREADY_EXISTS","HTML_NO_CHANGE","","Repaired."
"9429","9429","RE-010119","Light Cult Crypto Club #9429","D:\github\ron-english-light-cult-9001-10000\items\lccc-9429.html","D:\github\ron-english-light-cult-9001-10000\images\9401-9500\LCCC-9429.png","../images/9401-9500/LCCC-9429.png","https://i2c.seadn.io/ethereum/0xbe85fbd182af91290be7293438ae67549638189f/c23a13ce8a217bd1683083959fde8c22.png?w=350","https://i2c.seadn.io/ethereum/0xbe85fbd182af91290be7293438ae67549638189f/c23a13ce8a217bd1683083959fde8c22.png","IMAGE_ALREADY_EXISTS","HTML_NO_CHANGE","","Repaired."
"9430","9430","RE-010120","Light Cult Crypto Club #9430","D:\github\ron-english-light-cult-9001-10000\items\lccc-9430.html","D:\github\ron-english-light-cult-9001-10000\images\9401-9500\LCCC-9430.png","../images/9401-9500/LCCC-9430.png","https://i2c.seadn.io/ethereum/0xbe85fbd182af91290be7293438ae67549638189f/82e02f11e7bd0299950869bf18cf27c8.png?w=350","https://i2c.seadn.io/ethereum/0xbe85fbd182af91290be7293438ae67549638189f/82e02f11e7bd0299950869bf18cf27c8.png","IMAGE_ALREADY_EXISTS","HTML_NO_CHANGE","","Repaired."
"9431","9431","RE-010121","Light Cult Crypto Club #9431","D:\github\ron-english-light-cult-9001-10000\items\lccc-9431.html","D:\github\ron-english-light-cult-9001-10000\images\9401-9500\LCCC-9431.png","../images/9401-9500/LCCC-9431.png","https://i2c.seadn.io/ethereum/0xbe85fbd182af91290be7293438ae67549638189f/4d3e1614f598b47d505009824573f94e.png?w=350","https://i2c.seadn.io/ethereum/0xbe85fbd182af91290be7293438ae67549638189f/4d3e1614f598b47d505009824573f94e.png","IMAGE_ALREADY_EXISTS","HTML_NO_CHANGE","","Repaired."
"9432","9432","RE-010122","Light Cult Crypto Club #9432","D:\github\ron-english-light-cult-9001-10000\items\lccc-9432.html","D:\github\ron-english-light-cult-9001-10000\images\9401-9500\LCCC-9432.png","../images/9401-9500/LCCC-9432.png","https://i2c.seadn.io/ethereum/0xbe85fbd182af91290be7293438ae67549638189f/12172818dc95cec0ab841d0a8c44da5c.png?w=350","https://i2c.seadn.io/ethereum/0xbe85fbd182af91290be7293438ae67549638189f/12172818dc95cec0ab841d0a8c44da5c.png","IMAGE_ALREADY_EXISTS","HTML_NO_CHANGE","","Repaired."
"9434","9434","RE-010123","Light Cult Crypto Club #9434","D:\github\ron-english-light-cult-9001-10000\items\lccc-9434.html","D:\github\ron-english-light-cult-9001-10000\images\9401-9500\LCCC-9434.png","../images/9401-9500/LCCC-9434.png","https://i2c.seadn.io/ethereum/0xbe85fbd182af91290be7293438ae67549638189f/8a962a148d174e1b3df773fc118ed13d.png?w=350","https://i2c.seadn.io/ethereum/0xbe85fbd182af91290be7293438ae67549638189f/8a962a148d174e1b3df773fc118ed13d.png","IMAGE_ALREADY_EXISTS","HTML_NO_CHANGE","","Repaired."
"9435","9435","RE-010124","Light Cult Crypto Club #9435","D:\github\ron-english-light-cult-9001-10000\items\lccc-9435.html","D:\github\ron-english-light-cult-9001-10000\images\9401-9500\LCCC-9435.png","../images/9401-9500/LCCC-9435.png","https://i2c.seadn.io/ethereum/0xbe85fbd182af91290be7293438ae67549638189f/e03aef89ffb133cdddcc3e416c82e9fb.png?w=350","https://i2c.seadn.io/ethereum/0xbe85fbd182af91290be7293438ae67549638189f/e03aef89ffb133cdddcc3e416c82e9fb.png","IMAGE_ALREADY_EXISTS","HTML_NO_CHANGE","","Repaired."
"9436","9436","RE-010125","Light Cult Crypto Club #9436","D:\github\ron-english-light-cult-9001-10000\items\lccc-9436.html","D:\github\ron-english-light-cult-9001-10000\images\9401-9500\LCCC-9436.png","../images/9401-9500/LCCC-9436.png","https://i2c.seadn.io/ethereum/0xbe85fbd182af91290be7293438ae67549638189f/5396727bea096dd6b1478e84dc1d447f.png?w=350","https://i2c.seadn.io/ethereum/0xbe85fbd182af91290be7293438ae67549638189f/5396727bea096dd6b1478e84dc1d447f.png","IMAGE_ALREADY_EXISTS","HTML_NO_CHANGE","","Repaired."
"9437","9437","RE-010126","Light Cult Crypto Club #9437","D:\github\ron-english-light-cult-9001-10000\items\lccc-9437.html","D:\github\ron-english-light-cult-9001-10000\images\9401-9500\LCCC-9437.png","../images/9401-9500/LCCC-9437.png","https://i2c.seadn.io/ethereum/0xbe85fbd182af91290be7293438ae67549638189f/c970d984303492d84564aa16a5d3d211.png?w=350","https://i2c.seadn.io/ethereum/0xbe85fbd182af91290be7293438ae67549638189f/c970d984303492d84564aa16a5d3d211.png","IMAGE_ALREADY_EXISTS","HTML_NO_CHANGE","","Repaired."
"9438","9438","RE-010127","Light Cult Crypto Club #9438","D:\github\ron-english-light-cult-9001-10000\items\lccc-9438.html","D:\github\ron-english-light-cult-9001-10000\images\9401-9500\LCCC-9438.png","../images/9401-9500/LCCC-9438.png","https://i2c.seadn.io/ethereum/0xbe85fbd182af91290be7293438ae67549638189f/0bae84504e3ba613506b85290fec4bb1.png?w=350","https://i2c.seadn.io/ethereum/0xbe85fbd182af91290be7293438ae67549638189f/0bae84504e3ba613506b85290fec4bb1.png","IMAGE_ALREADY_EXISTS","HTML_NO_CHANGE","","Repaired."
"9439","9439","RE-010128","Light Cult Crypto Club #9439","D:\github\ron-english-light-cult-9001-10000\items\lccc-9439.html","D:\github\ron-english-light-cult-9001-10000\images\9401-9500\LCCC-9439.png","../images/9401-9500/LCCC-9439.png","https://i2c.seadn.io/ethereum/0xbe85fbd182af91290be7293438ae67549638189f/937a0f33ebcb36a5ccf8d797893d68d3.png?w=350","https://i2c.seadn.io/ethereum/0xbe85fbd182af91290be7293438ae67549638189f/937a0f33ebcb36a5ccf8d797893d68d3.png","IMAGE_ALREADY_EXISTS","HTML_NO_CHANGE","","Repaired."
"9440","9440","RE-010129","Light Cult Crypto Club #9440","D:\github\ron-english-light-cult-9001-10000\items\lccc-9440.html","D:\github\ron-english-light-cult-9001-10000\images\9401-9500\LCCC-9440.png","../images/9401-9500/LCCC-9440.png","https://i2c.seadn.io/ethereum/0xbe85fbd182af91290be7293438ae67549638189f/f1706a0e3293d53f83598962dfc5a415.png?w=350","https://i2c.seadn.io/ethereum/0xbe85fbd182af91290be7293438ae67549638189f/f1706a0e3293d53f83598962dfc5a415.png","IMAGE_ALREADY_EXISTS","HTML_NO_CHANGE","","Repaired."
"9441","9441","RE-010130","Light Cult Crypto Club #9441","D:\github\ron-english-light-cult-9001-10000\items\lccc-9441.html","D:\github\ron-english-light-cult-9001-10000\images\9401-9500\LCCC-9441.png","../images/9401-9500/LCCC-9441.png","https://i2c.seadn.io/ethereum/0xbe85fbd182af91290be7293438ae67549638189f/36f0efe6b8cb8bf2e1606331078fab04.png?w=350","https://i2c.seadn.io/ethereum/0xbe85fbd182af91290be7293438ae67549638189f/36f0efe6b8cb8bf2e1606331078fab04.png","IMAGE_ALREADY_EXISTS","HTML_NO_CHANGE","","Repaired."
"9442","9442","RE-010131","Light Cult Crypto Club #9442","D:\github\ron-english-light-cult-9001-10000\items\lccc-9442.html","D:\github\ron-english-light-cult-9001-10000\images\9401-9500\LCCC-9442.png","../images/9401-9500/LCCC-9442.png","https://i2c.seadn.io/ethereum/0xbe85fbd182af91290be7293438ae67549638189f/2ee03c80e9300d57d1c982ed0c6724ee.png?w=350","https://i2c.seadn.io/ethereum/0xbe85fbd182af91290be7293438ae67549638189f/2ee03c80e9300d57d1c982ed0c6724ee.png","IMAGE_ALREADY_EXISTS","HTML_NO_CHANGE","","Repaired."
"9443","9443","RE-010132","Light Cult Crypto Club #9443","D:\github\ron-english-light-cult-9001-10000\items\lccc-9443.html","D:\github\ron-english-light-cult-9001-10000\images\9401-9500\LCCC-9443.png","../images/9401-9500/LCCC-9443.png","https://i2c.seadn.io/ethereum/0xbe85fbd182af91290be7293438ae67549638189f/1b4f772cab0fb793b633bf30f688d284.png?w=350","https://i2c.seadn.io/ethereum/0xbe85fbd182af91290be7293438ae67549638189f/1b4f772cab0fb793b633bf30f688d284.png","IMAGE_ALREADY_EXISTS","HTML_NO_CHANGE","","Repaired."
"9444","9444","RE-010133","Light Cult Crypto Club #9444","D:\github\ron-english-light-cult-9001-10000\items\lccc-9444.html","D:\github\ron-english-light-cult-9001-10000\images\9401-9500\LCCC-9444.png","../images/9401-9500/LCCC-9444.png","https://i2c.seadn.io/ethereum/0xbe85fbd182af91290be7293438ae67549638189f/9d00a2a274fe49ed028f555ddc722952.png?w=350","https://i2c.seadn.io/ethereum/0xbe85fbd182af91290be7293438ae67549638189f/9d00a2a274fe49ed028f555ddc722952.png","IMAGE_ALREADY_EXISTS","HTML_NO_CHANGE","","Repaired."
"9445","9445","RE-010134","Light Cult Crypto Club #9445","D:\github\ron-english-light-cult-9001-10000\items\lccc-9445.html","D:\github\ron-english-light-cult-9001-10000\images\9401-9500\LCCC-9445.png","../images/9401-9500/LCCC-9445.png","https://i2c.seadn.io/ethereum/0xbe85fbd182af91290be7293438ae67549638189f/35a6f57c31c6d4047d91a2f8a46c8abb.png?w=350","https://i2c.seadn.io/ethereum/0xbe85fbd182af91290be7293438ae67549638189f/35a6f57c31c6d4047d91a2f8a46c8abb.png","IMAGE_ALREADY_EXISTS","HTML_NO_CHANGE","","Repaired."
"9447","9447","RE-010135","Light Cult Crypto Club #9447","D:\github\ron-english-light-cult-9001-10000\items\lccc-9447.html","D:\github\ron-english-light-cult-9001-10000\images\9401-9500\LCCC-9447.png","../images/9401-9500/LCCC-9447.png","https://i2c.seadn.io/ethereum/0xbe85fbd182af91290be7293438ae67549638189f/055e94f10e43391ce0dd5e1507287435.png?w=350","https://i2c.seadn.io/ethereum/0xbe85fbd182af91290be7293438ae67549638189f/055e94f10e43391ce0dd5e1507287435.png","IMAGE_ALREADY_EXISTS","HTML_NO_CHANGE","","Repaired."
"9448","9448","RE-010136","Light Cult Crypto Club #9448","D:\github\ron-english-light-cult-9001-10000\items\lccc-9448.html","D:\github\ron-english-light-cult-9001-10000\images\9401-9500\LCCC-9448.png","../images/9401-9500/LCCC-9448.png","https://i2c.seadn.io/ethereum/0xbe85fbd182af91290be7293438ae67549638189f/6d19cf6526e948b3e3756e3f812ba587.png?w=350","https://i2c.seadn.io/ethereum/0xbe85fbd182af91290be7293438ae67549638189f/6d19cf6526e948b3e3756e3f812ba587.png","IMAGE_ALREADY_EXISTS","HTML_NO_CHANGE","","Repaired."
"9449","9449","RE-010137","Light Cult Crypto Club #9449","D:\github\ron-english-light-cult-9001-10000\items\lccc-9449.html","D:\github\ron-english-light-cult-9001-10000\images\9401-9500\LCCC-9449.png","../images/9401-9500/LCCC-9449.png","https://i2c.seadn.io/ethereum/0xbe85fbd182af91290be7293438ae67549638189f/d9823ab445fcabccf2e69ccba44e7d4d.png?w=350","https://i2c.seadn.io/ethereum/0xbe85fbd182af91290be7293438ae67549638189f/d9823ab445fcabccf2e69ccba44e7d4d.png","IMAGE_ALREADY_EXISTS","HTML_NO_CHANGE","","Repaired."
"9450","9450","RE-010138","Light Cult Crypto Club #9450","D:\github\ron-english-light-cult-9001-10000\items\lccc-9450.html","D:\github\ron-english-light-cult-9001-10000\images\9401-9500\LCCC-9450.png","../images/9401-9500/LCCC-9450.png","https://i2c.seadn.io/ethereum/0xbe85fbd182af91290be7293438ae67549638189f/a54f3a34268d5eeae5b144b6dac55709.png?w=350","https://i2c.seadn.io/ethereum/0xbe85fbd182af91290be7293438ae67549638189f/a54f3a34268d5eeae5b144b6dac55709.png","IMAGE_ALREADY_EXISTS","HTML_NO_CHANGE","","Repaired."
"9451","9451","RE-010139","Light Cult Crypto Club #9451","D:\github\ron-english-light-cult-9001-10000\items\lccc-9451.html","D:\github\ron-english-light-cult-9001-10000\images\9401-9500\LCCC-9451.png","../images/9401-9500/LCCC-9451.png","https://i2c.seadn.io/ethereum/0xbe85fbd182af91290be7293438ae67549638189f/67e288b48eba38e280e55aefaa63b52d.png?w=350","https://i2c.seadn.io/ethereum/0xbe85fbd182af91290be7293438ae67549638189f/67e288b48eba38e280e55aefaa63b52d.png","IMAGE_ALREADY_EXISTS","HTML_NO_CHANGE","","Repaired."
"9452","9452","RE-010140","Light Cult Crypto Club #9452","D:\github\ron-english-light-cult-9001-10000\items\lccc-9452.html","D:\github\ron-english-light-cult-9001-10000\images\9401-9500\LCCC-9452.png","../images/9401-9500/LCCC-9452.png","https://i2c.seadn.io/ethereum/0xbe85fbd182af91290be7293438ae67549638189f/eae1256db7673a342e2f86088e5498a0.png?w=350","https://i2c.seadn.io/ethereum/0xbe85fbd182af91290be7293438ae67549638189f/eae1256db7673a342e2f86088e5498a0.png","IMAGE_ALREADY_EXISTS","HTML_NO_CHANGE","","Repaired."
"9453","9453","RE-010141","Light Cult Crypto Club #9453","D:\github\ron-english-light-cult-9001-10000\items\lccc-9453.html","D:\github\ron-english-light-cult-9001-10000\images\9401-9500\LCCC-9453.png","../images/9401-9500/LCCC-9453.png","https://i2c.seadn.io/ethereum/0xbe85fbd182af91290be7293438ae67549638189f/7c17b99427119f987aece56969341a72.png?w=350","https://i2c.seadn.io/ethereum/0xbe85fbd182af91290be7293438ae67549638189f/7c17b99427119f987aece56969341a72.png","IMAGE_ALREADY_EXISTS","HTML_NO_CHANGE","","Repaired."
"9455","9455","RE-010142","Light Cult Crypto Club #9455","D:\github\ron-english-light-cult-9001-10000\items\lccc-9455.html","D:\github\ron-english-light-cult-9001-10000\images\9401-9500\LCCC-9455.png","../images/9401-9500/LCCC-9455.png","https://i2c.seadn.io/ethereum/0xbe85fbd182af91290be7293438ae67549638189f/d626edd7cf11a47876d73df2384310c0.png?w=350","https://i2c.seadn.io/ethereum/0xbe85fbd182af91290be7293438ae67549638189f/d626edd7cf11a47876d73df2384310c0.png","IMAGE_ALREADY_EXISTS","HTML_NO_CHANGE","","Repaired."
"9456","9456","RE-010143","Light Cult Crypto Club #9456","D:\github\ron-english-light-cult-9001-10000\items\lccc-9456.html","D:\github\ron-english-light-cult-9001-10000\images\9401-9500\LCCC-9456.png","../images/9401-9500/LCCC-9456.png","https://i2c.seadn.io/ethereum/0xbe85fbd182af91290be7293438ae67549638189f/3fb9c8db05495b2fb94f555a98052f03.png?w=350","https://i2c.seadn.io/ethereum/0xbe85fbd182af91290be7293438ae67549638189f/3fb9c8db05495b2fb94f555a98052f03.png","IMAGE_ALREADY_EXISTS","HTML_NO_CHANGE","","Repaired."
"9457","9457","RE-010144","Light Cult Crypto Club #9457","D:\github\ron-english-light-cult-9001-10000\items\lccc-9457.html","D:\github\ron-english-light-cult-9001-10000\images\9401-9500\LCCC-9457.png","../images/9401-9500/LCCC-9457.png","https://i2c.seadn.io/ethereum/0xbe85fbd182af91290be7293438ae67549638189f/d6c52d1e253e37d12b234ef09c81f0ec.png?w=350","https://i2c.seadn.io/ethereum/0xbe85fbd182af91290be7293438ae67549638189f/d6c52d1e253e37d12b234ef09c81f0ec.png","IMAGE_ALREADY_EXISTS","HTML_NO_CHANGE","","Repaired."
"9458","9458","RE-010145","Light Cult Crypto Club #9458","D:\github\ron-english-light-cult-9001-10000\items\lccc-9458.html","D:\github\ron-english-light-cult-9001-10000\images\9401-9500\LCCC-9458.png","../images/9401-9500/LCCC-9458.png","https://i2c.seadn.io/ethereum/0xbe85fbd182af91290be7293438ae67549638189f/9b23d3938ec66bc1b4a6fd9b003814e4.png?w=350","https://i2c.seadn.io/ethereum/0xbe85fbd182af91290be7293438ae67549638189f/9b23d3938ec66bc1b4a6fd9b003814e4.png","IMAGE_ALREADY_EXISTS","HTML_NO_CHANGE","","Repaired."
"9459","9459","RE-010146","Light Cult Crypto Club #9459","D:\github\ron-english-light-cult-9001-10000\items\lccc-9459.html","D:\github\ron-english-light-cult-9001-10000\images\9401-9500\LCCC-9459.png","../images/9401-9500/LCCC-9459.png","https://i2c.seadn.io/ethereum/0xbe85fbd182af91290be7293438ae67549638189f/c05b21ed86612331c8490d972c9fa8ea.png?w=350","https://i2c.seadn.io/ethereum/0xbe85fbd182af91290be7293438ae67549638189f/c05b21ed86612331c8490d972c9fa8ea.png","IMAGE_ALREADY_EXISTS","HTML_NO_CHANGE","","Repaired."
"9460","9460","RE-010147","Light Cult Crypto Club #9460","D:\github\ron-english-light-cult-9001-10000\items\lccc-9460.html","D:\github\ron-english-light-cult-9001-10000\images\9401-9500\LCCC-9460.png","../images/9401-9500/LCCC-9460.png","https://i2c.seadn.io/ethereum/0xbe85fbd182af91290be7293438ae67549638189f/d14693b882d2b77afd45f854579dc822.png?w=350","https://i2c.seadn.io/ethereum/0xbe85fbd182af91290be7293438ae67549638189f/d14693b882d2b77afd45f854579dc822.png","IMAGE_ALREADY_EXISTS","HTML_NO_CHANGE","","Repaired."
"9461","9461","RE-010148","Light Cult Crypto Club #9461","D:\github\ron-english-light-cult-9001-10000\items\lccc-9461.html","D:\github\ron-english-light-cult-9001-10000\images\9401-9500\LCCC-9461.png","../images/9401-9500/LCCC-9461.png","https://i2c.seadn.io/ethereum/0xbe85fbd182af91290be7293438ae67549638189f/5799ef75b6d2c0e75feed2a08a1be9d5.png?w=350","https://i2c.seadn.io/ethereum/0xbe85fbd182af91290be7293438ae67549638189f/5799ef75b6d2c0e75feed2a08a1be9d5.png","IMAGE_ALREADY_EXISTS","HTML_NO_CHANGE","","Repaired."
"9462","9462","RE-010149","Light Cult Crypto Club #9462","D:\github\ron-english-light-cult-9001-10000\items\lccc-9462.html","D:\github\ron-english-light-cult-9001-10000\images\9401-9500\LCCC-9462.png","../images/9401-9500/LCCC-9462.png","https://i2c.seadn.io/ethereum/0xbe85fbd182af91290be7293438ae67549638189f/73d4c9abea8fb26bb521b71077ec151c.png?w=350","https://i2c.seadn.io/ethereum/0xbe85fbd182af91290be7293438ae67549638189f/73d4c9abea8fb26bb521b71077ec151c.png","IMAGE_ALREADY_EXISTS","HTML_NO_CHANGE","","Repaired."
"9463","9463","RE-010150","Light Cult Crypto Club #9463","D:\github\ron-english-light-cult-9001-10000\items\lccc-9463.html","D:\github\ron-english-light-cult-9001-10000\images\9401-9500\LCCC-9463.png","../images/9401-9500/LCCC-9463.png","https://i2c.seadn.io/ethereum/0xbe85fbd182af91290be7293438ae67549638189f/75b4f4fa8653d10a42d01ea0cba2aa33.png?w=350","https://i2c.seadn.io/ethereum/0xbe85fbd182af91290be7293438ae67549638189f/75b4f4fa8653d10a42d01ea0cba2aa33.png","IMAGE_ALREADY_EXISTS","HTML_NO_CHANGE","","Repaired."
"9464","9464","RE-010151","Light Cult Crypto Club #9464","D:\github\ron-english-light-cult-9001-10000\items\lccc-9464.html","D:\github\ron-english-light-cult-9001-10000\images\9401-9500\LCCC-9464.png","../images/9401-9500/LCCC-9464.png","https://i2c.seadn.io/ethereum/0xbe85fbd182af91290be7293438ae67549638189f/01d1e4fc70904acf7bf8b89db5175cad.png?w=350","https://i2c.seadn.io/ethereum/0xbe85fbd182af91290be7293438ae67549638189f/01d1e4fc70904acf7bf8b89db5175cad.png","IMAGE_ALREADY_EXISTS","HTML_NO_CHANGE","","Repaired."
"9465","9465","RE-010152","Light Cult Crypto Club #9465","D:\github\ron-english-light-cult-9001-10000\items\lccc-9465.html","D:\github\ron-english-light-cult-9001-10000\images\9401-9500\LCCC-9465.png","../images/9401-9500/LCCC-9465.png","https://i2c.seadn.io/ethereum/0xbe85fbd182af91290be7293438ae67549638189f/54ca0ecab2c0d3c21b9ab69dad2f24e6.png?w=350","https://i2c.seadn.io/ethereum/0xbe85fbd182af91290be7293438ae67549638189f/54ca0ecab2c0d3c21b9ab69dad2f24e6.png","IMAGE_ALREADY_EXISTS","HTML_NO_CHANGE","","Repaired."
"9466","9466","RE-010153","Light Cult Crypto Club #9466","D:\github\ron-english-light-cult-9001-10000\items\lccc-9466.html","D:\github\ron-english-light-cult-9001-10000\images\9401-9500\LCCC-9466.png","../images/9401-9500/LCCC-9466.png","https://i2c.seadn.io/ethereum/0xbe85fbd182af91290be7293438ae67549638189f/974037bf9bb29dab79e3598a40493020.png?w=350","https://i2c.seadn.io/ethereum/0xbe85fbd182af91290be7293438ae67549638189f/974037bf9bb29dab79e3598a40493020.png","IMAGE_ALREADY_EXISTS","HTML_NO_CHANGE","","Repaired."
"9467","9467","RE-010154","Light Cult Crypto Club #9467","D:\github\ron-english-light-cult-9001-10000\items\lccc-9467.html","D:\github\ron-english-light-cult-9001-10000\images\9401-9500\LCCC-9467.png","../images/9401-9500/LCCC-9467.png","https://i2c.seadn.io/ethereum/0xbe85fbd182af91290be7293438ae67549638189f/3d9e86f1289549dd90d7324febb485e2.png?w=350","https://i2c.seadn.io/ethereum/0xbe85fbd182af91290be7293438ae67549638189f/3d9e86f1289549dd90d7324febb485e2.png","IMAGE_ALREADY_EXISTS","HTML_NO_CHANGE","","Repaired."
"9468","9468","RE-010155","Light Cult Crypto Club #9468","D:\github\ron-english-light-cult-9001-10000\items\lccc-9468.html","D:\github\ron-english-light-cult-9001-10000\images\9401-9500\LCCC-9468.png","../images/9401-9500/LCCC-9468.png","https://i2c.seadn.io/ethereum/0xbe85fbd182af91290be7293438ae67549638189f/3b40ed29c189555e120a3fd4115fce59.png?w=350","https://i2c.seadn.io/ethereum/0xbe85fbd182af91290be7293438ae67549638189f/3b40ed29c189555e120a3fd4115fce59.png","IMAGE_ALREADY_EXISTS","HTML_NO_CHANGE","","Repaired."
"9469","9469","RE-010156","Light Cult Crypto Club #9469","D:\github\ron-english-light-cult-9001-10000\items\lccc-9469.html","D:\github\ron-english-light-cult-9001-10000\images\9401-9500\LCCC-9469.png","../images/9401-9500/LCCC-9469.png","https://i2c.seadn.io/ethereum/0xbe85fbd182af91290be7293438ae67549638189f/88ecb099c69175c88e2fb60a89501f69.png?w=350","https://i2c.seadn.io/ethereum/0xbe85fbd182af91290be7293438ae67549638189f/88ecb099c69175c88e2fb60a89501f69.png","IMAGE_ALREADY_EXISTS","HTML_NO_CHANGE","","Repaired."
"9470","9470","RE-010157","Light Cult Crypto Club #9470","D:\github\ron-english-light-cult-9001-10000\items\lccc-9470.html","D:\github\ron-english-light-cult-9001-10000\images\9401-9500\LCCC-9470.png","../images/9401-9500/LCCC-9470.png","https://i2c.seadn.io/ethereum/0xbe85fbd182af91290be7293438ae67549638189f/913eca9e1dbe254e82f6fd06c826a1f1.png?w=350","https://i2c.seadn.io/ethereum/0xbe85fbd182af91290be7293438ae67549638189f/913eca9e1dbe254e82f6fd06c826a1f1.png","IMAGE_ALREADY_EXISTS","HTML_NO_CHANGE","","Repaired."
"9471","9471","RE-010158","Light Cult Crypto Club #9471","D:\github\ron-english-light-cult-9001-10000\items\lccc-9471.html","D:\github\ron-english-light-cult-9001-10000\images\9401-9500\LCCC-9471.png","../images/9401-9500/LCCC-9471.png","https://i2c.seadn.io/ethereum/0xbe85fbd182af91290be7293438ae67549638189f/71a491af389654ffb3eb5459e2d98811.png?w=350","https://i2c.seadn.io/ethereum/0xbe85fbd182af91290be7293438ae67549638189f/71a491af389654ffb3eb5459e2d98811.png","IMAGE_ALREADY_EXISTS","HTML_NO_CHANGE","","Repaired."
"9472","9472","RE-010159","Light Cult Crypto Club #9472","D:\github\ron-english-light-cult-9001-10000\items\lccc-9472.html","D:\github\ron-english-light-cult-9001-10000\images\9401-9500\LCCC-9472.png","../images/9401-9500/LCCC-9472.png","https://i2c.seadn.io/ethereum/0xbe85fbd182af91290be7293438ae67549638189f/616a477ad38b5a82e33672f5b1e62acb.png?w=350","https://i2c.seadn.io/ethereum/0xbe85fbd182af91290be7293438ae67549638189f/616a477ad38b5a82e33672f5b1e62acb.png","IMAGE_ALREADY_EXISTS","HTML_NO_CHANGE","","Repaired."
"9473","9473","RE-010160","Light Cult Crypto Club #9473","D:\github\ron-english-light-cult-9001-10000\items\lccc-9473.html","D:\github\ron-english-light-cult-9001-10000\images\9401-9500\LCCC-9473.png","../images/9401-9500/LCCC-9473.png","https://i2c.seadn.io/ethereum/0xbe85fbd182af91290be7293438ae67549638189f/1810c4375a82562446512ce46d6c5314.png?w=350","https://i2c.seadn.io/ethereum/0xbe85fbd182af91290be7293438ae67549638189f/1810c4375a82562446512ce46d6c5314.png","IMAGE_ALREADY_EXISTS","HTML_NO_CHANGE","","Repaired."
"9474","9474","RE-010161","Light Cult Crypto Club #9474","D:\github\ron-english-light-cult-9001-10000\items\lccc-9474.html","D:\github\ron-english-light-cult-9001-10000\images\9401-9500\LCCC-9474.png","../images/9401-9500/LCCC-9474.png","https://i2c.seadn.io/ethereum/0xbe85fbd182af91290be7293438ae67549638189f/8a4b41dd29845f7c217fa157369607a9.png?w=350","https://i2c.seadn.io/ethereum/0xbe85fbd182af91290be7293438ae67549638189f/8a4b41dd29845f7c217fa157369607a9.png","IMAGE_ALREADY_EXISTS","HTML_NO_CHANGE","","Repaired."
"9475","9475","RE-010162","Light Cult Crypto Club #9475","D:\github\ron-english-light-cult-9001-10000\items\lccc-9475.html","D:\github\ron-english-light-cult-9001-10000\images\9401-9500\LCCC-9475.png","../images/9401-9500/LCCC-9475.png","https://i2c.seadn.io/ethereum/0xbe85fbd182af91290be7293438ae67549638189f/9f439ef7b5a51a638c4c3825aa66093b.png?w=350","https://i2c.seadn.io/ethereum/0xbe85fbd182af91290be7293438ae67549638189f/9f439ef7b5a51a638c4c3825aa66093b.png","IMAGE_ALREADY_EXISTS","HTML_NO_CHANGE","","Repaired."
"9476","9476","RE-010163","Light Cult Crypto Club #9476","D:\github\ron-english-light-cult-9001-10000\items\lccc-9476.html","D:\github\ron-english-light-cult-9001-10000\images\9401-9500\LCCC-9476.png","../images/9401-9500/LCCC-9476.png","https://i2c.seadn.io/ethereum/0xbe85fbd182af91290be7293438ae67549638189f/6b51bf24d607a77abd13f0ccf0c8ccbd.png?w=350","https://i2c.seadn.io/ethereum/0xbe85fbd182af91290be7293438ae67549638189f/6b51bf24d607a77abd13f0ccf0c8ccbd.png","IMAGE_ALREADY_EXISTS","HTML_NO_CHANGE","","Repaired."
"9477","9477","RE-010164","Light Cult Crypto Club #9477","D:\github\ron-english-light-cult-9001-10000\items\lccc-9477.html","D:\github\ron-english-light-cult-9001-10000\images\9401-9500\LCCC-9477.png","../images/9401-9500/LCCC-9477.png","https://i2c.seadn.io/ethereum/0xbe85fbd182af91290be7293438ae67549638189f/0ad22604b3d97d6de628c32919ec3c5e.png?w=350","https://i2c.seadn.io/ethereum/0xbe85fbd182af91290be7293438ae67549638189f/0ad22604b3d97d6de628c32919ec3c5e.png","IMAGE_ALREADY_EXISTS","HTML_NO_CHANGE","","Repaired."
"9479","9479","RE-010165","Light Cult Crypto Club #9479","D:\github\ron-english-light-cult-9001-10000\items\lccc-9479.html","D:\github\ron-english-light-cult-9001-10000\images\9401-9500\LCCC-9479.png","../images/9401-9500/LCCC-9479.png","https://i2c.seadn.io/ethereum/0xbe85fbd182af91290be7293438ae67549638189f/06ca2ea72eca070551e30940ff4819a7.png?w=350","https://i2c.seadn.io/ethereum/0xbe85fbd182af91290be7293438ae67549638189f/06ca2ea72eca070551e30940ff4819a7.png","IMAGE_ALREADY_EXISTS","HTML_NO_CHANGE","","Repaired."
"9480","9480","RE-010166","Light Cult Crypto Club #9480","D:\github\ron-english-light-cult-9001-10000\items\lccc-9480.html","D:\github\ron-english-light-cult-9001-10000\images\9401-9500\LCCC-9480.png","../images/9401-9500/LCCC-9480.png","https://i2c.seadn.io/ethereum/0xbe85fbd182af91290be7293438ae67549638189f/f12c5a4721da79c1821abf45c5be839e.png?w=350","https://i2c.seadn.io/ethereum/0xbe85fbd182af91290be7293438ae67549638189f/f12c5a4721da79c1821abf45c5be839e.png","IMAGE_ALREADY_EXISTS","HTML_NO_CHANGE","","Repaired."
"9481","9481","RE-010167","Light Cult Crypto Club #9481","D:\github\ron-english-light-cult-9001-10000\items\lccc-9481.html","D:\github\ron-english-light-cult-9001-10000\images\9401-9500\LCCC-9481.png","../images/9401-9500/LCCC-9481.png","https://i2c.seadn.io/ethereum/0xbe85fbd182af91290be7293438ae67549638189f/23f458a04aef908ae720863b285b58c7.png?w=350","https://i2c.seadn.io/ethereum/0xbe85fbd182af91290be7293438ae67549638189f/23f458a04aef908ae720863b285b58c7.png","IMAGE_ALREADY_EXISTS","HTML_NO_CHANGE","","Repaired."
"9482","9482","RE-010168","Light Cult Crypto Club #9482","D:\github\ron-english-light-cult-9001-10000\items\lccc-9482.html","D:\github\ron-english-light-cult-9001-10000\images\9401-9500\LCCC-9482.png","../images/9401-9500/LCCC-9482.png","https://i2c.seadn.io/ethereum/0xbe85fbd182af91290be7293438ae67549638189f/fea30ad1d999a9c5d66341072fe3cd42.png?w=350","https://i2c.seadn.io/ethereum/0xbe85fbd182af91290be7293438ae67549638189f/fea30ad1d999a9c5d66341072fe3cd42.png","IMAGE_ALREADY_EXISTS","HTML_NO_CHANGE","","Repaired."
"9485","9485","RE-010169","Light Cult Crypto Club #9485","D:\github\ron-english-light-cult-9001-10000\items\lccc-9485.html","D:\github\ron-english-light-cult-9001-10000\images\9401-9500\LCCC-9485.png","../images/9401-9500/LCCC-9485.png","https://i2c.seadn.io/ethereum/0xbe85fbd182af91290be7293438ae67549638189f/3085b1dcae479bfd0459f45b694ab032.png?w=350","https://i2c.seadn.io/ethereum/0xbe85fbd182af91290be7293438ae67549638189f/3085b1dcae479bfd0459f45b694ab032.png","IMAGE_ALREADY_EXISTS","HTML_NO_CHANGE","","Repaired."
"9486","9486","RE-010170","Light Cult Crypto Club #9486","D:\github\ron-english-light-cult-9001-10000\items\lccc-9486.html","D:\github\ron-english-light-cult-9001-10000\images\9401-9500\LCCC-9486.png","../images/9401-9500/LCCC-9486.png","https://i2c.seadn.io/ethereum/0xbe85fbd182af91290be7293438ae67549638189f/83e1a3b3b9d1a1aeafb10c099a2761fa.png?w=350","https://i2c.seadn.io/ethereum/0xbe85fbd182af91290be7293438ae67549638189f/83e1a3b3b9d1a1aeafb10c099a2761fa.png","IMAGE_ALREADY_EXISTS","HTML_NO_CHANGE","","Repaired."
"9487","9487","RE-010171","Light Cult Crypto Club #9487","D:\github\ron-english-light-cult-9001-10000\items\lccc-9487.html","D:\github\ron-english-light-cult-9001-10000\images\9401-9500\LCCC-9487.png","../images/9401-9500/LCCC-9487.png","https://i2c.seadn.io/ethereum/0xbe85fbd182af91290be7293438ae67549638189f/18b22a106a9bac1367409bbd1de4c217.png?w=350","https://i2c.seadn.io/ethereum/0xbe85fbd182af91290be7293438ae67549638189f/18b22a106a9bac1367409bbd1de4c217.png","IMAGE_ALREADY_EXISTS","HTML_NO_CHANGE","","Repaired."
"9488","9488","RE-010172","Light Cult Crypto Club #9488","D:\github\ron-english-light-cult-9001-10000\items\lccc-9488.html","D:\github\ron-english-light-cult-9001-10000\images\9401-9500\LCCC-9488.png","../images/9401-9500/LCCC-9488.png","https://i2c.seadn.io/ethereum/0xbe85fbd182af91290be7293438ae67549638189f/403d6d83b4b396c373a87c43dcd5bae4.png?w=350","https://i2c.seadn.io/ethereum/0xbe85fbd182af91290be7293438ae67549638189f/403d6d83b4b396c373a87c43dcd5bae4.png","IMAGE_ALREADY_EXISTS","HTML_NO_CHANGE","","Repaired."
"9489","9489","RE-010173","Light Cult Crypto Club #9489","D:\github\ron-english-light-cult-9001-10000\items\lccc-9489.html","D:\github\ron-english-light-cult-9001-10000\images\9401-9500\LCCC-9489.png","../images/9401-9500/LCCC-9489.png","https://i2c.seadn.io/ethereum/0xbe85fbd182af91290be7293438ae67549638189f/004109beb72b95543e483bcff93d8fc7.png?w=350","https://i2c.seadn.io/ethereum/0xbe85fbd182af91290be7293438ae67549638189f/004109beb72b95543e483bcff93d8fc7.png","IMAGE_ALREADY_EXISTS","HTML_NO_CHANGE","","Repaired."
"9490","9490","RE-010174","Light Cult Crypto Club #9490","D:\github\ron-english-light-cult-9001-10000\items\lccc-9490.html","D:\github\ron-english-light-cult-9001-10000\images\9401-9500\LCCC-9490.png","../images/9401-9500/LCCC-9490.png","https://i2c.seadn.io/ethereum/0xbe85fbd182af91290be7293438ae67549638189f/207090d39c135b221d7b1e42587b5082.png?w=350","https://i2c.seadn.io/ethereum/0xbe85fbd182af91290be7293438ae67549638189f/207090d39c135b221d7b1e42587b5082.png","IMAGE_ALREADY_EXISTS","HTML_NO_CHANGE","","Repaired."
"9491","9491","RE-010175","Light Cult Crypto Club #9491","D:\github\ron-english-light-cult-9001-10000\items\lccc-9491.html","D:\github\ron-english-light-cult-9001-10000\images\9401-9500\LCCC-9491.png","../images/9401-9500/LCCC-9491.png","https://i2c.seadn.io/ethereum/0xbe85fbd182af91290be7293438ae67549638189f/30b1edd40385bd9febd684ed61a8565a.png?w=350","https://i2c.seadn.io/ethereum/0xbe85fbd182af91290be7293438ae67549638189f/30b1edd40385bd9febd684ed61a8565a.png","IMAGE_ALREADY_EXISTS","HTML_NO_CHANGE","","Repaired."
"9492","9492","RE-010176","Light Cult Crypto Club #9492","D:\github\ron-english-light-cult-9001-10000\items\lccc-9492.html","D:\github\ron-english-light-cult-9001-10000\images\9401-9500\LCCC-9492.png","../images/9401-9500/LCCC-9492.png","https://i2c.seadn.io/ethereum/0xbe85fbd182af91290be7293438ae67549638189f/b4b7aa8a7fa05d68a999bc2822abaed4.png?w=350","https://i2c.seadn.io/ethereum/0xbe85fbd182af91290be7293438ae67549638189f/b4b7aa8a7fa05d68a999bc2822abaed4.png","IMAGE_ALREADY_EXISTS","HTML_NO_CHANGE","","Repaired."
"9495","9495","RE-010177","Light Cult Crypto Club #9495","D:\github\ron-english-light-cult-9001-10000\items\lccc-9495.html","D:\github\ron-english-light-cult-9001-10000\images\9401-9500\LCCC-9495.png","../images/9401-9500/LCCC-9495.png","https://i2c.seadn.io/ethereum/0xbe85fbd182af91290be7293438ae67549638189f/98cd8acc1ab5b0359c239994373fc351.png?w=350","https://i2c.seadn.io/ethereum/0xbe85fbd182af91290be7293438ae67549638189f/98cd8acc1ab5b0359c239994373fc351.png","IMAGE_ALREADY_EXISTS","HTML_NO_CHANGE","","Repaired."
"9496","9496","RE-010178","Light Cult Crypto Club #9496","D:\github\ron-english-light-cult-9001-10000\items\lccc-9496.html","D:\github\ron-english-light-cult-9001-10000\images\9401-9500\LCCC-9496.png","../images/9401-9500/LCCC-9496.png","https://i2c.seadn.io/ethereum/0xbe85fbd182af91290be7293438ae67549638189f/c6f2e79d61e7ec9c48a939b234c70367.png?w=350","https://i2c.seadn.io/ethereum/0xbe85fbd182af91290be7293438ae67549638189f/c6f2e79d61e7ec9c48a939b234c70367.png","IMAGE_ALREADY_EXISTS","HTML_NO_CHANGE","","Repaired."
"9497","9497","RE-010179","Light Cult Crypto Club #9497","D:\github\ron-english-light-cult-9001-10000\items\lccc-9497.html","D:\github\ron-english-light-cult-9001-10000\images\9401-9500\LCCC-9497.png","../images/9401-9500/LCCC-9497.png","https://i2c.seadn.io/ethereum/0xbe85fbd182af91290be7293438ae67549638189f/28d3ae2819140506f82974e745232f10.png?w=350","https://i2c.seadn.io/ethereum/0xbe85fbd182af91290be7293438ae67549638189f/28d3ae2819140506f82974e745232f10.png","IMAGE_ALREADY_EXISTS","HTML_NO_CHANGE","","Repaired."
"9498","9498","RE-010180","Light Cult Crypto Club #9498","D:\github\ron-english-light-cult-9001-10000\items\lccc-9498.html","D:\github\ron-english-light-cult-9001-10000\images\9401-9500\LCCC-9498.png","../images/9401-9500/LCCC-9498.png","https://i2c.seadn.io/ethereum/0xbe85fbd182af91290be7293438ae67549638189f/43e6ee033d9be6bba81f1d14e990ed99.png?w=350","https://i2c.seadn.io/ethereum/0xbe85fbd182af91290be7293438ae67549638189f/43e6ee033d9be6bba81f1d14e990ed99.png","IMAGE_ALREADY_EXISTS","HTML_NO_CHANGE","","Repaired."
"9501","9501","RE-010181","Light Cult Crypto Club #9501","D:\github\ron-english-light-cult-9001-10000\items\lccc-9501.html","D:\github\ron-english-light-cult-9001-10000\images\9501-9600\LCCC-9501.png","../images/9501-9600/LCCC-9501.png","https://i2c.seadn.io/ethereum/0xbe85fbd182af91290be7293438ae67549638189f/bae1cecad5d3d7d680e40bee90adad89.png?w=350","https://i2c.seadn.io/ethereum/0xbe85fbd182af91290be7293438ae67549638189f/bae1cecad5d3d7d680e40bee90adad89.png","IMAGE_ALREADY_EXISTS","HTML_NO_CHANGE","","Repaired."
"9502","9502","RE-010182","Light Cult Crypto Club #9502","D:\github\ron-english-light-cult-9001-10000\items\lccc-9502.html","D:\github\ron-english-light-cult-9001-10000\images\9501-9600\LCCC-9502.png","../images/9501-9600/LCCC-9502.png","https://i2c.seadn.io/ethereum/0xbe85fbd182af91290be7293438ae67549638189f/3c6e6be6c3fb5cfb8acd08de157ab55c.png?w=350","https://i2c.seadn.io/ethereum/0xbe85fbd182af91290be7293438ae67549638189f/3c6e6be6c3fb5cfb8acd08de157ab55c.png","IMAGE_ALREADY_EXISTS","HTML_NO_CHANGE","","Repaired."
"9503","9503","RE-010183","Light Cult Crypto Club #9503","D:\github\ron-english-light-cult-9001-10000\items\lccc-9503.html","D:\github\ron-english-light-cult-9001-10000\images\9501-9600\LCCC-9503.png","../images/9501-9600/LCCC-9503.png","https://i2c.seadn.io/ethereum/0xbe85fbd182af91290be7293438ae67549638189f/7ab80a95c118b52655dadeb73a5f35c2.png?w=350","https://i2c.seadn.io/ethereum/0xbe85fbd182af91290be7293438ae67549638189f/7ab80a95c118b52655dadeb73a5f35c2.png","IMAGE_ALREADY_EXISTS","HTML_NO_CHANGE","","Repaired."
"9504","9504","RE-010184","Light Cult Crypto Club #9504","D:\github\ron-english-light-cult-9001-10000\items\lccc-9504.html","D:\github\ron-english-light-cult-9001-10000\images\9501-9600\LCCC-9504.png","../images/9501-9600/LCCC-9504.png","https://i2c.seadn.io/ethereum/0xbe85fbd182af91290be7293438ae67549638189f/c7f107e2655e6deef7e2ef37c52ff6c6.png?w=350","https://i2c.seadn.io/ethereum/0xbe85fbd182af91290be7293438ae67549638189f/c7f107e2655e6deef7e2ef37c52ff6c6.png","IMAGE_ALREADY_EXISTS","HTML_NO_CHANGE","","Repaired."
"9505","9505","RE-010185","Light Cult Crypto Club #9505","D:\github\ron-english-light-cult-9001-10000\items\lccc-9505.html","D:\github\ron-english-light-cult-9001-10000\images\9501-9600\LCCC-9505.png","../images/9501-9600/LCCC-9505.png","https://i2c.seadn.io/ethereum/0xbe85fbd182af91290be7293438ae67549638189f/566a885b3b866e150c983c292de7c745.png?w=350","https://i2c.seadn.io/ethereum/0xbe85fbd182af91290be7293438ae67549638189f/566a885b3b866e150c983c292de7c745.png","IMAGE_ALREADY_EXISTS","HTML_NO_CHANGE","","Repaired."
"9506","9506","RE-010186","Light Cult Crypto Club #9506","D:\github\ron-english-light-cult-9001-10000\items\lccc-9506.html","D:\github\ron-english-light-cult-9001-10000\images\9501-9600\LCCC-9506.png","../images/9501-9600/LCCC-9506.png","https://i2c.seadn.io/ethereum/0xbe85fbd182af91290be7293438ae67549638189f/d89cc0f2cb837b84bfb44df0dc390089.png?w=350","https://i2c.seadn.io/ethereum/0xbe85fbd182af91290be7293438ae67549638189f/d89cc0f2cb837b84bfb44df0dc390089.png","IMAGE_ALREADY_EXISTS","HTML_NO_CHANGE","","Repaired."
"9508","9508","RE-010187","Light Cult Crypto Club #9508","D:\github\ron-english-light-cult-9001-10000\items\lccc-9508.html","D:\github\ron-english-light-cult-9001-10000\images\9501-9600\LCCC-9508.png","../images/9501-9600/LCCC-9508.png","https://i2c.seadn.io/ethereum/0xbe85fbd182af91290be7293438ae67549638189f/1faf68a27d750763f654b4cc64a5a2a3.png?w=350","https://i2c.seadn.io/ethereum/0xbe85fbd182af91290be7293438ae67549638189f/1faf68a27d750763f654b4cc64a5a2a3.png","IMAGE_ALREADY_EXISTS","HTML_NO_CHANGE","","Repaired."
"9509","9509","RE-010188","Light Cult Crypto Club #9509","D:\github\ron-english-light-cult-9001-10000\items\lccc-9509.html","D:\github\ron-english-light-cult-9001-10000\images\9501-9600\LCCC-9509.png","../images/9501-9600/LCCC-9509.png","https://i2c.seadn.io/ethereum/0xbe85fbd182af91290be7293438ae67549638189f/2d49225527c16cb88231a35bec49b02b.png?w=350","https://i2c.seadn.io/ethereum/0xbe85fbd182af91290be7293438ae67549638189f/2d49225527c16cb88231a35bec49b02b.png","IMAGE_ALREADY_EXISTS","HTML_NO_CHANGE","","Repaired."
"9510","9510","RE-010189","Light Cult Crypto Club #9510","D:\github\ron-english-light-cult-9001-10000\items\lccc-9510.html","D:\github\ron-english-light-cult-9001-10000\images\9501-9600\LCCC-9510.png","../images/9501-9600/LCCC-9510.png","https://i2c.seadn.io/ethereum/0xbe85fbd182af91290be7293438ae67549638189f/f4c3bbdb2870e1d66308b41355b733db.png?w=350","https://i2c.seadn.io/ethereum/0xbe85fbd182af91290be7293438ae67549638189f/f4c3bbdb2870e1d66308b41355b733db.png","IMAGE_ALREADY_EXISTS","HTML_NO_CHANGE","","Repaired."
"9511","9511","RE-010190","Light Cult Crypto Club #9511","D:\github\ron-english-light-cult-9001-10000\items\lccc-9511.html","D:\github\ron-english-light-cult-9001-10000\images\9501-9600\LCCC-9511.png","../images/9501-9600/LCCC-9511.png","https://i2c.seadn.io/ethereum/0xbe85fbd182af91290be7293438ae67549638189f/8102eec7baacaeeecd32cc771fe8a121.png?w=350","https://i2c.seadn.io/ethereum/0xbe85fbd182af91290be7293438ae67549638189f/8102eec7baacaeeecd32cc771fe8a121.png","IMAGE_ALREADY_EXISTS","HTML_NO_CHANGE","","Repaired."
"9512","9512","RE-010191","Light Cult Crypto Club #9512","D:\github\ron-english-light-cult-9001-10000\items\lccc-9512.html","D:\github\ron-english-light-cult-9001-10000\images\9501-9600\LCCC-9512.png","../images/9501-9600/LCCC-9512.png","https://i2c.seadn.io/ethereum/0xbe85fbd182af91290be7293438ae67549638189f/f9e306cd68eaa6427da72eb351d1c02b.png?w=350","https://i2c.seadn.io/ethereum/0xbe85fbd182af91290be7293438ae67549638189f/f9e306cd68eaa6427da72eb351d1c02b.png","IMAGE_ALREADY_EXISTS","HTML_NO_CHANGE","","Repaired."
"9513","9513","RE-010192","Light Cult Crypto Club #9513","D:\github\ron-english-light-cult-9001-10000\items\lccc-9513.html","D:\github\ron-english-light-cult-9001-10000\images\9501-9600\LCCC-9513.png","../images/9501-9600/LCCC-9513.png","https://i2c.seadn.io/ethereum/0xbe85fbd182af91290be7293438ae67549638189f/e5125fb9170fc9167fc75de12a06c09a.png?w=350","https://i2c.seadn.io/ethereum/0xbe85fbd182af91290be7293438ae67549638189f/e5125fb9170fc9167fc75de12a06c09a.png","IMAGE_ALREADY_EXISTS","HTML_NO_CHANGE","","Repaired."
"9514","9514","RE-010193","Light Cult Crypto Club #9514","D:\github\ron-english-light-cult-9001-10000\items\lccc-9514.html","D:\github\ron-english-light-cult-9001-10000\images\9501-9600\LCCC-9514.png","../images/9501-9600/LCCC-9514.png","https://i2c.seadn.io/ethereum/0xbe85fbd182af91290be7293438ae67549638189f/9c598e31877c0fcde278a91030ecbcd1.png?w=350","https://i2c.seadn.io/ethereum/0xbe85fbd182af91290be7293438ae67549638189f/9c598e31877c0fcde278a91030ecbcd1.png","IMAGE_ALREADY_EXISTS","HTML_NO_CHANGE","","Repaired."
"9515","9515","RE-010194","Light Cult Crypto Club #9515","D:\github\ron-english-light-cult-9001-10000\items\lccc-9515.html","D:\github\ron-english-light-cult-9001-10000\images\9501-9600\LCCC-9515.png","../images/9501-9600/LCCC-9515.png","https://i2c.seadn.io/ethereum/0xbe85fbd182af91290be7293438ae67549638189f/0866a2273c599d82fbd6f61240b6ad19.png?w=350","https://i2c.seadn.io/ethereum/0xbe85fbd182af91290be7293438ae67549638189f/0866a2273c599d82fbd6f61240b6ad19.png","IMAGE_ALREADY_EXISTS","HTML_NO_CHANGE","","Repaired."
"9516","9516","RE-010195","Light Cult Crypto Club #9516","D:\github\ron-english-light-cult-9001-10000\items\lccc-9516.html","D:\github\ron-english-light-cult-9001-10000\images\9501-9600\LCCC-9516.png","../images/9501-9600/LCCC-9516.png","https://i2c.seadn.io/ethereum/0xbe85fbd182af91290be7293438ae67549638189f/abfc0e57de10882cfd88afca268d5576.png?w=350","https://i2c.seadn.io/ethereum/0xbe85fbd182af91290be7293438ae67549638189f/abfc0e57de10882cfd88afca268d5576.png","IMAGE_ALREADY_EXISTS","HTML_NO_CHANGE","","Repaired."
"9517","9517","RE-010196","Light Cult Crypto Club #9517","D:\github\ron-english-light-cult-9001-10000\items\lccc-9517.html","D:\github\ron-english-light-cult-9001-10000\images\9501-9600\LCCC-9517.png","../images/9501-9600/LCCC-9517.png","https://i2c.seadn.io/ethereum/0xbe85fbd182af91290be7293438ae67549638189f/bff753382ff8a643f58d85b2f04fca97.png?w=350","https://i2c.seadn.io/ethereum/0xbe85fbd182af91290be7293438ae67549638189f/bff753382ff8a643f58d85b2f04fca97.png","IMAGE_ALREADY_EXISTS","HTML_NO_CHANGE","","Repaired."
"9518","9518","RE-010197","Light Cult Crypto Club #9518","D:\github\ron-english-light-cult-9001-10000\items\lccc-9518.html","D:\github\ron-english-light-cult-9001-10000\images\9501-9600\LCCC-9518.png","../images/9501-9600/LCCC-9518.png","https://i2c.seadn.io/ethereum/0xbe85fbd182af91290be7293438ae67549638189f/c327f9eca8e307804b8a1ea866f5c61a.png?w=350","https://i2c.seadn.io/ethereum/0xbe85fbd182af91290be7293438ae67549638189f/c327f9eca8e307804b8a1ea866f5c61a.png","IMAGE_ALREADY_EXISTS","HTML_NO_CHANGE","","Repaired."
"9521","9521","RE-010198","Light Cult Crypto Club #9521","D:\github\ron-english-light-cult-9001-10000\items\lccc-9521.html","D:\github\ron-english-light-cult-9001-10000\images\9501-9600\LCCC-9521.png","../images/9501-9600/LCCC-9521.png","https://i2c.seadn.io/ethereum/0xbe85fbd182af91290be7293438ae67549638189f/0a557f6e32e785cd529de47ef79f81d7.png?w=350","https://i2c.seadn.io/ethereum/0xbe85fbd182af91290be7293438ae67549638189f/0a557f6e32e785cd529de47ef79f81d7.png","IMAGE_ALREADY_EXISTS","HTML_NO_CHANGE","","Repaired."
"9522","9522","RE-010199","Light Cult Crypto Club #9522","D:\github\ron-english-light-cult-9001-10000\items\lccc-9522.html","D:\github\ron-english-light-cult-9001-10000\images\9501-9600\LCCC-9522.png","../images/9501-9600/LCCC-9522.png","https://i2c.seadn.io/ethereum/0xbe85fbd182af91290be7293438ae67549638189f/23180ae12beb341f8b5fdd0c10ccfacd.png?w=350","https://i2c.seadn.io/ethereum/0xbe85fbd182af91290be7293438ae67549638189f/23180ae12beb341f8b5fdd0c10ccfacd.png","IMAGE_ALREADY_EXISTS","HTML_NO_CHANGE","","Repaired."
"9523","9523","RE-010200","Light Cult Crypto Club #9523","D:\github\ron-english-light-cult-9001-10000\items\lccc-9523.html","D:\github\ron-english-light-cult-9001-10000\images\9501-9600\LCCC-9523.png","../images/9501-9600/LCCC-9523.png","https://i2c.seadn.io/ethereum/0xbe85fbd182af91290be7293438ae67549638189f/05b5ab9307e0b1e60180281790156e26.png?w=350","https://i2c.seadn.io/ethereum/0xbe85fbd182af91290be7293438ae67549638189f/05b5ab9307e0b1e60180281790156e26.png","IMAGE_ALREADY_EXISTS","HTML_NO_CHANGE","","Repaired."
"9524","9524","RE-010201","Light Cult Crypto Club #9524","D:\github\ron-english-light-cult-9001-10000\items\lccc-9524.html","D:\github\ron-english-light-cult-9001-10000\images\9501-9600\LCCC-9524.png","../images/9501-9600/LCCC-9524.png","https://i2c.seadn.io/ethereum/0xbe85fbd182af91290be7293438ae67549638189f/c87f71c9a1d34a1af59283c77523d132.png?w=350","https://i2c.seadn.io/ethereum/0xbe85fbd182af91290be7293438ae67549638189f/c87f71c9a1d34a1af59283c77523d132.png","IMAGE_ALREADY_EXISTS","HTML_NO_CHANGE","","Repaired."
"9526","9526","RE-010202","Light Cult Crypto Club #9526","D:\github\ron-english-light-cult-9001-10000\items\lccc-9526.html","D:\github\ron-english-light-cult-9001-10000\images\9501-9600\LCCC-9526.png","../images/9501-9600/LCCC-9526.png","https://i2c.seadn.io/ethereum/0xbe85fbd182af91290be7293438ae67549638189f/f0c2ddec84390dd67e8431f44dbd4588.png?w=350","https://i2c.seadn.io/ethereum/0xbe85fbd182af91290be7293438ae67549638189f/f0c2ddec84390dd67e8431f44dbd4588.png","IMAGE_ALREADY_EXISTS","HTML_NO_CHANGE","","Repaired."
"9528","9528","RE-010203","Light Cult Crypto Club #9528","D:\github\ron-english-light-cult-9001-10000\items\lccc-9528.html","D:\github\ron-english-light-cult-9001-10000\images\9501-9600\LCCC-9528.png","../images/9501-9600/LCCC-9528.png","https://i2c.seadn.io/ethereum/0xbe85fbd182af91290be7293438ae67549638189f/3545116b8485af2d9e4b65d748b40844.png?w=350","https://i2c.seadn.io/ethereum/0xbe85fbd182af91290be7293438ae67549638189f/3545116b8485af2d9e4b65d748b40844.png","IMAGE_ALREADY_EXISTS","HTML_NO_CHANGE","","Repaired."
"9529","9529","RE-010204","Light Cult Crypto Club #9529","D:\github\ron-english-light-cult-9001-10000\items\lccc-9529.html","D:\github\ron-english-light-cult-9001-10000\images\9501-9600\LCCC-9529.png","../images/9501-9600/LCCC-9529.png","https://i2c.seadn.io/ethereum/0xbe85fbd182af91290be7293438ae67549638189f/b63590c00260127dbe0380fdd0028051.png?w=350","https://i2c.seadn.io/ethereum/0xbe85fbd182af91290be7293438ae67549638189f/b63590c00260127dbe0380fdd0028051.png","IMAGE_ALREADY_EXISTS","HTML_NO_CHANGE","","Repaired."
"9530","9530","RE-010205","Light Cult Crypto Club #9530","D:\github\ron-english-light-cult-9001-10000\items\lccc-9530.html","D:\github\ron-english-light-cult-9001-10000\images\9501-9600\LCCC-9530.png","../images/9501-9600/LCCC-9530.png","https://i2c.seadn.io/ethereum/0xbe85fbd182af91290be7293438ae67549638189f/5a46d295c326bc51cb0a815053471ebb.png?w=350","https://i2c.seadn.io/ethereum/0xbe85fbd182af91290be7293438ae67549638189f/5a46d295c326bc51cb0a815053471ebb.png","IMAGE_ALREADY_EXISTS","HTML_NO_CHANGE","","Repaired."
"9531","9531","RE-010206","Light Cult Crypto Club #9531","D:\github\ron-english-light-cult-9001-10000\items\lccc-9531.html","D:\github\ron-english-light-cult-9001-10000\images\9501-9600\LCCC-9531.png","../images/9501-9600/LCCC-9531.png","https://i2c.seadn.io/ethereum/0xbe85fbd182af91290be7293438ae67549638189f/2387f5c51b050cc1cd46748b2c5a5ad9.png?w=350","https://i2c.seadn.io/ethereum/0xbe85fbd182af91290be7293438ae67549638189f/2387f5c51b050cc1cd46748b2c5a5ad9.png","IMAGE_ALREADY_EXISTS","HTML_NO_CHANGE","","Repaired."
"9532","9532","RE-010207","Light Cult Crypto Club #9532","D:\github\ron-english-light-cult-9001-10000\items\lccc-9532.html","D:\github\ron-english-light-cult-9001-10000\images\9501-9600\LCCC-9532.png","../images/9501-9600/LCCC-9532.png","https://i2c.seadn.io/ethereum/0xbe85fbd182af91290be7293438ae67549638189f/f2bb40015fa14d137fbea331cca0afea.png?w=350","https://i2c.seadn.io/ethereum/0xbe85fbd182af91290be7293438ae67549638189f/f2bb40015fa14d137fbea331cca0afea.png","IMAGE_ALREADY_EXISTS","HTML_NO_CHANGE","","Repaired."
"9534","9534","RE-010208","Light Cult Crypto Club #9534","D:\github\ron-english-light-cult-9001-10000\items\lccc-9534.html","D:\github\ron-english-light-cult-9001-10000\images\9501-9600\LCCC-9534.png","../images/9501-9600/LCCC-9534.png","https://i2c.seadn.io/ethereum/0xbe85fbd182af91290be7293438ae67549638189f/6e8c6ed9ab420f86cc1405b83fc014cc.png?w=350","https://i2c.seadn.io/ethereum/0xbe85fbd182af91290be7293438ae67549638189f/6e8c6ed9ab420f86cc1405b83fc014cc.png","IMAGE_ALREADY_EXISTS","HTML_NO_CHANGE","","Repaired."
"9535","9535","RE-010209","Light Cult Crypto Club #9535","D:\github\ron-english-light-cult-9001-10000\items\lccc-9535.html","D:\github\ron-english-light-cult-9001-10000\images\9501-9600\LCCC-9535.png","../images/9501-9600/LCCC-9535.png","https://i2c.seadn.io/ethereum/0xbe85fbd182af91290be7293438ae67549638189f/fa3bda6c28a8545b61423e41a382880a.png?w=350","https://i2c.seadn.io/ethereum/0xbe85fbd182af91290be7293438ae67549638189f/fa3bda6c28a8545b61423e41a382880a.png","IMAGE_ALREADY_EXISTS","HTML_NO_CHANGE","","Repaired."
"9536","9536","RE-010210","Light Cult Crypto Club #9536","D:\github\ron-english-light-cult-9001-10000\items\lccc-9536.html","D:\github\ron-english-light-cult-9001-10000\images\9501-9600\LCCC-9536.png","../images/9501-9600/LCCC-9536.png","https://i2c.seadn.io/ethereum/0xbe85fbd182af91290be7293438ae67549638189f/8dc44c5bddefe966bf684b302b094825.png?w=350","https://i2c.seadn.io/ethereum/0xbe85fbd182af91290be7293438ae67549638189f/8dc44c5bddefe966bf684b302b094825.png","IMAGE_ALREADY_EXISTS","HTML_NO_CHANGE","","Repaired."
"9537","9537","RE-010211","Light Cult Crypto Club #9537","D:\github\ron-english-light-cult-9001-10000\items\lccc-9537.html","D:\github\ron-english-light-cult-9001-10000\images\9501-9600\LCCC-9537.png","../images/9501-9600/LCCC-9537.png","https://i2c.seadn.io/ethereum/0xbe85fbd182af91290be7293438ae67549638189f/0d510b100d6c77942d88b93341b43b9b.png?w=350","https://i2c.seadn.io/ethereum/0xbe85fbd182af91290be7293438ae67549638189f/0d510b100d6c77942d88b93341b43b9b.png","IMAGE_ALREADY_EXISTS","HTML_NO_CHANGE","","Repaired."
"9538","9538","RE-010212","Light Cult Crypto Club #9538","D:\github\ron-english-light-cult-9001-10000\items\lccc-9538.html","D:\github\ron-english-light-cult-9001-10000\images\9501-9600\LCCC-9538.png","../images/9501-9600/LCCC-9538.png","https://i2c.seadn.io/ethereum/0xbe85fbd182af91290be7293438ae67549638189f/a3ad232a731c24b1b39755e826dbce27.png?w=350","https://i2c.seadn.io/ethereum/0xbe85fbd182af91290be7293438ae67549638189f/a3ad232a731c24b1b39755e826dbce27.png","IMAGE_ALREADY_EXISTS","HTML_NO_CHANGE","","Repaired."
"9539","9539","RE-010213","Light Cult Crypto Club #9539","D:\github\ron-english-light-cult-9001-10000\items\lccc-9539.html","D:\github\ron-english-light-cult-9001-10000\images\9501-9600\LCCC-9539.png","../images/9501-9600/LCCC-9539.png","https://i2c.seadn.io/ethereum/0xbe85fbd182af91290be7293438ae67549638189f/923e23c890ebbcd402449689dd32c83f.png?w=350","https://i2c.seadn.io/ethereum/0xbe85fbd182af91290be7293438ae67549638189f/923e23c890ebbcd402449689dd32c83f.png","IMAGE_ALREADY_EXISTS","HTML_NO_CHANGE","","Repaired."
"9540","9540","RE-010214","Light Cult Crypto Club #9540","D:\github\ron-english-light-cult-9001-10000\items\lccc-9540.html","D:\github\ron-english-light-cult-9001-10000\images\9501-9600\LCCC-9540.png","../images/9501-9600/LCCC-9540.png","https://i2c.seadn.io/ethereum/0xbe85fbd182af91290be7293438ae67549638189f/25a5104067b060d643098979c3431e5c.png?w=350","https://i2c.seadn.io/ethereum/0xbe85fbd182af91290be7293438ae67549638189f/25a5104067b060d643098979c3431e5c.png","IMAGE_ALREADY_EXISTS","HTML_NO_CHANGE","","Repaired."
"9541","9541","RE-010215","Light Cult Crypto Club #9541","D:\github\ron-english-light-cult-9001-10000\items\lccc-9541.html","D:\github\ron-english-light-cult-9001-10000\images\9501-9600\LCCC-9541.png","../images/9501-9600/LCCC-9541.png","https://i2c.seadn.io/ethereum/0xbe85fbd182af91290be7293438ae67549638189f/f725943f84f566c067fb9f06f0a943db.png?w=350","https://i2c.seadn.io/ethereum/0xbe85fbd182af91290be7293438ae67549638189f/f725943f84f566c067fb9f06f0a943db.png","IMAGE_ALREADY_EXISTS","HTML_NO_CHANGE","","Repaired."
"9543","9543","RE-010216","Light Cult Crypto Club #9543","D:\github\ron-english-light-cult-9001-10000\items\lccc-9543.html","D:\github\ron-english-light-cult-9001-10000\images\9501-9600\LCCC-9543.png","../images/9501-9600/LCCC-9543.png","https://i2c.seadn.io/ethereum/0xbe85fbd182af91290be7293438ae67549638189f/10e173715c8c147c0e9e97245e7ea849.png?w=350","https://i2c.seadn.io/ethereum/0xbe85fbd182af91290be7293438ae67549638189f/10e173715c8c147c0e9e97245e7ea849.png","IMAGE_ALREADY_EXISTS","HTML_NO_CHANGE","","Repaired."
"9544","9544","RE-010217","Light Cult Crypto Club #9544","D:\github\ron-english-light-cult-9001-10000\items\lccc-9544.html","D:\github\ron-english-light-cult-9001-10000\images\9501-9600\LCCC-9544.png","../images/9501-9600/LCCC-9544.png","https://i2c.seadn.io/ethereum/0xbe85fbd182af91290be7293438ae67549638189f/cab206bf840cbfe56b9e3c846b21adbc.png?w=350","https://i2c.seadn.io/ethereum/0xbe85fbd182af91290be7293438ae67549638189f/cab206bf840cbfe56b9e3c846b21adbc.png","IMAGE_ALREADY_EXISTS","HTML_NO_CHANGE","","Repaired."
"9545","9545","RE-010218","Light Cult Crypto Club #9545","D:\github\ron-english-light-cult-9001-10000\items\lccc-9545.html","D:\github\ron-english-light-cult-9001-10000\images\9501-9600\LCCC-9545.png","../images/9501-9600/LCCC-9545.png","https://i2c.seadn.io/ethereum/0xbe85fbd182af91290be7293438ae67549638189f/4f994351ee849e38e0d45819c96fc20d.png?w=350","https://i2c.seadn.io/ethereum/0xbe85fbd182af91290be7293438ae67549638189f/4f994351ee849e38e0d45819c96fc20d.png","IMAGE_ALREADY_EXISTS","HTML_NO_CHANGE","","Repaired."
"9546","9546","RE-010219","Light Cult Crypto Club #9546","D:\github\ron-english-light-cult-9001-10000\items\lccc-9546.html","D:\github\ron-english-light-cult-9001-10000\images\9501-9600\LCCC-9546.png","../images/9501-9600/LCCC-9546.png","https://i2c.seadn.io/ethereum/0xbe85fbd182af91290be7293438ae67549638189f/71d1dc3bf4f86dc13334c3c45cc3c79b.png?w=350","https://i2c.seadn.io/ethereum/0xbe85fbd182af91290be7293438ae67549638189f/71d1dc3bf4f86dc13334c3c45cc3c79b.png","IMAGE_ALREADY_EXISTS","HTML_NO_CHANGE","","Repaired."
"9547","9547","RE-010220","Light Cult Crypto Club #9547","D:\github\ron-english-light-cult-9001-10000\items\lccc-9547.html","D:\github\ron-english-light-cult-9001-10000\images\9501-9600\LCCC-9547.png","../images/9501-9600/LCCC-9547.png","https://i2c.seadn.io/ethereum/0xbe85fbd182af91290be7293438ae67549638189f/0e988cec3ad6d6290d64282e9e30b25e.png?w=350","https://i2c.seadn.io/ethereum/0xbe85fbd182af91290be7293438ae67549638189f/0e988cec3ad6d6290d64282e9e30b25e.png","IMAGE_ALREADY_EXISTS","HTML_NO_CHANGE","","Repaired."
"9550","9550","RE-010221","Light Cult Crypto Club #9550","D:\github\ron-english-light-cult-9001-10000\items\lccc-9550.html","D:\github\ron-english-light-cult-9001-10000\images\9501-9600\LCCC-9550.png","../images/9501-9600/LCCC-9550.png","https://i2c.seadn.io/ethereum/0xbe85fbd182af91290be7293438ae67549638189f/208f91772e8e6b7febaf4a18b47fbdac.png?w=350","https://i2c.seadn.io/ethereum/0xbe85fbd182af91290be7293438ae67549638189f/208f91772e8e6b7febaf4a18b47fbdac.png","IMAGE_ALREADY_EXISTS","HTML_NO_CHANGE","","Repaired."
"9551","9551","RE-010222","Light Cult Crypto Club #9551","D:\github\ron-english-light-cult-9001-10000\items\lccc-9551.html","D:\github\ron-english-light-cult-9001-10000\images\9501-9600\LCCC-9551.png","../images/9501-9600/LCCC-9551.png","https://i2c.seadn.io/ethereum/0xbe85fbd182af91290be7293438ae67549638189f/c83353d7a06fc153b2bcc56b18dcafde.png?w=350","https://i2c.seadn.io/ethereum/0xbe85fbd182af91290be7293438ae67549638189f/c83353d7a06fc153b2bcc56b18dcafde.png","IMAGE_ALREADY_EXISTS","HTML_NO_CHANGE","","Repaired."
"9552","9552","RE-010223","Light Cult Crypto Club #9552","D:\github\ron-english-light-cult-9001-10000\items\lccc-9552.html","D:\github\ron-english-light-cult-9001-10000\images\9501-9600\LCCC-9552.png","../images/9501-9600/LCCC-9552.png","https://i2c.seadn.io/ethereum/0xbe85fbd182af91290be7293438ae67549638189f/1a3ca2e33f78f740f9d3d813325fb784.png?w=350","https://i2c.seadn.io/ethereum/0xbe85fbd182af91290be7293438ae67549638189f/1a3ca2e33f78f740f9d3d813325fb784.png","IMAGE_ALREADY_EXISTS","HTML_NO_CHANGE","","Repaired."
"9553","9553","RE-010224","Light Cult Crypto Club #9553","D:\github\ron-english-light-cult-9001-10000\items\lccc-9553.html","D:\github\ron-english-light-cult-9001-10000\images\9501-9600\LCCC-9553.png","../images/9501-9600/LCCC-9553.png","https://i2c.seadn.io/ethereum/0xbe85fbd182af91290be7293438ae67549638189f/7f5f784afb06f8be62869fa8dbf4d6a1.png?w=350","https://i2c.seadn.io/ethereum/0xbe85fbd182af91290be7293438ae67549638189f/7f5f784afb06f8be62869fa8dbf4d6a1.png","IMAGE_ALREADY_EXISTS","HTML_NO_CHANGE","","Repaired."
"9554","9554","RE-010225","Light Cult Crypto Club #9554","D:\github\ron-english-light-cult-9001-10000\items\lccc-9554.html","D:\github\ron-english-light-cult-9001-10000\images\9501-9600\LCCC-9554.png","../images/9501-9600/LCCC-9554.png","https://i2c.seadn.io/ethereum/0xbe85fbd182af91290be7293438ae67549638189f/fe7287f656c21b9150e7ebf0a25ce2aa.png?w=350","https://i2c.seadn.io/ethereum/0xbe85fbd182af91290be7293438ae67549638189f/fe7287f656c21b9150e7ebf0a25ce2aa.png","IMAGE_ALREADY_EXISTS","HTML_NO_CHANGE","","Repaired."
"9555","9555","RE-010226","Light Cult Crypto Club #9555","D:\github\ron-english-light-cult-9001-10000\items\lccc-9555.html","D:\github\ron-english-light-cult-9001-10000\images\9501-9600\LCCC-9555.png","../images/9501-9600/LCCC-9555.png","https://i2c.seadn.io/ethereum/0xbe85fbd182af91290be7293438ae67549638189f/61e5836157b0314cb5a7e15035482100.png?w=350","https://i2c.seadn.io/ethereum/0xbe85fbd182af91290be7293438ae67549638189f/61e5836157b0314cb5a7e15035482100.png","IMAGE_ALREADY_EXISTS","HTML_NO_CHANGE","","Repaired."
"9556","9556","RE-010227","Light Cult Crypto Club #9556","D:\github\ron-english-light-cult-9001-10000\items\lccc-9556.html","D:\github\ron-english-light-cult-9001-10000\images\9501-9600\LCCC-9556.png","../images/9501-9600/LCCC-9556.png","https://i2c.seadn.io/ethereum/0xbe85fbd182af91290be7293438ae67549638189f/cf450e00bb1c066ecbf5915408006416.png?w=350","https://i2c.seadn.io/ethereum/0xbe85fbd182af91290be7293438ae67549638189f/cf450e00bb1c066ecbf5915408006416.png","IMAGE_ALREADY_EXISTS","HTML_NO_CHANGE","","Repaired."
"9557","9557","RE-010228","Light Cult Crypto Club #9557","D:\github\ron-english-light-cult-9001-10000\items\lccc-9557.html","D:\github\ron-english-light-cult-9001-10000\images\9501-9600\LCCC-9557.png","../images/9501-9600/LCCC-9557.png","https://i2c.seadn.io/ethereum/0xbe85fbd182af91290be7293438ae67549638189f/71537a0bcd1d4bcd9ed1e1a3f699a2e7.png?w=350","https://i2c.seadn.io/ethereum/0xbe85fbd182af91290be7293438ae67549638189f/71537a0bcd1d4bcd9ed1e1a3f699a2e7.png","IMAGE_ALREADY_EXISTS","HTML_NO_CHANGE","","Repaired."
"9558","9558","RE-010229","Light Cult Crypto Club #9558","D:\github\ron-english-light-cult-9001-10000\items\lccc-9558.html","D:\github\ron-english-light-cult-9001-10000\images\9501-9600\LCCC-9558.png","../images/9501-9600/LCCC-9558.png","https://i2c.seadn.io/ethereum/0xbe85fbd182af91290be7293438ae67549638189f/236c5dbab8f37d8579ba353b57476bf6.png?w=350","https://i2c.seadn.io/ethereum/0xbe85fbd182af91290be7293438ae67549638189f/236c5dbab8f37d8579ba353b57476bf6.png","IMAGE_ALREADY_EXISTS","HTML_NO_CHANGE","","Repaired."
"9559","9559","RE-010230","Light Cult Crypto Club #9559","D:\github\ron-english-light-cult-9001-10000\items\lccc-9559.html","D:\github\ron-english-light-cult-9001-10000\images\9501-9600\LCCC-9559.png","../images/9501-9600/LCCC-9559.png","https://i2c.seadn.io/ethereum/0xbe85fbd182af91290be7293438ae67549638189f/c395ef3b721d67e12f37f1ee987e4db1.png?w=350","https://i2c.seadn.io/ethereum/0xbe85fbd182af91290be7293438ae67549638189f/c395ef3b721d67e12f37f1ee987e4db1.png","IMAGE_ALREADY_EXISTS","HTML_NO_CHANGE","","Repaired."
"9560","9560","RE-010231","Light Cult Crypto Club #9560","D:\github\ron-english-light-cult-9001-10000\items\lccc-9560.html","D:\github\ron-english-light-cult-9001-10000\images\9501-9600\LCCC-9560.png","../images/9501-9600/LCCC-9560.png","https://i2c.seadn.io/ethereum/0xbe85fbd182af91290be7293438ae67549638189f/1cb1e55d3578b3165d0a9eaf7124e960.png?w=350","https://i2c.seadn.io/ethereum/0xbe85fbd182af91290be7293438ae67549638189f/1cb1e55d3578b3165d0a9eaf7124e960.png","IMAGE_ALREADY_EXISTS","HTML_NO_CHANGE","","Repaired."
"9561","9561","RE-010232","Light Cult Crypto Club #9561","D:\github\ron-english-light-cult-9001-10000\items\lccc-9561.html","D:\github\ron-english-light-cult-9001-10000\images\9501-9600\LCCC-9561.png","../images/9501-9600/LCCC-9561.png","https://i2c.seadn.io/ethereum/0xbe85fbd182af91290be7293438ae67549638189f/34f4259aa09c2d0d2ad091c991cf4924.png?w=350","https://i2c.seadn.io/ethereum/0xbe85fbd182af91290be7293438ae67549638189f/34f4259aa09c2d0d2ad091c991cf4924.png","IMAGE_ALREADY_EXISTS","HTML_NO_CHANGE","","Repaired."
"9562","9562","RE-010233","Light Cult Crypto Club #9562","D:\github\ron-english-light-cult-9001-10000\items\lccc-9562.html","D:\github\ron-english-light-cult-9001-10000\images\9501-9600\LCCC-9562.png","../images/9501-9600/LCCC-9562.png","https://i2c.seadn.io/ethereum/0xbe85fbd182af91290be7293438ae67549638189f/3ce146f4ea7c18c093f3538e2047b97c.png?w=350","https://i2c.seadn.io/ethereum/0xbe85fbd182af91290be7293438ae67549638189f/3ce146f4ea7c18c093f3538e2047b97c.png","IMAGE_ALREADY_EXISTS","HTML_NO_CHANGE","","Repaired."
"9563","9563","RE-010234","Light Cult Crypto Club #9563","D:\github\ron-english-light-cult-9001-10000\items\lccc-9563.html","D:\github\ron-english-light-cult-9001-10000\images\9501-9600\LCCC-9563.png","../images/9501-9600/LCCC-9563.png","https://i2c.seadn.io/ethereum/0xbe85fbd182af91290be7293438ae67549638189f/c6179bc260caec68e6cd5b91e6ab5570.png?w=350","https://i2c.seadn.io/ethereum/0xbe85fbd182af91290be7293438ae67549638189f/c6179bc260caec68e6cd5b91e6ab5570.png","IMAGE_ALREADY_EXISTS","HTML_NO_CHANGE","","Repaired."
"9564","9564","RE-010235","Light Cult Crypto Club #9564","D:\github\ron-english-light-cult-9001-10000\items\lccc-9564.html","D:\github\ron-english-light-cult-9001-10000\images\9501-9600\LCCC-9564.png","../images/9501-9600/LCCC-9564.png","https://i2c.seadn.io/ethereum/0xbe85fbd182af91290be7293438ae67549638189f/a062a3bbea9cafd3025bb4291b54cdef.png?w=350","https://i2c.seadn.io/ethereum/0xbe85fbd182af91290be7293438ae67549638189f/a062a3bbea9cafd3025bb4291b54cdef.png","IMAGE_ALREADY_EXISTS","HTML_NO_CHANGE","","Repaired."
"9565","9565","RE-010236","Light Cult Crypto Club #9565","D:\github\ron-english-light-cult-9001-10000\items\lccc-9565.html","D:\github\ron-english-light-cult-9001-10000\images\9501-9600\LCCC-9565.png","../images/9501-9600/LCCC-9565.png","https://i2c.seadn.io/ethereum/0xbe85fbd182af91290be7293438ae67549638189f/1cde66f4498e64c1406acf39be960673.png?w=350","https://i2c.seadn.io/ethereum/0xbe85fbd182af91290be7293438ae67549638189f/1cde66f4498e64c1406acf39be960673.png","IMAGE_ALREADY_EXISTS","HTML_NO_CHANGE","","Repaired."
"9566","9566","RE-010237","Light Cult Crypto Club #9566","D:\github\ron-english-light-cult-9001-10000\items\lccc-9566.html","D:\github\ron-english-light-cult-9001-10000\images\9501-9600\LCCC-9566.png","../images/9501-9600/LCCC-9566.png","https://i2c.seadn.io/ethereum/0xbe85fbd182af91290be7293438ae67549638189f/a30095f256c2e1743d387e2f3877ceb4.png?w=350","https://i2c.seadn.io/ethereum/0xbe85fbd182af91290be7293438ae67549638189f/a30095f256c2e1743d387e2f3877ceb4.png","IMAGE_ALREADY_EXISTS","HTML_NO_CHANGE","","Repaired."
"9567","9567","RE-010238","Light Cult Crypto Club #9567","D:\github\ron-english-light-cult-9001-10000\items\lccc-9567.html","D:\github\ron-english-light-cult-9001-10000\images\9501-9600\LCCC-9567.png","../images/9501-9600/LCCC-9567.png","https://i2c.seadn.io/ethereum/0xbe85fbd182af91290be7293438ae67549638189f/2ea1acb98fe3308f06e9666049504bc2.png?w=350","https://i2c.seadn.io/ethereum/0xbe85fbd182af91290be7293438ae67549638189f/2ea1acb98fe3308f06e9666049504bc2.png","IMAGE_ALREADY_EXISTS","HTML_NO_CHANGE","","Repaired."
"9569","9569","RE-010239","Light Cult Crypto Club #9569","D:\github\ron-english-light-cult-9001-10000\items\lccc-9569.html","D:\github\ron-english-light-cult-9001-10000\images\9501-9600\LCCC-9569.png","../images/9501-9600/LCCC-9569.png","https://i2c.seadn.io/ethereum/0xbe85fbd182af91290be7293438ae67549638189f/9809ecea0f1ef5af0ec634c2b12dc114.png?w=350","https://i2c.seadn.io/ethereum/0xbe85fbd182af91290be7293438ae67549638189f/9809ecea0f1ef5af0ec634c2b12dc114.png","IMAGE_ALREADY_EXISTS","HTML_NO_CHANGE","","Repaired."
"9570","9570","RE-010240","Light Cult Crypto Club #9570","D:\github\ron-english-light-cult-9001-10000\items\lccc-9570.html","D:\github\ron-english-light-cult-9001-10000\images\9501-9600\LCCC-9570.png","../images/9501-9600/LCCC-9570.png","https://i2c.seadn.io/ethereum/0xbe85fbd182af91290be7293438ae67549638189f/f1445219d373cffe4fbed3abb4bfb00c.png?w=350","https://i2c.seadn.io/ethereum/0xbe85fbd182af91290be7293438ae67549638189f/f1445219d373cffe4fbed3abb4bfb00c.png","IMAGE_ALREADY_EXISTS","HTML_NO_CHANGE","","Repaired."
"9571","9571","RE-010241","Light Cult Crypto Club #9571","D:\github\ron-english-light-cult-9001-10000\items\lccc-9571.html","D:\github\ron-english-light-cult-9001-10000\images\9501-9600\LCCC-9571.png","../images/9501-9600/LCCC-9571.png","https://i2c.seadn.io/ethereum/0xbe85fbd182af91290be7293438ae67549638189f/c1a18ec939d6b8bad2775e51550f1f38.png?w=350","https://i2c.seadn.io/ethereum/0xbe85fbd182af91290be7293438ae67549638189f/c1a18ec939d6b8bad2775e51550f1f38.png","IMAGE_ALREADY_EXISTS","HTML_NO_CHANGE","","Repaired."
"9572","9572","RE-010242","Light Cult Crypto Club #9572","D:\github\ron-english-light-cult-9001-10000\items\lccc-9572.html","D:\github\ron-english-light-cult-9001-10000\images\9501-9600\LCCC-9572.png","../images/9501-9600/LCCC-9572.png","https://i2c.seadn.io/ethereum/0xbe85fbd182af91290be7293438ae67549638189f/df24d652f9b9d3b74dde8d5cf84f1234.png?w=350","https://i2c.seadn.io/ethereum/0xbe85fbd182af91290be7293438ae67549638189f/df24d652f9b9d3b74dde8d5cf84f1234.png","IMAGE_ALREADY_EXISTS","HTML_NO_CHANGE","","Repaired."
"9573","9573","RE-010243","Light Cult Crypto Club #9573","D:\github\ron-english-light-cult-9001-10000\items\lccc-9573.html","D:\github\ron-english-light-cult-9001-10000\images\9501-9600\LCCC-9573.png","../images/9501-9600/LCCC-9573.png","https://i2c.seadn.io/ethereum/0xbe85fbd182af91290be7293438ae67549638189f/16509913e01ffb3bce14c400cd355b69.png?w=350","https://i2c.seadn.io/ethereum/0xbe85fbd182af91290be7293438ae67549638189f/16509913e01ffb3bce14c400cd355b69.png","IMAGE_ALREADY_EXISTS","HTML_NO_CHANGE","","Repaired."
"9574","9574","RE-010244","Light Cult Crypto Club #9574","D:\github\ron-english-light-cult-9001-10000\items\lccc-9574.html","D:\github\ron-english-light-cult-9001-10000\images\9501-9600\LCCC-9574.png","../images/9501-9600/LCCC-9574.png","https://i2c.seadn.io/ethereum/0xbe85fbd182af91290be7293438ae67549638189f/51783807850c52d77e8dc7dc890f9e8f.png?w=350","https://i2c.seadn.io/ethereum/0xbe85fbd182af91290be7293438ae67549638189f/51783807850c52d77e8dc7dc890f9e8f.png","IMAGE_ALREADY_EXISTS","HTML_NO_CHANGE","","Repaired."
"9575","9575","RE-010245","Light Cult Crypto Club #9575","D:\github\ron-english-light-cult-9001-10000\items\lccc-9575.html","D:\github\ron-english-light-cult-9001-10000\images\9501-9600\LCCC-9575.png","../images/9501-9600/LCCC-9575.png","https://i2c.seadn.io/ethereum/0xbe85fbd182af91290be7293438ae67549638189f/f98304eb23046df12d32934b3db1d867.png?w=350","https://i2c.seadn.io/ethereum/0xbe85fbd182af91290be7293438ae67549638189f/f98304eb23046df12d32934b3db1d867.png","IMAGE_ALREADY_EXISTS","HTML_NO_CHANGE","","Repaired."
"9576","9576","RE-010246","Light Cult Crypto Club #9576","D:\github\ron-english-light-cult-9001-10000\items\lccc-9576.html","D:\github\ron-english-light-cult-9001-10000\images\9501-9600\LCCC-9576.png","../images/9501-9600/LCCC-9576.png","https://i2c.seadn.io/ethereum/0xbe85fbd182af91290be7293438ae67549638189f/a90baa254d0079b08538820e1e1d559b.png?w=350","https://i2c.seadn.io/ethereum/0xbe85fbd182af91290be7293438ae67549638189f/a90baa254d0079b08538820e1e1d559b.png","IMAGE_ALREADY_EXISTS","HTML_NO_CHANGE","","Repaired."
"9577","9577","RE-010247","Light Cult Crypto Club #9577","D:\github\ron-english-light-cult-9001-10000\items\lccc-9577.html","D:\github\ron-english-light-cult-9001-10000\images\9501-9600\LCCC-9577.png","../images/9501-9600/LCCC-9577.png","https://i2c.seadn.io/ethereum/0xbe85fbd182af91290be7293438ae67549638189f/cde93412e69f03cc6df5e041bd38580d.png?w=350","https://i2c.seadn.io/ethereum/0xbe85fbd182af91290be7293438ae67549638189f/cde93412e69f03cc6df5e041bd38580d.png","IMAGE_ALREADY_EXISTS","HTML_NO_CHANGE","","Repaired."
"9578","9578","RE-010248","Light Cult Crypto Club #9578","D:\github\ron-english-light-cult-9001-10000\items\lccc-9578.html","D:\github\ron-english-light-cult-9001-10000\images\9501-9600\LCCC-9578.png","../images/9501-9600/LCCC-9578.png","https://i2c.seadn.io/ethereum/0xbe85fbd182af91290be7293438ae67549638189f/688d951366a26740bfeb97eb7766fae2.png?w=350","https://i2c.seadn.io/ethereum/0xbe85fbd182af91290be7293438ae67549638189f/688d951366a26740bfeb97eb7766fae2.png","IMAGE_ALREADY_EXISTS","HTML_NO_CHANGE","","Repaired."
"9579","9579","RE-010249","Light Cult Crypto Club #9579","D:\github\ron-english-light-cult-9001-10000\items\lccc-9579.html","D:\github\ron-english-light-cult-9001-10000\images\9501-9600\LCCC-9579.png","../images/9501-9600/LCCC-9579.png","https://i2c.seadn.io/ethereum/0xbe85fbd182af91290be7293438ae67549638189f/e3a77bda8835007f365d9837725729dc.png?w=350","https://i2c.seadn.io/ethereum/0xbe85fbd182af91290be7293438ae67549638189f/e3a77bda8835007f365d9837725729dc.png","IMAGE_ALREADY_EXISTS","HTML_NO_CHANGE","","Repaired."
"9580","9580","RE-010250","Light Cult Crypto Club #9580","D:\github\ron-english-light-cult-9001-10000\items\lccc-9580.html","D:\github\ron-english-light-cult-9001-10000\images\9501-9600\LCCC-9580.png","../images/9501-9600/LCCC-9580.png","https://i2c.seadn.io/ethereum/0xbe85fbd182af91290be7293438ae67549638189f/4b8ff109631488fb063103f42fdbbba8.png?w=350","https://i2c.seadn.io/ethereum/0xbe85fbd182af91290be7293438ae67549638189f/4b8ff109631488fb063103f42fdbbba8.png","IMAGE_ALREADY_EXISTS","HTML_NO_CHANGE","","Repaired."
"9581","9581","RE-010251","Light Cult Crypto Club #9581","D:\github\ron-english-light-cult-9001-10000\items\lccc-9581.html","D:\github\ron-english-light-cult-9001-10000\images\9501-9600\LCCC-9581.png","../images/9501-9600/LCCC-9581.png","https://i2c.seadn.io/ethereum/0xbe85fbd182af91290be7293438ae67549638189f/6efe60cd38006576b4659fa47e342625.png?w=350","https://i2c.seadn.io/ethereum/0xbe85fbd182af91290be7293438ae67549638189f/6efe60cd38006576b4659fa47e342625.png","IMAGE_ALREADY_EXISTS","HTML_NO_CHANGE","","Repaired."
"9582","9582","RE-010252","Light Cult Crypto Club #9582","D:\github\ron-english-light-cult-9001-10000\items\lccc-9582.html","D:\github\ron-english-light-cult-9001-10000\images\9501-9600\LCCC-9582.png","../images/9501-9600/LCCC-9582.png","https://i2c.seadn.io/ethereum/0xbe85fbd182af91290be7293438ae67549638189f/e460075efaff283c43f6d416a0b0b1ef.png?w=350","https://i2c.seadn.io/ethereum/0xbe85fbd182af91290be7293438ae67549638189f/e460075efaff283c43f6d416a0b0b1ef.png","IMAGE_ALREADY_EXISTS","HTML_NO_CHANGE","","Repaired."
"9583","9583","RE-010253","Light Cult Crypto Club #9583","D:\github\ron-english-light-cult-9001-10000\items\lccc-9583.html","D:\github\ron-english-light-cult-9001-10000\images\9501-9600\LCCC-9583.png","../images/9501-9600/LCCC-9583.png","https://i2c.seadn.io/ethereum/0xbe85fbd182af91290be7293438ae67549638189f/a819f9e10e9d371ed3355b970c2c3c62.png?w=350","https://i2c.seadn.io/ethereum/0xbe85fbd182af91290be7293438ae67549638189f/a819f9e10e9d371ed3355b970c2c3c62.png","IMAGE_ALREADY_EXISTS","HTML_NO_CHANGE","","Repaired."
"9584","9584","RE-010254","Light Cult Crypto Club #9584","D:\github\ron-english-light-cult-9001-10000\items\lccc-9584.html","D:\github\ron-english-light-cult-9001-10000\images\9501-9600\LCCC-9584.png","../images/9501-9600/LCCC-9584.png","https://i2c.seadn.io/ethereum/0xbe85fbd182af91290be7293438ae67549638189f/0cc5abc4e54a5a63da6a728e35f0231b.png?w=350","https://i2c.seadn.io/ethereum/0xbe85fbd182af91290be7293438ae67549638189f/0cc5abc4e54a5a63da6a728e35f0231b.png","IMAGE_ALREADY_EXISTS","HTML_NO_CHANGE","","Repaired."
"9587","9587","RE-010255","Light Cult Crypto Club #9587","D:\github\ron-english-light-cult-9001-10000\items\lccc-9587.html","D:\github\ron-english-light-cult-9001-10000\images\9501-9600\LCCC-9587.png","../images/9501-9600/LCCC-9587.png","https://i2c.seadn.io/ethereum/0xbe85fbd182af91290be7293438ae67549638189f/e8886b5316da3436b9523e9a61860125.png?w=350","https://i2c.seadn.io/ethereum/0xbe85fbd182af91290be7293438ae67549638189f/e8886b5316da3436b9523e9a61860125.png","IMAGE_ALREADY_EXISTS","HTML_NO_CHANGE","","Repaired."
"9588","9588","RE-010256","Light Cult Crypto Club #9588","D:\github\ron-english-light-cult-9001-10000\items\lccc-9588.html","D:\github\ron-english-light-cult-9001-10000\images\9501-9600\LCCC-9588.png","../images/9501-9600/LCCC-9588.png","https://i2c.seadn.io/ethereum/0xbe85fbd182af91290be7293438ae67549638189f/1e3117f4a597a65a4163e588ce7e3df6.png?w=350","https://i2c.seadn.io/ethereum/0xbe85fbd182af91290be7293438ae67549638189f/1e3117f4a597a65a4163e588ce7e3df6.png","IMAGE_ALREADY_EXISTS","HTML_NO_CHANGE","","Repaired."
"9589","9589","RE-010257","Light Cult Crypto Club #9589","D:\github\ron-english-light-cult-9001-10000\items\lccc-9589.html","D:\github\ron-english-light-cult-9001-10000\images\9501-9600\LCCC-9589.png","../images/9501-9600/LCCC-9589.png","https://i2c.seadn.io/ethereum/0xbe85fbd182af91290be7293438ae67549638189f/2f6685aaba4082149baf896742c187a0.png?w=350","https://i2c.seadn.io/ethereum/0xbe85fbd182af91290be7293438ae67549638189f/2f6685aaba4082149baf896742c187a0.png","IMAGE_ALREADY_EXISTS","HTML_NO_CHANGE","","Repaired."
"9590","9590","RE-010258","Light Cult Crypto Club #9590","D:\github\ron-english-light-cult-9001-10000\items\lccc-9590.html","D:\github\ron-english-light-cult-9001-10000\images\9501-9600\LCCC-9590.png","../images/9501-9600/LCCC-9590.png","https://i2c.seadn.io/ethereum/0xbe85fbd182af91290be7293438ae67549638189f/90782d0bcddca10bb47116feb9f243ce.png?w=350","https://i2c.seadn.io/ethereum/0xbe85fbd182af91290be7293438ae67549638189f/90782d0bcddca10bb47116feb9f243ce.png","IMAGE_ALREADY_EXISTS","HTML_NO_CHANGE","","Repaired."
"9591","9591","RE-010259","Light Cult Crypto Club #9591","D:\github\ron-english-light-cult-9001-10000\items\lccc-9591.html","D:\github\ron-english-light-cult-9001-10000\images\9501-9600\LCCC-9591.png","../images/9501-9600/LCCC-9591.png","https://i2c.seadn.io/ethereum/0xbe85fbd182af91290be7293438ae67549638189f/e84210c5a9fc746d98ac615553102126.png?w=350","https://i2c.seadn.io/ethereum/0xbe85fbd182af91290be7293438ae67549638189f/e84210c5a9fc746d98ac615553102126.png","IMAGE_ALREADY_EXISTS","HTML_NO_CHANGE","","Repaired."
"9592","9592","RE-010260","Light Cult Crypto Club #9592","D:\github\ron-english-light-cult-9001-10000\items\lccc-9592.html","D:\github\ron-english-light-cult-9001-10000\images\9501-9600\LCCC-9592.png","../images/9501-9600/LCCC-9592.png","https://i2c.seadn.io/ethereum/0xbe85fbd182af91290be7293438ae67549638189f/99a47f1ceaf1ef75b0a4d3c514ba3884.png?w=350","https://i2c.seadn.io/ethereum/0xbe85fbd182af91290be7293438ae67549638189f/99a47f1ceaf1ef75b0a4d3c514ba3884.png","IMAGE_ALREADY_EXISTS","HTML_NO_CHANGE","","Repaired."
"9593","9593","RE-010261","Light Cult Crypto Club #9593","D:\github\ron-english-light-cult-9001-10000\items\lccc-9593.html","D:\github\ron-english-light-cult-9001-10000\images\9501-9600\LCCC-9593.png","../images/9501-9600/LCCC-9593.png","https://i2c.seadn.io/ethereum/0xbe85fbd182af91290be7293438ae67549638189f/e477cbdc6ebab33c67e933404334595b.png?w=350","https://i2c.seadn.io/ethereum/0xbe85fbd182af91290be7293438ae67549638189f/e477cbdc6ebab33c67e933404334595b.png","IMAGE_ALREADY_EXISTS","HTML_NO_CHANGE","","Repaired."
"9594","9594","RE-010262","Light Cult Crypto Club #9594","D:\github\ron-english-light-cult-9001-10000\items\lccc-9594.html","D:\github\ron-english-light-cult-9001-10000\images\9501-9600\LCCC-9594.png","../images/9501-9600/LCCC-9594.png","https://i2c.seadn.io/ethereum/0xbe85fbd182af91290be7293438ae67549638189f/cd9a1d25c5d463e32ff2027c32daba49.png?w=350","https://i2c.seadn.io/ethereum/0xbe85fbd182af91290be7293438ae67549638189f/cd9a1d25c5d463e32ff2027c32daba49.png","IMAGE_ALREADY_EXISTS","HTML_NO_CHANGE","","Repaired."
"9595","9595","RE-010263","Light Cult Crypto Club #9595","D:\github\ron-english-light-cult-9001-10000\items\lccc-9595.html","D:\github\ron-english-light-cult-9001-10000\images\9501-9600\LCCC-9595.png","../images/9501-9600/LCCC-9595.png","https://i2c.seadn.io/ethereum/0xbe85fbd182af91290be7293438ae67549638189f/06b19f8f921233a08e29822c1f9305cd.png?w=350","https://i2c.seadn.io/ethereum/0xbe85fbd182af91290be7293438ae67549638189f/06b19f8f921233a08e29822c1f9305cd.png","IMAGE_ALREADY_EXISTS","HTML_NO_CHANGE","","Repaired."
"9596","9596","RE-010264","Light Cult Crypto Club #9596","D:\github\ron-english-light-cult-9001-10000\items\lccc-9596.html","D:\github\ron-english-light-cult-9001-10000\images\9501-9600\LCCC-9596.png","../images/9501-9600/LCCC-9596.png","https://i2c.seadn.io/ethereum/0xbe85fbd182af91290be7293438ae67549638189f/f0f8be09fa758e7761e9e932d5ed5fd4.png?w=350","https://i2c.seadn.io/ethereum/0xbe85fbd182af91290be7293438ae67549638189f/f0f8be09fa758e7761e9e932d5ed5fd4.png","IMAGE_ALREADY_EXISTS","HTML_NO_CHANGE","","Repaired."
"9597","9597","RE-010265","Light Cult Crypto Club #9597","D:\github\ron-english-light-cult-9001-10000\items\lccc-9597.html","D:\github\ron-english-light-cult-9001-10000\images\9501-9600\LCCC-9597.png","../images/9501-9600/LCCC-9597.png","https://i2c.seadn.io/ethereum/0xbe85fbd182af91290be7293438ae67549638189f/1e4ddb29efc7286aa42d332d887903ba.png?w=350","https://i2c.seadn.io/ethereum/0xbe85fbd182af91290be7293438ae67549638189f/1e4ddb29efc7286aa42d332d887903ba.png","IMAGE_ALREADY_EXISTS","HTML_NO_CHANGE","","Repaired."
"9598","9598","RE-010266","Light Cult Crypto Club #9598","D:\github\ron-english-light-cult-9001-10000\items\lccc-9598.html","D:\github\ron-english-light-cult-9001-10000\images\9501-9600\LCCC-9598.png","../images/9501-9600/LCCC-9598.png","https://i2c.seadn.io/ethereum/0xbe85fbd182af91290be7293438ae67549638189f/472e3f164d52b9ae43ef8497d3a73500.png?w=350","https://i2c.seadn.io/ethereum/0xbe85fbd182af91290be7293438ae67549638189f/472e3f164d52b9ae43ef8497d3a73500.png","IMAGE_ALREADY_EXISTS","HTML_NO_CHANGE","","Repaired."
"9599","9599","RE-010267","Light Cult Crypto Club #9599","D:\github\ron-english-light-cult-9001-10000\items\lccc-9599.html","D:\github\ron-english-light-cult-9001-10000\images\9501-9600\LCCC-9599.png","../images/9501-9600/LCCC-9599.png","https://i2c.seadn.io/ethereum/0xbe85fbd182af91290be7293438ae67549638189f/1b05597183f1035cb7f9c8f1947215a7.png?w=350","https://i2c.seadn.io/ethereum/0xbe85fbd182af91290be7293438ae67549638189f/1b05597183f1035cb7f9c8f1947215a7.png","IMAGE_ALREADY_EXISTS","HTML_NO_CHANGE","","Repaired."
"9600","9600","RE-010268","Light Cult Crypto Club #9600","D:\github\ron-english-light-cult-9001-10000\items\lccc-9600.html","D:\github\ron-english-light-cult-9001-10000\images\9501-9600\LCCC-9600.png","../images/9501-9600/LCCC-9600.png","https://i2c.seadn.io/ethereum/0xbe85fbd182af91290be7293438ae67549638189f/b8eaa53b0679624bb8687e95ec0a4f96.png?w=350","https://i2c.seadn.io/ethereum/0xbe85fbd182af91290be7293438ae67549638189f/b8eaa53b0679624bb8687e95ec0a4f96.png","IMAGE_ALREADY_EXISTS","HTML_NO_CHANGE","","Repaired."
"9602","9602","RE-010269","Light Cult Crypto Club #9602","D:\github\ron-english-light-cult-9001-10000\items\lccc-9602.html","D:\github\ron-english-light-cult-9001-10000\images\9601-9700\LCCC-9602.png","../images/9601-9700/LCCC-9602.png","https://i2c.seadn.io/ethereum/0xbe85fbd182af91290be7293438ae67549638189f/e72a2ef41e742cadc7379589773d214a.png?w=350","https://i2c.seadn.io/ethereum/0xbe85fbd182af91290be7293438ae67549638189f/e72a2ef41e742cadc7379589773d214a.png","IMAGE_ALREADY_EXISTS","HTML_NO_CHANGE","","Repaired."
"9603","9603","RE-010270","Light Cult Crypto Club #9603","D:\github\ron-english-light-cult-9001-10000\items\lccc-9603.html","D:\github\ron-english-light-cult-9001-10000\images\9601-9700\LCCC-9603.png","../images/9601-9700/LCCC-9603.png","https://i2c.seadn.io/ethereum/0xbe85fbd182af91290be7293438ae67549638189f/8985a76a725668091bd09870f8cfe3b4.png?w=350","https://i2c.seadn.io/ethereum/0xbe85fbd182af91290be7293438ae67549638189f/8985a76a725668091bd09870f8cfe3b4.png","IMAGE_ALREADY_EXISTS","HTML_NO_CHANGE","","Repaired."
"9604","9604","RE-010271","Light Cult Crypto Club #9604","D:\github\ron-english-light-cult-9001-10000\items\lccc-9604.html","D:\github\ron-english-light-cult-9001-10000\images\9601-9700\LCCC-9604.png","../images/9601-9700/LCCC-9604.png","https://i2c.seadn.io/ethereum/0xbe85fbd182af91290be7293438ae67549638189f/1e96e401e42152b51d5273f832d75bcb.png?w=350","https://i2c.seadn.io/ethereum/0xbe85fbd182af91290be7293438ae67549638189f/1e96e401e42152b51d5273f832d75bcb.png","IMAGE_ALREADY_EXISTS","HTML_NO_CHANGE","","Repaired."
"9605","9605","RE-010272","Light Cult Crypto Club #9605","D:\github\ron-english-light-cult-9001-10000\items\lccc-9605.html","D:\github\ron-english-light-cult-9001-10000\images\9601-9700\LCCC-9605.png","../images/9601-9700/LCCC-9605.png","https://i2c.seadn.io/ethereum/0xbe85fbd182af91290be7293438ae67549638189f/e82c7fef0145ff15a5622bd370cb196e.png?w=350","https://i2c.seadn.io/ethereum/0xbe85fbd182af91290be7293438ae67549638189f/e82c7fef0145ff15a5622bd370cb196e.png","IMAGE_ALREADY_EXISTS","HTML_NO_CHANGE","","Repaired."
"9607","9607","RE-010273","Light Cult Crypto Club #9607","D:\github\ron-english-light-cult-9001-10000\items\lccc-9607.html","D:\github\ron-english-light-cult-9001-10000\images\9601-9700\LCCC-9607.png","../images/9601-9700/LCCC-9607.png","https://i2c.seadn.io/ethereum/0xbe85fbd182af91290be7293438ae67549638189f/fdedfb16c10b6ec86592ae2330366e5d.png?w=350","https://i2c.seadn.io/ethereum/0xbe85fbd182af91290be7293438ae67549638189f/fdedfb16c10b6ec86592ae2330366e5d.png","IMAGE_ALREADY_EXISTS","HTML_NO_CHANGE","","Repaired."
"9608","9608","RE-010274","Light Cult Crypto Club #9608","D:\github\ron-english-light-cult-9001-10000\items\lccc-9608.html","D:\github\ron-english-light-cult-9001-10000\images\9601-9700\LCCC-9608.png","../images/9601-9700/LCCC-9608.png","https://i2c.seadn.io/ethereum/0xbe85fbd182af91290be7293438ae67549638189f/4497853df6fa4870f46fb5ff3ff62850.png?w=350","https://i2c.seadn.io/ethereum/0xbe85fbd182af91290be7293438ae67549638189f/4497853df6fa4870f46fb5ff3ff62850.png","IMAGE_ALREADY_EXISTS","HTML_NO_CHANGE","","Repaired."
"9609","9609","RE-010275","Light Cult Crypto Club #9609","D:\github\ron-english-light-cult-9001-10000\items\lccc-9609.html","D:\github\ron-english-light-cult-9001-10000\images\9601-9700\LCCC-9609.png","../images/9601-9700/LCCC-9609.png","https://i2c.seadn.io/ethereum/0xbe85fbd182af91290be7293438ae67549638189f/ba8289427fccd5272f28a90021ed76c3.png?w=350","https://i2c.seadn.io/ethereum/0xbe85fbd182af91290be7293438ae67549638189f/ba8289427fccd5272f28a90021ed76c3.png","IMAGE_ALREADY_EXISTS","HTML_NO_CHANGE","","Repaired."
"9610","9610","RE-010276","Light Cult Crypto Club #9610","D:\github\ron-english-light-cult-9001-10000\items\lccc-9610.html","D:\github\ron-english-light-cult-9001-10000\images\9601-9700\LCCC-9610.png","../images/9601-9700/LCCC-9610.png","https://i2c.seadn.io/ethereum/0xbe85fbd182af91290be7293438ae67549638189f/3360aa232e54e42dc709b75c9a3e57ed.png?w=350","https://i2c.seadn.io/ethereum/0xbe85fbd182af91290be7293438ae67549638189f/3360aa232e54e42dc709b75c9a3e57ed.png","IMAGE_ALREADY_EXISTS","HTML_NO_CHANGE","","Repaired."
"9611","9611","RE-010277","Light Cult Crypto Club #9611","D:\github\ron-english-light-cult-9001-10000\items\lccc-9611.html","D:\github\ron-english-light-cult-9001-10000\images\9601-9700\LCCC-9611.png","../images/9601-9700/LCCC-9611.png","https://i2c.seadn.io/ethereum/0xbe85fbd182af91290be7293438ae67549638189f/db466fc92aeae0e69a688102a185099a.png?w=350","https://i2c.seadn.io/ethereum/0xbe85fbd182af91290be7293438ae67549638189f/db466fc92aeae0e69a688102a185099a.png","IMAGE_ALREADY_EXISTS","HTML_NO_CHANGE","","Repaired."
"9612","9612","RE-010278","Light Cult Crypto Club #9612","D:\github\ron-english-light-cult-9001-10000\items\lccc-9612.html","D:\github\ron-english-light-cult-9001-10000\images\9601-9700\LCCC-9612.png","../images/9601-9700/LCCC-9612.png","https://i2c.seadn.io/ethereum/0xbe85fbd182af91290be7293438ae67549638189f/666db3dd1db2ee8cf091fdc3c8e28456.png?w=350","https://i2c.seadn.io/ethereum/0xbe85fbd182af91290be7293438ae67549638189f/666db3dd1db2ee8cf091fdc3c8e28456.png","IMAGE_ALREADY_EXISTS","HTML_NO_CHANGE","","Repaired."
"9614","9614","RE-010279","Light Cult Crypto Club #9614","D:\github\ron-english-light-cult-9001-10000\items\lccc-9614.html","D:\github\ron-english-light-cult-9001-10000\images\9601-9700\LCCC-9614.png","../images/9601-9700/LCCC-9614.png","https://i2c.seadn.io/ethereum/0xbe85fbd182af91290be7293438ae67549638189f/a694f0096e7a0e107091e621ba5af5bc.png?w=350","https://i2c.seadn.io/ethereum/0xbe85fbd182af91290be7293438ae67549638189f/a694f0096e7a0e107091e621ba5af5bc.png","IMAGE_ALREADY_EXISTS","HTML_NO_CHANGE","","Repaired."
"9615","9615","RE-010280","Light Cult Crypto Club #9615","D:\github\ron-english-light-cult-9001-10000\items\lccc-9615.html","D:\github\ron-english-light-cult-9001-10000\images\9601-9700\LCCC-9615.png","../images/9601-9700/LCCC-9615.png","https://i2c.seadn.io/ethereum/0xbe85fbd182af91290be7293438ae67549638189f/db6050c68c32e6e245114f877e23832b.png?w=350","https://i2c.seadn.io/ethereum/0xbe85fbd182af91290be7293438ae67549638189f/db6050c68c32e6e245114f877e23832b.png","IMAGE_ALREADY_EXISTS","HTML_NO_CHANGE","","Repaired."
"9616","9616","RE-010281","Light Cult Crypto Club #9616","D:\github\ron-english-light-cult-9001-10000\items\lccc-9616.html","D:\github\ron-english-light-cult-9001-10000\images\9601-9700\LCCC-9616.png","../images/9601-9700/LCCC-9616.png","https://i2c.seadn.io/ethereum/0xbe85fbd182af91290be7293438ae67549638189f/7e29fa762b5fac34f9d6d862af3b3f73.png?w=350","https://i2c.seadn.io/ethereum/0xbe85fbd182af91290be7293438ae67549638189f/7e29fa762b5fac34f9d6d862af3b3f73.png","IMAGE_ALREADY_EXISTS","HTML_NO_CHANGE","","Repaired."
"9618","9618","RE-010282","Light Cult Crypto Club #9618","D:\github\ron-english-light-cult-9001-10000\items\lccc-9618.html","D:\github\ron-english-light-cult-9001-10000\images\9601-9700\LCCC-9618.png","../images/9601-9700/LCCC-9618.png","https://i2c.seadn.io/ethereum/0xbe85fbd182af91290be7293438ae67549638189f/3282573dc40f9d69aa3f2cdb3e3fb059.png?w=350","https://i2c.seadn.io/ethereum/0xbe85fbd182af91290be7293438ae67549638189f/3282573dc40f9d69aa3f2cdb3e3fb059.png","IMAGE_ALREADY_EXISTS","HTML_NO_CHANGE","","Repaired."
"9620","9620","RE-010283","Light Cult Crypto Club #9620","D:\github\ron-english-light-cult-9001-10000\items\lccc-9620.html","D:\github\ron-english-light-cult-9001-10000\images\9601-9700\LCCC-9620.png","../images/9601-9700/LCCC-9620.png","https://i2c.seadn.io/ethereum/0xbe85fbd182af91290be7293438ae67549638189f/cf5210578d5e62208dd930e25d4c97e0.png?w=350","https://i2c.seadn.io/ethereum/0xbe85fbd182af91290be7293438ae67549638189f/cf5210578d5e62208dd930e25d4c97e0.png","IMAGE_ALREADY_EXISTS","HTML_NO_CHANGE","","Repaired."
"9621","9621","RE-010284","Light Cult Crypto Club #9621","D:\github\ron-english-light-cult-9001-10000\items\lccc-9621.html","D:\github\ron-english-light-cult-9001-10000\images\9601-9700\LCCC-9621.png","../images/9601-9700/LCCC-9621.png","https://i2c.seadn.io/ethereum/0xbe85fbd182af91290be7293438ae67549638189f/649b06f8eca9316e49617b580706b1c6.png?w=350","https://i2c.seadn.io/ethereum/0xbe85fbd182af91290be7293438ae67549638189f/649b06f8eca9316e49617b580706b1c6.png","IMAGE_ALREADY_EXISTS","HTML_NO_CHANGE","","Repaired."
"9623","9623","RE-010285","Light Cult Crypto Club #9623","D:\github\ron-english-light-cult-9001-10000\items\lccc-9623.html","D:\github\ron-english-light-cult-9001-10000\images\9601-9700\LCCC-9623.png","../images/9601-9700/LCCC-9623.png","https://i2c.seadn.io/ethereum/0xbe85fbd182af91290be7293438ae67549638189f/7412e07a276fba0dc2809f22f5021536.png?w=350","https://i2c.seadn.io/ethereum/0xbe85fbd182af91290be7293438ae67549638189f/7412e07a276fba0dc2809f22f5021536.png","IMAGE_ALREADY_EXISTS","HTML_NO_CHANGE","","Repaired."
"9624","9624","RE-010286","Light Cult Crypto Club #9624","D:\github\ron-english-light-cult-9001-10000\items\lccc-9624.html","D:\github\ron-english-light-cult-9001-10000\images\9601-9700\LCCC-9624.png","../images/9601-9700/LCCC-9624.png","https://i2c.seadn.io/ethereum/0xbe85fbd182af91290be7293438ae67549638189f/e4a8cf188721e9267b5ff2acec39f450.png?w=350","https://i2c.seadn.io/ethereum/0xbe85fbd182af91290be7293438ae67549638189f/e4a8cf188721e9267b5ff2acec39f450.png","IMAGE_ALREADY_EXISTS","HTML_NO_CHANGE","","Repaired."
"9625","9625","RE-010287","Light Cult Crypto Club #9625","D:\github\ron-english-light-cult-9001-10000\items\lccc-9625.html","D:\github\ron-english-light-cult-9001-10000\images\9601-9700\LCCC-9625.png","../images/9601-9700/LCCC-9625.png","https://i2c.seadn.io/ethereum/0xbe85fbd182af91290be7293438ae67549638189f/b920bc0951f12fce095c39d9583d7cd5.png?w=350","https://i2c.seadn.io/ethereum/0xbe85fbd182af91290be7293438ae67549638189f/b920bc0951f12fce095c39d9583d7cd5.png","IMAGE_ALREADY_EXISTS","HTML_NO_CHANGE","","Repaired."
"9626","9626","RE-010288","Light Cult Crypto Club #9626","D:\github\ron-english-light-cult-9001-10000\items\lccc-9626.html","D:\github\ron-english-light-cult-9001-10000\images\9601-9700\LCCC-9626.png","../images/9601-9700/LCCC-9626.png","https://i2c.seadn.io/ethereum/0xbe85fbd182af91290be7293438ae67549638189f/0e78b0e8e7df7d540f0b04bb93a683b5.png?w=350","https://i2c.seadn.io/ethereum/0xbe85fbd182af91290be7293438ae67549638189f/0e78b0e8e7df7d540f0b04bb93a683b5.png","IMAGE_ALREADY_EXISTS","HTML_NO_CHANGE","","Repaired."
"9627","9627","RE-010289","Light Cult Crypto Club #9627","D:\github\ron-english-light-cult-9001-10000\items\lccc-9627.html","D:\github\ron-english-light-cult-9001-10000\images\9601-9700\LCCC-9627.png","../images/9601-9700/LCCC-9627.png","https://i2c.seadn.io/ethereum/0xbe85fbd182af91290be7293438ae67549638189f/6aaee722f17eedc3a9db39213c23c065.png?w=350","https://i2c.seadn.io/ethereum/0xbe85fbd182af91290be7293438ae67549638189f/6aaee722f17eedc3a9db39213c23c065.png","IMAGE_ALREADY_EXISTS","HTML_NO_CHANGE","","Repaired."
"9628","9628","RE-010290","Light Cult Crypto Club #9628","D:\github\ron-english-light-cult-9001-10000\items\lccc-9628.html","D:\github\ron-english-light-cult-9001-10000\images\9601-9700\LCCC-9628.png","../images/9601-9700/LCCC-9628.png","https://i2c.seadn.io/ethereum/0xbe85fbd182af91290be7293438ae67549638189f/1fac8bc1a7890efa1941337dc6dfc732.png?w=350","https://i2c.seadn.io/ethereum/0xbe85fbd182af91290be7293438ae67549638189f/1fac8bc1a7890efa1941337dc6dfc732.png","IMAGE_ALREADY_EXISTS","HTML_NO_CHANGE","","Repaired."
"9630","9630","RE-010291","Light Cult Crypto Club #9630","D:\github\ron-english-light-cult-9001-10000\items\lccc-9630.html","D:\github\ron-english-light-cult-9001-10000\images\9601-9700\LCCC-9630.png","../images/9601-9700/LCCC-9630.png","https://i2c.seadn.io/ethereum/0xbe85fbd182af91290be7293438ae67549638189f/69f6fc0b327f41c857cc8213fc1070ef.png?w=350","https://i2c.seadn.io/ethereum/0xbe85fbd182af91290be7293438ae67549638189f/69f6fc0b327f41c857cc8213fc1070ef.png","IMAGE_ALREADY_EXISTS","HTML_NO_CHANGE","","Repaired."
"9632","9632","RE-010292","Light Cult Crypto Club #9632","D:\github\ron-english-light-cult-9001-10000\items\lccc-9632.html","D:\github\ron-english-light-cult-9001-10000\images\9601-9700\LCCC-9632.png","../images/9601-9700/LCCC-9632.png","https://i2c.seadn.io/ethereum/0xbe85fbd182af91290be7293438ae67549638189f/efb39266d4fecfb64a065d15d3104e91.png?w=350","https://i2c.seadn.io/ethereum/0xbe85fbd182af91290be7293438ae67549638189f/efb39266d4fecfb64a065d15d3104e91.png","IMAGE_ALREADY_EXISTS","HTML_NO_CHANGE","","Repaired."
"9633","9633","RE-010293","Light Cult Crypto Club #9633","D:\github\ron-english-light-cult-9001-10000\items\lccc-9633.html","D:\github\ron-english-light-cult-9001-10000\images\9601-9700\LCCC-9633.png","../images/9601-9700/LCCC-9633.png","https://i2c.seadn.io/ethereum/0xbe85fbd182af91290be7293438ae67549638189f/1f2f0c4591ab20b335f542361cf6e6f3.png?w=350","https://i2c.seadn.io/ethereum/0xbe85fbd182af91290be7293438ae67549638189f/1f2f0c4591ab20b335f542361cf6e6f3.png","IMAGE_ALREADY_EXISTS","HTML_NO_CHANGE","","Repaired."
"9634","9634","RE-010294","Light Cult Crypto Club #9634","D:\github\ron-english-light-cult-9001-10000\items\lccc-9634.html","D:\github\ron-english-light-cult-9001-10000\images\9601-9700\LCCC-9634.png","../images/9601-9700/LCCC-9634.png","https://i2c.seadn.io/ethereum/0xbe85fbd182af91290be7293438ae67549638189f/f7c75801d5a312435384eb0866a9baae.png?w=350","https://i2c.seadn.io/ethereum/0xbe85fbd182af91290be7293438ae67549638189f/f7c75801d5a312435384eb0866a9baae.png","IMAGE_ALREADY_EXISTS","HTML_NO_CHANGE","","Repaired."
"9635","9635","RE-010295","Light Cult Crypto Club #9635","D:\github\ron-english-light-cult-9001-10000\items\lccc-9635.html","D:\github\ron-english-light-cult-9001-10000\images\9601-9700\LCCC-9635.png","../images/9601-9700/LCCC-9635.png","https://i2c.seadn.io/ethereum/0xbe85fbd182af91290be7293438ae67549638189f/2b41c70255d53789baa4c147d212294c.png?w=350","https://i2c.seadn.io/ethereum/0xbe85fbd182af91290be7293438ae67549638189f/2b41c70255d53789baa4c147d212294c.png","IMAGE_ALREADY_EXISTS","HTML_NO_CHANGE","","Repaired."
"9636","9636","RE-010296","Light Cult Crypto Club #9636","D:\github\ron-english-light-cult-9001-10000\items\lccc-9636.html","D:\github\ron-english-light-cult-9001-10000\images\9601-9700\LCCC-9636.png","../images/9601-9700/LCCC-9636.png","https://i2c.seadn.io/ethereum/0xbe85fbd182af91290be7293438ae67549638189f/f75c1831107b2cfd9c27069240eef643.png?w=350","https://i2c.seadn.io/ethereum/0xbe85fbd182af91290be7293438ae67549638189f/f75c1831107b2cfd9c27069240eef643.png","IMAGE_ALREADY_EXISTS","HTML_NO_CHANGE","","Repaired."
"9637","9637","RE-010297","Light Cult Crypto Club #9637","D:\github\ron-english-light-cult-9001-10000\items\lccc-9637.html","D:\github\ron-english-light-cult-9001-10000\images\9601-9700\LCCC-9637.png","../images/9601-9700/LCCC-9637.png","https://i2c.seadn.io/ethereum/0xbe85fbd182af91290be7293438ae67549638189f/51e700b6ecd36ccd525a1b98a020e4a4.png?w=350","https://i2c.seadn.io/ethereum/0xbe85fbd182af91290be7293438ae67549638189f/51e700b6ecd36ccd525a1b98a020e4a4.png","IMAGE_ALREADY_EXISTS","HTML_NO_CHANGE","","Repaired."
"9638","9638","RE-010298","Light Cult Crypto Club #9638","D:\github\ron-english-light-cult-9001-10000\items\lccc-9638.html","D:\github\ron-english-light-cult-9001-10000\images\9601-9700\LCCC-9638.png","../images/9601-9700/LCCC-9638.png","https://i2c.seadn.io/ethereum/0xbe85fbd182af91290be7293438ae67549638189f/0ebb7bc4b90015ec9456ebc59b6053af.png?w=350","https://i2c.seadn.io/ethereum/0xbe85fbd182af91290be7293438ae67549638189f/0ebb7bc4b90015ec9456ebc59b6053af.png","IMAGE_ALREADY_EXISTS","HTML_NO_CHANGE","","Repaired."
"9639","9639","RE-010299","Light Cult Crypto Club #9639","D:\github\ron-english-light-cult-9001-10000\items\lccc-9639.html","D:\github\ron-english-light-cult-9001-10000\images\9601-9700\LCCC-9639.png","../images/9601-9700/LCCC-9639.png","https://i2c.seadn.io/ethereum/0xbe85fbd182af91290be7293438ae67549638189f/7838acde7fbb0d884a41c65ef5143889.png?w=350","https://i2c.seadn.io/ethereum/0xbe85fbd182af91290be7293438ae67549638189f/7838acde7fbb0d884a41c65ef5143889.png","IMAGE_ALREADY_EXISTS","HTML_NO_CHANGE","","Repaired."
"9640","9640","RE-010300","Light Cult Crypto Club #9640","D:\github\ron-english-light-cult-9001-10000\items\lccc-9640.html","D:\github\ron-english-light-cult-9001-10000\images\9601-9700\LCCC-9640.png","../images/9601-9700/LCCC-9640.png","https://i2c.seadn.io/ethereum/0xbe85fbd182af91290be7293438ae67549638189f/e31bc6a72d6c09d2538b1017e66a486b.png?w=350","https://i2c.seadn.io/ethereum/0xbe85fbd182af91290be7293438ae67549638189f/e31bc6a72d6c09d2538b1017e66a486b.png","IMAGE_ALREADY_EXISTS","HTML_NO_CHANGE","","Repaired."
"9641","9641","RE-010301","Light Cult Crypto Club #9641","D:\github\ron-english-light-cult-9001-10000\items\lccc-9641.html","D:\github\ron-english-light-cult-9001-10000\images\9601-9700\LCCC-9641.png","../images/9601-9700/LCCC-9641.png","https://i2c.seadn.io/ethereum/0xbe85fbd182af91290be7293438ae67549638189f/ef0d94aae1b602b79579e977d9c2bbbd.png?w=350","https://i2c.seadn.io/ethereum/0xbe85fbd182af91290be7293438ae67549638189f/ef0d94aae1b602b79579e977d9c2bbbd.png","IMAGE_ALREADY_EXISTS","HTML_NO_CHANGE","","Repaired."
"9642","9642","RE-010302","Light Cult Crypto Club #9642","D:\github\ron-english-light-cult-9001-10000\items\lccc-9642.html","D:\github\ron-english-light-cult-9001-10000\images\9601-9700\LCCC-9642.png","../images/9601-9700/LCCC-9642.png","https://i2c.seadn.io/ethereum/0xbe85fbd182af91290be7293438ae67549638189f/f5791053a218789c61e380fbb6a619a4.png?w=350","https://i2c.seadn.io/ethereum/0xbe85fbd182af91290be7293438ae67549638189f/f5791053a218789c61e380fbb6a619a4.png","IMAGE_ALREADY_EXISTS","HTML_NO_CHANGE","","Repaired."
"9643","9643","RE-010303","Light Cult Crypto Club #9643","D:\github\ron-english-light-cult-9001-10000\items\lccc-9643.html","D:\github\ron-english-light-cult-9001-10000\images\9601-9700\LCCC-9643.png","../images/9601-9700/LCCC-9643.png","https://i2c.seadn.io/ethereum/0xbe85fbd182af91290be7293438ae67549638189f/6f7c236799c9cb02e30a0b8f9d50f2ab.png?w=350","https://i2c.seadn.io/ethereum/0xbe85fbd182af91290be7293438ae67549638189f/6f7c236799c9cb02e30a0b8f9d50f2ab.png","IMAGE_ALREADY_EXISTS","HTML_NO_CHANGE","","Repaired."
"9644","9644","RE-010304","Light Cult Crypto Club #9644","D:\github\ron-english-light-cult-9001-10000\items\lccc-9644.html","D:\github\ron-english-light-cult-9001-10000\images\9601-9700\LCCC-9644.png","../images/9601-9700/LCCC-9644.png","https://i2c.seadn.io/ethereum/0xbe85fbd182af91290be7293438ae67549638189f/d6c151103e17eaea4c9d7fbd5ccb8391.png?w=350","https://i2c.seadn.io/ethereum/0xbe85fbd182af91290be7293438ae67549638189f/d6c151103e17eaea4c9d7fbd5ccb8391.png","IMAGE_ALREADY_EXISTS","HTML_NO_CHANGE","","Repaired."
"9645","9645","RE-010305","Light Cult Crypto Club #9645","D:\github\ron-english-light-cult-9001-10000\items\lccc-9645.html","D:\github\ron-english-light-cult-9001-10000\images\9601-9700\LCCC-9645.png","../images/9601-9700/LCCC-9645.png","https://i2c.seadn.io/ethereum/0xbe85fbd182af91290be7293438ae67549638189f/cf05207c720c527343718904d6b3d0d6.png?w=350","https://i2c.seadn.io/ethereum/0xbe85fbd182af91290be7293438ae67549638189f/cf05207c720c527343718904d6b3d0d6.png","IMAGE_ALREADY_EXISTS","HTML_NO_CHANGE","","Repaired."
"9646","9646","RE-010306","Light Cult Crypto Club #9646","D:\github\ron-english-light-cult-9001-10000\items\lccc-9646.html","D:\github\ron-english-light-cult-9001-10000\images\9601-9700\LCCC-9646.png","../images/9601-9700/LCCC-9646.png","https://i2c.seadn.io/ethereum/0xbe85fbd182af91290be7293438ae67549638189f/b8d22fe6361b808171cf3a96208abcd9.png?w=350","https://i2c.seadn.io/ethereum/0xbe85fbd182af91290be7293438ae67549638189f/b8d22fe6361b808171cf3a96208abcd9.png","IMAGE_ALREADY_EXISTS","HTML_NO_CHANGE","","Repaired."
"9647","9647","RE-010307","Light Cult Crypto Club #9647","D:\github\ron-english-light-cult-9001-10000\items\lccc-9647.html","D:\github\ron-english-light-cult-9001-10000\images\9601-9700\LCCC-9647.png","../images/9601-9700/LCCC-9647.png","https://i2c.seadn.io/ethereum/0xbe85fbd182af91290be7293438ae67549638189f/c6f6515a53c0786e6d8bb596be66b2b4.png?w=350","https://i2c.seadn.io/ethereum/0xbe85fbd182af91290be7293438ae67549638189f/c6f6515a53c0786e6d8bb596be66b2b4.png","IMAGE_ALREADY_EXISTS","HTML_NO_CHANGE","","Repaired."
"9648","9648","RE-010308","Light Cult Crypto Club #9648","D:\github\ron-english-light-cult-9001-10000\items\lccc-9648.html","D:\github\ron-english-light-cult-9001-10000\images\9601-9700\LCCC-9648.png","../images/9601-9700/LCCC-9648.png","https://i2c.seadn.io/ethereum/0xbe85fbd182af91290be7293438ae67549638189f/68a08a161fbe9e47a5fcffacdd5f6713.png?w=350","https://i2c.seadn.io/ethereum/0xbe85fbd182af91290be7293438ae67549638189f/68a08a161fbe9e47a5fcffacdd5f6713.png","IMAGE_ALREADY_EXISTS","HTML_NO_CHANGE","","Repaired."
"9649","9649","RE-010309","Light Cult Crypto Club #9649","D:\github\ron-english-light-cult-9001-10000\items\lccc-9649.html","D:\github\ron-english-light-cult-9001-10000\images\9601-9700\LCCC-9649.png","../images/9601-9700/LCCC-9649.png","https://i2c.seadn.io/ethereum/0xbe85fbd182af91290be7293438ae67549638189f/05b548d1c86a43751ca7dd38c1f52593.png?w=350","https://i2c.seadn.io/ethereum/0xbe85fbd182af91290be7293438ae67549638189f/05b548d1c86a43751ca7dd38c1f52593.png","IMAGE_ALREADY_EXISTS","HTML_NO_CHANGE","","Repaired."
"9650","9650","RE-010310","Light Cult Crypto Club #9650","D:\github\ron-english-light-cult-9001-10000\items\lccc-9650.html","D:\github\ron-english-light-cult-9001-10000\images\9601-9700\LCCC-9650.png","../images/9601-9700/LCCC-9650.png","https://i2c.seadn.io/ethereum/0xbe85fbd182af91290be7293438ae67549638189f/a00babf9a2a62b05b5a3140ff6241856.png?w=350","https://i2c.seadn.io/ethereum/0xbe85fbd182af91290be7293438ae67549638189f/a00babf9a2a62b05b5a3140ff6241856.png","IMAGE_ALREADY_EXISTS","HTML_NO_CHANGE","","Repaired."
"9651","9651","RE-010311","Light Cult Crypto Club #9651","D:\github\ron-english-light-cult-9001-10000\items\lccc-9651.html","D:\github\ron-english-light-cult-9001-10000\images\9601-9700\LCCC-9651.png","../images/9601-9700/LCCC-9651.png","https://i2c.seadn.io/ethereum/0xbe85fbd182af91290be7293438ae67549638189f/788d9899231c264f3ec3f479a2d6b84b.png?w=350","https://i2c.seadn.io/ethereum/0xbe85fbd182af91290be7293438ae67549638189f/788d9899231c264f3ec3f479a2d6b84b.png","IMAGE_ALREADY_EXISTS","HTML_NO_CHANGE","","Repaired."
"9652","9652","RE-010312","Light Cult Crypto Club #9652","D:\github\ron-english-light-cult-9001-10000\items\lccc-9652.html","D:\github\ron-english-light-cult-9001-10000\images\9601-9700\LCCC-9652.png","../images/9601-9700/LCCC-9652.png","https://i2c.seadn.io/ethereum/0xbe85fbd182af91290be7293438ae67549638189f/5c873fbc2762facbb5dbc631dd8a6462.png?w=350","https://i2c.seadn.io/ethereum/0xbe85fbd182af91290be7293438ae67549638189f/5c873fbc2762facbb5dbc631dd8a6462.png","IMAGE_ALREADY_EXISTS","HTML_NO_CHANGE","","Repaired."
"9653","9653","RE-010313","Light Cult Crypto Club #9653","D:\github\ron-english-light-cult-9001-10000\items\lccc-9653.html","D:\github\ron-english-light-cult-9001-10000\images\9601-9700\LCCC-9653.png","../images/9601-9700/LCCC-9653.png","https://i2c.seadn.io/ethereum/0xbe85fbd182af91290be7293438ae67549638189f/4d031a9bf3c6af04a7496360214bf8bc.png?w=350","https://i2c.seadn.io/ethereum/0xbe85fbd182af91290be7293438ae67549638189f/4d031a9bf3c6af04a7496360214bf8bc.png","IMAGE_ALREADY_EXISTS","HTML_NO_CHANGE","","Repaired."
"9654","9654","RE-010314","Light Cult Crypto Club #9654","D:\github\ron-english-light-cult-9001-10000\items\lccc-9654.html","D:\github\ron-english-light-cult-9001-10000\images\9601-9700\LCCC-9654.png","../images/9601-9700/LCCC-9654.png","https://i2c.seadn.io/ethereum/0xbe85fbd182af91290be7293438ae67549638189f/ea771f7aa57d03cde10a91ad91176931.png?w=350","https://i2c.seadn.io/ethereum/0xbe85fbd182af91290be7293438ae67549638189f/ea771f7aa57d03cde10a91ad91176931.png","IMAGE_ALREADY_EXISTS","HTML_NO_CHANGE","","Repaired."
"9655","9655","RE-010315","Light Cult Crypto Club #9655","D:\github\ron-english-light-cult-9001-10000\items\lccc-9655.html","D:\github\ron-english-light-cult-9001-10000\images\9601-9700\LCCC-9655.png","../images/9601-9700/LCCC-9655.png","https://i2c.seadn.io/ethereum/0xbe85fbd182af91290be7293438ae67549638189f/d95b71d71ae74ee3d5df997176911203.png?w=350","https://i2c.seadn.io/ethereum/0xbe85fbd182af91290be7293438ae67549638189f/d95b71d71ae74ee3d5df997176911203.png","IMAGE_ALREADY_EXISTS","HTML_NO_CHANGE","","Repaired."
"9657","9657","RE-010316","Light Cult Crypto Club #9657","D:\github\ron-english-light-cult-9001-10000\items\lccc-9657.html","D:\github\ron-english-light-cult-9001-10000\images\9601-9700\LCCC-9657.png","../images/9601-9700/LCCC-9657.png","https://i2c.seadn.io/ethereum/0xbe85fbd182af91290be7293438ae67549638189f/968a2f7709436c3f6a164c6b1ddd43c4.png?w=350","https://i2c.seadn.io/ethereum/0xbe85fbd182af91290be7293438ae67549638189f/968a2f7709436c3f6a164c6b1ddd43c4.png","IMAGE_ALREADY_EXISTS","HTML_NO_CHANGE","","Repaired."
"9658","9658","RE-010317","Light Cult Crypto Club #9658","D:\github\ron-english-light-cult-9001-10000\items\lccc-9658.html","D:\github\ron-english-light-cult-9001-10000\images\9601-9700\LCCC-9658.png","../images/9601-9700/LCCC-9658.png","https://i2c.seadn.io/ethereum/0xbe85fbd182af91290be7293438ae67549638189f/ee07bef4fb0f965cc7d27c4fad30aa2d.png?w=350","https://i2c.seadn.io/ethereum/0xbe85fbd182af91290be7293438ae67549638189f/ee07bef4fb0f965cc7d27c4fad30aa2d.png","IMAGE_ALREADY_EXISTS","HTML_NO_CHANGE","","Repaired."
"9659","9659","RE-010318","Light Cult Crypto Club #9659","D:\github\ron-english-light-cult-9001-10000\items\lccc-9659.html","D:\github\ron-english-light-cult-9001-10000\images\9601-9700\LCCC-9659.png","../images/9601-9700/LCCC-9659.png","https://i2c.seadn.io/ethereum/0xbe85fbd182af91290be7293438ae67549638189f/43070652a43974708f08ed5c5e1ac4df.png?w=350","https://i2c.seadn.io/ethereum/0xbe85fbd182af91290be7293438ae67549638189f/43070652a43974708f08ed5c5e1ac4df.png","IMAGE_ALREADY_EXISTS","HTML_NO_CHANGE","","Repaired."
"9660","9660","RE-010319","Light Cult Crypto Club #9660","D:\github\ron-english-light-cult-9001-10000\items\lccc-9660.html","D:\github\ron-english-light-cult-9001-10000\images\9601-9700\LCCC-9660.png","../images/9601-9700/LCCC-9660.png","https://i2c.seadn.io/ethereum/0xbe85fbd182af91290be7293438ae67549638189f/229c4bdf76ed12d14c367ae9da97d986.png?w=350","https://i2c.seadn.io/ethereum/0xbe85fbd182af91290be7293438ae67549638189f/229c4bdf76ed12d14c367ae9da97d986.png","IMAGE_ALREADY_EXISTS","HTML_NO_CHANGE","","Repaired."
"9661","9661","RE-010320","Light Cult Crypto Club #9661","D:\github\ron-english-light-cult-9001-10000\items\lccc-9661.html","D:\github\ron-english-light-cult-9001-10000\images\9601-9700\LCCC-9661.png","../images/9601-9700/LCCC-9661.png","https://i2c.seadn.io/ethereum/0xbe85fbd182af91290be7293438ae67549638189f/77e1998fb0620544edb8f022b40c947a.png?w=350","https://i2c.seadn.io/ethereum/0xbe85fbd182af91290be7293438ae67549638189f/77e1998fb0620544edb8f022b40c947a.png","IMAGE_ALREADY_EXISTS","HTML_NO_CHANGE","","Repaired."
"9662","9662","RE-010321","Light Cult Crypto Club #9662","D:\github\ron-english-light-cult-9001-10000\items\lccc-9662.html","D:\github\ron-english-light-cult-9001-10000\images\9601-9700\LCCC-9662.png","../images/9601-9700/LCCC-9662.png","https://i2c.seadn.io/ethereum/0xbe85fbd182af91290be7293438ae67549638189f/8fa98c297739b1c231b312cdb99bdc77.png?w=350","https://i2c.seadn.io/ethereum/0xbe85fbd182af91290be7293438ae67549638189f/8fa98c297739b1c231b312cdb99bdc77.png","IMAGE_ALREADY_EXISTS","HTML_NO_CHANGE","","Repaired."
"9663","9663","RE-010322","Light Cult Crypto Club #9663","D:\github\ron-english-light-cult-9001-10000\items\lccc-9663.html","D:\github\ron-english-light-cult-9001-10000\images\9601-9700\LCCC-9663.png","../images/9601-9700/LCCC-9663.png","https://i2c.seadn.io/ethereum/0xbe85fbd182af91290be7293438ae67549638189f/471b262d9391a3f0e4d9883af30544ac.png?w=350","https://i2c.seadn.io/ethereum/0xbe85fbd182af91290be7293438ae67549638189f/471b262d9391a3f0e4d9883af30544ac.png","IMAGE_ALREADY_EXISTS","HTML_NO_CHANGE","","Repaired."
"9665","9665","RE-010323","Light Cult Crypto Club #9665","D:\github\ron-english-light-cult-9001-10000\items\lccc-9665.html","D:\github\ron-english-light-cult-9001-10000\images\9601-9700\LCCC-9665.png","../images/9601-9700/LCCC-9665.png","https://i2c.seadn.io/ethereum/0xbe85fbd182af91290be7293438ae67549638189f/03b7583be709ae0434ea5ef317a33282.png?w=350","https://i2c.seadn.io/ethereum/0xbe85fbd182af91290be7293438ae67549638189f/03b7583be709ae0434ea5ef317a33282.png","IMAGE_ALREADY_EXISTS","HTML_NO_CHANGE","","Repaired."
"9666","9666","RE-010324","Light Cult Crypto Club #9666","D:\github\ron-english-light-cult-9001-10000\items\lccc-9666.html","D:\github\ron-english-light-cult-9001-10000\images\9601-9700\LCCC-9666.png","../images/9601-9700/LCCC-9666.png","https://i2c.seadn.io/ethereum/0xbe85fbd182af91290be7293438ae67549638189f/24a68f6f00adb04f47818722f60488bf.png?w=350","https://i2c.seadn.io/ethereum/0xbe85fbd182af91290be7293438ae67549638189f/24a68f6f00adb04f47818722f60488bf.png","IMAGE_ALREADY_EXISTS","HTML_NO_CHANGE","","Repaired."
"9667","9667","RE-010325","Light Cult Crypto Club #9667","D:\github\ron-english-light-cult-9001-10000\items\lccc-9667.html","D:\github\ron-english-light-cult-9001-10000\images\9601-9700\LCCC-9667.png","../images/9601-9700/LCCC-9667.png","https://i2c.seadn.io/ethereum/0xbe85fbd182af91290be7293438ae67549638189f/1ad765d2b13db0d9b3822b03bdef9d89.png?w=350","https://i2c.seadn.io/ethereum/0xbe85fbd182af91290be7293438ae67549638189f/1ad765d2b13db0d9b3822b03bdef9d89.png","IMAGE_ALREADY_EXISTS","HTML_NO_CHANGE","","Repaired."
"9668","9668","RE-010326","Light Cult Crypto Club #9668","D:\github\ron-english-light-cult-9001-10000\items\lccc-9668.html","D:\github\ron-english-light-cult-9001-10000\images\9601-9700\LCCC-9668.png","../images/9601-9700/LCCC-9668.png","https://i2c.seadn.io/ethereum/0xbe85fbd182af91290be7293438ae67549638189f/218efee5dabcc255f775b1bbbeb09be3.png?w=350","https://i2c.seadn.io/ethereum/0xbe85fbd182af91290be7293438ae67549638189f/218efee5dabcc255f775b1bbbeb09be3.png","IMAGE_ALREADY_EXISTS","HTML_NO_CHANGE","","Repaired."
"9669","9669","RE-010327","Light Cult Crypto Club #9669","D:\github\ron-english-light-cult-9001-10000\items\lccc-9669.html","D:\github\ron-english-light-cult-9001-10000\images\9601-9700\LCCC-9669.png","../images/9601-9700/LCCC-9669.png","https://i2c.seadn.io/ethereum/0xbe85fbd182af91290be7293438ae67549638189f/76aa96eb833488fc096ee66009210c34.png?w=350","https://i2c.seadn.io/ethereum/0xbe85fbd182af91290be7293438ae67549638189f/76aa96eb833488fc096ee66009210c34.png","IMAGE_ALREADY_EXISTS","HTML_NO_CHANGE","","Repaired."
"9671","9671","RE-010328","Light Cult Crypto Club #9671","D:\github\ron-english-light-cult-9001-10000\items\lccc-9671.html","D:\github\ron-english-light-cult-9001-10000\images\9601-9700\LCCC-9671.png","../images/9601-9700/LCCC-9671.png","https://i2c.seadn.io/ethereum/0xbe85fbd182af91290be7293438ae67549638189f/4dccf7b057586033207c62df46e70ae1.png?w=350","https://i2c.seadn.io/ethereum/0xbe85fbd182af91290be7293438ae67549638189f/4dccf7b057586033207c62df46e70ae1.png","IMAGE_ALREADY_EXISTS","HTML_NO_CHANGE","","Repaired."
"9672","9672","RE-010329","Light Cult Crypto Club #9672","D:\github\ron-english-light-cult-9001-10000\items\lccc-9672.html","D:\github\ron-english-light-cult-9001-10000\images\9601-9700\LCCC-9672.png","../images/9601-9700/LCCC-9672.png","https://i2c.seadn.io/ethereum/0xbe85fbd182af91290be7293438ae67549638189f/df57c1b6eab685c6e5080b339663dad4.png?w=350","https://i2c.seadn.io/ethereum/0xbe85fbd182af91290be7293438ae67549638189f/df57c1b6eab685c6e5080b339663dad4.png","IMAGE_ALREADY_EXISTS","HTML_NO_CHANGE","","Repaired."
"9673","9673","RE-010330","Light Cult Crypto Club #9673","D:\github\ron-english-light-cult-9001-10000\items\lccc-9673.html","D:\github\ron-english-light-cult-9001-10000\images\9601-9700\LCCC-9673.png","../images/9601-9700/LCCC-9673.png","https://i2c.seadn.io/ethereum/0xbe85fbd182af91290be7293438ae67549638189f/ed0f1c118c6f190deb2279cd3bc63c80.png?w=350","https://i2c.seadn.io/ethereum/0xbe85fbd182af91290be7293438ae67549638189f/ed0f1c118c6f190deb2279cd3bc63c80.png","IMAGE_ALREADY_EXISTS","HTML_NO_CHANGE","","Repaired."
"9674","9674","RE-010331","Light Cult Crypto Club #9674","D:\github\ron-english-light-cult-9001-10000\items\lccc-9674.html","D:\github\ron-english-light-cult-9001-10000\images\9601-9700\LCCC-9674.png","../images/9601-9700/LCCC-9674.png","https://i2c.seadn.io/ethereum/0xbe85fbd182af91290be7293438ae67549638189f/2d2189f24a6d874a60707886e212bb28.png?w=350","https://i2c.seadn.io/ethereum/0xbe85fbd182af91290be7293438ae67549638189f/2d2189f24a6d874a60707886e212bb28.png","IMAGE_ALREADY_EXISTS","HTML_NO_CHANGE","","Repaired."
"9676","9676","RE-010332","Light Cult Crypto Club #9676","D:\github\ron-english-light-cult-9001-10000\items\lccc-9676.html","D:\github\ron-english-light-cult-9001-10000\images\9601-9700\LCCC-9676.png","../images/9601-9700/LCCC-9676.png","https://i2c.seadn.io/ethereum/0xbe85fbd182af91290be7293438ae67549638189f/4b35de5342b41c9905d2f71da121059b.png?w=350","https://i2c.seadn.io/ethereum/0xbe85fbd182af91290be7293438ae67549638189f/4b35de5342b41c9905d2f71da121059b.png","IMAGE_ALREADY_EXISTS","HTML_NO_CHANGE","","Repaired."
"9677","9677","RE-010333","Light Cult Crypto Club #9677","D:\github\ron-english-light-cult-9001-10000\items\lccc-9677.html","D:\github\ron-english-light-cult-9001-10000\images\9601-9700\LCCC-9677.png","../images/9601-9700/LCCC-9677.png","https://i2c.seadn.io/ethereum/0xbe85fbd182af91290be7293438ae67549638189f/42426a2790106646fadbb90be613acc6.png?w=350","https://i2c.seadn.io/ethereum/0xbe85fbd182af91290be7293438ae67549638189f/42426a2790106646fadbb90be613acc6.png","IMAGE_ALREADY_EXISTS","HTML_NO_CHANGE","","Repaired."
"9678","9678","RE-010334","Light Cult Crypto Club #9678","D:\github\ron-english-light-cult-9001-10000\items\lccc-9678.html","D:\github\ron-english-light-cult-9001-10000\images\9601-9700\LCCC-9678.png","../images/9601-9700/LCCC-9678.png","https://i2c.seadn.io/ethereum/0xbe85fbd182af91290be7293438ae67549638189f/f18c2a08b8fefae5a38d93f8a3ab98a4.png?w=350","https://i2c.seadn.io/ethereum/0xbe85fbd182af91290be7293438ae67549638189f/f18c2a08b8fefae5a38d93f8a3ab98a4.png","IMAGE_ALREADY_EXISTS","HTML_NO_CHANGE","","Repaired."
"9679","9679","RE-010335","Light Cult Crypto Club #9679","D:\github\ron-english-light-cult-9001-10000\items\lccc-9679.html","D:\github\ron-english-light-cult-9001-10000\images\9601-9700\LCCC-9679.png","../images/9601-9700/LCCC-9679.png","https://i2c.seadn.io/ethereum/0xbe85fbd182af91290be7293438ae67549638189f/a1a8d9e393e21ee22c0bcfffd6163457.png?w=350","https://i2c.seadn.io/ethereum/0xbe85fbd182af91290be7293438ae67549638189f/a1a8d9e393e21ee22c0bcfffd6163457.png","IMAGE_ALREADY_EXISTS","HTML_NO_CHANGE","","Repaired."
"9680","9680","RE-010336","Light Cult Crypto Club #9680","D:\github\ron-english-light-cult-9001-10000\items\lccc-9680.html","D:\github\ron-english-light-cult-9001-10000\images\9601-9700\LCCC-9680.png","../images/9601-9700/LCCC-9680.png","https://i2c.seadn.io/ethereum/0xbe85fbd182af91290be7293438ae67549638189f/a9c3972d62660fe4701cdd01d67b6854.png?w=350","https://i2c.seadn.io/ethereum/0xbe85fbd182af91290be7293438ae67549638189f/a9c3972d62660fe4701cdd01d67b6854.png","IMAGE_ALREADY_EXISTS","HTML_NO_CHANGE","","Repaired."
"9681","9681","RE-010337","Light Cult Crypto Club #9681","D:\github\ron-english-light-cult-9001-10000\items\lccc-9681.html","D:\github\ron-english-light-cult-9001-10000\images\9601-9700\LCCC-9681.png","../images/9601-9700/LCCC-9681.png","https://i2c.seadn.io/ethereum/0xbe85fbd182af91290be7293438ae67549638189f/b4b551c37913cb01cc491c5961df1242.png?w=350","https://i2c.seadn.io/ethereum/0xbe85fbd182af91290be7293438ae67549638189f/b4b551c37913cb01cc491c5961df1242.png","IMAGE_ALREADY_EXISTS","HTML_NO_CHANGE","","Repaired."
"9683","9683","RE-010338","Light Cult Crypto Club #9683","D:\github\ron-english-light-cult-9001-10000\items\lccc-9683.html","D:\github\ron-english-light-cult-9001-10000\images\9601-9700\LCCC-9683.png","../images/9601-9700/LCCC-9683.png","https://i2c.seadn.io/ethereum/0xbe85fbd182af91290be7293438ae67549638189f/9251f3c0ffcd2b4b3bdbc618738a0aa3.png?w=350","https://i2c.seadn.io/ethereum/0xbe85fbd182af91290be7293438ae67549638189f/9251f3c0ffcd2b4b3bdbc618738a0aa3.png","IMAGE_ALREADY_EXISTS","HTML_NO_CHANGE","","Repaired."
"9684","9684","RE-010339","Light Cult Crypto Club #9684","D:\github\ron-english-light-cult-9001-10000\items\lccc-9684.html","D:\github\ron-english-light-cult-9001-10000\images\9601-9700\LCCC-9684.png","../images/9601-9700/LCCC-9684.png","https://i2c.seadn.io/ethereum/0xbe85fbd182af91290be7293438ae67549638189f/a98841037242bf39bbf5c1d328914422.png?w=350","https://i2c.seadn.io/ethereum/0xbe85fbd182af91290be7293438ae67549638189f/a98841037242bf39bbf5c1d328914422.png","IMAGE_ALREADY_EXISTS","HTML_NO_CHANGE","","Repaired."
"9685","9685","RE-010340","Light Cult Crypto Club #9685","D:\github\ron-english-light-cult-9001-10000\items\lccc-9685.html","D:\github\ron-english-light-cult-9001-10000\images\9601-9700\LCCC-9685.png","../images/9601-9700/LCCC-9685.png","https://i2c.seadn.io/ethereum/0xbe85fbd182af91290be7293438ae67549638189f/eef92d5012078da72aa0ca0600e934f3.png?w=350","https://i2c.seadn.io/ethereum/0xbe85fbd182af91290be7293438ae67549638189f/eef92d5012078da72aa0ca0600e934f3.png","IMAGE_ALREADY_EXISTS","HTML_NO_CHANGE","","Repaired."
"9686","9686","RE-010341","Light Cult Crypto Club #9686","D:\github\ron-english-light-cult-9001-10000\items\lccc-9686.html","D:\github\ron-english-light-cult-9001-10000\images\9601-9700\LCCC-9686.png","../images/9601-9700/LCCC-9686.png","https://i2c.seadn.io/ethereum/0xbe85fbd182af91290be7293438ae67549638189f/7619a290add4f84992a09d22aaf45e45.png?w=350","https://i2c.seadn.io/ethereum/0xbe85fbd182af91290be7293438ae67549638189f/7619a290add4f84992a09d22aaf45e45.png","IMAGE_ALREADY_EXISTS","HTML_NO_CHANGE","","Repaired."
"9687","9687","RE-010342","Light Cult Crypto Club #9687","D:\github\ron-english-light-cult-9001-10000\items\lccc-9687.html","D:\github\ron-english-light-cult-9001-10000\images\9601-9700\LCCC-9687.png","../images/9601-9700/LCCC-9687.png","https://i2c.seadn.io/ethereum/0xbe85fbd182af91290be7293438ae67549638189f/dbbe6e0d1175ee753c3db90ef69d561d.png?w=350","https://i2c.seadn.io/ethereum/0xbe85fbd182af91290be7293438ae67549638189f/dbbe6e0d1175ee753c3db90ef69d561d.png","IMAGE_ALREADY_EXISTS","HTML_NO_CHANGE","","Repaired."
"9688","9688","RE-010343","Light Cult Crypto Club #9688","D:\github\ron-english-light-cult-9001-10000\items\lccc-9688.html","D:\github\ron-english-light-cult-9001-10000\images\9601-9700\LCCC-9688.png","../images/9601-9700/LCCC-9688.png","https://i2c.seadn.io/ethereum/0xbe85fbd182af91290be7293438ae67549638189f/6a8ccfbf8888fd2c57efb36cce70875c.png?w=350","https://i2c.seadn.io/ethereum/0xbe85fbd182af91290be7293438ae67549638189f/6a8ccfbf8888fd2c57efb36cce70875c.png","IMAGE_ALREADY_EXISTS","HTML_NO_CHANGE","","Repaired."
"9689","9689","RE-010344","Light Cult Crypto Club #9689","D:\github\ron-english-light-cult-9001-10000\items\lccc-9689.html","D:\github\ron-english-light-cult-9001-10000\images\9601-9700\LCCC-9689.png","../images/9601-9700/LCCC-9689.png","https://i2c.seadn.io/ethereum/0xbe85fbd182af91290be7293438ae67549638189f/9c854a1344239273fc26ea13c168d275.png?w=350","https://i2c.seadn.io/ethereum/0xbe85fbd182af91290be7293438ae67549638189f/9c854a1344239273fc26ea13c168d275.png","IMAGE_ALREADY_EXISTS","HTML_NO_CHANGE","","Repaired."
"9691","9691","RE-010345","Light Cult Crypto Club #9691","D:\github\ron-english-light-cult-9001-10000\items\lccc-9691.html","D:\github\ron-english-light-cult-9001-10000\images\9601-9700\LCCC-9691.png","../images/9601-9700/LCCC-9691.png","https://i2c.seadn.io/ethereum/0xbe85fbd182af91290be7293438ae67549638189f/c7b79e3338dc3c60021a7aeecf2e000a.png?w=350","https://i2c.seadn.io/ethereum/0xbe85fbd182af91290be7293438ae67549638189f/c7b79e3338dc3c60021a7aeecf2e000a.png","IMAGE_ALREADY_EXISTS","HTML_NO_CHANGE","","Repaired."
"9693","9693","RE-010346","Light Cult Crypto Club #9693","D:\github\ron-english-light-cult-9001-10000\items\lccc-9693.html","D:\github\ron-english-light-cult-9001-10000\images\9601-9700\LCCC-9693.png","../images/9601-9700/LCCC-9693.png","https://i2c.seadn.io/ethereum/0xbe85fbd182af91290be7293438ae67549638189f/d27e5e74570e39cd0753f48e9fca7862.png?w=350","https://i2c.seadn.io/ethereum/0xbe85fbd182af91290be7293438ae67549638189f/d27e5e74570e39cd0753f48e9fca7862.png","IMAGE_ALREADY_EXISTS","HTML_NO_CHANGE","","Repaired."
"9694","9694","RE-010347","Light Cult Crypto Club #9694","D:\github\ron-english-light-cult-9001-10000\items\lccc-9694.html","D:\github\ron-english-light-cult-9001-10000\images\9601-9700\LCCC-9694.png","../images/9601-9700/LCCC-9694.png","https://i2c.seadn.io/ethereum/0xbe85fbd182af91290be7293438ae67549638189f/0db830867b7ec15df5227e7f8e6d2c14.png?w=350","https://i2c.seadn.io/ethereum/0xbe85fbd182af91290be7293438ae67549638189f/0db830867b7ec15df5227e7f8e6d2c14.png","IMAGE_ALREADY_EXISTS","HTML_NO_CHANGE","","Repaired."
"9695","9695","RE-010348","Light Cult Crypto Club #9695","D:\github\ron-english-light-cult-9001-10000\items\lccc-9695.html","D:\github\ron-english-light-cult-9001-10000\images\9601-9700\LCCC-9695.png","../images/9601-9700/LCCC-9695.png","https://i2c.seadn.io/ethereum/0xbe85fbd182af91290be7293438ae67549638189f/77f24f2a8dcdb82a766ddd1f05a6c88a.png?w=350","https://i2c.seadn.io/ethereum/0xbe85fbd182af91290be7293438ae67549638189f/77f24f2a8dcdb82a766ddd1f05a6c88a.png","IMAGE_ALREADY_EXISTS","HTML_NO_CHANGE","","Repaired."
"9696","9696","RE-010349","Light Cult Crypto Club #9696","D:\github\ron-english-light-cult-9001-10000\items\lccc-9696.html","D:\github\ron-english-light-cult-9001-10000\images\9601-9700\LCCC-9696.png","../images/9601-9700/LCCC-9696.png","https://i2c.seadn.io/ethereum/0xbe85fbd182af91290be7293438ae67549638189f/54b25d11635080c6c24b1a398850091d.png?w=350","https://i2c.seadn.io/ethereum/0xbe85fbd182af91290be7293438ae67549638189f/54b25d11635080c6c24b1a398850091d.png","IMAGE_ALREADY_EXISTS","HTML_NO_CHANGE","","Repaired."
"9697","9697","RE-010350","Light Cult Crypto Club #9697","D:\github\ron-english-light-cult-9001-10000\items\lccc-9697.html","D:\github\ron-english-light-cult-9001-10000\images\9601-9700\LCCC-9697.png","../images/9601-9700/LCCC-9697.png","https://i2c.seadn.io/ethereum/0xbe85fbd182af91290be7293438ae67549638189f/3b4b9a684ca3fb7175407eb13dee3f14.png?w=350","https://i2c.seadn.io/ethereum/0xbe85fbd182af91290be7293438ae67549638189f/3b4b9a684ca3fb7175407eb13dee3f14.png","IMAGE_ALREADY_EXISTS","HTML_NO_CHANGE","","Repaired."
"9698","9698","RE-010351","Light Cult Crypto Club #9698","D:\github\ron-english-light-cult-9001-10000\items\lccc-9698.html","D:\github\ron-english-light-cult-9001-10000\images\9601-9700\LCCC-9698.png","../images/9601-9700/LCCC-9698.png","https://i2c.seadn.io/ethereum/0xbe85fbd182af91290be7293438ae67549638189f/a99dcc7da4b450f19222d6560a948554.png?w=350","https://i2c.seadn.io/ethereum/0xbe85fbd182af91290be7293438ae67549638189f/a99dcc7da4b450f19222d6560a948554.png","IMAGE_ALREADY_EXISTS","HTML_NO_CHANGE","","Repaired."
"9699","9699","RE-010352","Light Cult Crypto Club #9699","D:\github\ron-english-light-cult-9001-10000\items\lccc-9699.html","D:\github\ron-english-light-cult-9001-10000\images\9601-9700\LCCC-9699.png","../images/9601-9700/LCCC-9699.png","https://i2c.seadn.io/ethereum/0xbe85fbd182af91290be7293438ae67549638189f/73c483506c66ff10c7996ddf62299cd0.png?w=350","https://i2c.seadn.io/ethereum/0xbe85fbd182af91290be7293438ae67549638189f/73c483506c66ff10c7996ddf62299cd0.png","IMAGE_ALREADY_EXISTS","HTML_NO_CHANGE","","Repaired."
"9700","9700","RE-010353","Light Cult Crypto Club #9700","D:\github\ron-english-light-cult-9001-10000\items\lccc-9700.html","D:\github\ron-english-light-cult-9001-10000\images\9601-9700\LCCC-9700.png","../images/9601-9700/LCCC-9700.png","https://i2c.seadn.io/ethereum/0xbe85fbd182af91290be7293438ae67549638189f/3962050159dbb06b8a220782a6606c85.png?w=350","https://i2c.seadn.io/ethereum/0xbe85fbd182af91290be7293438ae67549638189f/3962050159dbb06b8a220782a6606c85.png","IMAGE_ALREADY_EXISTS","HTML_NO_CHANGE","","Repaired."
"9701","9701","RE-010354","Light Cult Crypto Club #9701","D:\github\ron-english-light-cult-9001-10000\items\lccc-9701.html","D:\github\ron-english-light-cult-9001-10000\images\9701-9800\LCCC-9701.png","../images/9701-9800/LCCC-9701.png","https://i2c.seadn.io/ethereum/0xbe85fbd182af91290be7293438ae67549638189f/d085e3abe2d25f340cad56a0cdd0e967.png?w=350","https://i2c.seadn.io/ethereum/0xbe85fbd182af91290be7293438ae67549638189f/d085e3abe2d25f340cad56a0cdd0e967.png","IMAGE_ALREADY_EXISTS","HTML_NO_CHANGE","","Repaired."
"9702","9702","RE-010355","Light Cult Crypto Club #9702","D:\github\ron-english-light-cult-9001-10000\items\lccc-9702.html","D:\github\ron-english-light-cult-9001-10000\images\9701-9800\LCCC-9702.png","../images/9701-9800/LCCC-9702.png","https://i2c.seadn.io/ethereum/0xbe85fbd182af91290be7293438ae67549638189f/9d5132574d7162bd8a46260e736c2243.png?w=350","https://i2c.seadn.io/ethereum/0xbe85fbd182af91290be7293438ae67549638189f/9d5132574d7162bd8a46260e736c2243.png","IMAGE_ALREADY_EXISTS","HTML_NO_CHANGE","","Repaired."
"9703","9703","RE-010356","Light Cult Crypto Club #9703","D:\github\ron-english-light-cult-9001-10000\items\lccc-9703.html","D:\github\ron-english-light-cult-9001-10000\images\9701-9800\LCCC-9703.png","../images/9701-9800/LCCC-9703.png","https://i2c.seadn.io/ethereum/0xbe85fbd182af91290be7293438ae67549638189f/4e7d8e03d5c9d77af034ffcf6c669547.png?w=350","https://i2c.seadn.io/ethereum/0xbe85fbd182af91290be7293438ae67549638189f/4e7d8e03d5c9d77af034ffcf6c669547.png","IMAGE_ALREADY_EXISTS","HTML_NO_CHANGE","","Repaired."
"9704","9704","RE-010357","Light Cult Crypto Club #9704","D:\github\ron-english-light-cult-9001-10000\items\lccc-9704.html","D:\github\ron-english-light-cult-9001-10000\images\9701-9800\LCCC-9704.png","../images/9701-9800/LCCC-9704.png","https://i2c.seadn.io/ethereum/0xbe85fbd182af91290be7293438ae67549638189f/d108b9572040c71009a11f246c844bbe.png?w=350","https://i2c.seadn.io/ethereum/0xbe85fbd182af91290be7293438ae67549638189f/d108b9572040c71009a11f246c844bbe.png","IMAGE_ALREADY_EXISTS","HTML_NO_CHANGE","","Repaired."
"9705","9705","RE-010358","Light Cult Crypto Club #9705","D:\github\ron-english-light-cult-9001-10000\items\lccc-9705.html","D:\github\ron-english-light-cult-9001-10000\images\9701-9800\LCCC-9705.png","../images/9701-9800/LCCC-9705.png","https://i2c.seadn.io/ethereum/0xbe85fbd182af91290be7293438ae67549638189f/979dbf9a7bfcca12da0f131f6b802eef.png?w=350","https://i2c.seadn.io/ethereum/0xbe85fbd182af91290be7293438ae67549638189f/979dbf9a7bfcca12da0f131f6b802eef.png","IMAGE_ALREADY_EXISTS","HTML_NO_CHANGE","","Repaired."
"9706","9706","RE-010359","Light Cult Crypto Club #9706","D:\github\ron-english-light-cult-9001-10000\items\lccc-9706.html","D:\github\ron-english-light-cult-9001-10000\images\9701-9800\LCCC-9706.png","../images/9701-9800/LCCC-9706.png","https://i2c.seadn.io/ethereum/0xbe85fbd182af91290be7293438ae67549638189f/26cd1a16585e93e9528fd15c5bc9d557.png?w=350","https://i2c.seadn.io/ethereum/0xbe85fbd182af91290be7293438ae67549638189f/26cd1a16585e93e9528fd15c5bc9d557.png","IMAGE_ALREADY_EXISTS","HTML_NO_CHANGE","","Repaired."
"9707","9707","RE-010360","Light Cult Crypto Club #9707","D:\github\ron-english-light-cult-9001-10000\items\lccc-9707.html","D:\github\ron-english-light-cult-9001-10000\images\9701-9800\LCCC-9707.png","../images/9701-9800/LCCC-9707.png","https://i2c.seadn.io/ethereum/0xbe85fbd182af91290be7293438ae67549638189f/a724e3980071792e00b58a1b85add501.png?w=350","https://i2c.seadn.io/ethereum/0xbe85fbd182af91290be7293438ae67549638189f/a724e3980071792e00b58a1b85add501.png","IMAGE_ALREADY_EXISTS","HTML_NO_CHANGE","","Repaired."
"9708","9708","RE-010361","Light Cult Crypto Club #9708","D:\github\ron-english-light-cult-9001-10000\items\lccc-9708.html","D:\github\ron-english-light-cult-9001-10000\images\9701-9800\LCCC-9708.png","../images/9701-9800/LCCC-9708.png","https://i2c.seadn.io/ethereum/0xbe85fbd182af91290be7293438ae67549638189f/e369120e9390e8f2263af1ca8f8c09d2.png?w=350","https://i2c.seadn.io/ethereum/0xbe85fbd182af91290be7293438ae67549638189f/e369120e9390e8f2263af1ca8f8c09d2.png","IMAGE_ALREADY_EXISTS","HTML_NO_CHANGE","","Repaired."
"9709","9709","RE-010362","Light Cult Crypto Club #9709","D:\github\ron-english-light-cult-9001-10000\items\lccc-9709.html","D:\github\ron-english-light-cult-9001-10000\images\9701-9800\LCCC-9709.png","../images/9701-9800/LCCC-9709.png","https://i2c.seadn.io/ethereum/0xbe85fbd182af91290be7293438ae67549638189f/9b3c5c75c3a7f6d3a2ed64d1efb14dd3.png?w=350","https://i2c.seadn.io/ethereum/0xbe85fbd182af91290be7293438ae67549638189f/9b3c5c75c3a7f6d3a2ed64d1efb14dd3.png","IMAGE_ALREADY_EXISTS","HTML_NO_CHANGE","","Repaired."
"9710","9710","RE-010363","Light Cult Crypto Club #9710","D:\github\ron-english-light-cult-9001-10000\items\lccc-9710.html","D:\github\ron-english-light-cult-9001-10000\images\9701-9800\LCCC-9710.png","../images/9701-9800/LCCC-9710.png","https://i2c.seadn.io/ethereum/0xbe85fbd182af91290be7293438ae67549638189f/c148930f101261fff47f6c02a3a36d94.png?w=350","https://i2c.seadn.io/ethereum/0xbe85fbd182af91290be7293438ae67549638189f/c148930f101261fff47f6c02a3a36d94.png","IMAGE_ALREADY_EXISTS","HTML_NO_CHANGE","","Repaired."
"9711","9711","RE-010364","Light Cult Crypto Club #9711","D:\github\ron-english-light-cult-9001-10000\items\lccc-9711.html","D:\github\ron-english-light-cult-9001-10000\images\9701-9800\LCCC-9711.png","../images/9701-9800/LCCC-9711.png","https://i2c.seadn.io/ethereum/0xbe85fbd182af91290be7293438ae67549638189f/cfa9562bf5ae0475f5d2673aa267507c.png?w=350","https://i2c.seadn.io/ethereum/0xbe85fbd182af91290be7293438ae67549638189f/cfa9562bf5ae0475f5d2673aa267507c.png","IMAGE_ALREADY_EXISTS","HTML_NO_CHANGE","","Repaired."
"9712","9712","RE-010365","Light Cult Crypto Club #9712","D:\github\ron-english-light-cult-9001-10000\items\lccc-9712.html","D:\github\ron-english-light-cult-9001-10000\images\9701-9800\LCCC-9712.png","../images/9701-9800/LCCC-9712.png","https://i2c.seadn.io/ethereum/0xbe85fbd182af91290be7293438ae67549638189f/ca6909ef76af7568b2c252a8d41f9d81.png?w=350","https://i2c.seadn.io/ethereum/0xbe85fbd182af91290be7293438ae67549638189f/ca6909ef76af7568b2c252a8d41f9d81.png","IMAGE_ALREADY_EXISTS","HTML_NO_CHANGE","","Repaired."
"9713","9713","RE-010366","Light Cult Crypto Club #9713","D:\github\ron-english-light-cult-9001-10000\items\lccc-9713.html","D:\github\ron-english-light-cult-9001-10000\images\9701-9800\LCCC-9713.png","../images/9701-9800/LCCC-9713.png","https://i2c.seadn.io/ethereum/0xbe85fbd182af91290be7293438ae67549638189f/1e87f9a12c614880d6a4f37a0b9701f3.png?w=350","https://i2c.seadn.io/ethereum/0xbe85fbd182af91290be7293438ae67549638189f/1e87f9a12c614880d6a4f37a0b9701f3.png","IMAGE_ALREADY_EXISTS","HTML_NO_CHANGE","","Repaired."
"9714","9714","RE-010367","Light Cult Crypto Club #9714","D:\github\ron-english-light-cult-9001-10000\items\lccc-9714.html","D:\github\ron-english-light-cult-9001-10000\images\9701-9800\LCCC-9714.png","../images/9701-9800/LCCC-9714.png","https://i2c.seadn.io/ethereum/0xbe85fbd182af91290be7293438ae67549638189f/063e5b356608b6dfd2f7acf1b5371099.png?w=350","https://i2c.seadn.io/ethereum/0xbe85fbd182af91290be7293438ae67549638189f/063e5b356608b6dfd2f7acf1b5371099.png","IMAGE_ALREADY_EXISTS","HTML_NO_CHANGE","","Repaired."
"9715","9715","RE-010368","Light Cult Crypto Club #9715","D:\github\ron-english-light-cult-9001-10000\items\lccc-9715.html","D:\github\ron-english-light-cult-9001-10000\images\9701-9800\LCCC-9715.png","../images/9701-9800/LCCC-9715.png","https://i2c.seadn.io/ethereum/0xbe85fbd182af91290be7293438ae67549638189f/e3c17547ac0f972280a76985a35aaf51.png?w=350","https://i2c.seadn.io/ethereum/0xbe85fbd182af91290be7293438ae67549638189f/e3c17547ac0f972280a76985a35aaf51.png","IMAGE_ALREADY_EXISTS","HTML_NO_CHANGE","","Repaired."
"9716","9716","RE-010369","Light Cult Crypto Club #9716","D:\github\ron-english-light-cult-9001-10000\items\lccc-9716.html","D:\github\ron-english-light-cult-9001-10000\images\9701-9800\LCCC-9716.png","../images/9701-9800/LCCC-9716.png","https://i2c.seadn.io/ethereum/0xbe85fbd182af91290be7293438ae67549638189f/94c3389eb827fc27e228c6a0053fc48b.png?w=350","https://i2c.seadn.io/ethereum/0xbe85fbd182af91290be7293438ae67549638189f/94c3389eb827fc27e228c6a0053fc48b.png","IMAGE_ALREADY_EXISTS","HTML_NO_CHANGE","","Repaired."
"9717","9717","RE-010370","Light Cult Crypto Club #9717","D:\github\ron-english-light-cult-9001-10000\items\lccc-9717.html","D:\github\ron-english-light-cult-9001-10000\images\9701-9800\LCCC-9717.png","../images/9701-9800/LCCC-9717.png","https://i2c.seadn.io/ethereum/0xbe85fbd182af91290be7293438ae67549638189f/8b6b29012077897a2398ddf86c3a6988.png?w=350","https://i2c.seadn.io/ethereum/0xbe85fbd182af91290be7293438ae67549638189f/8b6b29012077897a2398ddf86c3a6988.png","IMAGE_ALREADY_EXISTS","HTML_NO_CHANGE","","Repaired."
"9718","9718","RE-010371","Light Cult Crypto Club #9718","D:\github\ron-english-light-cult-9001-10000\items\lccc-9718.html","D:\github\ron-english-light-cult-9001-10000\images\9701-9800\LCCC-9718.png","../images/9701-9800/LCCC-9718.png","https://i2c.seadn.io/ethereum/0xbe85fbd182af91290be7293438ae67549638189f/eb50eb5fceceb6fdb91d8e5a3c47b2c0.png?w=350","https://i2c.seadn.io/ethereum/0xbe85fbd182af91290be7293438ae67549638189f/eb50eb5fceceb6fdb91d8e5a3c47b2c0.png","IMAGE_ALREADY_EXISTS","HTML_NO_CHANGE","","Repaired."
"9719","9719","RE-010372","Light Cult Crypto Club #9719","D:\github\ron-english-light-cult-9001-10000\items\lccc-9719.html","D:\github\ron-english-light-cult-9001-10000\images\9701-9800\LCCC-9719.png","../images/9701-9800/LCCC-9719.png","https://i2c.seadn.io/ethereum/0xbe85fbd182af91290be7293438ae67549638189f/7d0aea243462659a8e76265ee80ce2b4.png?w=350","https://i2c.seadn.io/ethereum/0xbe85fbd182af91290be7293438ae67549638189f/7d0aea243462659a8e76265ee80ce2b4.png","IMAGE_ALREADY_EXISTS","HTML_NO_CHANGE","","Repaired."
"9720","9720","RE-010373","Light Cult Crypto Club #9720","D:\github\ron-english-light-cult-9001-10000\items\lccc-9720.html","D:\github\ron-english-light-cult-9001-10000\images\9701-9800\LCCC-9720.png","../images/9701-9800/LCCC-9720.png","https://i2c.seadn.io/ethereum/0xbe85fbd182af91290be7293438ae67549638189f/db41cb39fdee8d446e9fc5e1a33eb999.png?w=350","https://i2c.seadn.io/ethereum/0xbe85fbd182af91290be7293438ae67549638189f/db41cb39fdee8d446e9fc5e1a33eb999.png","IMAGE_ALREADY_EXISTS","HTML_NO_CHANGE","","Repaired."
"9721","9721","RE-010374","Light Cult Crypto Club #9721","D:\github\ron-english-light-cult-9001-10000\items\lccc-9721.html","D:\github\ron-english-light-cult-9001-10000\images\9701-9800\LCCC-9721.png","../images/9701-9800/LCCC-9721.png","https://i2c.seadn.io/ethereum/0xbe85fbd182af91290be7293438ae67549638189f/66077a5c3be34ef3b37c43d1fc3ca622.png?w=350","https://i2c.seadn.io/ethereum/0xbe85fbd182af91290be7293438ae67549638189f/66077a5c3be34ef3b37c43d1fc3ca622.png","IMAGE_ALREADY_EXISTS","HTML_NO_CHANGE","","Repaired."
"9722","9722","RE-010375","Light Cult Crypto Club #9722","D:\github\ron-english-light-cult-9001-10000\items\lccc-9722.html","D:\github\ron-english-light-cult-9001-10000\images\9701-9800\LCCC-9722.png","../images/9701-9800/LCCC-9722.png","https://i2c.seadn.io/ethereum/0xbe85fbd182af91290be7293438ae67549638189f/8ed8fc8e52a1ea8ee236af3b7d73f5ff.png?w=350","https://i2c.seadn.io/ethereum/0xbe85fbd182af91290be7293438ae67549638189f/8ed8fc8e52a1ea8ee236af3b7d73f5ff.png","IMAGE_ALREADY_EXISTS","HTML_NO_CHANGE","","Repaired."
"9723","9723","RE-010376","Light Cult Crypto Club #9723","D:\github\ron-english-light-cult-9001-10000\items\lccc-9723.html","D:\github\ron-english-light-cult-9001-10000\images\9701-9800\LCCC-9723.png","../images/9701-9800/LCCC-9723.png","https://i2c.seadn.io/ethereum/0xbe85fbd182af91290be7293438ae67549638189f/5adb260d25ad03e0214026a8966f865d.png?w=350","https://i2c.seadn.io/ethereum/0xbe85fbd182af91290be7293438ae67549638189f/5adb260d25ad03e0214026a8966f865d.png","IMAGE_ALREADY_EXISTS","HTML_NO_CHANGE","","Repaired."
"9724","9724","RE-010377","Light Cult Crypto Club #9724","D:\github\ron-english-light-cult-9001-10000\items\lccc-9724.html","D:\github\ron-english-light-cult-9001-10000\images\9701-9800\LCCC-9724.png","../images/9701-9800/LCCC-9724.png","https://i2c.seadn.io/ethereum/0xbe85fbd182af91290be7293438ae67549638189f/c13359870baa6e1802388877f239b52b.png?w=350","https://i2c.seadn.io/ethereum/0xbe85fbd182af91290be7293438ae67549638189f/c13359870baa6e1802388877f239b52b.png","IMAGE_ALREADY_EXISTS","HTML_NO_CHANGE","","Repaired."
"9725","9725","RE-010378","Light Cult Crypto Club #9725","D:\github\ron-english-light-cult-9001-10000\items\lccc-9725.html","D:\github\ron-english-light-cult-9001-10000\images\9701-9800\LCCC-9725.png","../images/9701-9800/LCCC-9725.png","https://i2c.seadn.io/ethereum/0xbe85fbd182af91290be7293438ae67549638189f/0d7277557069415689929e2c28815e4e.png?w=350","https://i2c.seadn.io/ethereum/0xbe85fbd182af91290be7293438ae67549638189f/0d7277557069415689929e2c28815e4e.png","IMAGE_ALREADY_EXISTS","HTML_NO_CHANGE","","Repaired."
"9726","9726","RE-010379","Light Cult Crypto Club #9726","D:\github\ron-english-light-cult-9001-10000\items\lccc-9726.html","D:\github\ron-english-light-cult-9001-10000\images\9701-9800\LCCC-9726.png","../images/9701-9800/LCCC-9726.png","https://i2c.seadn.io/ethereum/0xbe85fbd182af91290be7293438ae67549638189f/8a652bc441f3e8986c5119fc01a1611a.png?w=350","https://i2c.seadn.io/ethereum/0xbe85fbd182af91290be7293438ae67549638189f/8a652bc441f3e8986c5119fc01a1611a.png","IMAGE_ALREADY_EXISTS","HTML_NO_CHANGE","","Repaired."
"9727","9727","RE-010380","Light Cult Crypto Club #9727","D:\github\ron-english-light-cult-9001-10000\items\lccc-9727.html","D:\github\ron-english-light-cult-9001-10000\images\9701-9800\LCCC-9727.png","../images/9701-9800/LCCC-9727.png","https://i2c.seadn.io/ethereum/0xbe85fbd182af91290be7293438ae67549638189f/568d52584b08bf0f8913e6232404e5bf.png?w=350","https://i2c.seadn.io/ethereum/0xbe85fbd182af91290be7293438ae67549638189f/568d52584b08bf0f8913e6232404e5bf.png","IMAGE_ALREADY_EXISTS","HTML_NO_CHANGE","","Repaired."
"9728","9728","RE-010381","Light Cult Crypto Club #9728","D:\github\ron-english-light-cult-9001-10000\items\lccc-9728.html","D:\github\ron-english-light-cult-9001-10000\images\9701-9800\LCCC-9728.png","../images/9701-9800/LCCC-9728.png","https://i2c.seadn.io/ethereum/0xbe85fbd182af91290be7293438ae67549638189f/e46e856c1d300d2c4b06efc2b3c8d939.png?w=350","https://i2c.seadn.io/ethereum/0xbe85fbd182af91290be7293438ae67549638189f/e46e856c1d300d2c4b06efc2b3c8d939.png","IMAGE_ALREADY_EXISTS","HTML_NO_CHANGE","","Repaired."
"9729","9729","RE-010382","Light Cult Crypto Club #9729","D:\github\ron-english-light-cult-9001-10000\items\lccc-9729.html","D:\github\ron-english-light-cult-9001-10000\images\9701-9800\LCCC-9729.png","../images/9701-9800/LCCC-9729.png","https://i2c.seadn.io/ethereum/0xbe85fbd182af91290be7293438ae67549638189f/c4901532bd339895dee771ce574e4101.png?w=350","https://i2c.seadn.io/ethereum/0xbe85fbd182af91290be7293438ae67549638189f/c4901532bd339895dee771ce574e4101.png","IMAGE_ALREADY_EXISTS","HTML_NO_CHANGE","","Repaired."
"9730","9730","RE-010383","Light Cult Crypto Club #9730","D:\github\ron-english-light-cult-9001-10000\items\lccc-9730.html","D:\github\ron-english-light-cult-9001-10000\images\9701-9800\LCCC-9730.png","../images/9701-9800/LCCC-9730.png","https://i2c.seadn.io/ethereum/0xbe85fbd182af91290be7293438ae67549638189f/4a75aa3a51da8133cff643353c2fe7c8.png?w=350","https://i2c.seadn.io/ethereum/0xbe85fbd182af91290be7293438ae67549638189f/4a75aa3a51da8133cff643353c2fe7c8.png","IMAGE_ALREADY_EXISTS","HTML_NO_CHANGE","","Repaired."
"9731","9731","RE-010384","Light Cult Crypto Club #9731","D:\github\ron-english-light-cult-9001-10000\items\lccc-9731.html","D:\github\ron-english-light-cult-9001-10000\images\9701-9800\LCCC-9731.png","../images/9701-9800/LCCC-9731.png","https://i2c.seadn.io/ethereum/0xbe85fbd182af91290be7293438ae67549638189f/13f4b2eb97b596caf209c0623df08521.png?w=350","https://i2c.seadn.io/ethereum/0xbe85fbd182af91290be7293438ae67549638189f/13f4b2eb97b596caf209c0623df08521.png","IMAGE_ALREADY_EXISTS","HTML_NO_CHANGE","","Repaired."
"9732","9732","RE-010385","Light Cult Crypto Club #9732","D:\github\ron-english-light-cult-9001-10000\items\lccc-9732.html","D:\github\ron-english-light-cult-9001-10000\images\9701-9800\LCCC-9732.png","../images/9701-9800/LCCC-9732.png","https://i2c.seadn.io/ethereum/0xbe85fbd182af91290be7293438ae67549638189f/1df6b033256fc60411c6086f4e4dd1e0.png?w=350","https://i2c.seadn.io/ethereum/0xbe85fbd182af91290be7293438ae67549638189f/1df6b033256fc60411c6086f4e4dd1e0.png","IMAGE_ALREADY_EXISTS","HTML_NO_CHANGE","","Repaired."
"9733","9733","RE-010386","Light Cult Crypto Club #9733","D:\github\ron-english-light-cult-9001-10000\items\lccc-9733.html","D:\github\ron-english-light-cult-9001-10000\images\9701-9800\LCCC-9733.png","../images/9701-9800/LCCC-9733.png","https://i2c.seadn.io/ethereum/0xbe85fbd182af91290be7293438ae67549638189f/6af5ebc215022dc440e6726a193d31fa.png?w=350","https://i2c.seadn.io/ethereum/0xbe85fbd182af91290be7293438ae67549638189f/6af5ebc215022dc440e6726a193d31fa.png","IMAGE_ALREADY_EXISTS","HTML_NO_CHANGE","","Repaired."
"9734","9734","RE-010387","Light Cult Crypto Club #9734","D:\github\ron-english-light-cult-9001-10000\items\lccc-9734.html","D:\github\ron-english-light-cult-9001-10000\images\9701-9800\LCCC-9734.png","../images/9701-9800/LCCC-9734.png","https://i2c.seadn.io/ethereum/0xbe85fbd182af91290be7293438ae67549638189f/d03054c1d38df1b1784cb5b45c6b5a01.png?w=350","https://i2c.seadn.io/ethereum/0xbe85fbd182af91290be7293438ae67549638189f/d03054c1d38df1b1784cb5b45c6b5a01.png","IMAGE_ALREADY_EXISTS","HTML_NO_CHANGE","","Repaired."
"9735","9735","RE-010388","Light Cult Crypto Club #9735","D:\github\ron-english-light-cult-9001-10000\items\lccc-9735.html","D:\github\ron-english-light-cult-9001-10000\images\9701-9800\LCCC-9735.png","../images/9701-9800/LCCC-9735.png","https://i2c.seadn.io/ethereum/0xbe85fbd182af91290be7293438ae67549638189f/859c2602831650a79289b610950ee31c.png?w=350","https://i2c.seadn.io/ethereum/0xbe85fbd182af91290be7293438ae67549638189f/859c2602831650a79289b610950ee31c.png","IMAGE_ALREADY_EXISTS","HTML_NO_CHANGE","","Repaired."
"9736","9736","RE-010389","Light Cult Crypto Club #9736","D:\github\ron-english-light-cult-9001-10000\items\lccc-9736.html","D:\github\ron-english-light-cult-9001-10000\images\9701-9800\LCCC-9736.png","../images/9701-9800/LCCC-9736.png","https://i2c.seadn.io/ethereum/0xbe85fbd182af91290be7293438ae67549638189f/e2d0568f4ce6c55337a53521804bcc42.png?w=350","https://i2c.seadn.io/ethereum/0xbe85fbd182af91290be7293438ae67549638189f/e2d0568f4ce6c55337a53521804bcc42.png","IMAGE_ALREADY_EXISTS","HTML_NO_CHANGE","","Repaired."
"9737","9737","RE-010390","Light Cult Crypto Club #9737","D:\github\ron-english-light-cult-9001-10000\items\lccc-9737.html","D:\github\ron-english-light-cult-9001-10000\images\9701-9800\LCCC-9737.png","../images/9701-9800/LCCC-9737.png","https://i2c.seadn.io/ethereum/0xbe85fbd182af91290be7293438ae67549638189f/0379007b887fb48d1d57fdb1fec57db0.png?w=350","https://i2c.seadn.io/ethereum/0xbe85fbd182af91290be7293438ae67549638189f/0379007b887fb48d1d57fdb1fec57db0.png","IMAGE_ALREADY_EXISTS","HTML_NO_CHANGE","","Repaired."
"9739","9739","RE-010391","Light Cult Crypto Club #9739","D:\github\ron-english-light-cult-9001-10000\items\lccc-9739.html","D:\github\ron-english-light-cult-9001-10000\images\9701-9800\LCCC-9739.png","../images/9701-9800/LCCC-9739.png","https://i2c.seadn.io/ethereum/0xbe85fbd182af91290be7293438ae67549638189f/1ad2c9a70f24213f9757e4d7fdd6baa0.png?w=350","https://i2c.seadn.io/ethereum/0xbe85fbd182af91290be7293438ae67549638189f/1ad2c9a70f24213f9757e4d7fdd6baa0.png","IMAGE_ALREADY_EXISTS","HTML_NO_CHANGE","","Repaired."
"9740","9740","RE-010392","Light Cult Crypto Club #9740","D:\github\ron-english-light-cult-9001-10000\items\lccc-9740.html","D:\github\ron-english-light-cult-9001-10000\images\9701-9800\LCCC-9740.png","../images/9701-9800/LCCC-9740.png","https://i2c.seadn.io/ethereum/0xbe85fbd182af91290be7293438ae67549638189f/433538496d989c378ebc02411e44678b.png?w=350","https://i2c.seadn.io/ethereum/0xbe85fbd182af91290be7293438ae67549638189f/433538496d989c378ebc02411e44678b.png","IMAGE_ALREADY_EXISTS","HTML_NO_CHANGE","","Repaired."
"9741","9741","RE-010393","Light Cult Crypto Club #9741","D:\github\ron-english-light-cult-9001-10000\items\lccc-9741.html","D:\github\ron-english-light-cult-9001-10000\images\9701-9800\LCCC-9741.png","../images/9701-9800/LCCC-9741.png","https://i2c.seadn.io/ethereum/0xbe85fbd182af91290be7293438ae67549638189f/38933a28124af25fe33dc18e03258009.png?w=350","https://i2c.seadn.io/ethereum/0xbe85fbd182af91290be7293438ae67549638189f/38933a28124af25fe33dc18e03258009.png","IMAGE_ALREADY_EXISTS","HTML_NO_CHANGE","","Repaired."
"9742","9742","RE-010394","Light Cult Crypto Club #9742","D:\github\ron-english-light-cult-9001-10000\items\lccc-9742.html","D:\github\ron-english-light-cult-9001-10000\images\9701-9800\LCCC-9742.png","../images/9701-9800/LCCC-9742.png","https://i2c.seadn.io/ethereum/0xbe85fbd182af91290be7293438ae67549638189f/a57938d5d3f532ab7c980e5c4d1096ad.png?w=350","https://i2c.seadn.io/ethereum/0xbe85fbd182af91290be7293438ae67549638189f/a57938d5d3f532ab7c980e5c4d1096ad.png","IMAGE_ALREADY_EXISTS","HTML_NO_CHANGE","","Repaired."
"9743","9743","RE-010395","Light Cult Crypto Club #9743","D:\github\ron-english-light-cult-9001-10000\items\lccc-9743.html","D:\github\ron-english-light-cult-9001-10000\images\9701-9800\LCCC-9743.png","../images/9701-9800/LCCC-9743.png","https://i2c.seadn.io/ethereum/0xbe85fbd182af91290be7293438ae67549638189f/389d7285a47a05ce93e93c62b04b9dfd.png?w=350","https://i2c.seadn.io/ethereum/0xbe85fbd182af91290be7293438ae67549638189f/389d7285a47a05ce93e93c62b04b9dfd.png","IMAGE_ALREADY_EXISTS","HTML_NO_CHANGE","","Repaired."
"9744","9744","RE-010396","Light Cult Crypto Club #9744","D:\github\ron-english-light-cult-9001-10000\items\lccc-9744.html","D:\github\ron-english-light-cult-9001-10000\images\9701-9800\LCCC-9744.png","../images/9701-9800/LCCC-9744.png","https://i2c.seadn.io/ethereum/0xbe85fbd182af91290be7293438ae67549638189f/e8e953387354124ec492cfcef5957467.png?w=350","https://i2c.seadn.io/ethereum/0xbe85fbd182af91290be7293438ae67549638189f/e8e953387354124ec492cfcef5957467.png","IMAGE_ALREADY_EXISTS","HTML_NO_CHANGE","","Repaired."
"9746","9746","RE-010397","Light Cult Crypto Club #9746","D:\github\ron-english-light-cult-9001-10000\items\lccc-9746.html","D:\github\ron-english-light-cult-9001-10000\images\9701-9800\LCCC-9746.png","../images/9701-9800/LCCC-9746.png","https://i2c.seadn.io/ethereum/0xbe85fbd182af91290be7293438ae67549638189f/911c8094bcbe290c81b047ee58c7cfdd.png?w=350","https://i2c.seadn.io/ethereum/0xbe85fbd182af91290be7293438ae67549638189f/911c8094bcbe290c81b047ee58c7cfdd.png","IMAGE_ALREADY_EXISTS","HTML_NO_CHANGE","","Repaired."
