"WorkID","CardName","CardNumber","Date","ProjectSeries","Medium","RarityOrCardType","PrintedSetNumber","FileName","LocalImagePath","ImageExists","DetailPage","SourceImageURL"
"RE-011557","Orion","1","November 2022","Ron English's Area 54 - Cards / Packs","NFT / digital collectible card","Area 54 VIP","1/24","Area 54 Cards - 1 - Orion.jpg","D:\github\ron-english-nfts\area-54-cards-packs\images\Area 54 Cards - 1 - Orion.jpg","True","cards/RE-011557.html","https://ronenglish-archive.github.io/ron-english-nfts/area-54-cards-packs/images/Area%2054%20Cards%20-%201%20-%20Orion.jpg"
"RE-011558","DJ Alien Angel","2","November 2022","Ron English's Area 54 - Cards / Packs","NFT / digital collectible card","Area 54 VIP","2/24","Area 54 Cards - 2 - DJ Alien Angel.jpg","D:\github\ron-english-nfts\area-54-cards-packs\images\Area 54 Cards - 2 - DJ Alien Angel.jpg","True","cards/RE-011558.html","https://ronenglish-archive.github.io/ron-english-nfts/area-54-cards-packs/images/Area%2054%20Cards%20-%202%20-%20DJ%20Alien%20Angel.jpg"
"RE-011559","Saturn Sam","3","November 2022","Ron English's Area 54 - Cards / Packs","NFT / digital collectible card","","3/24","Area 54 Cards - 3 - Saturn Sam.jpg","D:\github\ron-english-nfts\area-54-cards-packs\images\Area 54 Cards - 3 - Saturn Sam.jpg","True","cards/RE-011559.html","https://ronenglish-archive.github.io/ron-english-nfts/area-54-cards-packs/images/Area%2054%20Cards%20-%203%20-%20Saturn%20Sam.jpg"
"RE-011560","Quarterback Squeak","4","November 2022","Ron English's Area 54 - Cards / Packs","NFT / digital collectible card","","4/24","Area 54 Cards - 4 - Quarterback Squeak.jpg","D:\github\ron-english-nfts\area-54-cards-packs\images\Area 54 Cards - 4 - Quarterback Squeak.jpg","True","cards/RE-011560.html","https://ronenglish-archive.github.io/ron-english-nfts/area-54-cards-packs/images/Area%2054%20Cards%20-%204%20-%20Quarterback%20Squeak.jpg"
"RE-011561","Lorraine Yang","5","November 2022","Ron English's Area 54 - Cards / Packs","NFT / digital collectible card","","5/24","Area 54 Cards - 5 - Lorraine Yang.jpg","D:\github\ron-english-nfts\area-54-cards-packs\images\Area 54 Cards - 5 - Lorraine Yang.jpg","True","cards/RE-011561.html","https://ronenglish-archive.github.io/ron-english-nfts/area-54-cards-packs/images/Area%2054%20Cards%20-%205%20-%20Lorraine%20Yang.jpg"
"RE-011562","Bunnny Rabbbit","6","November 2022","Ron English's Area 54 - Cards / Packs","NFT / digital collectible card","","6/24","Area 54 Cards - 6 - Bunnny Rabbbit.jpg","D:\github\ron-english-nfts\area-54-cards-packs\images\Area 54 Cards - 6 - Bunnny Rabbbit.jpg","True","cards/RE-011562.html","https://ronenglish-archive.github.io/ron-english-nfts/area-54-cards-packs/images/Area%2054%20Cards%20-%206%20-%20Bunnny%20Rabbbit.jpg"
"RE-011563","King Crok","7","November 2022","Ron English's Area 54 - Cards / Packs","NFT / digital collectible card","","7/24","Area 54 Cards - 7 - King Crok.jpg","D:\github\ron-english-nfts\area-54-cards-packs\images\Area 54 Cards - 7 - King Crok.jpg","True","cards/RE-011563.html","https://ronenglish-archive.github.io/ron-english-nfts/area-54-cards-packs/images/Area%2054%20Cards%20-%207%20-%20King%20Crok.jpg"
"RE-011564","Bee Alien","8","November 2022","Ron English's Area 54 - Cards / Packs","NFT / digital collectible card","","8/24","Area 54 Cards - 8 - Bee Alien.jpg","D:\github\ron-english-nfts\area-54-cards-packs\images\Area 54 Cards - 8 - Bee Alien.jpg","True","cards/RE-011564.html","https://ronenglish-archive.github.io/ron-english-nfts/area-54-cards-packs/images/Area%2054%20Cards%20-%208%20-%20Bee%20Alien.jpg"
"RE-011565","Invading Alien Family","9","November 2022","Ron English's Area 54 - Cards / Packs","NFT / digital collectible card","","9/24","Area 54 Cards - 9 - Invading Alien Family.jpg","D:\github\ron-english-nfts\area-54-cards-packs\images\Area 54 Cards - 9 - Invading Alien Family.jpg","True","cards/RE-011565.html","https://ronenglish-archive.github.io/ron-english-nfts/area-54-cards-packs/images/Area%2054%20Cards%20-%209%20-%20Invading%20Alien%20Family.jpg"
"RE-011566","Wingman Miller","10","November 2022","Ron English's Area 54 - Cards / Packs","NFT / digital collectible card","Area 54 VIP","10/24","Area 54 Cards - 10 - Wingman Miller.jpg","D:\github\ron-english-nfts\area-54-cards-packs\images\Area 54 Cards - 10 - Wingman Miller.jpg","True","cards/RE-011566.html","https://ronenglish-archive.github.io/ron-english-nfts/area-54-cards-packs/images/Area%2054%20Cards%20-%2010%20-%20Wingman%20Miller.jpg"
"RE-011567","Mickey Fin","11","November 2022","Ron English's Area 54 - Cards / Packs","NFT / digital collectible card","Area 54 VIP","11/24","Area 54 Cards - 11 - Mickey Fin.jpg","D:\github\ron-english-nfts\area-54-cards-packs\images\Area 54 Cards - 11 - Mickey Fin.jpg","True","cards/RE-011567.html","https://ronenglish-archive.github.io/ron-english-nfts/area-54-cards-packs/images/Area%2054%20Cards%20-%2011%20-%20Mickey%20Fin.jpg"
"RE-011568","Ronnnie Rabbbit","12","November 2022","Ron English's Area 54 - Cards / Packs","NFT / digital collectible card","Area 54 VIP","12/24","Area 54 Cards - 12 - Ronnnie Rabbbit.jpg","D:\github\ron-english-nfts\area-54-cards-packs\images\Area 54 Cards - 12 - Ronnnie Rabbbit.jpg","True","cards/RE-011568.html","https://ronenglish-archive.github.io/ron-english-nfts/area-54-cards-packs/images/Area%2054%20Cards%20-%2012%20-%20Ronnnie%20Rabbbit.jpg"
"RE-011569","Poultry Rex","13","November 2022","Ron English's Area 54 - Cards / Packs","NFT / digital collectible card","Area 54 VIP","13/24","Area 54 Cards - 13 - Poultry Rex.jpg","D:\github\ron-english-nfts\area-54-cards-packs\images\Area 54 Cards - 13 - Poultry Rex.jpg","True","cards/RE-011569.html","https://ronenglish-archive.github.io/ron-english-nfts/area-54-cards-packs/images/Area%2054%20Cards%20-%2013%20-%20Poultry%20Rex.jpg"
"RE-011570","Cathy Cowgirl","14","November 2022","Ron English's Area 54 - Cards / Packs","NFT / digital collectible card","Area 54 VIP","14/24","Area 54 Cards - 14 - Cathy Cowgirl.jpg","D:\github\ron-english-nfts\area-54-cards-packs\images\Area 54 Cards - 14 - Cathy Cowgirl.jpg","True","cards/RE-011570.html","https://ronenglish-archive.github.io/ron-english-nfts/area-54-cards-packs/images/Area%2054%20Cards%20-%2014%20-%20Cathy%20Cowgirl.jpg"
"RE-011571","Grinny Saturn","15","November 2022","Ron English's Area 54 - Cards / Packs","NFT / digital collectible card","Area 54 VIP","15/24","Area 54 Cards - 15 - Grinny Saturn.jpg","D:\github\ron-english-nfts\area-54-cards-packs\images\Area 54 Cards - 15 - Grinny Saturn.jpg","True","cards/RE-011571.html","https://ronenglish-archive.github.io/ron-english-nfts/area-54-cards-packs/images/Area%2054%20Cards%20-%2015%20-%20Grinny%20Saturn.jpg"
"RE-011572","Space Face UFO","16","November 2022","Ron English's Area 54 - Cards / Packs","NFT / digital collectible card","Area 54 VIP","16/24","Area 54 Cards - 16 - Space Face UFO.jpg","D:\github\ron-english-nfts\area-54-cards-packs\images\Area 54 Cards - 16 - Space Face UFO.jpg","True","cards/RE-011572.html","https://ronenglish-archive.github.io/ron-english-nfts/area-54-cards-packs/images/Area%2054%20Cards%20-%2016%20-%20Space%20Face%20UFO.jpg"
"RE-011573","UFO Liberty","17","November 2022","Ron English's Area 54 - Cards / Packs","NFT / digital collectible card","Area 54 VIP","17/24","Area 54 Cards - 17 - UFO Liberty.jpg","D:\github\ron-english-nfts\area-54-cards-packs\images\Area 54 Cards - 17 - UFO Liberty.jpg","True","cards/RE-011573.html","https://ronenglish-archive.github.io/ron-english-nfts/area-54-cards-packs/images/Area%2054%20Cards%20-%2017%20-%20UFO%20Liberty.jpg"
"RE-011574","Light Cult Crypto Alien","18","November 2022","Ron English's Area 54 - Cards / Packs","NFT / digital collectible card","Area 54 VIP","18/24","Area 54 Cards - 18 - Light Cult Crypto Alien.jpg","D:\github\ron-english-nfts\area-54-cards-packs\images\Area 54 Cards - 18 - Light Cult Crypto Alien.jpg","True","cards/RE-011574.html","https://ronenglish-archive.github.io/ron-english-nfts/area-54-cards-packs/images/Area%2054%20Cards%20-%2018%20-%20Light%20Cult%20Crypto%20Alien.jpg"
"RE-011575","Orion Pod Slime","19","November 2022","Ron English's Area 54 - Cards / Packs","NFT / digital collectible card","Area 54 VIP","19/24","Area 54 Cards - 19 - Orion Pod Slime.jpg","D:\github\ron-english-nfts\area-54-cards-packs\images\Area 54 Cards - 19 - Orion Pod Slime.jpg","True","cards/RE-011575.html","https://ronenglish-archive.github.io/ron-english-nfts/area-54-cards-packs/images/Area%2054%20Cards%20-%2019%20-%20Orion%20Pod%20Slime.jpg"
"RE-011576","Gimme Unipig","20","November 2022","Ron English's Area 54 - Cards / Packs","NFT / digital collectible card","Area 54 VIP","20/24","Area 54 Cards - 20 - Gimme Unipig.jpg","D:\github\ron-english-nfts\area-54-cards-packs\images\Area 54 Cards - 20 - Gimme Unipig.jpg","True","cards/RE-011576.html","https://ronenglish-archive.github.io/ron-english-nfts/area-54-cards-packs/images/Area%2054%20Cards%20-%2020%20-%20Gimme%20Unipig.jpg"
"RE-011577","Slo Mo UFO","21","November 2022","Ron English's Area 54 - Cards / Packs","NFT / digital collectible card","Area 54 VIP","21/24","Area 54 Cards - 21 - Slo Mo UFO.jpg","D:\github\ron-english-nfts\area-54-cards-packs\images\Area 54 Cards - 21 - Slo Mo UFO.jpg","True","cards/RE-011577.html","https://ronenglish-archive.github.io/ron-english-nfts/area-54-cards-packs/images/Area%2054%20Cards%20-%2021%20-%20Slo%20Mo%20UFO.jpg"
"RE-011578","Goldie Aquanaut","22","November 2022","Ron English's Area 54 - Cards / Packs","NFT / digital collectible card","Area 54 VIP","22/24","Area 54 Cards - 22 - Goldie Aquanaut.jpg","D:\github\ron-english-nfts\area-54-cards-packs\images\Area 54 Cards - 22 - Goldie Aquanaut.jpg","True","cards/RE-011578.html","https://ronenglish-archive.github.io/ron-english-nfts/area-54-cards-packs/images/Area%2054%20Cards%20-%2022%20-%20Goldie%20Aquanaut.jpg"
"RE-011579","Triclopsian","23","November 2022","Ron English's Area 54 - Cards / Packs","NFT / digital collectible card","Area 54 VIP","23/24","Area 54 Cards - 23 - Triclopsian.jpg","D:\github\ron-english-nfts\area-54-cards-packs\images\Area 54 Cards - 23 - Triclopsian.jpg","True","cards/RE-011579.html","https://ronenglish-archive.github.io/ron-english-nfts/area-54-cards-packs/images/Area%2054%20Cards%20-%2023%20-%20Triclopsian.jpg"
"RE-011580","Snailien King","24","November 2022","Ron English's Area 54 - Cards / Packs","NFT / digital collectible card","Area 54 VIP","24/24","Area 54 Cards - 24 - Snailien King.jpg","D:\github\ron-english-nfts\area-54-cards-packs\images\Area 54 Cards - 24 - Snailien King.jpg","True","cards/RE-011580.html","https://ronenglish-archive.github.io/ron-english-nfts/area-54-cards-packs/images/Area%2054%20Cards%20-%2024%20-%20Snailien%20King.jpg"
"RE-011581","Grinnie Martian","25","November 2022","Ron English's Area 54 - Cards / Packs","NFT / digital collectible card","Uncommon","1/7","Area 54 Cards - 25 - Grinnie Martian.jpg","D:\github\ron-english-nfts\area-54-cards-packs\images\Area 54 Cards - 25 - Grinnie Martian.jpg","True","cards/RE-011581.html","https://ronenglish-archive.github.io/ron-english-nfts/area-54-cards-packs/images/Area%2054%20Cards%20-%2025%20-%20Grinnie%20Martian.jpg"
"RE-011582","Grinnie Martian","26","November 2022","Ron English's Area 54 - Cards / Packs","NFT / digital collectible card","Uncommon","2/7","Area 54 Cards - 26 - Grinnie Martian.jpg","D:\github\ron-english-nfts\area-54-cards-packs\images\Area 54 Cards - 26 - Grinnie Martian.jpg","True","cards/RE-011582.html","https://ronenglish-archive.github.io/ron-english-nfts/area-54-cards-packs/images/Area%2054%20Cards%20-%2026%20-%20Grinnie%20Martian.jpg"
"RE-011583","Grinnie Martian","27","November 2022","Ron English's Area 54 - Cards / Packs","NFT / digital collectible card","Rare","3/7","Area 54 Cards - 27 - Grinnie Martian.jpg","D:\github\ron-english-nfts\area-54-cards-packs\images\Area 54 Cards - 27 - Grinnie Martian.jpg","True","cards/RE-011583.html","https://ronenglish-archive.github.io/ron-english-nfts/area-54-cards-packs/images/Area%2054%20Cards%20-%2027%20-%20Grinnie%20Martian.jpg"
"RE-011584","Grinnie Martian","28","November 2022","Ron English's Area 54 - Cards / Packs","NFT / digital collectible card","Rare","4/7","Area 54 Cards - 28 - Grinnie Martian.jpg","D:\github\ron-english-nfts\area-54-cards-packs\images\Area 54 Cards - 28 - Grinnie Martian.jpg","True","cards/RE-011584.html","https://ronenglish-archive.github.io/ron-english-nfts/area-54-cards-packs/images/Area%2054%20Cards%20-%2028%20-%20Grinnie%20Martian.jpg"
"RE-011585","Grinnie Martian","29","November 2022","Ron English's Area 54 - Cards / Packs","NFT / digital collectible card","Rare","5/7","Area 54 Cards - 29 - Grinnie Martian.jpg","D:\github\ron-english-nfts\area-54-cards-packs\images\Area 54 Cards - 29 - Grinnie Martian.jpg","True","cards/RE-011585.html","https://ronenglish-archive.github.io/ron-english-nfts/area-54-cards-packs/images/Area%2054%20Cards%20-%2029%20-%20Grinnie%20Martian.jpg"
"RE-011586","Grinnie Martian","30","November 2022","Ron English's Area 54 - Cards / Packs","NFT / digital collectible card","Rare","6/7","Area 54 Cards - 30 - Grinnie Martian.jpg","D:\github\ron-english-nfts\area-54-cards-packs\images\Area 54 Cards - 30 - Grinnie Martian.jpg","True","cards/RE-011586.html","https://ronenglish-archive.github.io/ron-english-nfts/area-54-cards-packs/images/Area%2054%20Cards%20-%2030%20-%20Grinnie%20Martian.jpg"
"RE-011587","Grinnie Martian","31","November 2022","Ron English's Area 54 - Cards / Packs","NFT / digital collectible card","Ultra Rare","7/7","Area 54 Cards - 31 - Grinnie Martian.jpg","D:\github\ron-english-nfts\area-54-cards-packs\images\Area 54 Cards - 31 - Grinnie Martian.jpg","True","cards/RE-011587.html","https://ronenglish-archive.github.io/ron-english-nfts/area-54-cards-packs/images/Area%2054%20Cards%20-%2031%20-%20Grinnie%20Martian.jpg"
"RE-011588","Star Skull Alien","32","November 2022","Ron English's Area 54 - Cards / Packs","NFT / digital collectible card","Uncommon","1/12","Area 54 Cards - 32 - Star Skull Alien.jpg","D:\github\ron-english-nfts\area-54-cards-packs\images\Area 54 Cards - 32 - Star Skull Alien.jpg","True","cards/RE-011588.html","https://ronenglish-archive.github.io/ron-english-nfts/area-54-cards-packs/images/Area%2054%20Cards%20-%2032%20-%20Star%20Skull%20Alien.jpg"
"RE-011589","Star Skull Alien","33","November 2022","Ron English's Area 54 - Cards / Packs","NFT / digital collectible card","Uncommon","2/12","Area 54 Cards - 33 - Star Skull Alien.jpg","D:\github\ron-english-nfts\area-54-cards-packs\images\Area 54 Cards - 33 - Star Skull Alien.jpg","True","cards/RE-011589.html","https://ronenglish-archive.github.io/ron-english-nfts/area-54-cards-packs/images/Area%2054%20Cards%20-%2033%20-%20Star%20Skull%20Alien.jpg"
"RE-011590","Star Skull Alien","34","November 2022","Ron English's Area 54 - Cards / Packs","NFT / digital collectible card","Uncommon","3/12","Area 54 Cards - 34 - Star Skull Alien.jpg","D:\github\ron-english-nfts\area-54-cards-packs\images\Area 54 Cards - 34 - Star Skull Alien.jpg","True","cards/RE-011590.html","https://ronenglish-archive.github.io/ron-english-nfts/area-54-cards-packs/images/Area%2054%20Cards%20-%2034%20-%20Star%20Skull%20Alien.jpg"
"RE-011591","Star Skull Alien","35","November 2022","Ron English's Area 54 - Cards / Packs","NFT / digital collectible card","Uncommon","4/12","Area 54 Cards - 35 - Star Skull Alien.jpg","D:\github\ron-english-nfts\area-54-cards-packs\images\Area 54 Cards - 35 - Star Skull Alien.jpg","True","cards/RE-011591.html","https://ronenglish-archive.github.io/ron-english-nfts/area-54-cards-packs/images/Area%2054%20Cards%20-%2035%20-%20Star%20Skull%20Alien.jpg"
"RE-011592","Star Skull Alien","36","November 2022","Ron English's Area 54 - Cards / Packs","NFT / digital collectible card","Uncommon","5/12","Area 54 Cards - 36 - Star Skull Alien.jpg","D:\github\ron-english-nfts\area-54-cards-packs\images\Area 54 Cards - 36 - Star Skull Alien.jpg","True","cards/RE-011592.html","https://ronenglish-archive.github.io/ron-english-nfts/area-54-cards-packs/images/Area%2054%20Cards%20-%2036%20-%20Star%20Skull%20Alien.jpg"
"RE-011593","Star Skull Alien","37","November 2022","Ron English's Area 54 - Cards / Packs","NFT / digital collectible card","Uncommon","6/12","Area 54 Cards - 37 - Star Skull Alien.jpg","D:\github\ron-english-nfts\area-54-cards-packs\images\Area 54 Cards - 37 - Star Skull Alien.jpg","True","cards/RE-011593.html","https://ronenglish-archive.github.io/ron-english-nfts/area-54-cards-packs/images/Area%2054%20Cards%20-%2037%20-%20Star%20Skull%20Alien.jpg"
"RE-011594","Star Skull Alien","38","November 2022","Ron English's Area 54 - Cards / Packs","NFT / digital collectible card","Uncommon","7/12","Area 54 Cards - 38 - Star Skull Alien.jpg","D:\github\ron-english-nfts\area-54-cards-packs\images\Area 54 Cards - 38 - Star Skull Alien.jpg","True","cards/RE-011594.html","https://ronenglish-archive.github.io/ron-english-nfts/area-54-cards-packs/images/Area%2054%20Cards%20-%2038%20-%20Star%20Skull%20Alien.jpg"
"RE-011595","Star Skull Alien","39","November 2022","Ron English's Area 54 - Cards / Packs","NFT / digital collectible card","Rare","8/12","Area 54 Cards - 39 - Star Skull Alien.jpg","D:\github\ron-english-nfts\area-54-cards-packs\images\Area 54 Cards - 39 - Star Skull Alien.jpg","True","cards/RE-011595.html","https://ronenglish-archive.github.io/ron-english-nfts/area-54-cards-packs/images/Area%2054%20Cards%20-%2039%20-%20Star%20Skull%20Alien.jpg"
"RE-011596","Star Skull Alien","40","November 2022","Ron English's Area 54 - Cards / Packs","NFT / digital collectible card","Rare","9/12","Area 54 Cards - 40 - Star Skull Alien.jpg","D:\github\ron-english-nfts\area-54-cards-packs\images\Area 54 Cards - 40 - Star Skull Alien.jpg","True","cards/RE-011596.html","https://ronenglish-archive.github.io/ron-english-nfts/area-54-cards-packs/images/Area%2054%20Cards%20-%2040%20-%20Star%20Skull%20Alien.jpg"
"RE-011597","Star Skull Alien","41","November 2022","Ron English's Area 54 - Cards / Packs","NFT / digital collectible card","Rare","10/12","Area 54 Cards - 41 - Star Skull Alien.jpg","D:\github\ron-english-nfts\area-54-cards-packs\images\Area 54 Cards - 41 - Star Skull Alien.jpg","True","cards/RE-011597.html","https://ronenglish-archive.github.io/ron-english-nfts/area-54-cards-packs/images/Area%2054%20Cards%20-%2041%20-%20Star%20Skull%20Alien.jpg"
"RE-011598","Star Skull Alien","42","November 2022","Ron English's Area 54 - Cards / Packs","NFT / digital collectible card","Rare","11/12","Area 54 Cards - 42 - Star Skull Alien.jpg","D:\github\ron-english-nfts\area-54-cards-packs\images\Area 54 Cards - 42 - Star Skull Alien.jpg","True","cards/RE-011598.html","https://ronenglish-archive.github.io/ron-english-nfts/area-54-cards-packs/images/Area%2054%20Cards%20-%2042%20-%20Star%20Skull%20Alien.jpg"
"RE-011599","Star Skull Alien","43","November 2022","Ron English's Area 54 - Cards / Packs","NFT / digital collectible card","Ultra Rare","12/12","Area 54 Cards - 43 - Star Skull Alien.jpg","D:\github\ron-english-nfts\area-54-cards-packs\images\Area 54 Cards - 43 - Star Skull Alien.jpg","True","cards/RE-011599.html","https://ronenglish-archive.github.io/ron-english-nfts/area-54-cards-packs/images/Area%2054%20Cards%20-%2043%20-%20Star%20Skull%20Alien.jpg"
"RE-011600","Codextra Manasser","44","November 2022","Ron English's Area 54 - Cards / Packs","NFT / digital collectible card","Uncommon","1/9","Area 54 Cards - 44 - Codextra Manasser.jpg","D:\github\ron-english-nfts\area-54-cards-packs\images\Area 54 Cards - 44 - Codextra Manasser.jpg","True","cards/RE-011600.html","https://ronenglish-archive.github.io/ron-english-nfts/area-54-cards-packs/images/Area%2054%20Cards%20-%2044%20-%20Codextra%20Manasser.jpg"
"RE-011601","Codextra Manasser","45","November 2022","Ron English's Area 54 - Cards / Packs","NFT / digital collectible card","Uncommon","2/9","Area 54 Cards - 45 - Codextra Manasser.jpg","D:\github\ron-english-nfts\area-54-cards-packs\images\Area 54 Cards - 45 - Codextra Manasser.jpg","True","cards/RE-011601.html","https://ronenglish-archive.github.io/ron-english-nfts/area-54-cards-packs/images/Area%2054%20Cards%20-%2045%20-%20Codextra%20Manasser.jpg"
"RE-011602","Codextra Manasser","46","November 2022","Ron English's Area 54 - Cards / Packs","NFT / digital collectible card","Uncommon","3/9","Area 54 Cards - 46 - Codextra Manasser.jpg","D:\github\ron-english-nfts\area-54-cards-packs\images\Area 54 Cards - 46 - Codextra Manasser.jpg","True","cards/RE-011602.html","https://ronenglish-archive.github.io/ron-english-nfts/area-54-cards-packs/images/Area%2054%20Cards%20-%2046%20-%20Codextra%20Manasser.jpg"
"RE-011603","Codextra Manasser","47","November 2022","Ron English's Area 54 - Cards / Packs","NFT / digital collectible card","Uncommon","4/9","Area 54 Cards - 47 - Codextra Manasser.jpg","D:\github\ron-english-nfts\area-54-cards-packs\images\Area 54 Cards - 47 - Codextra Manasser.jpg","True","cards/RE-011603.html","https://ronenglish-archive.github.io/ron-english-nfts/area-54-cards-packs/images/Area%2054%20Cards%20-%2047%20-%20Codextra%20Manasser.jpg"
"RE-011604","Codextra Manasser","48","November 2022","Ron English's Area 54 - Cards / Packs","NFT / digital collectible card","Uncommon","5/9","Area 54 Cards - 48 - Codextra Manasser.jpg","D:\github\ron-english-nfts\area-54-cards-packs\images\Area 54 Cards - 48 - Codextra Manasser.jpg","True","cards/RE-011604.html","https://ronenglish-archive.github.io/ron-english-nfts/area-54-cards-packs/images/Area%2054%20Cards%20-%2048%20-%20Codextra%20Manasser.jpg"
"RE-011605","Codextra Manasser","49","November 2022","Ron English's Area 54 - Cards / Packs","NFT / digital collectible card","Uncommon","6/9","Area 54 Cards - 49 - Codextra Manasser.jpg","D:\github\ron-english-nfts\area-54-cards-packs\images\Area 54 Cards - 49 - Codextra Manasser.jpg","True","cards/RE-011605.html","https://ronenglish-archive.github.io/ron-english-nfts/area-54-cards-packs/images/Area%2054%20Cards%20-%2049%20-%20Codextra%20Manasser.jpg"
"RE-011606","Codextra Manasser","50","November 2022","Ron English's Area 54 - Cards / Packs","NFT / digital collectible card","Rare","7/9","Area 54 Cards - 50 - Codextra Manasser.jpg","D:\github\ron-english-nfts\area-54-cards-packs\images\Area 54 Cards - 50 - Codextra Manasser.jpg","True","cards/RE-011606.html","https://ronenglish-archive.github.io/ron-english-nfts/area-54-cards-packs/images/Area%2054%20Cards%20-%2050%20-%20Codextra%20Manasser.jpg"
"RE-011607","Codextra Manasser","51","November 2022","Ron English's Area 54 - Cards / Packs","NFT / digital collectible card","Rare","8/9","Area 54 Cards - 51 - Codextra Manasser.jpg","D:\github\ron-english-nfts\area-54-cards-packs\images\Area 54 Cards - 51 - Codextra Manasser.jpg","True","cards/RE-011607.html","https://ronenglish-archive.github.io/ron-english-nfts/area-54-cards-packs/images/Area%2054%20Cards%20-%2051%20-%20Codextra%20Manasser.jpg"
"RE-011608","Codextra Manasser","52","November 2022","Ron English's Area 54 - Cards / Packs","NFT / digital collectible card","Ultra Rare","9/9","Area 54 Cards - 52 - Codextra Manasser.jpg","D:\github\ron-english-nfts\area-54-cards-packs\images\Area 54 Cards - 52 - Codextra Manasser.jpg","True","cards/RE-011608.html","https://ronenglish-archive.github.io/ron-english-nfts/area-54-cards-packs/images/Area%2054%20Cards%20-%2052%20-%20Codextra%20Manasser.jpg"
"RE-011609","Elated Xtra Terrestrial","53","November 2022","Ron English's Area 54 - Cards / Packs","NFT / digital collectible card","Uncommon","1/9","Area 54 Cards - 53 - Elated Xtra Terrestrial.jpg","D:\github\ron-english-nfts\area-54-cards-packs\images\Area 54 Cards - 53 - Elated Xtra Terrestrial.jpg","True","cards/RE-011609.html","https://ronenglish-archive.github.io/ron-english-nfts/area-54-cards-packs/images/Area%2054%20Cards%20-%2053%20-%20Elated%20Xtra%20Terrestrial.jpg"
"RE-011610","Elated Xtra Terrestrial","54","November 2022","Ron English's Area 54 - Cards / Packs","NFT / digital collectible card","Uncommon","2/9","Area 54 Cards - 54 - Elated Xtra Terrestrial.jpg","D:\github\ron-english-nfts\area-54-cards-packs\images\Area 54 Cards - 54 - Elated Xtra Terrestrial.jpg","True","cards/RE-011610.html","https://ronenglish-archive.github.io/ron-english-nfts/area-54-cards-packs/images/Area%2054%20Cards%20-%2054%20-%20Elated%20Xtra%20Terrestrial.jpg"
"RE-011611","Elated Xtra Terrestrial","55","November 2022","Ron English's Area 54 - Cards / Packs","NFT / digital collectible card","Uncommon","3/9","Area 54 Cards - 55 - Elated Xtra Terrestrial.jpg","D:\github\ron-english-nfts\area-54-cards-packs\images\Area 54 Cards - 55 - Elated Xtra Terrestrial.jpg","True","cards/RE-011611.html","https://ronenglish-archive.github.io/ron-english-nfts/area-54-cards-packs/images/Area%2054%20Cards%20-%2055%20-%20Elated%20Xtra%20Terrestrial.jpg"
"RE-011612","Elated Xtra Terrestrial","56","November 2022","Ron English's Area 54 - Cards / Packs","NFT / digital collectible card","Uncommon","4/9","Area 54 Cards - 56 - Elated Xtra Terrestrial.jpg","D:\github\ron-english-nfts\area-54-cards-packs\images\Area 54 Cards - 56 - Elated Xtra Terrestrial.jpg","True","cards/RE-011612.html","https://ronenglish-archive.github.io/ron-english-nfts/area-54-cards-packs/images/Area%2054%20Cards%20-%2056%20-%20Elated%20Xtra%20Terrestrial.jpg"
"RE-011613","Elated Xtra Terrestrial","57","November 2022","Ron English's Area 54 - Cards / Packs","NFT / digital collectible card","Rare","5/9","Area 54 Cards - 57 - Elated Xtra Terrestrial.jpg","D:\github\ron-english-nfts\area-54-cards-packs\images\Area 54 Cards - 57 - Elated Xtra Terrestrial.jpg","True","cards/RE-011613.html","https://ronenglish-archive.github.io/ron-english-nfts/area-54-cards-packs/images/Area%2054%20Cards%20-%2057%20-%20Elated%20Xtra%20Terrestrial.jpg"
"RE-011614","Elated Xtra Terrestrial","58","November 2022","Ron English's Area 54 - Cards / Packs","NFT / digital collectible card","Rare","6/9","Area 54 Cards - 58 - Elated Xtra Terrestrial.jpg","D:\github\ron-english-nfts\area-54-cards-packs\images\Area 54 Cards - 58 - Elated Xtra Terrestrial.jpg","True","cards/RE-011614.html","https://ronenglish-archive.github.io/ron-english-nfts/area-54-cards-packs/images/Area%2054%20Cards%20-%2058%20-%20Elated%20Xtra%20Terrestrial.jpg"
"RE-011615","Elated Xtra Terrestrial","59","November 2022","Ron English's Area 54 - Cards / Packs","NFT / digital collectible card","Rare","7/9","Area 54 Cards - 59 - Elated Xtra Terrestrial.jpg","D:\github\ron-english-nfts\area-54-cards-packs\images\Area 54 Cards - 59 - Elated Xtra Terrestrial.jpg","True","cards/RE-011615.html","https://ronenglish-archive.github.io/ron-english-nfts/area-54-cards-packs/images/Area%2054%20Cards%20-%2059%20-%20Elated%20Xtra%20Terrestrial.jpg"
"RE-011616","Elated Xtra Terrestrial","60","November 2022","Ron English's Area 54 - Cards / Packs","NFT / digital collectible card","Rare","8/9","Area 54 Cards - 60 - Elated Xtra Terrestrial.jpg","D:\github\ron-english-nfts\area-54-cards-packs\images\Area 54 Cards - 60 - Elated Xtra Terrestrial.jpg","True","cards/RE-011616.html","https://ronenglish-archive.github.io/ron-english-nfts/area-54-cards-packs/images/Area%2054%20Cards%20-%2060%20-%20Elated%20Xtra%20Terrestrial.jpg"
"RE-011617","Elated Xtra Terrestrial","61","November 2022","Ron English's Area 54 - Cards / Packs","NFT / digital collectible card","Ultra Rare","9/9","Area 54 Cards - 61 - Elated Xtra Terrestrial.jpg","D:\github\ron-english-nfts\area-54-cards-packs\images\Area 54 Cards - 61 - Elated Xtra Terrestrial.jpg","True","cards/RE-011617.html","https://ronenglish-archive.github.io/ron-english-nfts/area-54-cards-packs/images/Area%2054%20Cards%20-%2061%20-%20Elated%20Xtra%20Terrestrial.jpg"
"RE-011618","Grift Drifter","62","November 2022","Ron English's Area 54 - Cards / Packs","NFT / digital collectible card","Uncommon","1/9","Area 54 Cards - 62 - Grift Drifter.jpg","D:\github\ron-english-nfts\area-54-cards-packs\images\Area 54 Cards - 62 - Grift Drifter.jpg","True","cards/RE-011618.html","https://ronenglish-archive.github.io/ron-english-nfts/area-54-cards-packs/images/Area%2054%20Cards%20-%2062%20-%20Grift%20Drifter.jpg"
"RE-011619","Grift Drifter","63","November 2022","Ron English's Area 54 - Cards / Packs","NFT / digital collectible card","Uncommon","2/9","Area 54 Cards - 63 - Grift Drifter.jpg","D:\github\ron-english-nfts\area-54-cards-packs\images\Area 54 Cards - 63 - Grift Drifter.jpg","True","cards/RE-011619.html","https://ronenglish-archive.github.io/ron-english-nfts/area-54-cards-packs/images/Area%2054%20Cards%20-%2063%20-%20Grift%20Drifter.jpg"
"RE-011620","Grift Drifter","64","November 2022","Ron English's Area 54 - Cards / Packs","NFT / digital collectible card","Uncommon","3/9","Area 54 Cards - 64 - Grift Drifter.jpg","D:\github\ron-english-nfts\area-54-cards-packs\images\Area 54 Cards - 64 - Grift Drifter.jpg","True","cards/RE-011620.html","https://ronenglish-archive.github.io/ron-english-nfts/area-54-cards-packs/images/Area%2054%20Cards%20-%2064%20-%20Grift%20Drifter.jpg"
"RE-011621","Grift Drifter","65","November 2022","Ron English's Area 54 - Cards / Packs","NFT / digital collectible card","Uncommon","4/9","Area 54 Cards - 65 - Grift Drifter.jpg","D:\github\ron-english-nfts\area-54-cards-packs\images\Area 54 Cards - 65 - Grift Drifter.jpg","True","cards/RE-011621.html","https://ronenglish-archive.github.io/ron-english-nfts/area-54-cards-packs/images/Area%2054%20Cards%20-%2065%20-%20Grift%20Drifter.jpg"
"RE-011622","Grift Drifter","66","November 2022","Ron English's Area 54 - Cards / Packs","NFT / digital collectible card","Rare","5/9","Area 54 Cards - 66 - Grift Drifter.jpg","D:\github\ron-english-nfts\area-54-cards-packs\images\Area 54 Cards - 66 - Grift Drifter.jpg","True","cards/RE-011622.html","https://ronenglish-archive.github.io/ron-english-nfts/area-54-cards-packs/images/Area%2054%20Cards%20-%2066%20-%20Grift%20Drifter.jpg"
"RE-011623","Grift Drifter","67","November 2022","Ron English's Area 54 - Cards / Packs","NFT / digital collectible card","Rare","6/9","Area 54 Cards - 67 - Grift Drifter.jpg","D:\github\ron-english-nfts\area-54-cards-packs\images\Area 54 Cards - 67 - Grift Drifter.jpg","True","cards/RE-011623.html","https://ronenglish-archive.github.io/ron-english-nfts/area-54-cards-packs/images/Area%2054%20Cards%20-%2067%20-%20Grift%20Drifter.jpg"
"RE-011624","Grift Drifter","68","November 2022","Ron English's Area 54 - Cards / Packs","NFT / digital collectible card","Rare","7/9","Area 54 Cards - 68 - Grift Drifter.jpg","D:\github\ron-english-nfts\area-54-cards-packs\images\Area 54 Cards - 68 - Grift Drifter.jpg","True","cards/RE-011624.html","https://ronenglish-archive.github.io/ron-english-nfts/area-54-cards-packs/images/Area%2054%20Cards%20-%2068%20-%20Grift%20Drifter.jpg"
"RE-011625","Grift Drifter","69","November 2022","Ron English's Area 54 - Cards / Packs","NFT / digital collectible card","Rare","8/9","Area 54 Cards - 69 - Grift Drifter.jpg","D:\github\ron-english-nfts\area-54-cards-packs\images\Area 54 Cards - 69 - Grift Drifter.jpg","True","cards/RE-011625.html","https://ronenglish-archive.github.io/ron-english-nfts/area-54-cards-packs/images/Area%2054%20Cards%20-%2069%20-%20Grift%20Drifter.jpg"
"RE-011626","Grift Drifter","70","November 2022","Ron English's Area 54 - Cards / Packs","NFT / digital collectible card","Ultra Rare","9/9","Area 54 Cards - 70 - Grift Drifter.jpg","D:\github\ron-english-nfts\area-54-cards-packs\images\Area 54 Cards - 70 - Grift Drifter.jpg","True","cards/RE-011626.html","https://ronenglish-archive.github.io/ron-english-nfts/area-54-cards-packs/images/Area%2054%20Cards%20-%2070%20-%20Grift%20Drifter.jpg"
"RE-011627","Remora Rabbbit","71","November 2022","Ron English's Area 54 - Cards / Packs","NFT / digital collectible card","Uncommon","1/9","Area 54 Cards - 71 - Remora Rabbbit.jpg","D:\github\ron-english-nfts\area-54-cards-packs\images\Area 54 Cards - 71 - Remora Rabbbit.jpg","True","cards/RE-011627.html","https://ronenglish-archive.github.io/ron-english-nfts/area-54-cards-packs/images/Area%2054%20Cards%20-%2071%20-%20Remora%20Rabbbit.jpg"
"RE-011628","Remora Rabbbit","72","November 2022","Ron English's Area 54 - Cards / Packs","NFT / digital collectible card","Uncommon","2/9","Area 54 Cards - 72 - Remora Rabbbit.jpg","D:\github\ron-english-nfts\area-54-cards-packs\images\Area 54 Cards - 72 - Remora Rabbbit.jpg","True","cards/RE-011628.html","https://ronenglish-archive.github.io/ron-english-nfts/area-54-cards-packs/images/Area%2054%20Cards%20-%2072%20-%20Remora%20Rabbbit.jpg"
"RE-011629","Remora Rabbbit","73","November 2022","Ron English's Area 54 - Cards / Packs","NFT / digital collectible card","Uncommon","3/9","Area 54 Cards - 73 - Remora Rabbbit.jpg","D:\github\ron-english-nfts\area-54-cards-packs\images\Area 54 Cards - 73 - Remora Rabbbit.jpg","True","cards/RE-011629.html","https://ronenglish-archive.github.io/ron-english-nfts/area-54-cards-packs/images/Area%2054%20Cards%20-%2073%20-%20Remora%20Rabbbit.jpg"
"RE-011630","Remora Rabbbit","74","November 2022","Ron English's Area 54 - Cards / Packs","NFT / digital collectible card","Uncommon","4/9","Area 54 Cards - 74 - Remora Rabbbit.jpg","D:\github\ron-english-nfts\area-54-cards-packs\images\Area 54 Cards - 74 - Remora Rabbbit.jpg","True","cards/RE-011630.html","https://ronenglish-archive.github.io/ron-english-nfts/area-54-cards-packs/images/Area%2054%20Cards%20-%2074%20-%20Remora%20Rabbbit.jpg"
"RE-011631","Remora Rabbbit","75","November 2022","Ron English's Area 54 - Cards / Packs","NFT / digital collectible card","Rare","5/9","Area 54 Cards - 75 - Remora Rabbbit.jpg","D:\github\ron-english-nfts\area-54-cards-packs\images\Area 54 Cards - 75 - Remora Rabbbit.jpg","True","cards/RE-011631.html","https://ronenglish-archive.github.io/ron-english-nfts/area-54-cards-packs/images/Area%2054%20Cards%20-%2075%20-%20Remora%20Rabbbit.jpg"
"RE-011632","Remora Rabbbit","76","November 2022","Ron English's Area 54 - Cards / Packs","NFT / digital collectible card","Rare","6/9","Area 54 Cards - 76 - Remora Rabbbit.jpg","D:\github\ron-english-nfts\area-54-cards-packs\images\Area 54 Cards - 76 - Remora Rabbbit.jpg","True","cards/RE-011632.html","https://ronenglish-archive.github.io/ron-english-nfts/area-54-cards-packs/images/Area%2054%20Cards%20-%2076%20-%20Remora%20Rabbbit.jpg"
"RE-011633","Remora Rabbbit","77","November 2022","Ron English's Area 54 - Cards / Packs","NFT / digital collectible card","Rare","7/9","Area 54 Cards - 77 - Remora Rabbbit.jpg","D:\github\ron-english-nfts\area-54-cards-packs\images\Area 54 Cards - 77 - Remora Rabbbit.jpg","True","cards/RE-011633.html","https://ronenglish-archive.github.io/ron-english-nfts/area-54-cards-packs/images/Area%2054%20Cards%20-%2077%20-%20Remora%20Rabbbit.jpg"
"RE-011634","Remora Rabbbit","78","November 2022","Ron English's Area 54 - Cards / Packs","NFT / digital collectible card","Rare","8/9","Area 54 Cards - 78 - Remora Rabbbit.jpg","D:\github\ron-english-nfts\area-54-cards-packs\images\Area 54 Cards - 78 - Remora Rabbbit.jpg","True","cards/RE-011634.html","https://ronenglish-archive.github.io/ron-english-nfts/area-54-cards-packs/images/Area%2054%20Cards%20-%2078%20-%20Remora%20Rabbbit.jpg"
"RE-011635","Remora Rabbbit","79","November 2022","Ron English's Area 54 - Cards / Packs","NFT / digital collectible card","Ultra Rare","9/9","Area 54 Cards - 79 - Remora Rabbbit.jpg","D:\github\ron-english-nfts\area-54-cards-packs\images\Area 54 Cards - 79 - Remora Rabbbit.jpg","True","cards/RE-011635.html","https://ronenglish-archive.github.io/ron-english-nfts/area-54-cards-packs/images/Area%2054%20Cards%20-%2079%20-%20Remora%20Rabbbit.jpg"
"RE-011636","Zerk Zuckzurd","80","November 2022","Ron English's Area 54 - Cards / Packs","NFT / digital collectible card","Uncommon","1/9","Area 54 Cards - 80 - Zerk Zuckzurd.jpg","D:\github\ron-english-nfts\area-54-cards-packs\images\Area 54 Cards - 80 - Zerk Zuckzurd.jpg","True","cards/RE-011636.html","https://ronenglish-archive.github.io/ron-english-nfts/area-54-cards-packs/images/Area%2054%20Cards%20-%2080%20-%20Zerk%20Zuckzurd.jpg"
"RE-011637","Zerk Zuckzurd","81","November 2022","Ron English's Area 54 - Cards / Packs","NFT / digital collectible card","Uncommon","2/9","Area 54 Cards - 81 - Zerk Zuckzurd.jpg","D:\github\ron-english-nfts\area-54-cards-packs\images\Area 54 Cards - 81 - Zerk Zuckzurd.jpg","True","cards/RE-011637.html","https://ronenglish-archive.github.io/ron-english-nfts/area-54-cards-packs/images/Area%2054%20Cards%20-%2081%20-%20Zerk%20Zuckzurd.jpg"
"RE-011638","Zerk Zuckzurd","82","November 2022","Ron English's Area 54 - Cards / Packs","NFT / digital collectible card","Uncommon","3/9","Area 54 Cards - 82 - Zerk Zuckzurd.jpg","D:\github\ron-english-nfts\area-54-cards-packs\images\Area 54 Cards - 82 - Zerk Zuckzurd.jpg","True","cards/RE-011638.html","https://ronenglish-archive.github.io/ron-english-nfts/area-54-cards-packs/images/Area%2054%20Cards%20-%2082%20-%20Zerk%20Zuckzurd.jpg"
"RE-011639","Zerk Zuckzurd","83","November 2022","Ron English's Area 54 - Cards / Packs","NFT / digital collectible card","Uncommon","4/9","Area 54 Cards - 83 - Zerk Zuckzurd.jpg","D:\github\ron-english-nfts\area-54-cards-packs\images\Area 54 Cards - 83 - Zerk Zuckzurd.jpg","True","cards/RE-011639.html","https://ronenglish-archive.github.io/ron-english-nfts/area-54-cards-packs/images/Area%2054%20Cards%20-%2083%20-%20Zerk%20Zuckzurd.jpg"
"RE-011640","Zerk Zuckzurd","84","November 2022","Ron English's Area 54 - Cards / Packs","NFT / digital collectible card","Rare","5/9","Area 54 Cards - 84 - Zerk Zuckzurd.jpg","D:\github\ron-english-nfts\area-54-cards-packs\images\Area 54 Cards - 84 - Zerk Zuckzurd.jpg","True","cards/RE-011640.html","https://ronenglish-archive.github.io/ron-english-nfts/area-54-cards-packs/images/Area%2054%20Cards%20-%2084%20-%20Zerk%20Zuckzurd.jpg"
"RE-011641","Zerk Zuckzurd","85","November 2022","Ron English's Area 54 - Cards / Packs","NFT / digital collectible card","Rare","6/9","Area 54 Cards - 85 - Zerk Zuckzurd.jpg","D:\github\ron-english-nfts\area-54-cards-packs\images\Area 54 Cards - 85 - Zerk Zuckzurd.jpg","True","cards/RE-011641.html","https://ronenglish-archive.github.io/ron-english-nfts/area-54-cards-packs/images/Area%2054%20Cards%20-%2085%20-%20Zerk%20Zuckzurd.jpg"
"RE-011642","Zerk Zuckzurd","86","November 2022","Ron English's Area 54 - Cards / Packs","NFT / digital collectible card","Rare","7/9","Area 54 Cards - 86 - Zerk Zuckzurd.jpg","D:\github\ron-english-nfts\area-54-cards-packs\images\Area 54 Cards - 86 - Zerk Zuckzurd.jpg","True","cards/RE-011642.html","https://ronenglish-archive.github.io/ron-english-nfts/area-54-cards-packs/images/Area%2054%20Cards%20-%2086%20-%20Zerk%20Zuckzurd.jpg"
"RE-011643","Zerk Zuckzurd","87","November 2022","Ron English's Area 54 - Cards / Packs","NFT / digital collectible card","Rare","8/9","Area 54 Cards - 87 - Zerk Zuckzurd.jpg","D:\github\ron-english-nfts\area-54-cards-packs\images\Area 54 Cards - 87 - Zerk Zuckzurd.jpg","True","cards/RE-011643.html","https://ronenglish-archive.github.io/ron-english-nfts/area-54-cards-packs/images/Area%2054%20Cards%20-%2087%20-%20Zerk%20Zuckzurd.jpg"
"RE-011644","Zerk Zuckzurd","88","November 2022","Ron English's Area 54 - Cards / Packs","NFT / digital collectible card","Ultra Rare","9/9","Area 54 Cards - 88 - Zerk Zuckzurd.jpg","D:\github\ron-english-nfts\area-54-cards-packs\images\Area 54 Cards - 88 - Zerk Zuckzurd.jpg","True","cards/RE-011644.html","https://ronenglish-archive.github.io/ron-english-nfts/area-54-cards-packs/images/Area%2054%20Cards%20-%2088%20-%20Zerk%20Zuckzurd.jpg"
"RE-011645","Fuelatron Jellybone","89","November 2022","Ron English's Area 54 - Cards / Packs","NFT / digital collectible card","Uncommon","1/10","Area 54 Cards - 89 - Fuelatron Jellybone.jpg","D:\github\ron-english-nfts\area-54-cards-packs\images\Area 54 Cards - 89 - Fuelatron Jellybone.jpg","True","cards/RE-011645.html","https://ronenglish-archive.github.io/ron-english-nfts/area-54-cards-packs/images/Area%2054%20Cards%20-%2089%20-%20Fuelatron%20Jellybone.jpg"
"RE-011646","Fuelatron Jellybone","90","November 2022","Ron English's Area 54 - Cards / Packs","NFT / digital collectible card","Uncommon","2/10","Area 54 Cards - 90 - Fuelatron Jellybone.jpg","D:\github\ron-english-nfts\area-54-cards-packs\images\Area 54 Cards - 90 - Fuelatron Jellybone.jpg","True","cards/RE-011646.html","https://ronenglish-archive.github.io/ron-english-nfts/area-54-cards-packs/images/Area%2054%20Cards%20-%2090%20-%20Fuelatron%20Jellybone.jpg"
"RE-011647","Fuelatron Jellybone","91","November 2022","Ron English's Area 54 - Cards / Packs","NFT / digital collectible card","Uncommon","3/10","Area 54 Cards - 91 - Fuelatron Jellybone.jpg","D:\github\ron-english-nfts\area-54-cards-packs\images\Area 54 Cards - 91 - Fuelatron Jellybone.jpg","True","cards/RE-011647.html","https://ronenglish-archive.github.io/ron-english-nfts/area-54-cards-packs/images/Area%2054%20Cards%20-%2091%20-%20Fuelatron%20Jellybone.jpg"
"RE-011648","Fuelatron Jellybone","92","November 2022","Ron English's Area 54 - Cards / Packs","NFT / digital collectible card","Uncommon","4/10","Area 54 Cards - 92 - Fuelatron Jellybone.jpg","D:\github\ron-english-nfts\area-54-cards-packs\images\Area 54 Cards - 92 - Fuelatron Jellybone.jpg","True","cards/RE-011648.html","https://ronenglish-archive.github.io/ron-english-nfts/area-54-cards-packs/images/Area%2054%20Cards%20-%2092%20-%20Fuelatron%20Jellybone.jpg"
"RE-011649","Fuelatron Jellybone","93","November 2022","Ron English's Area 54 - Cards / Packs","NFT / digital collectible card","Uncommon","5/10","Area 54 Cards - 93 - Fuelatron Jellybone.jpg","D:\github\ron-english-nfts\area-54-cards-packs\images\Area 54 Cards - 93 - Fuelatron Jellybone.jpg","True","cards/RE-011649.html","https://ronenglish-archive.github.io/ron-english-nfts/area-54-cards-packs/images/Area%2054%20Cards%20-%2093%20-%20Fuelatron%20Jellybone.jpg"
"RE-011650","Fuelatron Jellybone","94","November 2022","Ron English's Area 54 - Cards / Packs","NFT / digital collectible card","Rare","6/10","Area 54 Cards - 94 - Fuelatron Jellybone.jpg","D:\github\ron-english-nfts\area-54-cards-packs\images\Area 54 Cards - 94 - Fuelatron Jellybone.jpg","True","cards/RE-011650.html","https://ronenglish-archive.github.io/ron-english-nfts/area-54-cards-packs/images/Area%2054%20Cards%20-%2094%20-%20Fuelatron%20Jellybone.jpg"
"RE-011651","Fuelatron Jellybone","95","November 2022","Ron English's Area 54 - Cards / Packs","NFT / digital collectible card","Rare","7/10","Area 54 Cards - 95 - Fuelatron Jellybone.jpg","D:\github\ron-english-nfts\area-54-cards-packs\images\Area 54 Cards - 95 - Fuelatron Jellybone.jpg","True","cards/RE-011651.html","https://ronenglish-archive.github.io/ron-english-nfts/area-54-cards-packs/images/Area%2054%20Cards%20-%2095%20-%20Fuelatron%20Jellybone.jpg"
"RE-011652","Fuelatron Jellybone","96","November 2022","Ron English's Area 54 - Cards / Packs","NFT / digital collectible card","Rare","8/10","Area 54 Cards - 96 - Fuelatron Jellybone.jpg","D:\github\ron-english-nfts\area-54-cards-packs\images\Area 54 Cards - 96 - Fuelatron Jellybone.jpg","True","cards/RE-011652.html","https://ronenglish-archive.github.io/ron-english-nfts/area-54-cards-packs/images/Area%2054%20Cards%20-%2096%20-%20Fuelatron%20Jellybone.jpg"
"RE-011653","Fuelatron Jellybone","97","November 2022","Ron English's Area 54 - Cards / Packs","NFT / digital collectible card","Rare","9/10","Area 54 Cards - 97 - Fuelatron Jellybone.jpg","D:\github\ron-english-nfts\area-54-cards-packs\images\Area 54 Cards - 97 - Fuelatron Jellybone.jpg","True","cards/RE-011653.html","https://ronenglish-archive.github.io/ron-english-nfts/area-54-cards-packs/images/Area%2054%20Cards%20-%2097%20-%20Fuelatron%20Jellybone.jpg"
"RE-011654","Fuelatron Jellybone","98","November 2022","Ron English's Area 54 - Cards / Packs","NFT / digital collectible card","Ultra Rare","10/10","Area 54 Cards - 98 - Fuelatron Jellybone.jpg","D:\github\ron-english-nfts\area-54-cards-packs\images\Area 54 Cards - 98 - Fuelatron Jellybone.jpg","True","cards/RE-011654.html","https://ronenglish-archive.github.io/ron-english-nfts/area-54-cards-packs/images/Area%2054%20Cards%20-%2098%20-%20Fuelatron%20Jellybone.jpg"
"RE-011655","Cosmo Titian","99","November 2022","Ron English's Area 54 - Cards / Packs","NFT / digital collectible card","Uncommon","1/13","Area 54 Cards - 99 - Cosmo Titian.jpg","D:\github\ron-english-nfts\area-54-cards-packs\images\Area 54 Cards - 99 - Cosmo Titian.jpg","True","cards/RE-011655.html","https://ronenglish-archive.github.io/ron-english-nfts/area-54-cards-packs/images/Area%2054%20Cards%20-%2099%20-%20Cosmo%20Titian.jpg"
"RE-011656","Cosmo Titian","100","November 2022","Ron English's Area 54 - Cards / Packs","NFT / digital collectible card","Uncommon","2/13","Area 54 Cards - 100 - Cosmo Titian.jpg","D:\github\ron-english-nfts\area-54-cards-packs\images\Area 54 Cards - 100 - Cosmo Titian.jpg","True","cards/RE-011656.html","https://ronenglish-archive.github.io/ron-english-nfts/area-54-cards-packs/images/Area%2054%20Cards%20-%20100%20-%20Cosmo%20Titian.jpg"
"RE-011657","Cosmo Titian","101","November 2022","Ron English's Area 54 - Cards / Packs","NFT / digital collectible card","Uncommon","3/13","Area 54 Cards - 101 - Cosmo Titian.jpg","D:\github\ron-english-nfts\area-54-cards-packs\images\Area 54 Cards - 101 - Cosmo Titian.jpg","True","cards/RE-011657.html","https://ronenglish-archive.github.io/ron-english-nfts/area-54-cards-packs/images/Area%2054%20Cards%20-%20101%20-%20Cosmo%20Titian.jpg"
"RE-011658","Cosmo Titian","102","November 2022","Ron English's Area 54 - Cards / Packs","NFT / digital collectible card","Uncommon","4/13","Area 54 Cards - 102 - Cosmo Titian.jpg","D:\github\ron-english-nfts\area-54-cards-packs\images\Area 54 Cards - 102 - Cosmo Titian.jpg","True","cards/RE-011658.html","https://ronenglish-archive.github.io/ron-english-nfts/area-54-cards-packs/images/Area%2054%20Cards%20-%20102%20-%20Cosmo%20Titian.jpg"
"RE-011659","Cosmo Titian","103","November 2022","Ron English's Area 54 - Cards / Packs","NFT / digital collectible card","Uncommon","5/13","Area 54 Cards - 103 - Cosmo Titian.jpg","D:\github\ron-english-nfts\area-54-cards-packs\images\Area 54 Cards - 103 - Cosmo Titian.jpg","True","cards/RE-011659.html","https://ronenglish-archive.github.io/ron-english-nfts/area-54-cards-packs/images/Area%2054%20Cards%20-%20103%20-%20Cosmo%20Titian.jpg"
"RE-011660","Cosmo Titian","104","November 2022","Ron English's Area 54 - Cards / Packs","NFT / digital collectible card","Uncommon","6/13","Area 54 Cards - 104 - Cosmo Titian.jpg","D:\github\ron-english-nfts\area-54-cards-packs\images\Area 54 Cards - 104 - Cosmo Titian.jpg","True","cards/RE-011660.html","https://ronenglish-archive.github.io/ron-english-nfts/area-54-cards-packs/images/Area%2054%20Cards%20-%20104%20-%20Cosmo%20Titian.jpg"
"RE-011661","Cosmo Titian","105","November 2022","Ron English's Area 54 - Cards / Packs","NFT / digital collectible card","Uncommon","7/13","Area 54 Cards - 105 - Cosmo Titian.jpg","D:\github\ron-english-nfts\area-54-cards-packs\images\Area 54 Cards - 105 - Cosmo Titian.jpg","True","cards/RE-011661.html","https://ronenglish-archive.github.io/ron-english-nfts/area-54-cards-packs/images/Area%2054%20Cards%20-%20105%20-%20Cosmo%20Titian.jpg"
"RE-011662","Cosmo Titian","106","November 2022","Ron English's Area 54 - Cards / Packs","NFT / digital collectible card","Uncommon","8/13","Area 54 Cards - 106 - Cosmo Titian.jpg","D:\github\ron-english-nfts\area-54-cards-packs\images\Area 54 Cards - 106 - Cosmo Titian.jpg","True","cards/RE-011662.html","https://ronenglish-archive.github.io/ron-english-nfts/area-54-cards-packs/images/Area%2054%20Cards%20-%20106%20-%20Cosmo%20Titian.jpg"
"RE-011663","Cosmo Titian","107","November 2022","Ron English's Area 54 - Cards / Packs","NFT / digital collectible card","Rare","9/13","Area 54 Cards - 107 - Cosmo Titian.jpg","D:\github\ron-english-nfts\area-54-cards-packs\images\Area 54 Cards - 107 - Cosmo Titian.jpg","True","cards/RE-011663.html","https://ronenglish-archive.github.io/ron-english-nfts/area-54-cards-packs/images/Area%2054%20Cards%20-%20107%20-%20Cosmo%20Titian.jpg"
"RE-011664","Cosmo Titian","108","November 2022","Ron English's Area 54 - Cards / Packs","NFT / digital collectible card","Rare","10/13","Area 54 Cards - 108 - Cosmo Titian.jpg","D:\github\ron-english-nfts\area-54-cards-packs\images\Area 54 Cards - 108 - Cosmo Titian.jpg","True","cards/RE-011664.html","https://ronenglish-archive.github.io/ron-english-nfts/area-54-cards-packs/images/Area%2054%20Cards%20-%20108%20-%20Cosmo%20Titian.jpg"
"RE-011665","Cosmo Titian","109","November 2022","Ron English's Area 54 - Cards / Packs","NFT / digital collectible card","Rare","11/13","Area 54 Cards - 109 - Cosmo Titian.jpg","D:\github\ron-english-nfts\area-54-cards-packs\images\Area 54 Cards - 109 - Cosmo Titian.jpg","True","cards/RE-011665.html","https://ronenglish-archive.github.io/ron-english-nfts/area-54-cards-packs/images/Area%2054%20Cards%20-%20109%20-%20Cosmo%20Titian.jpg"
"RE-011666","Cosmo Titian","110","November 2022","Ron English's Area 54 - Cards / Packs","NFT / digital collectible card","Rare","12/13","Area 54 Cards - 110 - Cosmo Titian.jpg","D:\github\ron-english-nfts\area-54-cards-packs\images\Area 54 Cards - 110 - Cosmo Titian.jpg","True","cards/RE-011666.html","https://ronenglish-archive.github.io/ron-english-nfts/area-54-cards-packs/images/Area%2054%20Cards%20-%20110%20-%20Cosmo%20Titian.jpg"
"RE-011667","Cosmo Titian","111","November 2022","Ron English's Area 54 - Cards / Packs","NFT / digital collectible card","Ultra Rare","13/13","Area 54 Cards - 111 - Cosmo Titian.jpg","D:\github\ron-english-nfts\area-54-cards-packs\images\Area 54 Cards - 111 - Cosmo Titian.jpg","True","cards/RE-011667.html","https://ronenglish-archive.github.io/ron-english-nfts/area-54-cards-packs/images/Area%2054%20Cards%20-%20111%20-%20Cosmo%20Titian.jpg"
"RE-011668","Demi Mondaine","112","November 2022","Ron English's Area 54 - Cards / Packs","NFT / digital collectible card","Uncommon","1/9","Area 54 Cards - 112 - Demi Mondaine.jpg","D:\github\ron-english-nfts\area-54-cards-packs\images\Area 54 Cards - 112 - Demi Mondaine.jpg","True","cards/RE-011668.html","https://ronenglish-archive.github.io/ron-english-nfts/area-54-cards-packs/images/Area%2054%20Cards%20-%20112%20-%20Demi%20Mondaine.jpg"
"RE-011669","Demi Mondaine","113","November 2022","Ron English's Area 54 - Cards / Packs","NFT / digital collectible card","Uncommon","2/9","Area 54 Cards - 113 - Demi Mondaine.jpg","D:\github\ron-english-nfts\area-54-cards-packs\images\Area 54 Cards - 113 - Demi Mondaine.jpg","True","cards/RE-011669.html","https://ronenglish-archive.github.io/ron-english-nfts/area-54-cards-packs/images/Area%2054%20Cards%20-%20113%20-%20Demi%20Mondaine.jpg"
"RE-011670","Demi Mondaine","114","November 2022","Ron English's Area 54 - Cards / Packs","NFT / digital collectible card","Uncommon","3/9","Area 54 Cards - 114 - Demi Mondaine.jpg","D:\github\ron-english-nfts\area-54-cards-packs\images\Area 54 Cards - 114 - Demi Mondaine.jpg","True","cards/RE-011670.html","https://ronenglish-archive.github.io/ron-english-nfts/area-54-cards-packs/images/Area%2054%20Cards%20-%20114%20-%20Demi%20Mondaine.jpg"
"RE-011671","Demi Mondaine","115","November 2022","Ron English's Area 54 - Cards / Packs","NFT / digital collectible card","Uncommon","4/9","Area 54 Cards - 115 - Demi Mondaine.jpg","D:\github\ron-english-nfts\area-54-cards-packs\images\Area 54 Cards - 115 - Demi Mondaine.jpg","True","cards/RE-011671.html","https://ronenglish-archive.github.io/ron-english-nfts/area-54-cards-packs/images/Area%2054%20Cards%20-%20115%20-%20Demi%20Mondaine.jpg"
"RE-011672","Demi Mondaine","116","November 2022","Ron English's Area 54 - Cards / Packs","NFT / digital collectible card","Rare","5/9","Area 54 Cards - 116 - Demi Mondaine.jpg","D:\github\ron-english-nfts\area-54-cards-packs\images\Area 54 Cards - 116 - Demi Mondaine.jpg","True","cards/RE-011672.html","https://ronenglish-archive.github.io/ron-english-nfts/area-54-cards-packs/images/Area%2054%20Cards%20-%20116%20-%20Demi%20Mondaine.jpg"
"RE-011673","Demi Mondaine","117","November 2022","Ron English's Area 54 - Cards / Packs","NFT / digital collectible card","Rare","6/9","Area 54 Cards - 117 - Demi Mondaine.jpg","D:\github\ron-english-nfts\area-54-cards-packs\images\Area 54 Cards - 117 - Demi Mondaine.jpg","True","cards/RE-011673.html","https://ronenglish-archive.github.io/ron-english-nfts/area-54-cards-packs/images/Area%2054%20Cards%20-%20117%20-%20Demi%20Mondaine.jpg"
"RE-011674","Demi Mondaine","118","November 2022","Ron English's Area 54 - Cards / Packs","NFT / digital collectible card","Rare","7/9","Area 54 Cards - 118 - Demi Mondaine.jpg","D:\github\ron-english-nfts\area-54-cards-packs\images\Area 54 Cards - 118 - Demi Mondaine.jpg","True","cards/RE-011674.html","https://ronenglish-archive.github.io/ron-english-nfts/area-54-cards-packs/images/Area%2054%20Cards%20-%20118%20-%20Demi%20Mondaine.jpg"
"RE-011675","Demi Mondaine","119","November 2022","Ron English's Area 54 - Cards / Packs","NFT / digital collectible card","Rare","8/9","Area 54 Cards - 119 - Demi Mondaine.jpg","D:\github\ron-english-nfts\area-54-cards-packs\images\Area 54 Cards - 119 - Demi Mondaine.jpg","True","cards/RE-011675.html","https://ronenglish-archive.github.io/ron-english-nfts/area-54-cards-packs/images/Area%2054%20Cards%20-%20119%20-%20Demi%20Mondaine.jpg"
"RE-011676","Demi Mondaine","120","November 2022","Ron English's Area 54 - Cards / Packs","NFT / digital collectible card","Ultra Rare","9/9","Area 54 Cards - 120 - Demi Mondaine.jpg","D:\github\ron-english-nfts\area-54-cards-packs\images\Area 54 Cards - 120 - Demi Mondaine.jpg","True","cards/RE-011676.html","https://ronenglish-archive.github.io/ron-english-nfts/area-54-cards-packs/images/Area%2054%20Cards%20-%20120%20-%20Demi%20Mondaine.jpg"
"RE-011677","Aerospam Demotron","121","November 2022","Ron English's Area 54 - Cards / Packs","NFT / digital collectible card","Uncommon","1/9","Area 54 Cards - 121 - Aerospam Demotron.jpg","D:\github\ron-english-nfts\area-54-cards-packs\images\Area 54 Cards - 121 - Aerospam Demotron.jpg","True","cards/RE-011677.html","https://ronenglish-archive.github.io/ron-english-nfts/area-54-cards-packs/images/Area%2054%20Cards%20-%20121%20-%20Aerospam%20Demotron.jpg"
"RE-011678","Aerospam Demotron","122","November 2022","Ron English's Area 54 - Cards / Packs","NFT / digital collectible card","Uncommon","2/9","Area 54 Cards - 122 - Aerospam Demotron.jpg","D:\github\ron-english-nfts\area-54-cards-packs\images\Area 54 Cards - 122 - Aerospam Demotron.jpg","True","cards/RE-011678.html","https://ronenglish-archive.github.io/ron-english-nfts/area-54-cards-packs/images/Area%2054%20Cards%20-%20122%20-%20Aerospam%20Demotron.jpg"
"RE-011679","Aerospam Demotron","123","November 2022","Ron English's Area 54 - Cards / Packs","NFT / digital collectible card","Uncommon","3/9","Area 54 Cards - 123 - Aerospam Demotron.jpg","D:\github\ron-english-nfts\area-54-cards-packs\images\Area 54 Cards - 123 - Aerospam Demotron.jpg","True","cards/RE-011679.html","https://ronenglish-archive.github.io/ron-english-nfts/area-54-cards-packs/images/Area%2054%20Cards%20-%20123%20-%20Aerospam%20Demotron.jpg"
"RE-011680","Aerospam Demotron","124","November 2022","Ron English's Area 54 - Cards / Packs","NFT / digital collectible card","Uncommon","4/9","Area 54 Cards - 124 - Aerospam Demotron.jpg","D:\github\ron-english-nfts\area-54-cards-packs\images\Area 54 Cards - 124 - Aerospam Demotron.jpg","True","cards/RE-011680.html","https://ronenglish-archive.github.io/ron-english-nfts/area-54-cards-packs/images/Area%2054%20Cards%20-%20124%20-%20Aerospam%20Demotron.jpg"
"RE-011681","Aerospam Demotron","125","November 2022","Ron English's Area 54 - Cards / Packs","NFT / digital collectible card","Rare","5/9","Area 54 Cards - 125 - Aerospam Demotron.jpg","D:\github\ron-english-nfts\area-54-cards-packs\images\Area 54 Cards - 125 - Aerospam Demotron.jpg","True","cards/RE-011681.html","https://ronenglish-archive.github.io/ron-english-nfts/area-54-cards-packs/images/Area%2054%20Cards%20-%20125%20-%20Aerospam%20Demotron.jpg"
"RE-011682","Aerospam Demotron","126","November 2022","Ron English's Area 54 - Cards / Packs","NFT / digital collectible card","Rare","6/9","Area 54 Cards - 126 - Aerospam Demotron.jpg","D:\github\ron-english-nfts\area-54-cards-packs\images\Area 54 Cards - 126 - Aerospam Demotron.jpg","True","cards/RE-011682.html","https://ronenglish-archive.github.io/ron-english-nfts/area-54-cards-packs/images/Area%2054%20Cards%20-%20126%20-%20Aerospam%20Demotron.jpg"
"RE-011683","Aerospam Demotron","127","November 2022","Ron English's Area 54 - Cards / Packs","NFT / digital collectible card","Rare","7/9","Area 54 Cards - 127 - Aerospam Demotron.jpg","D:\github\ron-english-nfts\area-54-cards-packs\images\Area 54 Cards - 127 - Aerospam Demotron.jpg","True","cards/RE-011683.html","https://ronenglish-archive.github.io/ron-english-nfts/area-54-cards-packs/images/Area%2054%20Cards%20-%20127%20-%20Aerospam%20Demotron.jpg"
"RE-011684","Aerospam Demotron","128","November 2022","Ron English's Area 54 - Cards / Packs","NFT / digital collectible card","Rare","8/9","Area 54 Cards - 128 - Aerospam Demotron.jpg","D:\github\ron-english-nfts\area-54-cards-packs\images\Area 54 Cards - 128 - Aerospam Demotron.jpg","True","cards/RE-011684.html","https://ronenglish-archive.github.io/ron-english-nfts/area-54-cards-packs/images/Area%2054%20Cards%20-%20128%20-%20Aerospam%20Demotron.jpg"
"RE-011685","Aerospam Demotron","129","November 2022","Ron English's Area 54 - Cards / Packs","NFT / digital collectible card","Ultra Rare","9/9","Area 54 Cards - 129 - Aerospam Demotron.jpg","D:\github\ron-english-nfts\area-54-cards-packs\images\Area 54 Cards - 129 - Aerospam Demotron.jpg","True","cards/RE-011685.html","https://ronenglish-archive.github.io/ron-english-nfts/area-54-cards-packs/images/Area%2054%20Cards%20-%20129%20-%20Aerospam%20Demotron.jpg"
"RE-011686","Scrabismus Estropian","130","November 2022","Ron English's Area 54 - Cards / Packs","NFT / digital collectible card","Uncommon","1/9","Area 54 Cards - 130 - Scrabismus Estropian.jpg","D:\github\ron-english-nfts\area-54-cards-packs\images\Area 54 Cards - 130 - Scrabismus Estropian.jpg","True","cards/RE-011686.html","https://ronenglish-archive.github.io/ron-english-nfts/area-54-cards-packs/images/Area%2054%20Cards%20-%20130%20-%20Scrabismus%20Estropian.jpg"
"RE-011687","Scrabismus Estropian","131","November 2022","Ron English's Area 54 - Cards / Packs","NFT / digital collectible card","Uncommon","2/9","Area 54 Cards - 131 - Scrabismus Estropian.jpg","D:\github\ron-english-nfts\area-54-cards-packs\images\Area 54 Cards - 131 - Scrabismus Estropian.jpg","True","cards/RE-011687.html","https://ronenglish-archive.github.io/ron-english-nfts/area-54-cards-packs/images/Area%2054%20Cards%20-%20131%20-%20Scrabismus%20Estropian.jpg"
"RE-011688","Scrabismus Estropian","132","November 2022","Ron English's Area 54 - Cards / Packs","NFT / digital collectible card","Uncommon","3/9","Area 54 Cards - 132 - Scrabismus Estropian.jpg","D:\github\ron-english-nfts\area-54-cards-packs\images\Area 54 Cards - 132 - Scrabismus Estropian.jpg","True","cards/RE-011688.html","https://ronenglish-archive.github.io/ron-english-nfts/area-54-cards-packs/images/Area%2054%20Cards%20-%20132%20-%20Scrabismus%20Estropian.jpg"
"RE-011689","Scrabismus Estropian","133","November 2022","Ron English's Area 54 - Cards / Packs","NFT / digital collectible card","Uncommon","4/9","Area 54 Cards - 133 - Scrabismus Estropian.jpg","D:\github\ron-english-nfts\area-54-cards-packs\images\Area 54 Cards - 133 - Scrabismus Estropian.jpg","True","cards/RE-011689.html","https://ronenglish-archive.github.io/ron-english-nfts/area-54-cards-packs/images/Area%2054%20Cards%20-%20133%20-%20Scrabismus%20Estropian.jpg"
"RE-011690","Scrabismus Estropian","134","November 2022","Ron English's Area 54 - Cards / Packs","NFT / digital collectible card","Rare","5/9","Area 54 Cards - 134 - Scrabismus Estropian.jpg","D:\github\ron-english-nfts\area-54-cards-packs\images\Area 54 Cards - 134 - Scrabismus Estropian.jpg","True","cards/RE-011690.html","https://ronenglish-archive.github.io/ron-english-nfts/area-54-cards-packs/images/Area%2054%20Cards%20-%20134%20-%20Scrabismus%20Estropian.jpg"
"RE-011691","Scrabismus Estropian","135","November 2022","Ron English's Area 54 - Cards / Packs","NFT / digital collectible card","Rare","6/9","Area 54 Cards - 135 - Scrabismus Estropian.jpg","D:\github\ron-english-nfts\area-54-cards-packs\images\Area 54 Cards - 135 - Scrabismus Estropian.jpg","True","cards/RE-011691.html","https://ronenglish-archive.github.io/ron-english-nfts/area-54-cards-packs/images/Area%2054%20Cards%20-%20135%20-%20Scrabismus%20Estropian.jpg"
"RE-011692","Scrabismus Estropian","136","November 2022","Ron English's Area 54 - Cards / Packs","NFT / digital collectible card","Rare","7/9","Area 54 Cards - 136 - Scrabismus Estropian.jpg","D:\github\ron-english-nfts\area-54-cards-packs\images\Area 54 Cards - 136 - Scrabismus Estropian.jpg","True","cards/RE-011692.html","https://ronenglish-archive.github.io/ron-english-nfts/area-54-cards-packs/images/Area%2054%20Cards%20-%20136%20-%20Scrabismus%20Estropian.jpg"
"RE-011693","Scrabismus Estropian","137","November 2022","Ron English's Area 54 - Cards / Packs","NFT / digital collectible card","Rare","8/9","Area 54 Cards - 137 - Scrabismus Estropian.jpg","D:\github\ron-english-nfts\area-54-cards-packs\images\Area 54 Cards - 137 - Scrabismus Estropian.jpg","True","cards/RE-011693.html","https://ronenglish-archive.github.io/ron-english-nfts/area-54-cards-packs/images/Area%2054%20Cards%20-%20137%20-%20Scrabismus%20Estropian.jpg"
"RE-011694","Scrabismus Estropian","138","November 2022","Ron English's Area 54 - Cards / Packs","NFT / digital collectible card","Ultra Rare","9/9","Area 54 Cards - 138 - Scrabismus Estropian.jpg","D:\github\ron-english-nfts\area-54-cards-packs\images\Area 54 Cards - 138 - Scrabismus Estropian.jpg","True","cards/RE-011694.html","https://ronenglish-archive.github.io/ron-english-nfts/area-54-cards-packs/images/Area%2054%20Cards%20-%20138%20-%20Scrabismus%20Estropian.jpg"
"RE-011695","Cronik Comet","139","November 2022","Ron English's Area 54 - Cards / Packs","NFT / digital collectible card","Uncommon","1/9","Area 54 Cards - 139 - Cronik Comet.jpg","D:\github\ron-english-nfts\area-54-cards-packs\images\Area 54 Cards - 139 - Cronik Comet.jpg","True","cards/RE-011695.html","https://ronenglish-archive.github.io/ron-english-nfts/area-54-cards-packs/images/Area%2054%20Cards%20-%20139%20-%20Cronik%20Comet.jpg"
"RE-011696","Cronik Comet","140","November 2022","Ron English's Area 54 - Cards / Packs","NFT / digital collectible card","Uncommon","2/9","Area 54 Cards - 140 - Cronik Comet.jpg","D:\github\ron-english-nfts\area-54-cards-packs\images\Area 54 Cards - 140 - Cronik Comet.jpg","True","cards/RE-011696.html","https://ronenglish-archive.github.io/ron-english-nfts/area-54-cards-packs/images/Area%2054%20Cards%20-%20140%20-%20Cronik%20Comet.jpg"
"RE-011697","Cronik Comet","141","November 2022","Ron English's Area 54 - Cards / Packs","NFT / digital collectible card","Uncommon","3/9","Area 54 Cards - 141 - Cronik Comet.jpg","D:\github\ron-english-nfts\area-54-cards-packs\images\Area 54 Cards - 141 - Cronik Comet.jpg","True","cards/RE-011697.html","https://ronenglish-archive.github.io/ron-english-nfts/area-54-cards-packs/images/Area%2054%20Cards%20-%20141%20-%20Cronik%20Comet.jpg"
"RE-011698","Cronik Comet","142","November 2022","Ron English's Area 54 - Cards / Packs","NFT / digital collectible card","Uncommon","4/9","Area 54 Cards - 142 - Cronik Comet.jpg","D:\github\ron-english-nfts\area-54-cards-packs\images\Area 54 Cards - 142 - Cronik Comet.jpg","True","cards/RE-011698.html","https://ronenglish-archive.github.io/ron-english-nfts/area-54-cards-packs/images/Area%2054%20Cards%20-%20142%20-%20Cronik%20Comet.jpg"
"RE-011699","Cronik Comet","143","November 2022","Ron English's Area 54 - Cards / Packs","NFT / digital collectible card","Uncommon","5/9","Area 54 Cards - 143 - Cronik Comet.jpg","D:\github\ron-english-nfts\area-54-cards-packs\images\Area 54 Cards - 143 - Cronik Comet.jpg","True","cards/RE-011699.html","https://ronenglish-archive.github.io/ron-english-nfts/area-54-cards-packs/images/Area%2054%20Cards%20-%20143%20-%20Cronik%20Comet.jpg"
"RE-011700","Cronik Comet","144","November 2022","Ron English's Area 54 - Cards / Packs","NFT / digital collectible card","Rare","6/9","Area 54 Cards - 144 - Cronik Comet.jpg","D:\github\ron-english-nfts\area-54-cards-packs\images\Area 54 Cards - 144 - Cronik Comet.jpg","True","cards/RE-011700.html","https://ronenglish-archive.github.io/ron-english-nfts/area-54-cards-packs/images/Area%2054%20Cards%20-%20144%20-%20Cronik%20Comet.jpg"
"RE-011701","Cronik Comet","145","November 2022","Ron English's Area 54 - Cards / Packs","NFT / digital collectible card","Rare","7/9","Area 54 Cards - 145 - Cronik Comet.jpg","D:\github\ron-english-nfts\area-54-cards-packs\images\Area 54 Cards - 145 - Cronik Comet.jpg","True","cards/RE-011701.html","https://ronenglish-archive.github.io/ron-english-nfts/area-54-cards-packs/images/Area%2054%20Cards%20-%20145%20-%20Cronik%20Comet.jpg"
"RE-011702","Cronik Comet","146","November 2022","Ron English's Area 54 - Cards / Packs","NFT / digital collectible card","Rare","8/9","Area 54 Cards - 146 - Cronik Comet.jpg","D:\github\ron-english-nfts\area-54-cards-packs\images\Area 54 Cards - 146 - Cronik Comet.jpg","True","cards/RE-011702.html","https://ronenglish-archive.github.io/ron-english-nfts/area-54-cards-packs/images/Area%2054%20Cards%20-%20146%20-%20Cronik%20Comet.jpg"
"RE-011703","Cronik Comet","147","November 2022","Ron English's Area 54 - Cards / Packs","NFT / digital collectible card","Ultra Rare","9/9","Area 54 Cards - 147 - Cronik Comet.jpg","D:\github\ron-english-nfts\area-54-cards-packs\images\Area 54 Cards - 147 - Cronik Comet.jpg","True","cards/RE-011703.html","https://ronenglish-archive.github.io/ron-english-nfts/area-54-cards-packs/images/Area%2054%20Cards%20-%20147%20-%20Cronik%20Comet.jpg"
"RE-011704","Samboner Infaspace","148","November 2022","Ron English's Area 54 - Cards / Packs","NFT / digital collectible card","Uncommon","1/9","Area 54 Cards - 148 - Samboner Infaspace.jpg","D:\github\ron-english-nfts\area-54-cards-packs\images\Area 54 Cards - 148 - Samboner Infaspace.jpg","True","cards/RE-011704.html","https://ronenglish-archive.github.io/ron-english-nfts/area-54-cards-packs/images/Area%2054%20Cards%20-%20148%20-%20Samboner%20Infaspace.jpg"
"RE-011705","Samboner Infaspace","149","November 2022","Ron English's Area 54 - Cards / Packs","NFT / digital collectible card","Uncommon","2/9","Area 54 Cards - 149 - Samboner Infaspace.jpg","D:\github\ron-english-nfts\area-54-cards-packs\images\Area 54 Cards - 149 - Samboner Infaspace.jpg","True","cards/RE-011705.html","https://ronenglish-archive.github.io/ron-english-nfts/area-54-cards-packs/images/Area%2054%20Cards%20-%20149%20-%20Samboner%20Infaspace.jpg"
"RE-011706","Samboner Infaspace","150","November 2022","Ron English's Area 54 - Cards / Packs","NFT / digital collectible card","Uncommon","3/9","Area 54 Cards - 150 - Samboner Infaspace.jpg","D:\github\ron-english-nfts\area-54-cards-packs\images\Area 54 Cards - 150 - Samboner Infaspace.jpg","True","cards/RE-011706.html","https://ronenglish-archive.github.io/ron-english-nfts/area-54-cards-packs/images/Area%2054%20Cards%20-%20150%20-%20Samboner%20Infaspace.jpg"
"RE-011707","Samboner Infaspace","151","November 2022","Ron English's Area 54 - Cards / Packs","NFT / digital collectible card","Uncommon","4/9","Area 54 Cards - 151 - Samboner Infaspace.jpg","D:\github\ron-english-nfts\area-54-cards-packs\images\Area 54 Cards - 151 - Samboner Infaspace.jpg","True","cards/RE-011707.html","https://ronenglish-archive.github.io/ron-english-nfts/area-54-cards-packs/images/Area%2054%20Cards%20-%20151%20-%20Samboner%20Infaspace.jpg"
"RE-011708","Samboner Infaspace","152","November 2022","Ron English's Area 54 - Cards / Packs","NFT / digital collectible card","Uncommon","5/9","Area 54 Cards - 152 - Samboner Infaspace.jpg","D:\github\ron-english-nfts\area-54-cards-packs\images\Area 54 Cards - 152 - Samboner Infaspace.jpg","True","cards/RE-011708.html","https://ronenglish-archive.github.io/ron-english-nfts/area-54-cards-packs/images/Area%2054%20Cards%20-%20152%20-%20Samboner%20Infaspace.jpg"
"RE-011709","Samboner Infaspace","153","November 2022","Ron English's Area 54 - Cards / Packs","NFT / digital collectible card","Uncommon","6/9","Area 54 Cards - 153 - Samboner Infaspace.jpg","D:\github\ron-english-nfts\area-54-cards-packs\images\Area 54 Cards - 153 - Samboner Infaspace.jpg","True","cards/RE-011709.html","https://ronenglish-archive.github.io/ron-english-nfts/area-54-cards-packs/images/Area%2054%20Cards%20-%20153%20-%20Samboner%20Infaspace.jpg"
"RE-011710","Samboner Infaspace","154","November 2022","Ron English's Area 54 - Cards / Packs","NFT / digital collectible card","Rare","7/9","Area 54 Cards - 154 - Samboner Infaspace.jpg","D:\github\ron-english-nfts\area-54-cards-packs\images\Area 54 Cards - 154 - Samboner Infaspace.jpg","True","cards/RE-011710.html","https://ronenglish-archive.github.io/ron-english-nfts/area-54-cards-packs/images/Area%2054%20Cards%20-%20154%20-%20Samboner%20Infaspace.jpg"
"RE-011711","Samboner Infaspace","155","November 2022","Ron English's Area 54 - Cards / Packs","NFT / digital collectible card","Rare","8/9","Area 54 Cards - 155 - Samboner Infaspace.jpg","D:\github\ron-english-nfts\area-54-cards-packs\images\Area 54 Cards - 155 - Samboner Infaspace.jpg","True","cards/RE-011711.html","https://ronenglish-archive.github.io/ron-english-nfts/area-54-cards-packs/images/Area%2054%20Cards%20-%20155%20-%20Samboner%20Infaspace.jpg"
"RE-011712","Samboner Infaspace","156","November 2022","Ron English's Area 54 - Cards / Packs","NFT / digital collectible card","Ultra Rare","9/9","Area 54 Cards - 156 - Samboner Infaspace.jpg","D:\github\ron-english-nfts\area-54-cards-packs\images\Area 54 Cards - 156 - Samboner Infaspace.jpg","True","cards/RE-011712.html","https://ronenglish-archive.github.io/ron-english-nfts/area-54-cards-packs/images/Area%2054%20Cards%20-%20156%20-%20Samboner%20Infaspace.jpg"
"RE-011713","Schlubber","157","November 2022","Ron English's Area 54 - Cards / Packs","NFT / digital collectible card","Uncommon","1/9","Area 54 Cards - 157 - Schlubber.jpg","D:\github\ron-english-nfts\area-54-cards-packs\images\Area 54 Cards - 157 - Schlubber.jpg","True","cards/RE-011713.html","https://ronenglish-archive.github.io/ron-english-nfts/area-54-cards-packs/images/Area%2054%20Cards%20-%20157%20-%20Schlubber.jpg"
"RE-011714","Schlubber","158","November 2022","Ron English's Area 54 - Cards / Packs","NFT / digital collectible card","Uncommon","2/9","Area 54 Cards - 158 - Schlubber.jpg","D:\github\ron-english-nfts\area-54-cards-packs\images\Area 54 Cards - 158 - Schlubber.jpg","True","cards/RE-011714.html","https://ronenglish-archive.github.io/ron-english-nfts/area-54-cards-packs/images/Area%2054%20Cards%20-%20158%20-%20Schlubber.jpg"
"RE-011715","Schlubber","159","November 2022","Ron English's Area 54 - Cards / Packs","NFT / digital collectible card","Uncommon","3/9","Area 54 Cards - 159 - Schlubber.jpg","D:\github\ron-english-nfts\area-54-cards-packs\images\Area 54 Cards - 159 - Schlubber.jpg","True","cards/RE-011715.html","https://ronenglish-archive.github.io/ron-english-nfts/area-54-cards-packs/images/Area%2054%20Cards%20-%20159%20-%20Schlubber.jpg"
"RE-011716","Schlubber","160","November 2022","Ron English's Area 54 - Cards / Packs","NFT / digital collectible card","Uncommon","4/9","Area 54 Cards - 160 - Schlubber.jpg","D:\github\ron-english-nfts\area-54-cards-packs\images\Area 54 Cards - 160 - Schlubber.jpg","True","cards/RE-011716.html","https://ronenglish-archive.github.io/ron-english-nfts/area-54-cards-packs/images/Area%2054%20Cards%20-%20160%20-%20Schlubber.jpg"
"RE-011717","Schlubber","161","November 2022","Ron English's Area 54 - Cards / Packs","NFT / digital collectible card","Uncommon","5/9","Area 54 Cards - 161 - Schlubber.jpg","D:\github\ron-english-nfts\area-54-cards-packs\images\Area 54 Cards - 161 - Schlubber.jpg","True","cards/RE-011717.html","https://ronenglish-archive.github.io/ron-english-nfts/area-54-cards-packs/images/Area%2054%20Cards%20-%20161%20-%20Schlubber.jpg"
"RE-011718","Schlubber","162","November 2022","Ron English's Area 54 - Cards / Packs","NFT / digital collectible card","Rare","6/9","Area 54 Cards - 162 - Schlubber.jpg","D:\github\ron-english-nfts\area-54-cards-packs\images\Area 54 Cards - 162 - Schlubber.jpg","True","cards/RE-011718.html","https://ronenglish-archive.github.io/ron-english-nfts/area-54-cards-packs/images/Area%2054%20Cards%20-%20162%20-%20Schlubber.jpg"
"RE-011719","Schlubber","163","November 2022","Ron English's Area 54 - Cards / Packs","NFT / digital collectible card","Rare","7/9","Area 54 Cards - 163 - Schlubber.jpg","D:\github\ron-english-nfts\area-54-cards-packs\images\Area 54 Cards - 163 - Schlubber.jpg","True","cards/RE-011719.html","https://ronenglish-archive.github.io/ron-english-nfts/area-54-cards-packs/images/Area%2054%20Cards%20-%20163%20-%20Schlubber.jpg"
"RE-011720","Schlubber","164","November 2022","Ron English's Area 54 - Cards / Packs","NFT / digital collectible card","Rare","8/9","Area 54 Cards - 164 - Schlubber.jpg","D:\github\ron-english-nfts\area-54-cards-packs\images\Area 54 Cards - 164 - Schlubber.jpg","True","cards/RE-011720.html","https://ronenglish-archive.github.io/ron-english-nfts/area-54-cards-packs/images/Area%2054%20Cards%20-%20164%20-%20Schlubber.jpg"
"RE-011721","Schlubber","165","November 2022","Ron English's Area 54 - Cards / Packs","NFT / digital collectible card","Ultra Rare","9/9","Area 54 Cards - 165 - Schlubber.jpg","D:\github\ron-english-nfts\area-54-cards-packs\images\Area 54 Cards - 165 - Schlubber.jpg","True","cards/RE-011721.html","https://ronenglish-archive.github.io/ron-english-nfts/area-54-cards-packs/images/Area%2054%20Cards%20-%20165%20-%20Schlubber.jpg"
"RE-011722","Perp Petual","166","November 2022","Ron English's Area 54 - Cards / Packs","NFT / digital collectible card","Uncommon","1/9","Area 54 Cards - 166 - Perp Petual.jpg","D:\github\ron-english-nfts\area-54-cards-packs\images\Area 54 Cards - 166 - Perp Petual.jpg","True","cards/RE-011722.html","https://ronenglish-archive.github.io/ron-english-nfts/area-54-cards-packs/images/Area%2054%20Cards%20-%20166%20-%20Perp%20Petual.jpg"
"RE-011723","Perp Petual","167","November 2022","Ron English's Area 54 - Cards / Packs","NFT / digital collectible card","Uncommon","2/9","Area 54 Cards - 167 - Perp Petual.jpg","D:\github\ron-english-nfts\area-54-cards-packs\images\Area 54 Cards - 167 - Perp Petual.jpg","True","cards/RE-011723.html","https://ronenglish-archive.github.io/ron-english-nfts/area-54-cards-packs/images/Area%2054%20Cards%20-%20167%20-%20Perp%20Petual.jpg"
"RE-011724","Perp Petual","168","November 2022","Ron English's Area 54 - Cards / Packs","NFT / digital collectible card","Uncommon","3/9","Area 54 Cards - 168 - Perp Petual.jpg","D:\github\ron-english-nfts\area-54-cards-packs\images\Area 54 Cards - 168 - Perp Petual.jpg","True","cards/RE-011724.html","https://ronenglish-archive.github.io/ron-english-nfts/area-54-cards-packs/images/Area%2054%20Cards%20-%20168%20-%20Perp%20Petual.jpg"
"RE-011725","Perp Petual","169","November 2022","Ron English's Area 54 - Cards / Packs","NFT / digital collectible card","Uncommon","4/9","Area 54 Cards - 169 - Perp Petual.jpg","D:\github\ron-english-nfts\area-54-cards-packs\images\Area 54 Cards - 169 - Perp Petual.jpg","True","cards/RE-011725.html","https://ronenglish-archive.github.io/ron-english-nfts/area-54-cards-packs/images/Area%2054%20Cards%20-%20169%20-%20Perp%20Petual.jpg"
"RE-011726","Perp Petual","170","November 2022","Ron English's Area 54 - Cards / Packs","NFT / digital collectible card","Rare","5/9","Area 54 Cards - 170 - Perp Petual.jpg","D:\github\ron-english-nfts\area-54-cards-packs\images\Area 54 Cards - 170 - Perp Petual.jpg","True","cards/RE-011726.html","https://ronenglish-archive.github.io/ron-english-nfts/area-54-cards-packs/images/Area%2054%20Cards%20-%20170%20-%20Perp%20Petual.jpg"
"RE-011727","Perp Petual","171","November 2022","Ron English's Area 54 - Cards / Packs","NFT / digital collectible card","Rare","6/9","Area 54 Cards - 171 - Perp Petual.jpg","D:\github\ron-english-nfts\area-54-cards-packs\images\Area 54 Cards - 171 - Perp Petual.jpg","True","cards/RE-011727.html","https://ronenglish-archive.github.io/ron-english-nfts/area-54-cards-packs/images/Area%2054%20Cards%20-%20171%20-%20Perp%20Petual.jpg"
"RE-011728","Perp Petual","172","November 2022","Ron English's Area 54 - Cards / Packs","NFT / digital collectible card","Rare","7/9","Area 54 Cards - 172 - Perp Petual.jpg","D:\github\ron-english-nfts\area-54-cards-packs\images\Area 54 Cards - 172 - Perp Petual.jpg","True","cards/RE-011728.html","https://ronenglish-archive.github.io/ron-english-nfts/area-54-cards-packs/images/Area%2054%20Cards%20-%20172%20-%20Perp%20Petual.jpg"
"RE-011729","Perp Petual","173","November 2022","Ron English's Area 54 - Cards / Packs","NFT / digital collectible card","Rare","8/9","Area 54 Cards - 173 - Perp Petual.jpg","D:\github\ron-english-nfts\area-54-cards-packs\images\Area 54 Cards - 173 - Perp Petual.jpg","True","cards/RE-011729.html","https://ronenglish-archive.github.io/ron-english-nfts/area-54-cards-packs/images/Area%2054%20Cards%20-%20173%20-%20Perp%20Petual.jpg"
"RE-011730","Perp Petual","174","November 2022","Ron English's Area 54 - Cards / Packs","NFT / digital collectible card","Ultra Rare","9/9","Area 54 Cards - 174 - Perp Petual.jpg","D:\github\ron-english-nfts\area-54-cards-packs\images\Area 54 Cards - 174 - Perp Petual.jpg","True","cards/RE-011730.html","https://ronenglish-archive.github.io/ron-english-nfts/area-54-cards-packs/images/Area%2054%20Cards%20-%20174%20-%20Perp%20Petual.jpg"
"RE-011731","Ardent Adventurer","175","November 2022","Ron English's Area 54 - Cards / Packs","NFT / digital collectible card","Uncommon","1/9","Area 54 Cards - 175 - Ardent Adventurer.jpg","D:\github\ron-english-nfts\area-54-cards-packs\images\Area 54 Cards - 175 - Ardent Adventurer.jpg","True","cards/RE-011731.html","https://ronenglish-archive.github.io/ron-english-nfts/area-54-cards-packs/images/Area%2054%20Cards%20-%20175%20-%20Ardent%20Adventurer.jpg"
"RE-011732","Ardent Adventurer","176","November 2022","Ron English's Area 54 - Cards / Packs","NFT / digital collectible card","Uncommon","2/9","Area 54 Cards - 176 - Ardent Adventurer.jpg","D:\github\ron-english-nfts\area-54-cards-packs\images\Area 54 Cards - 176 - Ardent Adventurer.jpg","True","cards/RE-011732.html","https://ronenglish-archive.github.io/ron-english-nfts/area-54-cards-packs/images/Area%2054%20Cards%20-%20176%20-%20Ardent%20Adventurer.jpg"
"RE-011733","Ardent Adventurer","177","November 2022","Ron English's Area 54 - Cards / Packs","NFT / digital collectible card","Uncommon","3/9","Area 54 Cards - 177 - Ardent Adventurer.jpg","D:\github\ron-english-nfts\area-54-cards-packs\images\Area 54 Cards - 177 - Ardent Adventurer.jpg","True","cards/RE-011733.html","https://ronenglish-archive.github.io/ron-english-nfts/area-54-cards-packs/images/Area%2054%20Cards%20-%20177%20-%20Ardent%20Adventurer.jpg"
"RE-011734","Ardent Adventurer","178","November 2022","Ron English's Area 54 - Cards / Packs","NFT / digital collectible card","Uncommon","4/9","Area 54 Cards - 178 - Ardent Adventurer.jpg","D:\github\ron-english-nfts\area-54-cards-packs\images\Area 54 Cards - 178 - Ardent Adventurer.jpg","True","cards/RE-011734.html","https://ronenglish-archive.github.io/ron-english-nfts/area-54-cards-packs/images/Area%2054%20Cards%20-%20178%20-%20Ardent%20Adventurer.jpg"
"RE-011735","Ardent Adventurer","179","November 2022","Ron English's Area 54 - Cards / Packs","NFT / digital collectible card","Uncommon","5/9","Area 54 Cards - 179 - Ardent Adventurer.jpg","D:\github\ron-english-nfts\area-54-cards-packs\images\Area 54 Cards - 179 - Ardent Adventurer.jpg","True","cards/RE-011735.html","https://ronenglish-archive.github.io/ron-english-nfts/area-54-cards-packs/images/Area%2054%20Cards%20-%20179%20-%20Ardent%20Adventurer.jpg"
"RE-011736","Ardent Adventurer","180","November 2022","Ron English's Area 54 - Cards / Packs","NFT / digital collectible card","Rare","6/9","Area 54 Cards - 180 - Ardent Adventurer.jpg","D:\github\ron-english-nfts\area-54-cards-packs\images\Area 54 Cards - 180 - Ardent Adventurer.jpg","True","cards/RE-011736.html","https://ronenglish-archive.github.io/ron-english-nfts/area-54-cards-packs/images/Area%2054%20Cards%20-%20180%20-%20Ardent%20Adventurer.jpg"
"RE-011737","Ardent Adventurer","181","November 2022","Ron English's Area 54 - Cards / Packs","NFT / digital collectible card","Rare","7/9","Area 54 Cards - 181 - Ardent Adventurer.jpg","D:\github\ron-english-nfts\area-54-cards-packs\images\Area 54 Cards - 181 - Ardent Adventurer.jpg","True","cards/RE-011737.html","https://ronenglish-archive.github.io/ron-english-nfts/area-54-cards-packs/images/Area%2054%20Cards%20-%20181%20-%20Ardent%20Adventurer.jpg"
"RE-011738","Ardent Adventurer","182","November 2022","Ron English's Area 54 - Cards / Packs","NFT / digital collectible card","Rare","8/9","Area 54 Cards - 182 - Ardent Adventurer.jpg","D:\github\ron-english-nfts\area-54-cards-packs\images\Area 54 Cards - 182 - Ardent Adventurer.jpg","True","cards/RE-011738.html","https://ronenglish-archive.github.io/ron-english-nfts/area-54-cards-packs/images/Area%2054%20Cards%20-%20182%20-%20Ardent%20Adventurer.jpg"
"RE-011739","Ardent Adventurer","183","November 2022","Ron English's Area 54 - Cards / Packs","NFT / digital collectible card","Ultra Rare","9/9","Area 54 Cards - 183 - Ardent Adventurer.jpg","D:\github\ron-english-nfts\area-54-cards-packs\images\Area 54 Cards - 183 - Ardent Adventurer.jpg","True","cards/RE-011739.html","https://ronenglish-archive.github.io/ron-english-nfts/area-54-cards-packs/images/Area%2054%20Cards%20-%20183%20-%20Ardent%20Adventurer.jpg"
"RE-011740","Gangrenous Blast","184","November 2022","Ron English's Area 54 - Cards / Packs","NFT / digital collectible card","Uncommon","1/9","Area 54 Cards - 184 - Gangrenous Blast.jpg","D:\github\ron-english-nfts\area-54-cards-packs\images\Area 54 Cards - 184 - Gangrenous Blast.jpg","True","cards/RE-011740.html","https://ronenglish-archive.github.io/ron-english-nfts/area-54-cards-packs/images/Area%2054%20Cards%20-%20184%20-%20Gangrenous%20Blast.jpg"
"RE-011741","Gangrenous Blast","185","November 2022","Ron English's Area 54 - Cards / Packs","NFT / digital collectible card","Uncommon","2/9","Area 54 Cards - 185 - Gangrenous Blast.jpg","D:\github\ron-english-nfts\area-54-cards-packs\images\Area 54 Cards - 185 - Gangrenous Blast.jpg","True","cards/RE-011741.html","https://ronenglish-archive.github.io/ron-english-nfts/area-54-cards-packs/images/Area%2054%20Cards%20-%20185%20-%20Gangrenous%20Blast.jpg"
"RE-011742","Gangrenous Blast","186","November 2022","Ron English's Area 54 - Cards / Packs","NFT / digital collectible card","Uncommon","3/9","Area 54 Cards - 186 - Gangrenous Blast.jpg","D:\github\ron-english-nfts\area-54-cards-packs\images\Area 54 Cards - 186 - Gangrenous Blast.jpg","True","cards/RE-011742.html","https://ronenglish-archive.github.io/ron-english-nfts/area-54-cards-packs/images/Area%2054%20Cards%20-%20186%20-%20Gangrenous%20Blast.jpg"
"RE-011743","Gangrenous Blast","187","November 2022","Ron English's Area 54 - Cards / Packs","NFT / digital collectible card","Uncommon","4/9","Area 54 Cards - 187 - Gangrenous Blast.jpg","D:\github\ron-english-nfts\area-54-cards-packs\images\Area 54 Cards - 187 - Gangrenous Blast.jpg","True","cards/RE-011743.html","https://ronenglish-archive.github.io/ron-english-nfts/area-54-cards-packs/images/Area%2054%20Cards%20-%20187%20-%20Gangrenous%20Blast.jpg"
"RE-011744","Gangrenous Blast","188","November 2022","Ron English's Area 54 - Cards / Packs","NFT / digital collectible card","Uncommon","5/9","Area 54 Cards - 188 - Gangrenous Blast.jpg","D:\github\ron-english-nfts\area-54-cards-packs\images\Area 54 Cards - 188 - Gangrenous Blast.jpg","True","cards/RE-011744.html","https://ronenglish-archive.github.io/ron-english-nfts/area-54-cards-packs/images/Area%2054%20Cards%20-%20188%20-%20Gangrenous%20Blast.jpg"
"RE-011745","Gangrenous Blast","189","November 2022","Ron English's Area 54 - Cards / Packs","NFT / digital collectible card","Rare","6/9","Area 54 Cards - 189 - Gangrenous Blast.jpg","D:\github\ron-english-nfts\area-54-cards-packs\images\Area 54 Cards - 189 - Gangrenous Blast.jpg","True","cards/RE-011745.html","https://ronenglish-archive.github.io/ron-english-nfts/area-54-cards-packs/images/Area%2054%20Cards%20-%20189%20-%20Gangrenous%20Blast.jpg"
"RE-011746","Gangrenous Blast","190","November 2022","Ron English's Area 54 - Cards / Packs","NFT / digital collectible card","Rare","7/9","Area 54 Cards - 190 - Gangrenous Blast.jpg","D:\github\ron-english-nfts\area-54-cards-packs\images\Area 54 Cards - 190 - Gangrenous Blast.jpg","True","cards/RE-011746.html","https://ronenglish-archive.github.io/ron-english-nfts/area-54-cards-packs/images/Area%2054%20Cards%20-%20190%20-%20Gangrenous%20Blast.jpg"
"RE-011747","Gangrenous Blast","191","November 2022","Ron English's Area 54 - Cards / Packs","NFT / digital collectible card","Rare","8/9","Area 54 Cards - 191 - Gangrenous Blast.jpg","D:\github\ron-english-nfts\area-54-cards-packs\images\Area 54 Cards - 191 - Gangrenous Blast.jpg","True","cards/RE-011747.html","https://ronenglish-archive.github.io/ron-english-nfts/area-54-cards-packs/images/Area%2054%20Cards%20-%20191%20-%20Gangrenous%20Blast.jpg"
"RE-011748","Gangrenous Blast","192","November 2022","Ron English's Area 54 - Cards / Packs","NFT / digital collectible card","Ultra Rare","9/9","Area 54 Cards - 192 - Gangrenous Blast.jpg","D:\github\ron-english-nfts\area-54-cards-packs\images\Area 54 Cards - 192 - Gangrenous Blast.jpg","True","cards/RE-011748.html","https://ronenglish-archive.github.io/ron-english-nfts/area-54-cards-packs/images/Area%2054%20Cards%20-%20192%20-%20Gangrenous%20Blast.jpg"
"RE-011749","Zonk Temulent","193","November 2022","Ron English's Area 54 - Cards / Packs","NFT / digital collectible card","Uncommon","1/9","Area 54 Cards - 193 - Zonk Temulent.jpg","D:\github\ron-english-nfts\area-54-cards-packs\images\Area 54 Cards - 193 - Zonk Temulent.jpg","True","cards/RE-011749.html","https://ronenglish-archive.github.io/ron-english-nfts/area-54-cards-packs/images/Area%2054%20Cards%20-%20193%20-%20Zonk%20Temulent.jpg"
"RE-011750","Zonk Temulent","194","November 2022","Ron English's Area 54 - Cards / Packs","NFT / digital collectible card","Uncommon","2/9","Area 54 Cards - 194 - Zonk Temulent.jpg","D:\github\ron-english-nfts\area-54-cards-packs\images\Area 54 Cards - 194 - Zonk Temulent.jpg","True","cards/RE-011750.html","https://ronenglish-archive.github.io/ron-english-nfts/area-54-cards-packs/images/Area%2054%20Cards%20-%20194%20-%20Zonk%20Temulent.jpg"
"RE-011751","Zonk Temulent","195","November 2022","Ron English's Area 54 - Cards / Packs","NFT / digital collectible card","Uncommon","3/9","Area 54 Cards - 195 - Zonk Temulent.jpg","D:\github\ron-english-nfts\area-54-cards-packs\images\Area 54 Cards - 195 - Zonk Temulent.jpg","True","cards/RE-011751.html","https://ronenglish-archive.github.io/ron-english-nfts/area-54-cards-packs/images/Area%2054%20Cards%20-%20195%20-%20Zonk%20Temulent.jpg"
"RE-011752","Zonk Temulent","196","November 2022","Ron English's Area 54 - Cards / Packs","NFT / digital collectible card","Uncommon","4/9","Area 54 Cards - 196 - Zonk Temulent.jpg","D:\github\ron-english-nfts\area-54-cards-packs\images\Area 54 Cards - 196 - Zonk Temulent.jpg","True","cards/RE-011752.html","https://ronenglish-archive.github.io/ron-english-nfts/area-54-cards-packs/images/Area%2054%20Cards%20-%20196%20-%20Zonk%20Temulent.jpg"
"RE-011753","Zonk Temulent","197","November 2022","Ron English's Area 54 - Cards / Packs","NFT / digital collectible card","Rare","5/9","Area 54 Cards - 197 - Zonk Temulent.jpg","D:\github\ron-english-nfts\area-54-cards-packs\images\Area 54 Cards - 197 - Zonk Temulent.jpg","True","cards/RE-011753.html","https://ronenglish-archive.github.io/ron-english-nfts/area-54-cards-packs/images/Area%2054%20Cards%20-%20197%20-%20Zonk%20Temulent.jpg"
"RE-011754","Zonk Temulent","198","November 2022","Ron English's Area 54 - Cards / Packs","NFT / digital collectible card","Rare","6/9","Area 54 Cards - 198 - Zonk Temulent.jpg","D:\github\ron-english-nfts\area-54-cards-packs\images\Area 54 Cards - 198 - Zonk Temulent.jpg","True","cards/RE-011754.html","https://ronenglish-archive.github.io/ron-english-nfts/area-54-cards-packs/images/Area%2054%20Cards%20-%20198%20-%20Zonk%20Temulent.jpg"
"RE-011755","Zonk Temulent","199","November 2022","Ron English's Area 54 - Cards / Packs","NFT / digital collectible card","Rare","7/9","Area 54 Cards - 199 - Zonk Temulent.jpg","D:\github\ron-english-nfts\area-54-cards-packs\images\Area 54 Cards - 199 - Zonk Temulent.jpg","True","cards/RE-011755.html","https://ronenglish-archive.github.io/ron-english-nfts/area-54-cards-packs/images/Area%2054%20Cards%20-%20199%20-%20Zonk%20Temulent.jpg"
"RE-011756","Zonk Temulent","200","November 2022","Ron English's Area 54 - Cards / Packs","NFT / digital collectible card","Rare","8/9","Area 54 Cards - 200 - Zonk Temulent.jpg","D:\github\ron-english-nfts\area-54-cards-packs\images\Area 54 Cards - 200 - Zonk Temulent.jpg","True","cards/RE-011756.html","https://ronenglish-archive.github.io/ron-english-nfts/area-54-cards-packs/images/Area%2054%20Cards%20-%20200%20-%20Zonk%20Temulent.jpg"
"RE-011757","Zonk Temulent","201","November 2022","Ron English's Area 54 - Cards / Packs","NFT / digital collectible card","Ultra Rare","9/9","Area 54 Cards - 201 - Zonk Temulent.jpg","D:\github\ron-english-nfts\area-54-cards-packs\images\Area 54 Cards - 201 - Zonk Temulent.jpg","True","cards/RE-011757.html","https://ronenglish-archive.github.io/ron-english-nfts/area-54-cards-packs/images/Area%2054%20Cards%20-%20201%20-%20Zonk%20Temulent.jpg"
"RE-011758","Storm Thunder","202","November 2022","Ron English's Area 54 - Cards / Packs","NFT / digital collectible card","Uncommon","1/9","Area 54 Cards - 202 - Storm Thunder.jpg","D:\github\ron-english-nfts\area-54-cards-packs\images\Area 54 Cards - 202 - Storm Thunder.jpg","True","cards/RE-011758.html","https://ronenglish-archive.github.io/ron-english-nfts/area-54-cards-packs/images/Area%2054%20Cards%20-%20202%20-%20Storm%20Thunder.jpg"
"RE-011759","Storm Thunder","203","November 2022","Ron English's Area 54 - Cards / Packs","NFT / digital collectible card","Uncommon","2/9","Area 54 Cards - 203 - Storm Thunder.jpg","D:\github\ron-english-nfts\area-54-cards-packs\images\Area 54 Cards - 203 - Storm Thunder.jpg","True","cards/RE-011759.html","https://ronenglish-archive.github.io/ron-english-nfts/area-54-cards-packs/images/Area%2054%20Cards%20-%20203%20-%20Storm%20Thunder.jpg"
"RE-011760","Storm Thunder","204","November 2022","Ron English's Area 54 - Cards / Packs","NFT / digital collectible card","Uncommon","3/9","Area 54 Cards - 204 - Storm Thunder.jpg","D:\github\ron-english-nfts\area-54-cards-packs\images\Area 54 Cards - 204 - Storm Thunder.jpg","True","cards/RE-011760.html","https://ronenglish-archive.github.io/ron-english-nfts/area-54-cards-packs/images/Area%2054%20Cards%20-%20204%20-%20Storm%20Thunder.jpg"
"RE-011761","Storm Thunder","205","November 2022","Ron English's Area 54 - Cards / Packs","NFT / digital collectible card","Uncommon","4/9","Area 54 Cards - 205 - Storm Thunder.jpg","D:\github\ron-english-nfts\area-54-cards-packs\images\Area 54 Cards - 205 - Storm Thunder.jpg","True","cards/RE-011761.html","https://ronenglish-archive.github.io/ron-english-nfts/area-54-cards-packs/images/Area%2054%20Cards%20-%20205%20-%20Storm%20Thunder.jpg"
"RE-011762","Storm Thunder","206","November 2022","Ron English's Area 54 - Cards / Packs","NFT / digital collectible card","Rare","5/9","Area 54 Cards - 206 - Storm Thunder.jpg","D:\github\ron-english-nfts\area-54-cards-packs\images\Area 54 Cards - 206 - Storm Thunder.jpg","True","cards/RE-011762.html","https://ronenglish-archive.github.io/ron-english-nfts/area-54-cards-packs/images/Area%2054%20Cards%20-%20206%20-%20Storm%20Thunder.jpg"
"RE-011763","Storm Thunder","207","November 2022","Ron English's Area 54 - Cards / Packs","NFT / digital collectible card","Rare","6/9","Area 54 Cards - 207 - Storm Thunder.jpg","D:\github\ron-english-nfts\area-54-cards-packs\images\Area 54 Cards - 207 - Storm Thunder.jpg","True","cards/RE-011763.html","https://ronenglish-archive.github.io/ron-english-nfts/area-54-cards-packs/images/Area%2054%20Cards%20-%20207%20-%20Storm%20Thunder.jpg"
"RE-011764","Storm Thunder","208","November 2022","Ron English's Area 54 - Cards / Packs","NFT / digital collectible card","Rare","7/9","Area 54 Cards - 208 - Storm Thunder.jpg","D:\github\ron-english-nfts\area-54-cards-packs\images\Area 54 Cards - 208 - Storm Thunder.jpg","True","cards/RE-011764.html","https://ronenglish-archive.github.io/ron-english-nfts/area-54-cards-packs/images/Area%2054%20Cards%20-%20208%20-%20Storm%20Thunder.jpg"
"RE-011765","Storm Thunder","209","November 2022","Ron English's Area 54 - Cards / Packs","NFT / digital collectible card","Rare","8/9","Area 54 Cards - 209 - Storm Thunder.jpg","D:\github\ron-english-nfts\area-54-cards-packs\images\Area 54 Cards - 209 - Storm Thunder.jpg","True","cards/RE-011765.html","https://ronenglish-archive.github.io/ron-english-nfts/area-54-cards-packs/images/Area%2054%20Cards%20-%20209%20-%20Storm%20Thunder.jpg"
"RE-011766","Storm Thunder","210","November 2022","Ron English's Area 54 - Cards / Packs","NFT / digital collectible card","Ultra Rare","9/9","Area 54 Cards - 210 - Storm Thunder.jpg","D:\github\ron-english-nfts\area-54-cards-packs\images\Area 54 Cards - 210 - Storm Thunder.jpg","True","cards/RE-011766.html","https://ronenglish-archive.github.io/ron-english-nfts/area-54-cards-packs/images/Area%2054%20Cards%20-%20210%20-%20Storm%20Thunder.jpg"
"RE-011767","Alexandrinus Reflection","211","November 2022","Ron English's Area 54 - Cards / Packs","NFT / digital collectible card","Uncommon","1/9","Area 54 Cards - 211 - Alexandrinus Reflection.jpg","D:\github\ron-english-nfts\area-54-cards-packs\images\Area 54 Cards - 211 - Alexandrinus Reflection.jpg","True","cards/RE-011767.html","https://ronenglish-archive.github.io/ron-english-nfts/area-54-cards-packs/images/Area%2054%20Cards%20-%20211%20-%20Alexandrinus%20Reflection.jpg"
"RE-011768","Alexandrinus Reflection","212","November 2022","Ron English's Area 54 - Cards / Packs","NFT / digital collectible card","Uncommon","2/9","Area 54 Cards - 212 - Alexandrinus Reflection.jpg","D:\github\ron-english-nfts\area-54-cards-packs\images\Area 54 Cards - 212 - Alexandrinus Reflection.jpg","True","cards/RE-011768.html","https://ronenglish-archive.github.io/ron-english-nfts/area-54-cards-packs/images/Area%2054%20Cards%20-%20212%20-%20Alexandrinus%20Reflection.jpg"
"RE-011769","Alexandrinus Reflection","213","November 2022","Ron English's Area 54 - Cards / Packs","NFT / digital collectible card","Uncommon","3/9","Area 54 Cards - 213 - Alexandrinus Reflection.jpg","D:\github\ron-english-nfts\area-54-cards-packs\images\Area 54 Cards - 213 - Alexandrinus Reflection.jpg","True","cards/RE-011769.html","https://ronenglish-archive.github.io/ron-english-nfts/area-54-cards-packs/images/Area%2054%20Cards%20-%20213%20-%20Alexandrinus%20Reflection.jpg"
"RE-011770","Alexandrinus Reflection","214","November 2022","Ron English's Area 54 - Cards / Packs","NFT / digital collectible card","Uncommon","4/9","Area 54 Cards - 214 - Alexandrinus Reflection.jpg","D:\github\ron-english-nfts\area-54-cards-packs\images\Area 54 Cards - 214 - Alexandrinus Reflection.jpg","True","cards/RE-011770.html","https://ronenglish-archive.github.io/ron-english-nfts/area-54-cards-packs/images/Area%2054%20Cards%20-%20214%20-%20Alexandrinus%20Reflection.jpg"
"RE-011771","Alexandrinus Reflection","215","November 2022","Ron English's Area 54 - Cards / Packs","NFT / digital collectible card","Rare","5/9","Area 54 Cards - 215 - Alexandrinus Reflection.jpg","D:\github\ron-english-nfts\area-54-cards-packs\images\Area 54 Cards - 215 - Alexandrinus Reflection.jpg","True","cards/RE-011771.html","https://ronenglish-archive.github.io/ron-english-nfts/area-54-cards-packs/images/Area%2054%20Cards%20-%20215%20-%20Alexandrinus%20Reflection.jpg"
"RE-011772","Alexandrinus Reflection","216","November 2022","Ron English's Area 54 - Cards / Packs","NFT / digital collectible card","Rare","6/9","Area 54 Cards - 216 - Alexandrinus Reflection.jpg","D:\github\ron-english-nfts\area-54-cards-packs\images\Area 54 Cards - 216 - Alexandrinus Reflection.jpg","True","cards/RE-011772.html","https://ronenglish-archive.github.io/ron-english-nfts/area-54-cards-packs/images/Area%2054%20Cards%20-%20216%20-%20Alexandrinus%20Reflection.jpg"
"RE-011773","Alexandrinus Reflection","217","November 2022","Ron English's Area 54 - Cards / Packs","NFT / digital collectible card","Rare","7/9","Area 54 Cards - 217 - Alexandrinus Reflection.jpg","D:\github\ron-english-nfts\area-54-cards-packs\images\Area 54 Cards - 217 - Alexandrinus Reflection.jpg","True","cards/RE-011773.html","https://ronenglish-archive.github.io/ron-english-nfts/area-54-cards-packs/images/Area%2054%20Cards%20-%20217%20-%20Alexandrinus%20Reflection.jpg"
"RE-011774","Alexandrinus Reflection","218","November 2022","Ron English's Area 54 - Cards / Packs","NFT / digital collectible card","Rare","8/9","Area 54 Cards - 218 - Alexandrinus Reflection.jpg","D:\github\ron-english-nfts\area-54-cards-packs\images\Area 54 Cards - 218 - Alexandrinus Reflection.jpg","True","cards/RE-011774.html","https://ronenglish-archive.github.io/ron-english-nfts/area-54-cards-packs/images/Area%2054%20Cards%20-%20218%20-%20Alexandrinus%20Reflection.jpg"
"RE-011775","Alexandrinus Reflection","219","November 2022","Ron English's Area 54 - Cards / Packs","NFT / digital collectible card","Ultra Rare","9/9","Area 54 Cards - 219 - Alexandrinus Reflection.jpg","D:\github\ron-english-nfts\area-54-cards-packs\images\Area 54 Cards - 219 - Alexandrinus Reflection.jpg","True","cards/RE-011775.html","https://ronenglish-archive.github.io/ron-english-nfts/area-54-cards-packs/images/Area%2054%20Cards%20-%20219%20-%20Alexandrinus%20Reflection.jpg"
"RE-011776","Extratron Gallexyz","220","November 2022","Ron English's Area 54 - Cards / Packs","NFT / digital collectible card","Uncommon","1/9","Area 54 Cards - 220 - Extratron Gallexyz.jpg","D:\github\ron-english-nfts\area-54-cards-packs\images\Area 54 Cards - 220 - Extratron Gallexyz.jpg","True","cards/RE-011776.html","https://ronenglish-archive.github.io/ron-english-nfts/area-54-cards-packs/images/Area%2054%20Cards%20-%20220%20-%20Extratron%20Gallexyz.jpg"
"RE-011777","Extratron Gallexyz","221","November 2022","Ron English's Area 54 - Cards / Packs","NFT / digital collectible card","Uncommon","2/9","Area 54 Cards - 221 - Extratron Gallexyz.jpg","D:\github\ron-english-nfts\area-54-cards-packs\images\Area 54 Cards - 221 - Extratron Gallexyz.jpg","True","cards/RE-011777.html","https://ronenglish-archive.github.io/ron-english-nfts/area-54-cards-packs/images/Area%2054%20Cards%20-%20221%20-%20Extratron%20Gallexyz.jpg"
"RE-011778","Extratron Gallexyz","222","November 2022","Ron English's Area 54 - Cards / Packs","NFT / digital collectible card","Uncommon","3/9","Area 54 Cards - 222 - Extratron Gallexyz.jpg","D:\github\ron-english-nfts\area-54-cards-packs\images\Area 54 Cards - 222 - Extratron Gallexyz.jpg","True","cards/RE-011778.html","https://ronenglish-archive.github.io/ron-english-nfts/area-54-cards-packs/images/Area%2054%20Cards%20-%20222%20-%20Extratron%20Gallexyz.jpg"
"RE-011779","Extratron Gallexyz","223","November 2022","Ron English's Area 54 - Cards / Packs","NFT / digital collectible card","Uncommon","4/9","Area 54 Cards - 223 - Extratron Gallexyz.jpg","D:\github\ron-english-nfts\area-54-cards-packs\images\Area 54 Cards - 223 - Extratron Gallexyz.jpg","True","cards/RE-011779.html","https://ronenglish-archive.github.io/ron-english-nfts/area-54-cards-packs/images/Area%2054%20Cards%20-%20223%20-%20Extratron%20Gallexyz.jpg"
"RE-011780","Extratron Gallexyz24","224","November 2022","Ron English's Area 54 - Cards / Packs","NFT / digital collectible card","Rare","5/9","Area 54 Cards - 224 - Extratron Gallexyz24.jpg","D:\github\ron-english-nfts\area-54-cards-packs\images\Area 54 Cards - 224 - Extratron Gallexyz24.jpg","True","cards/RE-011780.html","https://ronenglish-archive.github.io/ron-english-nfts/area-54-cards-packs/images/Area%2054%20Cards%20-%20224%20-%20Extratron%20Gallexyz24.jpg"
"RE-011781","Extratron Gallexyz","225","November 2022","Ron English's Area 54 - Cards / Packs","NFT / digital collectible card","Rare","6/9","Area 54 Cards - 225 - Extratron Gallexyz.jpg","D:\github\ron-english-nfts\area-54-cards-packs\images\Area 54 Cards - 225 - Extratron Gallexyz.jpg","True","cards/RE-011781.html","https://ronenglish-archive.github.io/ron-english-nfts/area-54-cards-packs/images/Area%2054%20Cards%20-%20225%20-%20Extratron%20Gallexyz.jpg"
"RE-011782","Extratron Gallexyz","226","November 2022","Ron English's Area 54 - Cards / Packs","NFT / digital collectible card","Rare","7/9","Area 54 Cards - 226 - Extratron Gallexyz.jpg","D:\github\ron-english-nfts\area-54-cards-packs\images\Area 54 Cards - 226 - Extratron Gallexyz.jpg","True","cards/RE-011782.html","https://ronenglish-archive.github.io/ron-english-nfts/area-54-cards-packs/images/Area%2054%20Cards%20-%20226%20-%20Extratron%20Gallexyz.jpg"
"RE-011783","Extratron Gallexyz","227","November 2022","Ron English's Area 54 - Cards / Packs","NFT / digital collectible card","Rare","8/9","Area 54 Cards - 227 - Extratron Gallexyz.jpg","D:\github\ron-english-nfts\area-54-cards-packs\images\Area 54 Cards - 227 - Extratron Gallexyz.jpg","True","cards/RE-011783.html","https://ronenglish-archive.github.io/ron-english-nfts/area-54-cards-packs/images/Area%2054%20Cards%20-%20227%20-%20Extratron%20Gallexyz.jpg"
"RE-011784","Extratron Gallexyz","228","November 2022","Ron English's Area 54 - Cards / Packs","NFT / digital collectible card","Ultra Rare","9/9","Area 54 Cards - 228 - Extratron Gallexyz.jpg","D:\github\ron-english-nfts\area-54-cards-packs\images\Area 54 Cards - 228 - Extratron Gallexyz.jpg","True","cards/RE-011784.html","https://ronenglish-archive.github.io/ron-english-nfts/area-54-cards-packs/images/Area%2054%20Cards%20-%20228%20-%20Extratron%20Gallexyz.jpg"
"RE-011785","Fetal Fraxulus","229","November 2022","Ron English's Area 54 - Cards / Packs","NFT / digital collectible card","Uncommon","1/9","Area 54 Cards - 229 - Fetal Fraxulus.jpg","D:\github\ron-english-nfts\area-54-cards-packs\images\Area 54 Cards - 229 - Fetal Fraxulus.jpg","True","cards/RE-011785.html","https://ronenglish-archive.github.io/ron-english-nfts/area-54-cards-packs/images/Area%2054%20Cards%20-%20229%20-%20Fetal%20Fraxulus.jpg"
"RE-011786","Fetal Fraxulus","230","November 2022","Ron English's Area 54 - Cards / Packs","NFT / digital collectible card","Uncommon","2/9","Area 54 Cards - 230 - Fetal Fraxulus.jpg","D:\github\ron-english-nfts\area-54-cards-packs\images\Area 54 Cards - 230 - Fetal Fraxulus.jpg","True","cards/RE-011786.html","https://ronenglish-archive.github.io/ron-english-nfts/area-54-cards-packs/images/Area%2054%20Cards%20-%20230%20-%20Fetal%20Fraxulus.jpg"
"RE-011787","Fetal Fraxulus","231","November 2022","Ron English's Area 54 - Cards / Packs","NFT / digital collectible card","Uncommon","3/9","Area 54 Cards - 231 - Fetal Fraxulus.jpg","D:\github\ron-english-nfts\area-54-cards-packs\images\Area 54 Cards - 231 - Fetal Fraxulus.jpg","True","cards/RE-011787.html","https://ronenglish-archive.github.io/ron-english-nfts/area-54-cards-packs/images/Area%2054%20Cards%20-%20231%20-%20Fetal%20Fraxulus.jpg"
"RE-011788","Fetal Fraxulus","232","November 2022","Ron English's Area 54 - Cards / Packs","NFT / digital collectible card","Uncommon","4/9","Area 54 Cards - 232 - Fetal Fraxulus.jpg","D:\github\ron-english-nfts\area-54-cards-packs\images\Area 54 Cards - 232 - Fetal Fraxulus.jpg","True","cards/RE-011788.html","https://ronenglish-archive.github.io/ron-english-nfts/area-54-cards-packs/images/Area%2054%20Cards%20-%20232%20-%20Fetal%20Fraxulus.jpg"
"RE-011789","Fetal Fraxulus","233","November 2022","Ron English's Area 54 - Cards / Packs","NFT / digital collectible card","Rare","5/9","Area 54 Cards - 233 - Fetal Fraxulus.jpg","D:\github\ron-english-nfts\area-54-cards-packs\images\Area 54 Cards - 233 - Fetal Fraxulus.jpg","True","cards/RE-011789.html","https://ronenglish-archive.github.io/ron-english-nfts/area-54-cards-packs/images/Area%2054%20Cards%20-%20233%20-%20Fetal%20Fraxulus.jpg"
"RE-011790","Fetal Fraxulus","234","November 2022","Ron English's Area 54 - Cards / Packs","NFT / digital collectible card","Rare","6/9","Area 54 Cards - 234 - Fetal Fraxulus.jpg","D:\github\ron-english-nfts\area-54-cards-packs\images\Area 54 Cards - 234 - Fetal Fraxulus.jpg","True","cards/RE-011790.html","https://ronenglish-archive.github.io/ron-english-nfts/area-54-cards-packs/images/Area%2054%20Cards%20-%20234%20-%20Fetal%20Fraxulus.jpg"
"RE-011791","Fetal Fraxulus","235","November 2022","Ron English's Area 54 - Cards / Packs","NFT / digital collectible card","Rare","7/9","Area 54 Cards - 235 - Fetal Fraxulus.jpg","D:\github\ron-english-nfts\area-54-cards-packs\images\Area 54 Cards - 235 - Fetal Fraxulus.jpg","True","cards/RE-011791.html","https://ronenglish-archive.github.io/ron-english-nfts/area-54-cards-packs/images/Area%2054%20Cards%20-%20235%20-%20Fetal%20Fraxulus.jpg"
"RE-011792","Fetal Fraxulus","236","November 2022","Ron English's Area 54 - Cards / Packs","NFT / digital collectible card","Rare","8/9","Area 54 Cards - 236 - Fetal Fraxulus.jpg","D:\github\ron-english-nfts\area-54-cards-packs\images\Area 54 Cards - 236 - Fetal Fraxulus.jpg","True","cards/RE-011792.html","https://ronenglish-archive.github.io/ron-english-nfts/area-54-cards-packs/images/Area%2054%20Cards%20-%20236%20-%20Fetal%20Fraxulus.jpg"
"RE-011793","Fetal Fraxulus","237","November 2022","Ron English's Area 54 - Cards / Packs","NFT / digital collectible card","Ultra Rare","9/9","Area 54 Cards - 237 - Fetal Fraxulus.jpg","D:\github\ron-english-nfts\area-54-cards-packs\images\Area 54 Cards - 237 - Fetal Fraxulus.jpg","True","cards/RE-011793.html","https://ronenglish-archive.github.io/ron-english-nfts/area-54-cards-packs/images/Area%2054%20Cards%20-%20237%20-%20Fetal%20Fraxulus.jpg"
"RE-011794","Mystical Visitor","238","November 2022","Ron English's Area 54 - Cards / Packs","NFT / digital collectible card","Uncommon","1/9","Area 54 Cards - 238 - Mystical Visitor.jpg","D:\github\ron-english-nfts\area-54-cards-packs\images\Area 54 Cards - 238 - Mystical Visitor.jpg","True","cards/RE-011794.html","https://ronenglish-archive.github.io/ron-english-nfts/area-54-cards-packs/images/Area%2054%20Cards%20-%20238%20-%20Mystical%20Visitor.jpg"
"RE-011795","Mystical Visitor","239","November 2022","Ron English's Area 54 - Cards / Packs","NFT / digital collectible card","Uncommon","2/9","Area 54 Cards - 239 - Mystical Visitor.jpg","D:\github\ron-english-nfts\area-54-cards-packs\images\Area 54 Cards - 239 - Mystical Visitor.jpg","True","cards/RE-011795.html","https://ronenglish-archive.github.io/ron-english-nfts/area-54-cards-packs/images/Area%2054%20Cards%20-%20239%20-%20Mystical%20Visitor.jpg"
"RE-011796","Mystical Visitor","240","November 2022","Ron English's Area 54 - Cards / Packs","NFT / digital collectible card","Uncommon","3/9","Area 54 Cards - 240 - Mystical Visitor.jpg","D:\github\ron-english-nfts\area-54-cards-packs\images\Area 54 Cards - 240 - Mystical Visitor.jpg","True","cards/RE-011796.html","https://ronenglish-archive.github.io/ron-english-nfts/area-54-cards-packs/images/Area%2054%20Cards%20-%20240%20-%20Mystical%20Visitor.jpg"
"RE-011797","Mystical Visitor","241","November 2022","Ron English's Area 54 - Cards / Packs","NFT / digital collectible card","Uncommon","4/9","Area 54 Cards - 241 - Mystical Visitor.jpg","D:\github\ron-english-nfts\area-54-cards-packs\images\Area 54 Cards - 241 - Mystical Visitor.jpg","True","cards/RE-011797.html","https://ronenglish-archive.github.io/ron-english-nfts/area-54-cards-packs/images/Area%2054%20Cards%20-%20241%20-%20Mystical%20Visitor.jpg"
"RE-011798","Mystical Visitor","242","November 2022","Ron English's Area 54 - Cards / Packs","NFT / digital collectible card","Rare","5/9","Area 54 Cards - 242 - Mystical Visitor.jpg","D:\github\ron-english-nfts\area-54-cards-packs\images\Area 54 Cards - 242 - Mystical Visitor.jpg","True","cards/RE-011798.html","https://ronenglish-archive.github.io/ron-english-nfts/area-54-cards-packs/images/Area%2054%20Cards%20-%20242%20-%20Mystical%20Visitor.jpg"
"RE-011799","Mystical Visitor","243","November 2022","Ron English's Area 54 - Cards / Packs","NFT / digital collectible card","Rare","6/9","Area 54 Cards - 243 - Mystical Visitor.jpg","D:\github\ron-english-nfts\area-54-cards-packs\images\Area 54 Cards - 243 - Mystical Visitor.jpg","True","cards/RE-011799.html","https://ronenglish-archive.github.io/ron-english-nfts/area-54-cards-packs/images/Area%2054%20Cards%20-%20243%20-%20Mystical%20Visitor.jpg"
"RE-011800","Mystical Visitor","244","November 2022","Ron English's Area 54 - Cards / Packs","NFT / digital collectible card","Rare","7/9","Area 54 Cards - 244 - Mystical Visitor.jpg","D:\github\ron-english-nfts\area-54-cards-packs\images\Area 54 Cards - 244 - Mystical Visitor.jpg","True","cards/RE-011800.html","https://ronenglish-archive.github.io/ron-english-nfts/area-54-cards-packs/images/Area%2054%20Cards%20-%20244%20-%20Mystical%20Visitor.jpg"
"RE-011801","Mystical Visitor","245","November 2022","Ron English's Area 54 - Cards / Packs","NFT / digital collectible card","Rare","8/9","Area 54 Cards - 245 - Mystical Visitor.jpg","D:\github\ron-english-nfts\area-54-cards-packs\images\Area 54 Cards - 245 - Mystical Visitor.jpg","True","cards/RE-011801.html","https://ronenglish-archive.github.io/ron-english-nfts/area-54-cards-packs/images/Area%2054%20Cards%20-%20245%20-%20Mystical%20Visitor.jpg"
"RE-011802","Mystical Visitor","246","November 2022","Ron English's Area 54 - Cards / Packs","NFT / digital collectible card","Ultra Rare","9/9","Area 54 Cards - 246 - Mystical Visitor.jpg","D:\github\ron-english-nfts\area-54-cards-packs\images\Area 54 Cards - 246 - Mystical Visitor.jpg","True","cards/RE-011802.html","https://ronenglish-archive.github.io/ron-english-nfts/area-54-cards-packs/images/Area%2054%20Cards%20-%20246%20-%20Mystical%20Visitor.jpg"
"RE-011803","Fetal Deceit Phil","247","November 2022","Ron English's Area 54 - Cards / Packs","NFT / digital collectible card","Uncommon","1/9","Area 54 Cards - 247 - Fetal Deceit Phil.jpg","D:\github\ron-english-nfts\area-54-cards-packs\images\Area 54 Cards - 247 - Fetal Deceit Phil.jpg","True","cards/RE-011803.html","https://ronenglish-archive.github.io/ron-english-nfts/area-54-cards-packs/images/Area%2054%20Cards%20-%20247%20-%20Fetal%20Deceit%20Phil.jpg"
"RE-011804","Fetal Deceit Phil","248","November 2022","Ron English's Area 54 - Cards / Packs","NFT / digital collectible card","Uncommon","2/9","Area 54 Cards - 248 - Fetal Deceit Phil.jpg","D:\github\ron-english-nfts\area-54-cards-packs\images\Area 54 Cards - 248 - Fetal Deceit Phil.jpg","True","cards/RE-011804.html","https://ronenglish-archive.github.io/ron-english-nfts/area-54-cards-packs/images/Area%2054%20Cards%20-%20248%20-%20Fetal%20Deceit%20Phil.jpg"
"RE-011805","Fetal Deceit Phil","249","November 2022","Ron English's Area 54 - Cards / Packs","NFT / digital collectible card","Uncommon","3/9","Area 54 Cards - 249 - Fetal Deceit Phil.jpg","D:\github\ron-english-nfts\area-54-cards-packs\images\Area 54 Cards - 249 - Fetal Deceit Phil.jpg","True","cards/RE-011805.html","https://ronenglish-archive.github.io/ron-english-nfts/area-54-cards-packs/images/Area%2054%20Cards%20-%20249%20-%20Fetal%20Deceit%20Phil.jpg"
"RE-011806","Fetal Deceit Phil","250","November 2022","Ron English's Area 54 - Cards / Packs","NFT / digital collectible card","Uncommon","4/9","Area 54 Cards - 250 - Fetal Deceit Phil.jpg","D:\github\ron-english-nfts\area-54-cards-packs\images\Area 54 Cards - 250 - Fetal Deceit Phil.jpg","True","cards/RE-011806.html","https://ronenglish-archive.github.io/ron-english-nfts/area-54-cards-packs/images/Area%2054%20Cards%20-%20250%20-%20Fetal%20Deceit%20Phil.jpg"
"RE-011807","Fetal Deceit Phil","251","November 2022","Ron English's Area 54 - Cards / Packs","NFT / digital collectible card","Rare","5/9","Area 54 Cards - 251 - Fetal Deceit Phil.jpg","D:\github\ron-english-nfts\area-54-cards-packs\images\Area 54 Cards - 251 - Fetal Deceit Phil.jpg","True","cards/RE-011807.html","https://ronenglish-archive.github.io/ron-english-nfts/area-54-cards-packs/images/Area%2054%20Cards%20-%20251%20-%20Fetal%20Deceit%20Phil.jpg"
"RE-011808","Fetal Deceit Phil","252","November 2022","Ron English's Area 54 - Cards / Packs","NFT / digital collectible card","Rare","6/9","Area 54 Cards - 252 - Fetal Deceit Phil.jpg","D:\github\ron-english-nfts\area-54-cards-packs\images\Area 54 Cards - 252 - Fetal Deceit Phil.jpg","True","cards/RE-011808.html","https://ronenglish-archive.github.io/ron-english-nfts/area-54-cards-packs/images/Area%2054%20Cards%20-%20252%20-%20Fetal%20Deceit%20Phil.jpg"
"RE-011809","Fetal Deceit Phil","253","November 2022","Ron English's Area 54 - Cards / Packs","NFT / digital collectible card","Rare","7/9","Area 54 Cards - 253 - Fetal Deceit Phil.jpg","D:\github\ron-english-nfts\area-54-cards-packs\images\Area 54 Cards - 253 - Fetal Deceit Phil.jpg","True","cards/RE-011809.html","https://ronenglish-archive.github.io/ron-english-nfts/area-54-cards-packs/images/Area%2054%20Cards%20-%20253%20-%20Fetal%20Deceit%20Phil.jpg"
"RE-011810","Fetal Deceit Phil","254","November 2022","Ron English's Area 54 - Cards / Packs","NFT / digital collectible card","Rare","8/9","Area 54 Cards - 254 - Fetal Deceit Phil.jpg","D:\github\ron-english-nfts\area-54-cards-packs\images\Area 54 Cards - 254 - Fetal Deceit Phil.jpg","True","cards/RE-011810.html","https://ronenglish-archive.github.io/ron-english-nfts/area-54-cards-packs/images/Area%2054%20Cards%20-%20254%20-%20Fetal%20Deceit%20Phil.jpg"
"RE-011811","Fetal Deceit Phil","255","November 2022","Ron English's Area 54 - Cards / Packs","NFT / digital collectible card","Ultra Rare","9/9","Area 54 Cards - 255 - Fetal Deceit Phil.jpg","D:\github\ron-english-nfts\area-54-cards-packs\images\Area 54 Cards - 255 - Fetal Deceit Phil.jpg","True","cards/RE-011811.html","https://ronenglish-archive.github.io/ron-english-nfts/area-54-cards-packs/images/Area%2054%20Cards%20-%20255%20-%20Fetal%20Deceit%20Phil.jpg"
"RE-011812","Astral Galexic","256","November 2022","Ron English's Area 54 - Cards / Packs","NFT / digital collectible card","Uncommon","1/9","Area 54 Cards - 256 - Astral Galexic.jpg","D:\github\ron-english-nfts\area-54-cards-packs\images\Area 54 Cards - 256 - Astral Galexic.jpg","True","cards/RE-011812.html","https://ronenglish-archive.github.io/ron-english-nfts/area-54-cards-packs/images/Area%2054%20Cards%20-%20256%20-%20Astral%20Galexic.jpg"
"RE-011813","Galexic","257","November 2022","Ron English's Area 54 - Cards / Packs","NFT / digital collectible card","Uncommon","2/9","Area 54 Cards - 257 - Galexic.jpg","D:\github\ron-english-nfts\area-54-cards-packs\images\Area 54 Cards - 257 - Galexic.jpg","True","cards/RE-011813.html","https://ronenglish-archive.github.io/ron-english-nfts/area-54-cards-packs/images/Area%2054%20Cards%20-%20257%20-%20Galexic.jpg"
"RE-011814","Astral Galexic","258","November 2022","Ron English's Area 54 - Cards / Packs","NFT / digital collectible card","Uncommon","3/9","Area 54 Cards - 258 - Astral Galexic.jpg","D:\github\ron-english-nfts\area-54-cards-packs\images\Area 54 Cards - 258 - Astral Galexic.jpg","True","cards/RE-011814.html","https://ronenglish-archive.github.io/ron-english-nfts/area-54-cards-packs/images/Area%2054%20Cards%20-%20258%20-%20Astral%20Galexic.jpg"
"RE-011815","Astral Galexic","259","November 2022","Ron English's Area 54 - Cards / Packs","NFT / digital collectible card","Uncommon","4/9","Area 54 Cards - 259 - Astral Galexic.jpg","D:\github\ron-english-nfts\area-54-cards-packs\images\Area 54 Cards - 259 - Astral Galexic.jpg","True","cards/RE-011815.html","https://ronenglish-archive.github.io/ron-english-nfts/area-54-cards-packs/images/Area%2054%20Cards%20-%20259%20-%20Astral%20Galexic.jpg"
"RE-011816","Astral Galexic","260","November 2022","Ron English's Area 54 - Cards / Packs","NFT / digital collectible card","Rare","5/9","Area 54 Cards - 260 - Astral Galexic.jpg","D:\github\ron-english-nfts\area-54-cards-packs\images\Area 54 Cards - 260 - Astral Galexic.jpg","True","cards/RE-011816.html","https://ronenglish-archive.github.io/ron-english-nfts/area-54-cards-packs/images/Area%2054%20Cards%20-%20260%20-%20Astral%20Galexic.jpg"
"RE-011817","Astral Galexic","261","November 2022","Ron English's Area 54 - Cards / Packs","NFT / digital collectible card","Rare","6/9","Area 54 Cards - 261 - Astral Galexic.jpg","D:\github\ron-english-nfts\area-54-cards-packs\images\Area 54 Cards - 261 - Astral Galexic.jpg","True","cards/RE-011817.html","https://ronenglish-archive.github.io/ron-english-nfts/area-54-cards-packs/images/Area%2054%20Cards%20-%20261%20-%20Astral%20Galexic.jpg"
"RE-011818","Astral Galexic","262","November 2022","Ron English's Area 54 - Cards / Packs","NFT / digital collectible card","Rare","7/9","Area 54 Cards - 262 - Astral Galexic.jpg","D:\github\ron-english-nfts\area-54-cards-packs\images\Area 54 Cards - 262 - Astral Galexic.jpg","True","cards/RE-011818.html","https://ronenglish-archive.github.io/ron-english-nfts/area-54-cards-packs/images/Area%2054%20Cards%20-%20262%20-%20Astral%20Galexic.jpg"
"RE-011819","Astral Galexic","263","November 2022","Ron English's Area 54 - Cards / Packs","NFT / digital collectible card","Rare","8/9","Area 54 Cards - 263 - Astral Galexic.jpg","D:\github\ron-english-nfts\area-54-cards-packs\images\Area 54 Cards - 263 - Astral Galexic.jpg","True","cards/RE-011819.html","https://ronenglish-archive.github.io/ron-english-nfts/area-54-cards-packs/images/Area%2054%20Cards%20-%20263%20-%20Astral%20Galexic.jpg"
"RE-011820","Astral Galexic","264","November 2022","Ron English's Area 54 - Cards / Packs","NFT / digital collectible card","Ultra Rare","9/9","Area 54 Cards - 264 - Astral Galexic.jpg","D:\github\ron-english-nfts\area-54-cards-packs\images\Area 54 Cards - 264 - Astral Galexic.jpg","True","cards/RE-011820.html","https://ronenglish-archive.github.io/ron-english-nfts/area-54-cards-packs/images/Area%2054%20Cards%20-%20264%20-%20Astral%20Galexic.jpg"
"RE-011821","Elexacon Angel","265","November 2022","Ron English's Area 54 - Cards / Packs","NFT / digital collectible card","Uncommon","1/9","Area 54 Cards - 265 - Elexacon Angel.jpg","D:\github\ron-english-nfts\area-54-cards-packs\images\Area 54 Cards - 265 - Elexacon Angel.jpg","True","cards/RE-011821.html","https://ronenglish-archive.github.io/ron-english-nfts/area-54-cards-packs/images/Area%2054%20Cards%20-%20265%20-%20Elexacon%20Angel.jpg"
"RE-011822","Elexacon Angel","266","November 2022","Ron English's Area 54 - Cards / Packs","NFT / digital collectible card","Uncommon","2/9","Area 54 Cards - 266 - Elexacon Angel.jpg","D:\github\ron-english-nfts\area-54-cards-packs\images\Area 54 Cards - 266 - Elexacon Angel.jpg","True","cards/RE-011822.html","https://ronenglish-archive.github.io/ron-english-nfts/area-54-cards-packs/images/Area%2054%20Cards%20-%20266%20-%20Elexacon%20Angel.jpg"
"RE-011823","Elexacon Angel","267","November 2022","Ron English's Area 54 - Cards / Packs","NFT / digital collectible card","Uncommon","3/9","Area 54 Cards - 267 - Elexacon Angel.jpg","D:\github\ron-english-nfts\area-54-cards-packs\images\Area 54 Cards - 267 - Elexacon Angel.jpg","True","cards/RE-011823.html","https://ronenglish-archive.github.io/ron-english-nfts/area-54-cards-packs/images/Area%2054%20Cards%20-%20267%20-%20Elexacon%20Angel.jpg"
"RE-011824","Elexacon Angel","268","November 2022","Ron English's Area 54 - Cards / Packs","NFT / digital collectible card","Uncommon","4/9","Area 54 Cards - 268 - Elexacon Angel.jpg","D:\github\ron-english-nfts\area-54-cards-packs\images\Area 54 Cards - 268 - Elexacon Angel.jpg","True","cards/RE-011824.html","https://ronenglish-archive.github.io/ron-english-nfts/area-54-cards-packs/images/Area%2054%20Cards%20-%20268%20-%20Elexacon%20Angel.jpg"
"RE-011825","Elexacon Angel","269","November 2022","Ron English's Area 54 - Cards / Packs","NFT / digital collectible card","Rare","5/9","Area 54 Cards - 269 - Elexacon Angel.jpg","D:\github\ron-english-nfts\area-54-cards-packs\images\Area 54 Cards - 269 - Elexacon Angel.jpg","True","cards/RE-011825.html","https://ronenglish-archive.github.io/ron-english-nfts/area-54-cards-packs/images/Area%2054%20Cards%20-%20269%20-%20Elexacon%20Angel.jpg"
"RE-011826","Elexacon Angel","270","November 2022","Ron English's Area 54 - Cards / Packs","NFT / digital collectible card","Rare","6/9","Area 54 Cards - 270 - Elexacon Angel.jpg","D:\github\ron-english-nfts\area-54-cards-packs\images\Area 54 Cards - 270 - Elexacon Angel.jpg","True","cards/RE-011826.html","https://ronenglish-archive.github.io/ron-english-nfts/area-54-cards-packs/images/Area%2054%20Cards%20-%20270%20-%20Elexacon%20Angel.jpg"
"RE-011827","Elexacon Angel","271","November 2022","Ron English's Area 54 - Cards / Packs","NFT / digital collectible card","Rare","7/9","Area 54 Cards - 271 - Elexacon Angel.jpg","D:\github\ron-english-nfts\area-54-cards-packs\images\Area 54 Cards - 271 - Elexacon Angel.jpg","True","cards/RE-011827.html","https://ronenglish-archive.github.io/ron-english-nfts/area-54-cards-packs/images/Area%2054%20Cards%20-%20271%20-%20Elexacon%20Angel.jpg"
"RE-011828","Elexacon Angel","272","November 2022","Ron English's Area 54 - Cards / Packs","NFT / digital collectible card","Rare","8/9","Area 54 Cards - 272 - Elexacon Angel.jpg","D:\github\ron-english-nfts\area-54-cards-packs\images\Area 54 Cards - 272 - Elexacon Angel.jpg","True","cards/RE-011828.html","https://ronenglish-archive.github.io/ron-english-nfts/area-54-cards-packs/images/Area%2054%20Cards%20-%20272%20-%20Elexacon%20Angel.jpg"
"RE-011829","Elexacon Angel","273","November 2022","Ron English's Area 54 - Cards / Packs","NFT / digital collectible card","Ultra Rare","9/9","Area 54 Cards - 273 - Elexacon Angel.jpg","D:\github\ron-english-nfts\area-54-cards-packs\images\Area 54 Cards - 273 - Elexacon Angel.jpg","True","cards/RE-011829.html","https://ronenglish-archive.github.io/ron-english-nfts/area-54-cards-packs/images/Area%2054%20Cards%20-%20273%20-%20Elexacon%20Angel.jpg"
"RE-011830","Vulcan Vortex","274","November 2022","Ron English's Area 54 - Cards / Packs","NFT / digital collectible card","Uncommon","1/9","Area 54 Cards - 274 - Vulcan Vortex.jpg","D:\github\ron-english-nfts\area-54-cards-packs\images\Area 54 Cards - 274 - Vulcan Vortex.jpg","True","cards/RE-011830.html","https://ronenglish-archive.github.io/ron-english-nfts/area-54-cards-packs/images/Area%2054%20Cards%20-%20274%20-%20Vulcan%20Vortex.jpg"
"RE-011831","Vulcan Vortex","275","November 2022","Ron English's Area 54 - Cards / Packs","NFT / digital collectible card","Uncommon","2/9","Area 54 Cards - 275 - Vulcan Vortex.jpg","D:\github\ron-english-nfts\area-54-cards-packs\images\Area 54 Cards - 275 - Vulcan Vortex.jpg","True","cards/RE-011831.html","https://ronenglish-archive.github.io/ron-english-nfts/area-54-cards-packs/images/Area%2054%20Cards%20-%20275%20-%20Vulcan%20Vortex.jpg"
"RE-011832","Vulcan Vortex","276","November 2022","Ron English's Area 54 - Cards / Packs","NFT / digital collectible card","Uncommon","3/9","Area 54 Cards - 276 - Vulcan Vortex.jpg","D:\github\ron-english-nfts\area-54-cards-packs\images\Area 54 Cards - 276 - Vulcan Vortex.jpg","True","cards/RE-011832.html","https://ronenglish-archive.github.io/ron-english-nfts/area-54-cards-packs/images/Area%2054%20Cards%20-%20276%20-%20Vulcan%20Vortex.jpg"
"RE-011833","Vulcan Vortex","277","November 2022","Ron English's Area 54 - Cards / Packs","NFT / digital collectible card","Uncommon","4/9","Area 54 Cards - 277 - Vulcan Vortex.jpg","D:\github\ron-english-nfts\area-54-cards-packs\images\Area 54 Cards - 277 - Vulcan Vortex.jpg","True","cards/RE-011833.html","https://ronenglish-archive.github.io/ron-english-nfts/area-54-cards-packs/images/Area%2054%20Cards%20-%20277%20-%20Vulcan%20Vortex.jpg"
"RE-011834","Vulcan Vortex","278","November 2022","Ron English's Area 54 - Cards / Packs","NFT / digital collectible card","Rare","5/9","Area 54 Cards - 278 - Vulcan Vortex.jpg","D:\github\ron-english-nfts\area-54-cards-packs\images\Area 54 Cards - 278 - Vulcan Vortex.jpg","True","cards/RE-011834.html","https://ronenglish-archive.github.io/ron-english-nfts/area-54-cards-packs/images/Area%2054%20Cards%20-%20278%20-%20Vulcan%20Vortex.jpg"
"RE-011835","Vulcan Vortex","279","November 2022","Ron English's Area 54 - Cards / Packs","NFT / digital collectible card","Rare","6/9","Area 54 Cards - 279 - Vulcan Vortex.jpg","D:\github\ron-english-nfts\area-54-cards-packs\images\Area 54 Cards - 279 - Vulcan Vortex.jpg","True","cards/RE-011835.html","https://ronenglish-archive.github.io/ron-english-nfts/area-54-cards-packs/images/Area%2054%20Cards%20-%20279%20-%20Vulcan%20Vortex.jpg"
"RE-011836","Vulcan Vortex","280","November 2022","Ron English's Area 54 - Cards / Packs","NFT / digital collectible card","Rare","7/9","Area 54 Cards - 280 - Vulcan Vortex.jpg","D:\github\ron-english-nfts\area-54-cards-packs\images\Area 54 Cards - 280 - Vulcan Vortex.jpg","True","cards/RE-011836.html","https://ronenglish-archive.github.io/ron-english-nfts/area-54-cards-packs/images/Area%2054%20Cards%20-%20280%20-%20Vulcan%20Vortex.jpg"
"RE-011837","Vulcan Vortex","281","November 2022","Ron English's Area 54 - Cards / Packs","NFT / digital collectible card","Rare","8/9","Area 54 Cards - 281 - Vulcan Vortex.jpg","D:\github\ron-english-nfts\area-54-cards-packs\images\Area 54 Cards - 281 - Vulcan Vortex.jpg","True","cards/RE-011837.html","https://ronenglish-archive.github.io/ron-english-nfts/area-54-cards-packs/images/Area%2054%20Cards%20-%20281%20-%20Vulcan%20Vortex.jpg"
"RE-011838","Vulcan Vortex","282","November 2022","Ron English's Area 54 - Cards / Packs","NFT / digital collectible card","Ultra Rare","9/9","Area 54 Cards - 282 - Vulcan Vortex.jpg","D:\github\ron-english-nfts\area-54-cards-packs\images\Area 54 Cards - 282 - Vulcan Vortex.jpg","True","cards/RE-011838.html","https://ronenglish-archive.github.io/ron-english-nfts/area-54-cards-packs/images/Area%2054%20Cards%20-%20282%20-%20Vulcan%20Vortex.jpg"
"RE-011839","Otherworld Overlord","283","November 2022","Ron English's Area 54 - Cards / Packs","NFT / digital collectible card","Uncommon","1/9","Area 54 Cards - 283 - Otherworld Overlord.jpg","D:\github\ron-english-nfts\area-54-cards-packs\images\Area 54 Cards - 283 - Otherworld Overlord.jpg","True","cards/RE-011839.html","https://ronenglish-archive.github.io/ron-english-nfts/area-54-cards-packs/images/Area%2054%20Cards%20-%20283%20-%20Otherworld%20Overlord.jpg"
"RE-011840","Otherworld Overlord","284","November 2022","Ron English's Area 54 - Cards / Packs","NFT / digital collectible card","Uncommon","2/9","Area 54 Cards - 284 - Otherworld Overlord.jpg","D:\github\ron-english-nfts\area-54-cards-packs\images\Area 54 Cards - 284 - Otherworld Overlord.jpg","True","cards/RE-011840.html","https://ronenglish-archive.github.io/ron-english-nfts/area-54-cards-packs/images/Area%2054%20Cards%20-%20284%20-%20Otherworld%20Overlord.jpg"
"RE-011841","Otherworld Overlord","285","November 2022","Ron English's Area 54 - Cards / Packs","NFT / digital collectible card","Uncommon","3/9","Area 54 Cards - 285 - Otherworld Overlord.jpg","D:\github\ron-english-nfts\area-54-cards-packs\images\Area 54 Cards - 285 - Otherworld Overlord.jpg","True","cards/RE-011841.html","https://ronenglish-archive.github.io/ron-english-nfts/area-54-cards-packs/images/Area%2054%20Cards%20-%20285%20-%20Otherworld%20Overlord.jpg"
"RE-011842","Otherworld Overlord","286","November 2022","Ron English's Area 54 - Cards / Packs","NFT / digital collectible card","Uncommon","4/9","Area 54 Cards - 286 - Otherworld Overlord.jpg","D:\github\ron-english-nfts\area-54-cards-packs\images\Area 54 Cards - 286 - Otherworld Overlord.jpg","True","cards/RE-011842.html","https://ronenglish-archive.github.io/ron-english-nfts/area-54-cards-packs/images/Area%2054%20Cards%20-%20286%20-%20Otherworld%20Overlord.jpg"
"RE-011843","Otherworld Overlord","287","November 2022","Ron English's Area 54 - Cards / Packs","NFT / digital collectible card","Rare","5/9","Area 54 Cards - 287 - Otherworld Overlord.jpg","D:\github\ron-english-nfts\area-54-cards-packs\images\Area 54 Cards - 287 - Otherworld Overlord.jpg","True","cards/RE-011843.html","https://ronenglish-archive.github.io/ron-english-nfts/area-54-cards-packs/images/Area%2054%20Cards%20-%20287%20-%20Otherworld%20Overlord.jpg"
"RE-011844","Otherworld Overlord","288","November 2022","Ron English's Area 54 - Cards / Packs","NFT / digital collectible card","Rare","6/9","Area 54 Cards - 288 - Otherworld Overlord.jpg","D:\github\ron-english-nfts\area-54-cards-packs\images\Area 54 Cards - 288 - Otherworld Overlord.jpg","True","cards/RE-011844.html","https://ronenglish-archive.github.io/ron-english-nfts/area-54-cards-packs/images/Area%2054%20Cards%20-%20288%20-%20Otherworld%20Overlord.jpg"
"RE-011845","Otherworld Overlord","289","November 2022","Ron English's Area 54 - Cards / Packs","NFT / digital collectible card","Rare","7/9","Area 54 Cards - 289 - Otherworld Overlord.jpg","D:\github\ron-english-nfts\area-54-cards-packs\images\Area 54 Cards - 289 - Otherworld Overlord.jpg","True","cards/RE-011845.html","https://ronenglish-archive.github.io/ron-english-nfts/area-54-cards-packs/images/Area%2054%20Cards%20-%20289%20-%20Otherworld%20Overlord.jpg"
"RE-011846","Otherworld Overlord","290","November 2022","Ron English's Area 54 - Cards / Packs","NFT / digital collectible card","Rare","8/9","Area 54 Cards - 290 - Otherworld Overlord.jpg","D:\github\ron-english-nfts\area-54-cards-packs\images\Area 54 Cards - 290 - Otherworld Overlord.jpg","True","cards/RE-011846.html","https://ronenglish-archive.github.io/ron-english-nfts/area-54-cards-packs/images/Area%2054%20Cards%20-%20290%20-%20Otherworld%20Overlord.jpg"
"RE-011847","Otherworld Overlord","291","November 2022","Ron English's Area 54 - Cards / Packs","NFT / digital collectible card","Ultra Rare","9/9","Area 54 Cards - 291 - Otherworld Overlord.jpg","D:\github\ron-english-nfts\area-54-cards-packs\images\Area 54 Cards - 291 - Otherworld Overlord.jpg","True","cards/RE-011847.html","https://ronenglish-archive.github.io/ron-english-nfts/area-54-cards-packs/images/Area%2054%20Cards%20-%20291%20-%20Otherworld%20Overlord.jpg"
"RE-011848","Forgon Intruder","292","November 2022","Ron English's Area 54 - Cards / Packs","NFT / digital collectible card","Uncommon","1/9","Area 54 Cards - 292 - Forgon Intruder.jpg","D:\github\ron-english-nfts\area-54-cards-packs\images\Area 54 Cards - 292 - Forgon Intruder.jpg","True","cards/RE-011848.html","https://ronenglish-archive.github.io/ron-english-nfts/area-54-cards-packs/images/Area%2054%20Cards%20-%20292%20-%20Forgon%20Intruder.jpg"
"RE-011849","Forgon Intruder","293","November 2022","Ron English's Area 54 - Cards / Packs","NFT / digital collectible card","Uncommon","2/9","Area 54 Cards - 293 - Forgon Intruder.jpg","D:\github\ron-english-nfts\area-54-cards-packs\images\Area 54 Cards - 293 - Forgon Intruder.jpg","True","cards/RE-011849.html","https://ronenglish-archive.github.io/ron-english-nfts/area-54-cards-packs/images/Area%2054%20Cards%20-%20293%20-%20Forgon%20Intruder.jpg"
"RE-011850","Forgon Intruder","294","November 2022","Ron English's Area 54 - Cards / Packs","NFT / digital collectible card","Uncommon","3/9","Area 54 Cards - 294 - Forgon Intruder.jpg","D:\github\ron-english-nfts\area-54-cards-packs\images\Area 54 Cards - 294 - Forgon Intruder.jpg","True","cards/RE-011850.html","https://ronenglish-archive.github.io/ron-english-nfts/area-54-cards-packs/images/Area%2054%20Cards%20-%20294%20-%20Forgon%20Intruder.jpg"
"RE-011851","Forgon Intruder","295","November 2022","Ron English's Area 54 - Cards / Packs","NFT / digital collectible card","Uncommon","4/9","Area 54 Cards - 295 - Forgon Intruder.jpg","D:\github\ron-english-nfts\area-54-cards-packs\images\Area 54 Cards - 295 - Forgon Intruder.jpg","True","cards/RE-011851.html","https://ronenglish-archive.github.io/ron-english-nfts/area-54-cards-packs/images/Area%2054%20Cards%20-%20295%20-%20Forgon%20Intruder.jpg"
"RE-011852","Forgon Intruder","296","November 2022","Ron English's Area 54 - Cards / Packs","NFT / digital collectible card","Rare","5/9","Area 54 Cards - 296 - Forgon Intruder.jpg","D:\github\ron-english-nfts\area-54-cards-packs\images\Area 54 Cards - 296 - Forgon Intruder.jpg","True","cards/RE-011852.html","https://ronenglish-archive.github.io/ron-english-nfts/area-54-cards-packs/images/Area%2054%20Cards%20-%20296%20-%20Forgon%20Intruder.jpg"
"RE-011853","Forgon Intruder","297","November 2022","Ron English's Area 54 - Cards / Packs","NFT / digital collectible card","Rare","6/9","Area 54 Cards - 297 - Forgon Intruder.jpg","D:\github\ron-english-nfts\area-54-cards-packs\images\Area 54 Cards - 297 - Forgon Intruder.jpg","True","cards/RE-011853.html","https://ronenglish-archive.github.io/ron-english-nfts/area-54-cards-packs/images/Area%2054%20Cards%20-%20297%20-%20Forgon%20Intruder.jpg"
"RE-011854","Forgon Intruder","298","November 2022","Ron English's Area 54 - Cards / Packs","NFT / digital collectible card","Rare","7/9","Area 54 Cards - 298 - Forgon Intruder.jpg","D:\github\ron-english-nfts\area-54-cards-packs\images\Area 54 Cards - 298 - Forgon Intruder.jpg","True","cards/RE-011854.html","https://ronenglish-archive.github.io/ron-english-nfts/area-54-cards-packs/images/Area%2054%20Cards%20-%20298%20-%20Forgon%20Intruder.jpg"
"RE-011855","Forgon Intruder","299","November 2022","Ron English's Area 54 - Cards / Packs","NFT / digital collectible card","Rare","8/9","Area 54 Cards - 299 - Forgon Intruder.jpg","D:\github\ron-english-nfts\area-54-cards-packs\images\Area 54 Cards - 299 - Forgon Intruder.jpg","True","cards/RE-011855.html","https://ronenglish-archive.github.io/ron-english-nfts/area-54-cards-packs/images/Area%2054%20Cards%20-%20299%20-%20Forgon%20Intruder.jpg"
"RE-011856","Forgon Intruder","300","November 2022","Ron English's Area 54 - Cards / Packs","NFT / digital collectible card","Ultra Rare","9/9","Area 54 Cards - 300 - Forgon Intruder.jpg","D:\github\ron-english-nfts\area-54-cards-packs\images\Area 54 Cards - 300 - Forgon Intruder.jpg","True","cards/RE-011856.html","https://ronenglish-archive.github.io/ron-english-nfts/area-54-cards-packs/images/Area%2054%20Cards%20-%20300%20-%20Forgon%20Intruder.jpg"
"RE-011857","Cybor External","301","November 2022","Ron English's Area 54 - Cards / Packs","NFT / digital collectible card","Uncommon","1/9","Area 54 Cards - 301 - Cybor External.jpg","D:\github\ron-english-nfts\area-54-cards-packs\images\Area 54 Cards - 301 - Cybor External.jpg","True","cards/RE-011857.html","https://ronenglish-archive.github.io/ron-english-nfts/area-54-cards-packs/images/Area%2054%20Cards%20-%20301%20-%20Cybor%20External.jpg"
"RE-011858","Cybor External","302","November 2022","Ron English's Area 54 - Cards / Packs","NFT / digital collectible card","Uncommon","2/9","Area 54 Cards - 302 - Cybor External.jpg","D:\github\ron-english-nfts\area-54-cards-packs\images\Area 54 Cards - 302 - Cybor External.jpg","True","cards/RE-011858.html","https://ronenglish-archive.github.io/ron-english-nfts/area-54-cards-packs/images/Area%2054%20Cards%20-%20302%20-%20Cybor%20External.jpg"
"RE-011859","Cybor External","303","November 2022","Ron English's Area 54 - Cards / Packs","NFT / digital collectible card","Uncommon","3/9","Area 54 Cards - 303 - Cybor External.jpg","D:\github\ron-english-nfts\area-54-cards-packs\images\Area 54 Cards - 303 - Cybor External.jpg","True","cards/RE-011859.html","https://ronenglish-archive.github.io/ron-english-nfts/area-54-cards-packs/images/Area%2054%20Cards%20-%20303%20-%20Cybor%20External.jpg"
"RE-011860","Cybor External","304","November 2022","Ron English's Area 54 - Cards / Packs","NFT / digital collectible card","Uncommon","4/9","Area 54 Cards - 304 - Cybor External.jpg","D:\github\ron-english-nfts\area-54-cards-packs\images\Area 54 Cards - 304 - Cybor External.jpg","True","cards/RE-011860.html","https://ronenglish-archive.github.io/ron-english-nfts/area-54-cards-packs/images/Area%2054%20Cards%20-%20304%20-%20Cybor%20External.jpg"
"RE-011861","Cybor External","305","November 2022","Ron English's Area 54 - Cards / Packs","NFT / digital collectible card","Rare","5/9","Area 54 Cards - 305 - Cybor External.jpg","D:\github\ron-english-nfts\area-54-cards-packs\images\Area 54 Cards - 305 - Cybor External.jpg","True","cards/RE-011861.html","https://ronenglish-archive.github.io/ron-english-nfts/area-54-cards-packs/images/Area%2054%20Cards%20-%20305%20-%20Cybor%20External.jpg"
"RE-011862","Cybor External","306","November 2022","Ron English's Area 54 - Cards / Packs","NFT / digital collectible card","Rare","6/9","Area 54 Cards - 306 - Cybor External.jpg","D:\github\ron-english-nfts\area-54-cards-packs\images\Area 54 Cards - 306 - Cybor External.jpg","True","cards/RE-011862.html","https://ronenglish-archive.github.io/ron-english-nfts/area-54-cards-packs/images/Area%2054%20Cards%20-%20306%20-%20Cybor%20External.jpg"
"RE-011863","Cybor External","307","November 2022","Ron English's Area 54 - Cards / Packs","NFT / digital collectible card","Rare","7/9","Area 54 Cards - 307 - Cybor External.jpg","D:\github\ron-english-nfts\area-54-cards-packs\images\Area 54 Cards - 307 - Cybor External.jpg","True","cards/RE-011863.html","https://ronenglish-archive.github.io/ron-english-nfts/area-54-cards-packs/images/Area%2054%20Cards%20-%20307%20-%20Cybor%20External.jpg"
"RE-011864","Cybor External","308","November 2022","Ron English's Area 54 - Cards / Packs","NFT / digital collectible card","Rare","8/9","Area 54 Cards - 308 - Cybor External.jpg","D:\github\ron-english-nfts\area-54-cards-packs\images\Area 54 Cards - 308 - Cybor External.jpg","True","cards/RE-011864.html","https://ronenglish-archive.github.io/ron-english-nfts/area-54-cards-packs/images/Area%2054%20Cards%20-%20308%20-%20Cybor%20External.jpg"
"RE-011865","Cybor External","309","November 2022","Ron English's Area 54 - Cards / Packs","NFT / digital collectible card","Ultra Rare","9/9","Area 54 Cards - 309 - Cybor External.jpg","D:\github\ron-english-nfts\area-54-cards-packs\images\Area 54 Cards - 309 - Cybor External.jpg","True","cards/RE-011865.html","https://ronenglish-archive.github.io/ron-english-nfts/area-54-cards-packs/images/Area%2054%20Cards%20-%20309%20-%20Cybor%20External.jpg"
"RE-011866","Berzerk Krypton","310","November 2022","Ron English's Area 54 - Cards / Packs","NFT / digital collectible card","Uncommon","1/9","Area 54 Cards - 310 - Berzerk Krypton.jpg","D:\github\ron-english-nfts\area-54-cards-packs\images\Area 54 Cards - 310 - Berzerk Krypton.jpg","True","cards/RE-011866.html","https://ronenglish-archive.github.io/ron-english-nfts/area-54-cards-packs/images/Area%2054%20Cards%20-%20310%20-%20Berzerk%20Krypton.jpg"
"RE-011867","Berzerk Krypton","311","November 2022","Ron English's Area 54 - Cards / Packs","NFT / digital collectible card","Uncommon","2/9","Area 54 Cards - 311 - Berzerk Krypton.jpg","D:\github\ron-english-nfts\area-54-cards-packs\images\Area 54 Cards - 311 - Berzerk Krypton.jpg","True","cards/RE-011867.html","https://ronenglish-archive.github.io/ron-english-nfts/area-54-cards-packs/images/Area%2054%20Cards%20-%20311%20-%20Berzerk%20Krypton.jpg"
"RE-011868","Berzerk Krypton","312","November 2022","Ron English's Area 54 - Cards / Packs","NFT / digital collectible card","Uncommon","3/9","Area 54 Cards - 312 - Berzerk Krypton.jpg","D:\github\ron-english-nfts\area-54-cards-packs\images\Area 54 Cards - 312 - Berzerk Krypton.jpg","True","cards/RE-011868.html","https://ronenglish-archive.github.io/ron-english-nfts/area-54-cards-packs/images/Area%2054%20Cards%20-%20312%20-%20Berzerk%20Krypton.jpg"
"RE-011869","Berzerk Krypton","313","November 2022","Ron English's Area 54 - Cards / Packs","NFT / digital collectible card","Uncommon","4/9","Area 54 Cards - 313 - Berzerk Krypton.jpg","D:\github\ron-english-nfts\area-54-cards-packs\images\Area 54 Cards - 313 - Berzerk Krypton.jpg","True","cards/RE-011869.html","https://ronenglish-archive.github.io/ron-english-nfts/area-54-cards-packs/images/Area%2054%20Cards%20-%20313%20-%20Berzerk%20Krypton.jpg"
"RE-011870","Berzerk Krypton","314","November 2022","Ron English's Area 54 - Cards / Packs","NFT / digital collectible card","Rare","5/9","Area 54 Cards - 314 - Berzerk Krypton.jpg","D:\github\ron-english-nfts\area-54-cards-packs\images\Area 54 Cards - 314 - Berzerk Krypton.jpg","True","cards/RE-011870.html","https://ronenglish-archive.github.io/ron-english-nfts/area-54-cards-packs/images/Area%2054%20Cards%20-%20314%20-%20Berzerk%20Krypton.jpg"
"RE-011871","Berzerk Krypton","315","November 2022","Ron English's Area 54 - Cards / Packs","NFT / digital collectible card","Rare","6/9","Area 54 Cards - 315 - Berzerk Krypton.jpg","D:\github\ron-english-nfts\area-54-cards-packs\images\Area 54 Cards - 315 - Berzerk Krypton.jpg","True","cards/RE-011871.html","https://ronenglish-archive.github.io/ron-english-nfts/area-54-cards-packs/images/Area%2054%20Cards%20-%20315%20-%20Berzerk%20Krypton.jpg"
"RE-011872","Berzerk Krypton","316","November 2022","Ron English's Area 54 - Cards / Packs","NFT / digital collectible card","Rare","7/9","Area 54 Cards - 316 - Berzerk Krypton.jpg","D:\github\ron-english-nfts\area-54-cards-packs\images\Area 54 Cards - 316 - Berzerk Krypton.jpg","True","cards/RE-011872.html","https://ronenglish-archive.github.io/ron-english-nfts/area-54-cards-packs/images/Area%2054%20Cards%20-%20316%20-%20Berzerk%20Krypton.jpg"
"RE-011873","Berzerk Krypton","317","November 2022","Ron English's Area 54 - Cards / Packs","NFT / digital collectible card","Rare","8/9","Area 54 Cards - 317 - Berzerk Krypton.jpg","D:\github\ron-english-nfts\area-54-cards-packs\images\Area 54 Cards - 317 - Berzerk Krypton.jpg","True","cards/RE-011873.html","https://ronenglish-archive.github.io/ron-english-nfts/area-54-cards-packs/images/Area%2054%20Cards%20-%20317%20-%20Berzerk%20Krypton.jpg"
"RE-011874","Berzerk Krypton","318","November 2022","Ron English's Area 54 - Cards / Packs","NFT / digital collectible card","Ultra Rare","9/9","Area 54 Cards - 318 - Berzerk Krypton.jpg","D:\github\ron-english-nfts\area-54-cards-packs\images\Area 54 Cards - 318 - Berzerk Krypton.jpg","True","cards/RE-011874.html","https://ronenglish-archive.github.io/ron-english-nfts/area-54-cards-packs/images/Area%2054%20Cards%20-%20318%20-%20Berzerk%20Krypton.jpg"
"RE-011875","Electropia Exotropia","319","November 2022","Ron English's Area 54 - Cards / Packs","NFT / digital collectible card","Uncommon","1/9","Area 54 Cards - 319 - Electropia Exotropia.jpg","D:\github\ron-english-nfts\area-54-cards-packs\images\Area 54 Cards - 319 - Electropia Exotropia.jpg","True","cards/RE-011875.html","https://ronenglish-archive.github.io/ron-english-nfts/area-54-cards-packs/images/Area%2054%20Cards%20-%20319%20-%20Electropia%20Exotropia.jpg"
"RE-011876","Electropia Exotropia","320","November 2022","Ron English's Area 54 - Cards / Packs","NFT / digital collectible card","Uncommon","2/9","Area 54 Cards - 320 - Electropia Exotropia.jpg","D:\github\ron-english-nfts\area-54-cards-packs\images\Area 54 Cards - 320 - Electropia Exotropia.jpg","True","cards/RE-011876.html","https://ronenglish-archive.github.io/ron-english-nfts/area-54-cards-packs/images/Area%2054%20Cards%20-%20320%20-%20Electropia%20Exotropia.jpg"
"RE-011877","Electropia Exotropia","321","November 2022","Ron English's Area 54 - Cards / Packs","NFT / digital collectible card","Uncommon","3/9","Area 54 Cards - 321 - Electropia Exotropia.jpg","D:\github\ron-english-nfts\area-54-cards-packs\images\Area 54 Cards - 321 - Electropia Exotropia.jpg","True","cards/RE-011877.html","https://ronenglish-archive.github.io/ron-english-nfts/area-54-cards-packs/images/Area%2054%20Cards%20-%20321%20-%20Electropia%20Exotropia.jpg"
"RE-011878","Electropia Exotropia","322","November 2022","Ron English's Area 54 - Cards / Packs","NFT / digital collectible card","Uncommon","4/9","Area 54 Cards - 322 - Electropia Exotropia.jpg","D:\github\ron-english-nfts\area-54-cards-packs\images\Area 54 Cards - 322 - Electropia Exotropia.jpg","True","cards/RE-011878.html","https://ronenglish-archive.github.io/ron-english-nfts/area-54-cards-packs/images/Area%2054%20Cards%20-%20322%20-%20Electropia%20Exotropia.jpg"
"RE-011879","Electropia Exotropia","323","November 2022","Ron English's Area 54 - Cards / Packs","NFT / digital collectible card","Rare","5/9","Area 54 Cards - 323 - Electropia Exotropia.jpg","D:\github\ron-english-nfts\area-54-cards-packs\images\Area 54 Cards - 323 - Electropia Exotropia.jpg","True","cards/RE-011879.html","https://ronenglish-archive.github.io/ron-english-nfts/area-54-cards-packs/images/Area%2054%20Cards%20-%20323%20-%20Electropia%20Exotropia.jpg"
"RE-011880","Electropia Exotropia","324","November 2022","Ron English's Area 54 - Cards / Packs","NFT / digital collectible card","Rare","6/9","Area 54 Cards - 324 - Electropia Exotropia.jpg","D:\github\ron-english-nfts\area-54-cards-packs\images\Area 54 Cards - 324 - Electropia Exotropia.jpg","True","cards/RE-011880.html","https://ronenglish-archive.github.io/ron-english-nfts/area-54-cards-packs/images/Area%2054%20Cards%20-%20324%20-%20Electropia%20Exotropia.jpg"
"RE-011881","Electropia Exotropia","325","November 2022","Ron English's Area 54 - Cards / Packs","NFT / digital collectible card","Rare","7/9","Area 54 Cards - 325 - Electropia Exotropia.jpg","D:\github\ron-english-nfts\area-54-cards-packs\images\Area 54 Cards - 325 - Electropia Exotropia.jpg","True","cards/RE-011881.html","https://ronenglish-archive.github.io/ron-english-nfts/area-54-cards-packs/images/Area%2054%20Cards%20-%20325%20-%20Electropia%20Exotropia.jpg"
"RE-011882","Electropia Exotropia","326","November 2022","Ron English's Area 54 - Cards / Packs","NFT / digital collectible card","Rare","8/9","Area 54 Cards - 326 - Electropia Exotropia.jpg","D:\github\ron-english-nfts\area-54-cards-packs\images\Area 54 Cards - 326 - Electropia Exotropia.jpg","True","cards/RE-011882.html","https://ronenglish-archive.github.io/ron-english-nfts/area-54-cards-packs/images/Area%2054%20Cards%20-%20326%20-%20Electropia%20Exotropia.jpg"
"RE-011883","Electropia Exotropia","327","November 2022","Ron English's Area 54 - Cards / Packs","NFT / digital collectible card","Ultra Rare","9/9","Area 54 Cards - 327 - Electropia Exotropia.jpg","D:\github\ron-english-nfts\area-54-cards-packs\images\Area 54 Cards - 327 - Electropia Exotropia.jpg","True","cards/RE-011883.html","https://ronenglish-archive.github.io/ron-english-nfts/area-54-cards-packs/images/Area%2054%20Cards%20-%20327%20-%20Electropia%20Exotropia.jpg"
"RE-011884","Blotto Grog","328","November 2022","Ron English's Area 54 - Cards / Packs","NFT / digital collectible card","Uncommon","1/9","Area 54 Cards - 328 - Blotto Grog.jpg","D:\github\ron-english-nfts\area-54-cards-packs\images\Area 54 Cards - 328 - Blotto Grog.jpg","True","cards/RE-011884.html","https://ronenglish-archive.github.io/ron-english-nfts/area-54-cards-packs/images/Area%2054%20Cards%20-%20328%20-%20Blotto%20Grog.jpg"
"RE-011885","Blotto Grog","329","November 2022","Ron English's Area 54 - Cards / Packs","NFT / digital collectible card","Uncommon","2/9","Area 54 Cards - 329 - Blotto Grog.jpg","D:\github\ron-english-nfts\area-54-cards-packs\images\Area 54 Cards - 329 - Blotto Grog.jpg","True","cards/RE-011885.html","https://ronenglish-archive.github.io/ron-english-nfts/area-54-cards-packs/images/Area%2054%20Cards%20-%20329%20-%20Blotto%20Grog.jpg"
"RE-011886","Blotto Grog","330","November 2022","Ron English's Area 54 - Cards / Packs","NFT / digital collectible card","Uncommon","3/9","Area 54 Cards - 330 - Blotto Grog.jpg","D:\github\ron-english-nfts\area-54-cards-packs\images\Area 54 Cards - 330 - Blotto Grog.jpg","True","cards/RE-011886.html","https://ronenglish-archive.github.io/ron-english-nfts/area-54-cards-packs/images/Area%2054%20Cards%20-%20330%20-%20Blotto%20Grog.jpg"
"RE-011887","Blotto Grog","331","November 2022","Ron English's Area 54 - Cards / Packs","NFT / digital collectible card","Uncommon","4/9","Area 54 Cards - 331 - Blotto Grog.jpg","D:\github\ron-english-nfts\area-54-cards-packs\images\Area 54 Cards - 331 - Blotto Grog.jpg","True","cards/RE-011887.html","https://ronenglish-archive.github.io/ron-english-nfts/area-54-cards-packs/images/Area%2054%20Cards%20-%20331%20-%20Blotto%20Grog.jpg"
"RE-011888","Blotto Grog","332","November 2022","Ron English's Area 54 - Cards / Packs","NFT / digital collectible card","Rare","5/9","Area 54 Cards - 332 - Blotto Grog.jpg","D:\github\ron-english-nfts\area-54-cards-packs\images\Area 54 Cards - 332 - Blotto Grog.jpg","True","cards/RE-011888.html","https://ronenglish-archive.github.io/ron-english-nfts/area-54-cards-packs/images/Area%2054%20Cards%20-%20332%20-%20Blotto%20Grog.jpg"
"RE-011889","Blotto Grog","333","November 2022","Ron English's Area 54 - Cards / Packs","NFT / digital collectible card","Rare","6/9","Area 54 Cards - 333 - Blotto Grog.jpg","D:\github\ron-english-nfts\area-54-cards-packs\images\Area 54 Cards - 333 - Blotto Grog.jpg","True","cards/RE-011889.html","https://ronenglish-archive.github.io/ron-english-nfts/area-54-cards-packs/images/Area%2054%20Cards%20-%20333%20-%20Blotto%20Grog.jpg"
"RE-011890","Blotto Grog","334","November 2022","Ron English's Area 54 - Cards / Packs","NFT / digital collectible card","Rare","7/9","Area 54 Cards - 334 - Blotto Grog.jpg","D:\github\ron-english-nfts\area-54-cards-packs\images\Area 54 Cards - 334 - Blotto Grog.jpg","True","cards/RE-011890.html","https://ronenglish-archive.github.io/ron-english-nfts/area-54-cards-packs/images/Area%2054%20Cards%20-%20334%20-%20Blotto%20Grog.jpg"
"RE-011891","Blotto Grog","335","November 2022","Ron English's Area 54 - Cards / Packs","NFT / digital collectible card","Rare","8/9","Area 54 Cards - 335 - Blotto Grog.jpg","D:\github\ron-english-nfts\area-54-cards-packs\images\Area 54 Cards - 335 - Blotto Grog.jpg","True","cards/RE-011891.html","https://ronenglish-archive.github.io/ron-english-nfts/area-54-cards-packs/images/Area%2054%20Cards%20-%20335%20-%20Blotto%20Grog.jpg"
"RE-011892","Blotto Grog","336","November 2022","Ron English's Area 54 - Cards / Packs","NFT / digital collectible card","Ultra Rare","9/9","Area 54 Cards - 336 - Blotto Grog.jpg","D:\github\ron-english-nfts\area-54-cards-packs\images\Area 54 Cards - 336 - Blotto Grog.jpg","True","cards/RE-011892.html","https://ronenglish-archive.github.io/ron-english-nfts/area-54-cards-packs/images/Area%2054%20Cards%20-%20336%20-%20Blotto%20Grog.jpg"
"RE-011893","Cavaler Avaler","337","November 2022","Ron English's Area 54 - Cards / Packs","NFT / digital collectible card","Uncommon","1/9","Area 54 Cards - 337 - Cavaler Avaler.jpg","D:\github\ron-english-nfts\area-54-cards-packs\images\Area 54 Cards - 337 - Cavaler Avaler.jpg","True","cards/RE-011893.html","https://ronenglish-archive.github.io/ron-english-nfts/area-54-cards-packs/images/Area%2054%20Cards%20-%20337%20-%20Cavaler%20Avaler.jpg"
"RE-011894","Cavaler Avaler","338","November 2022","Ron English's Area 54 - Cards / Packs","NFT / digital collectible card","Uncommon","2/9","Area 54 Cards - 338 - Cavaler Avaler.jpg","D:\github\ron-english-nfts\area-54-cards-packs\images\Area 54 Cards - 338 - Cavaler Avaler.jpg","True","cards/RE-011894.html","https://ronenglish-archive.github.io/ron-english-nfts/area-54-cards-packs/images/Area%2054%20Cards%20-%20338%20-%20Cavaler%20Avaler.jpg"
"RE-011895","Cavaler Avaler","339","November 2022","Ron English's Area 54 - Cards / Packs","NFT / digital collectible card","Uncommon","3/9","Area 54 Cards - 339 - Cavaler Avaler.jpg","D:\github\ron-english-nfts\area-54-cards-packs\images\Area 54 Cards - 339 - Cavaler Avaler.jpg","True","cards/RE-011895.html","https://ronenglish-archive.github.io/ron-english-nfts/area-54-cards-packs/images/Area%2054%20Cards%20-%20339%20-%20Cavaler%20Avaler.jpg"
"RE-011896","Cavaler Avaler","340","November 2022","Ron English's Area 54 - Cards / Packs","NFT / digital collectible card","Uncommon","4/9","Area 54 Cards - 340 - Cavaler Avaler.jpg","D:\github\ron-english-nfts\area-54-cards-packs\images\Area 54 Cards - 340 - Cavaler Avaler.jpg","True","cards/RE-011896.html","https://ronenglish-archive.github.io/ron-english-nfts/area-54-cards-packs/images/Area%2054%20Cards%20-%20340%20-%20Cavaler%20Avaler.jpg"
"RE-011897","Cavaler Avaler","341","November 2022","Ron English's Area 54 - Cards / Packs","NFT / digital collectible card","Rare","5/9","Area 54 Cards - 341 - Cavaler Avaler.jpg","D:\github\ron-english-nfts\area-54-cards-packs\images\Area 54 Cards - 341 - Cavaler Avaler.jpg","True","cards/RE-011897.html","https://ronenglish-archive.github.io/ron-english-nfts/area-54-cards-packs/images/Area%2054%20Cards%20-%20341%20-%20Cavaler%20Avaler.jpg"
"RE-011898","Cavaler Avaler","342","November 2022","Ron English's Area 54 - Cards / Packs","NFT / digital collectible card","Rare","6/9","Area 54 Cards - 342 - Cavaler Avaler.jpg","D:\github\ron-english-nfts\area-54-cards-packs\images\Area 54 Cards - 342 - Cavaler Avaler.jpg","True","cards/RE-011898.html","https://ronenglish-archive.github.io/ron-english-nfts/area-54-cards-packs/images/Area%2054%20Cards%20-%20342%20-%20Cavaler%20Avaler.jpg"
"RE-011899","Cavaler Avaler","343","November 2022","Ron English's Area 54 - Cards / Packs","NFT / digital collectible card","Rare","7/9","Area 54 Cards - 343 - Cavaler Avaler.jpg","D:\github\ron-english-nfts\area-54-cards-packs\images\Area 54 Cards - 343 - Cavaler Avaler.jpg","True","cards/RE-011899.html","https://ronenglish-archive.github.io/ron-english-nfts/area-54-cards-packs/images/Area%2054%20Cards%20-%20343%20-%20Cavaler%20Avaler.jpg"
"RE-011900","Cavaler Avaler","344","November 2022","Ron English's Area 54 - Cards / Packs","NFT / digital collectible card","Rare","8/9","Area 54 Cards - 344 - Cavaler Avaler.jpg","D:\github\ron-english-nfts\area-54-cards-packs\images\Area 54 Cards - 344 - Cavaler Avaler.jpg","True","cards/RE-011900.html","https://ronenglish-archive.github.io/ron-english-nfts/area-54-cards-packs/images/Area%2054%20Cards%20-%20344%20-%20Cavaler%20Avaler.jpg"
"RE-011901","Cavaler Avaler","345","November 2022","Ron English's Area 54 - Cards / Packs","NFT / digital collectible card","Ultra Rare","9/9","Area 54 Cards - 345 - Cavaler Avaler.jpg","D:\github\ron-english-nfts\area-54-cards-packs\images\Area 54 Cards - 345 - Cavaler Avaler.jpg","True","cards/RE-011901.html","https://ronenglish-archive.github.io/ron-english-nfts/area-54-cards-packs/images/Area%2054%20Cards%20-%20345%20-%20Cavaler%20Avaler.jpg"
"RE-011902","Voyagel Wonderer","346","November 2022","Ron English's Area 54 - Cards / Packs","NFT / digital collectible card","Uncommon","1/9","Area 54 Cards - 346 - Voyagel Wonderer.jpg","D:\github\ron-english-nfts\area-54-cards-packs\images\Area 54 Cards - 346 - Voyagel Wonderer.jpg","True","cards/RE-011902.html","https://ronenglish-archive.github.io/ron-english-nfts/area-54-cards-packs/images/Area%2054%20Cards%20-%20346%20-%20Voyagel%20Wonderer.jpg"
"RE-011903","Voyagel Wonderer","347","November 2022","Ron English's Area 54 - Cards / Packs","NFT / digital collectible card","Uncommon","2/9","Area 54 Cards - 347 - Voyagel Wonderer.jpg","D:\github\ron-english-nfts\area-54-cards-packs\images\Area 54 Cards - 347 - Voyagel Wonderer.jpg","True","cards/RE-011903.html","https://ronenglish-archive.github.io/ron-english-nfts/area-54-cards-packs/images/Area%2054%20Cards%20-%20347%20-%20Voyagel%20Wonderer.jpg"
"RE-011904","Voyagel Wonderer","348","November 2022","Ron English's Area 54 - Cards / Packs","NFT / digital collectible card","Uncommon","3/9","Area 54 Cards - 348 - Voyagel Wonderer.jpg","D:\github\ron-english-nfts\area-54-cards-packs\images\Area 54 Cards - 348 - Voyagel Wonderer.jpg","True","cards/RE-011904.html","https://ronenglish-archive.github.io/ron-english-nfts/area-54-cards-packs/images/Area%2054%20Cards%20-%20348%20-%20Voyagel%20Wonderer.jpg"
"RE-011905","Voyagel Wonderer","349","November 2022","Ron English's Area 54 - Cards / Packs","NFT / digital collectible card","Uncommon","4/9","Area 54 Cards - 349 - Voyagel Wonderer.jpg","D:\github\ron-english-nfts\area-54-cards-packs\images\Area 54 Cards - 349 - Voyagel Wonderer.jpg","True","cards/RE-011905.html","https://ronenglish-archive.github.io/ron-english-nfts/area-54-cards-packs/images/Area%2054%20Cards%20-%20349%20-%20Voyagel%20Wonderer.jpg"
"RE-011906","Voyagel Wonderer","350","November 2022","Ron English's Area 54 - Cards / Packs","NFT / digital collectible card","Rare","5/9","Area 54 Cards - 350 - Voyagel Wonderer.jpg","D:\github\ron-english-nfts\area-54-cards-packs\images\Area 54 Cards - 350 - Voyagel Wonderer.jpg","True","cards/RE-011906.html","https://ronenglish-archive.github.io/ron-english-nfts/area-54-cards-packs/images/Area%2054%20Cards%20-%20350%20-%20Voyagel%20Wonderer.jpg"
"RE-011907","Voyagel Wonderer","351","November 2022","Ron English's Area 54 - Cards / Packs","NFT / digital collectible card","Rare","6/9","Area 54 Cards - 351 - Voyagel Wonderer.jpg","D:\github\ron-english-nfts\area-54-cards-packs\images\Area 54 Cards - 351 - Voyagel Wonderer.jpg","True","cards/RE-011907.html","https://ronenglish-archive.github.io/ron-english-nfts/area-54-cards-packs/images/Area%2054%20Cards%20-%20351%20-%20Voyagel%20Wonderer.jpg"
"RE-011908","Voyagel Wonderer","352","November 2022","Ron English's Area 54 - Cards / Packs","NFT / digital collectible card","Rare","7/9","Area 54 Cards - 352 - Voyagel Wonderer.jpg","D:\github\ron-english-nfts\area-54-cards-packs\images\Area 54 Cards - 352 - Voyagel Wonderer.jpg","True","cards/RE-011908.html","https://ronenglish-archive.github.io/ron-english-nfts/area-54-cards-packs/images/Area%2054%20Cards%20-%20352%20-%20Voyagel%20Wonderer.jpg"
"RE-011909","Voyagel Wonderer","353","November 2022","Ron English's Area 54 - Cards / Packs","NFT / digital collectible card","Rare","8/9","Area 54 Cards - 353 - Voyagel Wonderer.jpg","D:\github\ron-english-nfts\area-54-cards-packs\images\Area 54 Cards - 353 - Voyagel Wonderer.jpg","True","cards/RE-011909.html","https://ronenglish-archive.github.io/ron-english-nfts/area-54-cards-packs/images/Area%2054%20Cards%20-%20353%20-%20Voyagel%20Wonderer.jpg"
"RE-011910","Voyagel Wonderer","354","November 2022","Ron English's Area 54 - Cards / Packs","NFT / digital collectible card","Ultra Rare","9/9","Area 54 Cards - 354 - Voyagel Wonderer.jpg","D:\github\ron-english-nfts\area-54-cards-packs\images\Area 54 Cards - 354 - Voyagel Wonderer.jpg","True","cards/RE-011910.html","https://ronenglish-archive.github.io/ron-english-nfts/area-54-cards-packs/images/Area%2054%20Cards%20-%20354%20-%20Voyagel%20Wonderer.jpg"
"RE-011911","Blubby Bono","355","November 2022","Ron English's Area 54 - Cards / Packs","NFT / digital collectible card","Uncommon","1/9","Area 54 Cards - 355 - Blubby Bono.jpg","D:\github\ron-english-nfts\area-54-cards-packs\images\Area 54 Cards - 355 - Blubby Bono.jpg","True","cards/RE-011911.html","https://ronenglish-archive.github.io/ron-english-nfts/area-54-cards-packs/images/Area%2054%20Cards%20-%20355%20-%20Blubby%20Bono.jpg"
"RE-011912","Blubby Bono","356","November 2022","Ron English's Area 54 - Cards / Packs","NFT / digital collectible card","Uncommon","2/9","Area 54 Cards - 356 - Blubby Bono.jpg","D:\github\ron-english-nfts\area-54-cards-packs\images\Area 54 Cards - 356 - Blubby Bono.jpg","True","cards/RE-011912.html","https://ronenglish-archive.github.io/ron-english-nfts/area-54-cards-packs/images/Area%2054%20Cards%20-%20356%20-%20Blubby%20Bono.jpg"
"RE-011913","Blubby Bono","357","November 2022","Ron English's Area 54 - Cards / Packs","NFT / digital collectible card","Uncommon","3/9","Area 54 Cards - 357 - Blubby Bono.jpg","D:\github\ron-english-nfts\area-54-cards-packs\images\Area 54 Cards - 357 - Blubby Bono.jpg","True","cards/RE-011913.html","https://ronenglish-archive.github.io/ron-english-nfts/area-54-cards-packs/images/Area%2054%20Cards%20-%20357%20-%20Blubby%20Bono.jpg"
"RE-011914","Blubby Bono","358","November 2022","Ron English's Area 54 - Cards / Packs","NFT / digital collectible card","Uncommon","4/9","Area 54 Cards - 358 - Blubby Bono.jpg","D:\github\ron-english-nfts\area-54-cards-packs\images\Area 54 Cards - 358 - Blubby Bono.jpg","True","cards/RE-011914.html","https://ronenglish-archive.github.io/ron-english-nfts/area-54-cards-packs/images/Area%2054%20Cards%20-%20358%20-%20Blubby%20Bono.jpg"
"RE-011915","Blubby Bono","359","November 2022","Ron English's Area 54 - Cards / Packs","NFT / digital collectible card","Rare","5/9","Area 54 Cards - 359 - Blubby Bono.jpg","D:\github\ron-english-nfts\area-54-cards-packs\images\Area 54 Cards - 359 - Blubby Bono.jpg","True","cards/RE-011915.html","https://ronenglish-archive.github.io/ron-english-nfts/area-54-cards-packs/images/Area%2054%20Cards%20-%20359%20-%20Blubby%20Bono.jpg"
"RE-011916","Blubby Bono","360","November 2022","Ron English's Area 54 - Cards / Packs","NFT / digital collectible card","Rare","6/9","Area 54 Cards - 360 - Blubby Bono.jpg","D:\github\ron-english-nfts\area-54-cards-packs\images\Area 54 Cards - 360 - Blubby Bono.jpg","True","cards/RE-011916.html","https://ronenglish-archive.github.io/ron-english-nfts/area-54-cards-packs/images/Area%2054%20Cards%20-%20360%20-%20Blubby%20Bono.jpg"
"RE-011917","Blubby Bono","361","November 2022","Ron English's Area 54 - Cards / Packs","NFT / digital collectible card","Rare","7/9","Area 54 Cards - 361 - Blubby Bono.jpg","D:\github\ron-english-nfts\area-54-cards-packs\images\Area 54 Cards - 361 - Blubby Bono.jpg","True","cards/RE-011917.html","https://ronenglish-archive.github.io/ron-english-nfts/area-54-cards-packs/images/Area%2054%20Cards%20-%20361%20-%20Blubby%20Bono.jpg"
"RE-011918","Blubby Bono","362","November 2022","Ron English's Area 54 - Cards / Packs","NFT / digital collectible card","Rare","8/9","Area 54 Cards - 362 - Blubby Bono.jpg","D:\github\ron-english-nfts\area-54-cards-packs\images\Area 54 Cards - 362 - Blubby Bono.jpg","True","cards/RE-011918.html","https://ronenglish-archive.github.io/ron-english-nfts/area-54-cards-packs/images/Area%2054%20Cards%20-%20362%20-%20Blubby%20Bono.jpg"
"RE-011919","Blubby Bono","363","November 2022","Ron English's Area 54 - Cards / Packs","NFT / digital collectible card","Ultra Rare","9/9","Area 54 Cards - 363 - Blubby Bono.jpg","D:\github\ron-english-nfts\area-54-cards-packs\images\Area 54 Cards - 363 - Blubby Bono.jpg","True","cards/RE-011919.html","https://ronenglish-archive.github.io/ron-english-nfts/area-54-cards-packs/images/Area%2054%20Cards%20-%20363%20-%20Blubby%20Bono.jpg"
"RE-011920","Venusian Uranian","364","November 2022","Ron English's Area 54 - Cards / Packs","NFT / digital collectible card","Uncommon","1/9","Area 54 Cards - 364 - Venusian Uranian.jpg","D:\github\ron-english-nfts\area-54-cards-packs\images\Area 54 Cards - 364 - Venusian Uranian.jpg","True","cards/RE-011920.html","https://ronenglish-archive.github.io/ron-english-nfts/area-54-cards-packs/images/Area%2054%20Cards%20-%20364%20-%20Venusian%20Uranian.jpg"
"RE-011921","Venusian Uranian","365","November 2022","Ron English's Area 54 - Cards / Packs","NFT / digital collectible card","Uncommon","2/9","Area 54 Cards - 365 - Venusian Uranian.jpg","D:\github\ron-english-nfts\area-54-cards-packs\images\Area 54 Cards - 365 - Venusian Uranian.jpg","True","cards/RE-011921.html","https://ronenglish-archive.github.io/ron-english-nfts/area-54-cards-packs/images/Area%2054%20Cards%20-%20365%20-%20Venusian%20Uranian.jpg"
"RE-011922","Venusian Uranian","366","November 2022","Ron English's Area 54 - Cards / Packs","NFT / digital collectible card","Uncommon","3/9","Area 54 Cards - 366 - Venusian Uranian.jpg","D:\github\ron-english-nfts\area-54-cards-packs\images\Area 54 Cards - 366 - Venusian Uranian.jpg","True","cards/RE-011922.html","https://ronenglish-archive.github.io/ron-english-nfts/area-54-cards-packs/images/Area%2054%20Cards%20-%20366%20-%20Venusian%20Uranian.jpg"
"RE-011923","Venusian Uranian","367","November 2022","Ron English's Area 54 - Cards / Packs","NFT / digital collectible card","Uncommon","4/9","Area 54 Cards - 367 - Venusian Uranian.jpg","D:\github\ron-english-nfts\area-54-cards-packs\images\Area 54 Cards - 367 - Venusian Uranian.jpg","True","cards/RE-011923.html","https://ronenglish-archive.github.io/ron-english-nfts/area-54-cards-packs/images/Area%2054%20Cards%20-%20367%20-%20Venusian%20Uranian.jpg"
"RE-011924","Venusian Uranian","368","November 2022","Ron English's Area 54 - Cards / Packs","NFT / digital collectible card","Rare","5/9","Area 54 Cards - 368 - Venusian Uranian.jpg","D:\github\ron-english-nfts\area-54-cards-packs\images\Area 54 Cards - 368 - Venusian Uranian.jpg","True","cards/RE-011924.html","https://ronenglish-archive.github.io/ron-english-nfts/area-54-cards-packs/images/Area%2054%20Cards%20-%20368%20-%20Venusian%20Uranian.jpg"
"RE-011925","Venusian Uranian","369","November 2022","Ron English's Area 54 - Cards / Packs","NFT / digital collectible card","Rare","6/9","Area 54 Cards - 369 - Venusian Uranian.jpg","D:\github\ron-english-nfts\area-54-cards-packs\images\Area 54 Cards - 369 - Venusian Uranian.jpg","True","cards/RE-011925.html","https://ronenglish-archive.github.io/ron-english-nfts/area-54-cards-packs/images/Area%2054%20Cards%20-%20369%20-%20Venusian%20Uranian.jpg"
"RE-011926","Venusian Uranian","370","November 2022","Ron English's Area 54 - Cards / Packs","NFT / digital collectible card","Rare","7/9","Area 54 Cards - 370 - Venusian Uranian.jpg","D:\github\ron-english-nfts\area-54-cards-packs\images\Area 54 Cards - 370 - Venusian Uranian.jpg","True","cards/RE-011926.html","https://ronenglish-archive.github.io/ron-english-nfts/area-54-cards-packs/images/Area%2054%20Cards%20-%20370%20-%20Venusian%20Uranian.jpg"
"RE-011927","Venusian Uranian","371","November 2022","Ron English's Area 54 - Cards / Packs","NFT / digital collectible card","Rare","8/9","Area 54 Cards - 371 - Venusian Uranian.jpg","D:\github\ron-english-nfts\area-54-cards-packs\images\Area 54 Cards - 371 - Venusian Uranian.jpg","True","cards/RE-011927.html","https://ronenglish-archive.github.io/ron-english-nfts/area-54-cards-packs/images/Area%2054%20Cards%20-%20371%20-%20Venusian%20Uranian.jpg"
"RE-011928","Venusian Uranian","372","November 2022","Ron English's Area 54 - Cards / Packs","NFT / digital collectible card","Ultra Rare","9/9","Area 54 Cards - 372 - Venusian Uranian.jpg","D:\github\ron-english-nfts\area-54-cards-packs\images\Area 54 Cards - 372 - Venusian Uranian.jpg","True","cards/RE-011928.html","https://ronenglish-archive.github.io/ron-english-nfts/area-54-cards-packs/images/Area%2054%20Cards%20-%20372%20-%20Venusian%20Uranian.jpg"
"RE-011929","Genus Dexus","373","November 2022","Ron English's Area 54 - Cards / Packs","NFT / digital collectible card","Stipple","1/1","Area 54 Cards - 373 - Genus Dexus.jpg","D:\github\ron-english-nfts\area-54-cards-packs\images\Area 54 Cards - 373 - Genus Dexus.jpg","True","cards/RE-011929.html","https://ronenglish-archive.github.io/ron-english-nfts/area-54-cards-packs/images/Area%2054%20Cards%20-%20373%20-%20Genus%20Dexus.jpg"
"RE-011930","Transretinal Orion","374","November 2022","Ron English's Area 54 - Cards / Packs","NFT / digital collectible card","Stipple","1/1","Area 54 Cards - 374 - Transretinal Orion.jpg","D:\github\ron-english-nfts\area-54-cards-packs\images\Area 54 Cards - 374 - Transretinal Orion.jpg","True","cards/RE-011930.html","https://ronenglish-archive.github.io/ron-english-nfts/area-54-cards-packs/images/Area%2054%20Cards%20-%20374%20-%20Transretinal%20Orion.jpg"
"RE-011931","Astrognoist Centauri","375","November 2022","Ron English's Area 54 - Cards / Packs","NFT / digital collectible card","Stipple","1/1","Area 54 Cards - 375 - Astrognoist Centauri.jpg","D:\github\ron-english-nfts\area-54-cards-packs\images\Area 54 Cards - 375 - Astrognoist Centauri.jpg","True","cards/RE-011931.html","https://ronenglish-archive.github.io/ron-english-nfts/area-54-cards-packs/images/Area%2054%20Cards%20-%20375%20-%20Astrognoist%20Centauri.jpg"
"RE-011932","Tsechgo the Terror","376","November 2022","Ron English's Area 54 - Cards / Packs","NFT / digital collectible card","Stipple","1/1","Area 54 Cards - 376 - Tsechgo the Terror.jpg","D:\github\ron-english-nfts\area-54-cards-packs\images\Area 54 Cards - 376 - Tsechgo the Terror.jpg","True","cards/RE-011932.html","https://ronenglish-archive.github.io/ron-english-nfts/area-54-cards-packs/images/Area%2054%20Cards%20-%20376%20-%20Tsechgo%20the%20Terror.jpg"
"RE-011933","Grey Omomyid","377","November 2022","Ron English's Area 54 - Cards / Packs","NFT / digital collectible card","Stipple","1/1","Area 54 Cards - 377 - Grey Omomyid.jpg","D:\github\ron-english-nfts\area-54-cards-packs\images\Area 54 Cards - 377 - Grey Omomyid.jpg","True","cards/RE-011933.html","https://ronenglish-archive.github.io/ron-english-nfts/area-54-cards-packs/images/Area%2054%20Cards%20-%20377%20-%20Grey%20Omomyid.jpg"
"RE-011934","Etymogual Benedictus","378","November 2022","Ron English's Area 54 - Cards / Packs","NFT / digital collectible card","One of One","","Area 54 Cards - 378 - Etymogual Benedictus.png","D:\github\ron-english-nfts\area-54-cards-packs\images\Area 54 Cards - 378 - Etymogual Benedictus.png","True","cards/RE-011934.html","https://ronenglish-archive.github.io/ron-english-nfts/area-54-cards-packs/images/Area%2054%20Cards%20-%20378%20-%20Etymogual%20Benedictus.png"
"RE-011935","Curious Hauge","379","November 2022","Ron English's Area 54 - Cards / Packs","NFT / digital collectible card","One of One","","Area 54 Cards - 379 - Curious Hauge.png","D:\github\ron-english-nfts\area-54-cards-packs\images\Area 54 Cards - 379 - Curious Hauge.png","True","cards/RE-011935.html","https://ronenglish-archive.github.io/ron-english-nfts/area-54-cards-packs/images/Area%2054%20Cards%20-%20379%20-%20Curious%20Hauge.png"
"RE-011936","Lillithone Saviour","380","November 2022","Ron English's Area 54 - Cards / Packs","NFT / digital collectible card","One of One","","Area 54 Cards - 380 - Lillithone Saviour.png","D:\github\ron-english-nfts\area-54-cards-packs\images\Area 54 Cards - 380 - Lillithone Saviour.png","True","cards/RE-011936.html","https://ronenglish-archive.github.io/ron-english-nfts/area-54-cards-packs/images/Area%2054%20Cards%20-%20380%20-%20Lillithone%20Saviour.png"
"RE-011937","Kidmark Que","381","November 2022","Ron English's Area 54 - Cards / Packs","NFT / digital collectible card","One of One","","Area 54 Cards - 381 - Kidmark Que.png","D:\github\ron-english-nfts\area-54-cards-packs\images\Area 54 Cards - 381 - Kidmark Que.png","True","cards/RE-011937.html","https://ronenglish-archive.github.io/ron-english-nfts/area-54-cards-packs/images/Area%2054%20Cards%20-%20381%20-%20Kidmark%20Que.png"
"RE-011938","Vivatous Vee","382","November 2022","Ron English's Area 54 - Cards / Packs","NFT / digital collectible card","One of One","","Area 54 Cards - 382 - Vivatous Vee.png","D:\github\ron-english-nfts\area-54-cards-packs\images\Area 54 Cards - 382 - Vivatous Vee.png","True","cards/RE-011938.html","https://ronenglish-archive.github.io/ron-english-nfts/area-54-cards-packs/images/Area%2054%20Cards%20-%20382%20-%20Vivatous%20Vee.png"
"RE-011939","Blacksoul Sun","383","November 2022","Ron English's Area 54 - Cards / Packs","NFT / digital collectible card","One of One","","Area 54 Cards - 383 - Blacksoul Sun.png","D:\github\ron-english-nfts\area-54-cards-packs\images\Area 54 Cards - 383 - Blacksoul Sun.png","True","cards/RE-011939.html","https://ronenglish-archive.github.io/ron-english-nfts/area-54-cards-packs/images/Area%2054%20Cards%20-%20383%20-%20Blacksoul%20Sun.png"
"RE-011940","Psalty Turin Shout","384","November 2022","Ron English's Area 54 - Cards / Packs","NFT / digital collectible card","One of One","","Area 54 Cards - 384 - Psalty Turin Shout.png","D:\github\ron-english-nfts\area-54-cards-packs\images\Area 54 Cards - 384 - Psalty Turin Shout.png","True","cards/RE-011940.html","https://ronenglish-archive.github.io/ron-english-nfts/area-54-cards-packs/images/Area%2054%20Cards%20-%20384%20-%20Psalty%20Turin%20Shout.png"
"RE-011941","Veronese Testucalius","385","November 2022","Ron English's Area 54 - Cards / Packs","NFT / digital collectible card","One of One","","Area 54 Cards - 385 - Veronese Testucalius.png","D:\github\ron-english-nfts\area-54-cards-packs\images\Area 54 Cards - 385 - Veronese Testucalius.png","True","cards/RE-011941.html","https://ronenglish-archive.github.io/ron-english-nfts/area-54-cards-packs/images/Area%2054%20Cards%20-%20385%20-%20Veronese%20Testucalius.png"
"RE-011942","Ampadextal Testamonk","386","November 2022","Ron English's Area 54 - Cards / Packs","NFT / digital collectible card","One of One","","Area 54 Cards - 386 - Ampadextal Testamonk.png","D:\github\ron-english-nfts\area-54-cards-packs\images\Area 54 Cards - 386 - Ampadextal Testamonk.png","True","cards/RE-011942.html","https://ronenglish-archive.github.io/ron-english-nfts/area-54-cards-packs/images/Area%2054%20Cards%20-%20386%20-%20Ampadextal%20Testamonk.png"
"RE-011943","Genhumas Transretnal","387","November 2022","Ron English's Area 54 - Cards / Packs","NFT / digital collectible card","One of One","","Area 54 Cards - 387 - Genhumas Transretnal.png","D:\github\ron-english-nfts\area-54-cards-packs\images\Area 54 Cards - 387 - Genhumas Transretnal.png","True","cards/RE-011943.html","https://ronenglish-archive.github.io/ron-english-nfts/area-54-cards-packs/images/Area%2054%20Cards%20-%20387%20-%20Genhumas%20Transretnal.png"
"RE-011944","Denarius Asspatcher","388","November 2022","Ron English's Area 54 - Cards / Packs","NFT / digital collectible card","One of One","","Area 54 Cards - 388 - Denarius Asspatcher.png","D:\github\ron-english-nfts\area-54-cards-packs\images\Area 54 Cards - 388 - Denarius Asspatcher.png","True","cards/RE-011944.html","https://ronenglish-archive.github.io/ron-english-nfts/area-54-cards-packs/images/Area%2054%20Cards%20-%20388%20-%20Denarius%20Asspatcher.png"
"RE-011945","Grimical Credance","389","November 2022","Ron English's Area 54 - Cards / Packs","NFT / digital collectible card","One of One","","Area 54 Cards - 389 - Grimical Credance.png","D:\github\ron-english-nfts\area-54-cards-packs\images\Area 54 Cards - 389 - Grimical Credance.png","True","cards/RE-011945.html","https://ronenglish-archive.github.io/ron-english-nfts/area-54-cards-packs/images/Area%2054%20Cards%20-%20389%20-%20Grimical%20Credance.png"
"RE-011946","Scantor Pan Ki Moon","390","November 2022","Ron English's Area 54 - Cards / Packs","NFT / digital collectible card","One of One","","Area 54 Cards - 390 - Scantor Pan Ki Moon.png","D:\github\ron-english-nfts\area-54-cards-packs\images\Area 54 Cards - 390 - Scantor Pan Ki Moon.png","True","cards/RE-011946.html","https://ronenglish-archive.github.io/ron-english-nfts/area-54-cards-packs/images/Area%2054%20Cards%20-%20390%20-%20Scantor%20Pan%20Ki%20Moon.png"
"RE-011947","Ratrental Adreheum","391","November 2022","Ron English's Area 54 - Cards / Packs","NFT / digital collectible card","One of One","","Area 54 Cards - 391 - Ratrental Adreheum.png","D:\github\ron-english-nfts\area-54-cards-packs\images\Area 54 Cards - 391 - Ratrental Adreheum.png","True","cards/RE-011947.html","https://ronenglish-archive.github.io/ron-english-nfts/area-54-cards-packs/images/Area%2054%20Cards%20-%20391%20-%20Ratrental%20Adreheum.png"
"RE-011948","Andresistor Toomoo","392","November 2022","Ron English's Area 54 - Cards / Packs","NFT / digital collectible card","One of One","","Area 54 Cards - 392 - Andresistor Toomoo.png","D:\github\ron-english-nfts\area-54-cards-packs\images\Area 54 Cards - 392 - Andresistor Toomoo.png","True","cards/RE-011948.html","https://ronenglish-archive.github.io/ron-english-nfts/area-54-cards-packs/images/Area%2054%20Cards%20-%20392%20-%20Andresistor%20Toomoo.png"
"RE-011949","Thcycler Sanbow","393","November 2022","Ron English's Area 54 - Cards / Packs","NFT / digital collectible card","One of One","","Area 54 Cards - 393 - Thcycler Sanbow.png","D:\github\ron-english-nfts\area-54-cards-packs\images\Area 54 Cards - 393 - Thcycler Sanbow.png","True","cards/RE-011949.html","https://ronenglish-archive.github.io/ron-english-nfts/area-54-cards-packs/images/Area%2054%20Cards%20-%20393%20-%20Thcycler%20Sanbow.png"
"RE-011950","Sandmo Abstance","394","November 2022","Ron English's Area 54 - Cards / Packs","NFT / digital collectible card","One of One","","Area 54 Cards - 394 - Sandmo Abstance.png","D:\github\ron-english-nfts\area-54-cards-packs\images\Area 54 Cards - 394 - Sandmo Abstance.png","True","cards/RE-011950.html","https://ronenglish-archive.github.io/ron-english-nfts/area-54-cards-packs/images/Area%2054%20Cards%20-%20394%20-%20Sandmo%20Abstance.png"
"RE-011951","Palliduness Flatulence","395","November 2022","Ron English's Area 54 - Cards / Packs","NFT / digital collectible card","One of One","","Area 54 Cards - 395 - Palliduness Flatulence.png","D:\github\ron-english-nfts\area-54-cards-packs\images\Area 54 Cards - 395 - Palliduness Flatulence.png","True","cards/RE-011951.html","https://ronenglish-archive.github.io/ron-english-nfts/area-54-cards-packs/images/Area%2054%20Cards%20-%20395%20-%20Palliduness%20Flatulence.png"
"RE-011952","Flushal Recokon","396","November 2022","Ron English's Area 54 - Cards / Packs","NFT / digital collectible card","One of One","","Area 54 Cards - 396 - Flushal Recokon.png","D:\github\ron-english-nfts\area-54-cards-packs\images\Area 54 Cards - 396 - Flushal Recokon.png","True","cards/RE-011952.html","https://ronenglish-archive.github.io/ron-english-nfts/area-54-cards-packs/images/Area%2054%20Cards%20-%20396%20-%20Flushal%20Recokon.png"
"RE-011953","Andresonor Vanvermon","397","November 2022","Ron English's Area 54 - Cards / Packs","NFT / digital collectible card","One of One","","Area 54 Cards - 397 - Andresonor Vanvermon.png","D:\github\ron-english-nfts\area-54-cards-packs\images\Area 54 Cards - 397 - Andresonor Vanvermon.png","True","cards/RE-011953.html","https://ronenglish-archive.github.io/ron-english-nfts/area-54-cards-packs/images/Area%2054%20Cards%20-%20397%20-%20Andresonor%20Vanvermon.png"
"RE-011954","Celibscent Scanidol","398","November 2022","Ron English's Area 54 - Cards / Packs","NFT / digital collectible card","One of One","","Area 54 Cards - 398 - Celibscent Scanidol.png","D:\github\ron-english-nfts\area-54-cards-packs\images\Area 54 Cards - 398 - Celibscent Scanidol.png","True","cards/RE-011954.html","https://ronenglish-archive.github.io/ron-english-nfts/area-54-cards-packs/images/Area%2054%20Cards%20-%20398%20-%20Celibscent%20Scanidol.png"
"RE-011955","Tantalus Zathuman 45","399","November 2022","Ron English's Area 54 - Cards / Packs","NFT / digital collectible card","One of One","","Area 54 Cards - 399 - Tantalus Zathuman 45.png","D:\github\ron-english-nfts\area-54-cards-packs\images\Area 54 Cards - 399 - Tantalus Zathuman 45.png","True","cards/RE-011955.html","https://ronenglish-archive.github.io/ron-english-nfts/area-54-cards-packs/images/Area%2054%20Cards%20-%20399%20-%20Tantalus%20Zathuman%2045.png"
"RE-011956","Lavishless Fauness","400","November 2022","Ron English's Area 54 - Cards / Packs","NFT / digital collectible card","One of One","","Area 54 Cards - 400 - Lavishless Fauness.png","D:\github\ron-english-nfts\area-54-cards-packs\images\Area 54 Cards - 400 - Lavishless Fauness.png","True","cards/RE-011956.html","https://ronenglish-archive.github.io/ron-english-nfts/area-54-cards-packs/images/Area%2054%20Cards%20-%20400%20-%20Lavishless%20Fauness.png"
"RE-011957","Fraxulus Blasphamommie","401","November 2022","Ron English's Area 54 - Cards / Packs","NFT / digital collectible card","One of One","","Area 54 Cards - 401 - Fraxulus Blasphamommie.png","D:\github\ron-english-nfts\area-54-cards-packs\images\Area 54 Cards - 401 - Fraxulus Blasphamommie.png","True","cards/RE-011957.html","https://ronenglish-archive.github.io/ron-english-nfts/area-54-cards-packs/images/Area%2054%20Cards%20-%20401%20-%20Fraxulus%20Blasphamommie.png"
"RE-011958","Cameulus Caniblast","402","November 2022","Ron English's Area 54 - Cards / Packs","NFT / digital collectible card","One of One","","Area 54 Cards - 402 - Cameulus Caniblast.png","D:\github\ron-english-nfts\area-54-cards-packs\images\Area 54 Cards - 402 - Cameulus Caniblast.png","True","cards/RE-011958.html","https://ronenglish-archive.github.io/ron-english-nfts/area-54-cards-packs/images/Area%2054%20Cards%20-%20402%20-%20Cameulus%20Caniblast.png"
"RE-011959","Camaluta Fraction","403","November 2022","Ron English's Area 54 - Cards / Packs","NFT / digital collectible card","One of One","","Area 54 Cards - 403 - Camaluta Fraction.jpg","D:\github\ron-english-nfts\area-54-cards-packs\images\Area 54 Cards - 403 - Camaluta Fraction.jpg","True","cards/RE-011959.html","https://ronenglish-archive.github.io/ron-english-nfts/area-54-cards-packs/images/Area%2054%20Cards%20-%20403%20-%20Camaluta%20Fraction.jpg"
"RE-011960","Ravebless Calluconcious","404","November 2022","Ron English's Area 54 - Cards / Packs","NFT / digital collectible card","One of One","","Area 54 Cards - 404 - Ravebless Calluconcious.png","D:\github\ron-english-nfts\area-54-cards-packs\images\Area 54 Cards - 404 - Ravebless Calluconcious.png","True","cards/RE-011960.html","https://ronenglish-archive.github.io/ron-english-nfts/area-54-cards-packs/images/Area%2054%20Cards%20-%20404%20-%20Ravebless%20Calluconcious.png"
"RE-011961","Bozobreath Anusless","405","November 2022","Ron English's Area 54 - Cards / Packs","NFT / digital collectible card","One of One","","Area 54 Cards - 405 - Bozobreath Anusless.png","D:\github\ron-english-nfts\area-54-cards-packs\images\Area 54 Cards - 405 - Bozobreath Anusless.png","True","cards/RE-011961.html","https://ronenglish-archive.github.io/ron-english-nfts/area-54-cards-packs/images/Area%2054%20Cards%20-%20405%20-%20Bozobreath%20Anusless.png"
"RE-011962","Amplacrive Crapulence","406","November 2022","Ron English's Area 54 - Cards / Packs","NFT / digital collectible card","One of One","","Area 54 Cards - 406 - Amplacrive Crapulence.png","D:\github\ron-english-nfts\area-54-cards-packs\images\Area 54 Cards - 406 - Amplacrive Crapulence.png","True","cards/RE-011962.html","https://ronenglish-archive.github.io/ron-english-nfts/area-54-cards-packs/images/Area%2054%20Cards%20-%20406%20-%20Amplacrive%20Crapulence.png"
"RE-011963","Absubtract Analsupress","407","November 2022","Ron English's Area 54 - Cards / Packs","NFT / digital collectible card","One of One","","Area 54 Cards - 407 - Absubtract Analsupress.png","D:\github\ron-english-nfts\area-54-cards-packs\images\Area 54 Cards - 407 - Absubtract Analsupress.png","True","cards/RE-011963.html","https://ronenglish-archive.github.io/ron-english-nfts/area-54-cards-packs/images/Area%2054%20Cards%20-%20407%20-%20Absubtract%20Analsupress.png"
"RE-011964","Galacter Equanimous","408","November 2022","Ron English's Area 54 - Cards / Packs","NFT / digital collectible card","One of One","","Area 54 Cards - 408 - Galacter Equanimous.png","D:\github\ron-english-nfts\area-54-cards-packs\images\Area 54 Cards - 408 - Galacter Equanimous.png","True","cards/RE-011964.html","https://ronenglish-archive.github.io/ron-english-nfts/area-54-cards-packs/images/Area%2054%20Cards%20-%20408%20-%20Galacter%20Equanimous.png"
"RE-011965","Mirreckless Mucilaginor","409","November 2022","Ron English's Area 54 - Cards / Packs","NFT / digital collectible card","One of One","","Area 54 Cards - 409 - Mirreckless Mucilaginor.png","D:\github\ron-english-nfts\area-54-cards-packs\images\Area 54 Cards - 409 - Mirreckless Mucilaginor.png","True","cards/RE-011965.html","https://ronenglish-archive.github.io/ron-english-nfts/area-54-cards-packs/images/Area%2054%20Cards%20-%20409%20-%20Mirreckless%20Mucilaginor.png"
"RE-011966","Revel Rioter","410","November 2022","Ron English's Area 54 - Cards / Packs","NFT / digital collectible card","One of One","","Area 54 Cards - 410 - Revel Rioter.png","D:\github\ron-english-nfts\area-54-cards-packs\images\Area 54 Cards - 410 - Revel Rioter.png","True","cards/RE-011966.html","https://ronenglish-archive.github.io/ron-english-nfts/area-54-cards-packs/images/Area%2054%20Cards%20-%20410%20-%20Revel%20Rioter.png"
"RE-011967","Bacchan Complainer","411","November 2022","Ron English's Area 54 - Cards / Packs","NFT / digital collectible card","One of One","","Area 54 Cards - 411 - Bacchan Complainer.png","D:\github\ron-english-nfts\area-54-cards-packs\images\Area 54 Cards - 411 - Bacchan Complainer.png","True","cards/RE-011967.html","https://ronenglish-archive.github.io/ron-english-nfts/area-54-cards-packs/images/Area%2054%20Cards%20-%20411%20-%20Bacchan%20Complainer.png"
"RE-011968","Palliduness Flatulence","412","November 2022","Ron English's Area 54 - Cards / Packs","NFT / digital collectible card","One of One","","Area 54 Cards - 412 - Palliduness Flatulence.png","D:\github\ron-english-nfts\area-54-cards-packs\images\Area 54 Cards - 412 - Palliduness Flatulence.png","True","cards/RE-011968.html","https://ronenglish-archive.github.io/ron-english-nfts/area-54-cards-packs/images/Area%2054%20Cards%20-%20412%20-%20Palliduness%20Flatulence.png"
"RE-011969","Celibscent Scanidol","413","November 2022","Ron English's Area 54 - Cards / Packs","NFT / digital collectible card","One of One","","Area 54 Cards - 413 - Celibscent Scanidol.png","D:\github\ron-english-nfts\area-54-cards-packs\images\Area 54 Cards - 413 - Celibscent Scanidol.png","True","cards/RE-011969.html","https://ronenglish-archive.github.io/ron-english-nfts/area-54-cards-packs/images/Area%2054%20Cards%20-%20413%20-%20Celibscent%20Scanidol.png"
"RE-011974","Inner Sane","418","November 2022","Ron English's Area 54 - Cards / Packs","NFT / digital collectible card","One of One","","Area 54 Cards - 418 - Inner Sane.png","D:\github\ron-english-nfts\area-54-cards-packs\images\Area 54 Cards - 418 - Inner Sane.png","True","cards/RE-011974.html","https://ronenglish-archive.github.io/ron-english-nfts/area-54-cards-packs/images/Area%2054%20Cards%20-%20418%20-%20Inner%20Sane.png"
